PLOT,RCP,LIFE_FORMfloating,LIFE_FORMsubmersed,POLLINATIONentomophily,POLLINATIONepihydrophily,POLLINATIONhypohydrophily,FUNCTIONAL_DIVERSITY,ALPHA_DIVERSITY
31001751,1,0,1,0,1,0,0,1
31001770,1,0,1,0,0.333333333,0.333333333,1.034388151,3
31001776,1,0,1,0,0,1,0,1
31001804,1,0,1,0,1,0,0,1
31002103,2,0.375,0.625,0.25,0.375,0.125,2.125993949,8
31002104,2,0.222222222,0.555555556,0.333333333,0.222222222,0.111111111,1.964583647,9
31002107,1,0,1,0,0.333333333,0.333333333,1.034388151,3
31002109,2,0,1,0,0.5,0.5,1.16368667,2
31002110,2,0.125,0.5,0.25,0.25,0.125,1.811690813,8
31002111,2,0.285714286,0.571428571,0.285714286,0.142857143,0.285714286,1.912119918,7
31002112,2,0.166666667,0.833333333,0.166666667,0.5,0.333333333,1.70025286,6
31002113,1,0.285714286,0.428571429,0.428571429,0,0.142857143,1.848357108,7
31002114,2,0.111111111,0.888888889,0.111111111,0.333333333,0.222222222,1.435090439,9
31002118,1,0.5,0.5,0.5,0.5,0,2.301410807,2
31002121,1,1,0,1,0,0,0,1
31002122,2,0,0.75,0.125,0.25,0.25,1.368023205,8
31002126,2,0.25,0.75,0.125,0.5,0.125,1.859464826,8
31002127,1,0,0,0.333333333,0.333333333,0,1.45697624,3
31002128,2,0.222222222,0.666666667,0.111111111,0.333333333,0.111111111,1.805050708,9
31002129,1,0.333333333,0.666666667,0.333333333,0,0.333333333,1.764914583,3
31002130,2,0.272727273,0.636363636,0.272727273,0.272727273,0.090909091,1.988459123,11
31002131,2,0.428571429,0.571428571,0.428571429,0.285714286,0.142857143,2.215187378,7
31002132,2,0.2,0.8,0.2,0.3,0.1,1.723007589,10
31002133,2,0.333333333,0.666666667,0.333333333,0.333333333,0.111111111,2.110824181,9
31002134,2,0.181818182,0.727272727,0.181818182,0.272727273,0.090909091,1.72691082,11
31002135,2,0.375,0.625,0.25,0.25,0.125,2.040941594,8
31002137,2,0.222222222,0.777777778,0.222222222,0.333333333,0.111111111,1.824882034,9
31002138,2,0.25,0.75,0.25,0.375,0.125,1.931991919,8
31002139,2,0.230769231,0.692307692,0.230769231,0.230769231,0.153846154,1.824672842,13
31002140,2,0.181818182,0.727272727,0.181818182,0.272727273,0.181818182,1.72691082,11
31002141,2,0.181818182,0.636363636,0.181818182,0.363636364,0.090909091,1.867508814,11
31002142,2,0.333333333,0.666666667,0.333333333,0.5,0.166666667,2.138929018,6
31002143,2,0.25,0.75,0.25,0.375,0.25,1.931991919,8
31002144,2,0.181818182,0.818181818,0.181818182,0.272727273,0.181818182,1.628146496,11
31002147,2,0.333333333,0.666666667,0.222222222,0.222222222,0.111111111,1.927746906,9
31002148,1,0.25,0.25,0.5,0,0.25,1.749568438,4
31002149,2,0.333333333,0.666666667,0.333333333,0.166666667,0.166666667,1.972909789,6
31002150,2,0.285714286,0.714285714,0.285714286,0.428571429,0.142857143,2.039896699,7
31002152,2,0.4,0.6,0.4,0.2,0.2,2.122638407,5
31002153,2,0.090909091,0.818181818,0.090909091,0.272727273,0.181818182,1.397591922,11
31002154,2,0.142857143,0.857142857,0.142857143,0.285714286,0.142857143,1.496781307,7
31002155,2,0.2,0.8,0.1,0.4,0.2,1.698387447,10
31002156,2,0.285714286,0.714285714,0.142857143,0.571428571,0.142857143,1.92673449,7
31002157,2,0.272727273,0.727272727,0.181818182,0.363636364,0.272727273,1.907310583,11
31002158,1,0.142857143,0.714285714,0.142857143,0.428571429,0.142857143,1.75486253,7
31002159,2,0.166666667,0.833333333,0.166666667,0.166666667,0.166666667,1.408285669,6
31002160,1,1,0,1,0,0,0,1
31002161,1,0,1,0,0,1,0,1
31002163,2,0.222222222,0.777777778,0.222222222,0.111111111,0.222222222,1.551704635,9
31002164,1,0.5,0.5,0.5,0.25,0.25,2.212696539,4
31002165,1,0,1,0,1,0,1.31E-15,2
31002167,1,0,1,0,1,0,1.19E-15,3
31002169,1,0,1,0,0,0.5,2.14E-16,2
31002172,2,0.2,0.8,0.2,0.6,0,1.749556733,5
31002173,2,0.125,0.875,0.125,0.25,0.25,1.372073373,8
31002174,1,0,1,0,1,0,0,1
31002175,1,0.5,0.5,0.5,0.5,0,2.301410807,4
31002179,1,0.333333333,0.666666667,0.333333333,0.666666667,0,2.045698495,3
31002181,1,0,1,0,0.666666667,0,1.034388151,3
31002183,2,0.166666667,0.5,0.5,0.166666667,0,1.906794255,6
31002184,1,1,0,1,0,0,8.06E-16,2
31002186,1,0.666666667,0.333333333,0.666666667,0,0.333333333,1.764914583,3
31002187,1,0,1,0,1,0,2.24E-16,2
31002188,1,0,1,0,0,0,0,1
31002189,1,0,1,0,1,0,0,1
31002195,2,0.6,0.4,0.6,0.2,0.2,2.083435835,5
31002196,1,0.4,0.6,0.4,0.4,0,2.237432379,5
31002197,1,0.5,0.5,0.5,0.5,0,2.301410807,4
31002198,1,0.5,0.5,0.5,0.5,0,2.301410807,4
31002199,1,0.5,0.5,0.5,0.5,0,2.301410807,4
31002200,2,0.333333333,0.666666667,0.333333333,0.333333333,0.333333333,2.110824181,3
31002201,2,0.166666667,0.833333333,0,0.666666667,0.166666667,1.511467596,6
31002202,2,0.333333333,0.666666667,0.166666667,0.666666667,0.166666667,1.967509172,6
31002203,2,0.25,0.75,0.25,0.5,0.25,1.946607909,4
31002205,2,0.333333333,0.666666667,0.166666667,0.666666667,0.166666667,1.967509172,6
31002206,1,0,1,0,0.5,0.5,1.16368667,4
31002207,1,0.5,0.5,0.5,0,0,1.985528906,2
31002208,2,0.333333333,0.666666667,0.166666667,0.5,0.333333333,2.039336905,6
31002209,1,1,0,1,0,0,0,1
31002210,1,0,1,0,1,0,1.19E-15,3
31002211,2,0.333333333,0.666666667,0.333333333,0.333333333,0.333333333,2.110824181,3
31002212,1,0.5,0.5,0.5,0.25,0.25,2.212696539,4
31002213,1,0.6,0.2,0.4,0.4,0,2.170143651,5
31002214,2,0.166666667,0.833333333,0.166666667,0.5,0.166666667,1.70025286,6
31002215,1,0.25,0.75,0.25,0,0.75,1.489146679,4
31002216,1,0,1,0,0.75,0.25,0.872765003,4
31002221,1,0,1,0,0.5,0.25,1.16368667,4
31002224,1,0,1,0,1,0,0,1
31002229,1,0.142857143,0,0.571428571,0,0,1.327801591,7
31002232,2,0.142857143,0.642857143,0.285714286,0.214285714,0.142857143,1.776897684,14
31002233,2,0.181818182,0.636363636,0.272727273,0.090909091,0.181818182,1.66154532,11
31002235,1,0,1,0,0.333333333,0,1.034388151,3
31002236,2,0.166666667,0.833333333,0.166666667,0.166666667,0.166666667,1.408285669,6
31002238,1,0.222222222,0.555555556,0.222222222,0.222222222,0.333333333,1.864190954,9
31002239,1,0,1,0,1,0,0,1
31002241,2,0.090909091,0.818181818,0,0.454545455,0.181818182,1.476175618,11
31002242,2,0.333333333,0.666666667,0.333333333,0.111111111,0.222222222,1.908830133,9
31002243,1,0,1,0,0.5,0.5,1.16368667,2
31002245,2,0.285714286,0.714285714,0.285714286,0.285714286,0.285714286,1.971055352,7
31002246,2,0.5,0.5,0.375,0.375,0.125,2.26404257,8
31002248,1,0.285714286,0.428571429,0.571428571,0.142857143,0,2.011230618,7
31002249,2,0.25,0.5,0.416666667,0.083333333,0.166666667,1.902458996,12
31002250,2,0.333333333,0.666666667,0.333333333,0.166666667,0.166666667,1.972909789,6
31002251,1,1,0,1,0,0,0,1
31002252,2,0.2,0.8,0.2,0.6,0.2,1.749556733,5
31002254,1,1,0,1,0,0,0,1
31002255,1,0.5,0.5,0.5,0.5,0,2.301410807,2
31002256,2,0.333333333,0.666666667,0.222222222,0.222222222,0.111111111,1.927746906,9
31002257,2,0.333333333,0.666666667,0.333333333,0.166666667,0.166666667,1.972909789,6
31002258,2,0.166666667,0.666666667,0.083333333,0.333333333,0.166666667,1.70750371,12
31002259,2,0,1,0,0.333333333,0.333333333,1.034388151,3
31002611,2,0,1,0,0.75,0.25,0.872765003,4
31002612,1,0,1,0,1,0,2.24E-16,2
31002622,1,0,1,0,1,0,0,1
31002626,1,0.25,0.75,0,0.5,0.5,1.768894015,4
31002631,1,0.2,0.8,0,0.4,0.4,1.603479624,5
31002633,1,0,1,0,1,0,0,1
31002650,1,0,1,0,0,1,0,1
31002657,1,0.5,0.5,0.5,0,0.5,1.985528906,2
31002663,1,0,1,0,1,0,0,1
31002664,1,0.2,0.8,0,0.6,0.4,1.64688687,5
31002863,1,0,1,0,1,0,0,1
31002865,2,0.5,0.5,0.5,0.25,0.25,2.212696539,4
31002866,1,0.5,0.5,0.5,0,0.5,1.985528906,2
31002868,1,0,1,0,1,0,0,1
31002870,2,0.333333333,0.666666667,0.333333333,0.333333333,0.333333333,2.110824181,3
31002871,2,0.333333333,0.666666667,0.333333333,0.333333333,0.333333333,2.110824181,3
31002872,1,0,1,0,0.4,0.4,1.117139204,5
31002873,2,0,1,0,0.333333333,0.666666667,1.034388151,3
31002874,1,0,1,0,0,1,0,1
31002876,1,1,0,1,0,0,0,1
31002877,1,0,1,0,0.666666667,0.333333333,1.034388151,3
31002879,2,0.272727273,0.545454545,0.272727273,0.363636364,0.090909091,2.079577765,11
31002880,2,0.125,0.75,0.25,0.25,0.25,1.667691948,8
31002881,2,0.333333333,0.666666667,0.333333333,0.166666667,0.333333333,1.972909789,6
31002882,2,0.428571429,0.571428571,0.285714286,0.285714286,0.142857143,2.149485045,7
31002883,2,0.375,0.625,0.25,0.375,0.125,2.125993949,8
31002884,2,0.166666667,0.833333333,0.166666667,0.333333333,0.333333333,1.638644961,6
31002886,2,0.222222222,0.666666667,0.222222222,0.444444444,0.222222222,1.96484365,9
31002887,1,0.25,0.75,0.25,0.5,0,1.946607909,4
31002888,1,0,1,0,0,0,0,1
31002890,1,0,1,0,1,0,2.24E-16,2
31002891,2,0.333333333,0.666666667,0.166666667,0.333333333,0.166666667,1.977559954,6
31002893,1,0.25,0.75,0,0.75,0,1.640182514,4
31002894,2,0,1,0,0.6,0.2,1.117139204,5
31002895,1,0,0.75,0.25,0.25,0,1.498786727,4
31002896,2,0.375,0.5,0.375,0.5,0,2.244430396,8
31002897,1,0.2,0.6,0.4,0.4,0,2.069805296,5
31002899,2,0,1,0,0.333333333,0.333333333,1.034388151,3
31002900,1,0.333333333,0,1,0,0,1.207905126,3
31002902,1,0,1,0,1,0,0,1
31002903,1,0.428571429,0.285714286,0.571428571,0.285714286,0,2.158824768,7
31002904,1,0,1,0,1,0,2.24E-16,2
31002906,2,0,1,0,0.666666667,0.333333333,1.034388151,3
31002909,2,0,1,0,0.333333333,0.333333333,1.034388151,6
31002913,1,0,1,0,0.666666667,0,1.034388151,3
31002914,1,0,1,0,0.666666667,0,1.034388151,3
31002917,1,1,0,1,0,0,0,1
31002920,1,0.333333333,0.666666667,0.333333333,0,0.333333333,1.764914583,3
31002921,1,0,1,0,1,0,0,1
31002923,1,0,1,0,0,0,0,1
31002926,1,1,0,1,0,0,0,1
31002929,1,1,0,1,0,0,0,1
31002930,1,1,0,1,0,0,0,1
31002933,1,0,1,0,1,0,0,1
31002934,1,0,1,0,0.5,0,1.16368667,2
31002935,1,0,1,0,0.666666667,0,1.034388151,3
31002937,2,0,1,0,0.5,0.25,1.16368667,4
31002939,1,0.25,0.75,0,0.75,0,1.640182514,4
31002940,1,0.4,0.6,0.4,0.6,0,2.209354375,5
31002941,2,0.333333333,0.666666667,0.333333333,0.333333333,0.166666667,2.110824181,6
31002942,2,0.428571429,0.571428571,0.428571429,0.285714286,0.142857143,2.215187378,7
31002944,2,0,1,0,0.5,0.166666667,1.16368667,6
31002945,2,0,1,0,0.5,0.166666667,1.16368667,6
31002946,1,0,1,0,0.5,0.5,1.16368667,2
31002947,1,0,1,0,1,0,0,1
31002948,2,0,1,0,0.5,0.166666667,1.16368667,6
31002949,2,0,1,0,0.5,0.166666667,1.16368667,6
31002950,2,0,1,0,0.5,0.166666667,1.16368667,6
31002951,1,0,1,0,0.333333333,0.333333333,1.034388151,3
31002952,2,0,1,0,0.6,0.2,1.117139204,5
31002953,1,0,1,0,0.5,0.5,1.16368667,2
31002954,2,0.25,0.75,0.125,0.375,0.25,1.81540852,8
31002955,2,0,1,0,0.6,0.2,1.117139204,5
31002956,2,0.166666667,0.833333333,0.166666667,0.333333333,0.166666667,1.638644961,6
31002957,2,0,1,0,0.5,0.5,1.16368667,2
31002958,1,0,1,0,1,0,0,1
31002960,1,0,1,0,1,0,0,1
31002961,1,0.333333333,0.666666667,0,0.333333333,0.333333333,1.814731374,3
31002962,1,0,1,0,1,0,0,1
31002963,2,0,1,0,0.333333333,0.166666667,1.034388151,6
31002964,1,0,1,0,0.666666667,0.333333333,1.034388151,3
31002971,1,1,0,0,1,0,0,1
31002973,1,1,0,1,0,0,0,1
31002974,2,0.2,0.8,0.2,0.3,0.1,1.723007589,10
31002975,2,0.375,0.625,0.375,0.25,0.125,2.129101819,8
31002976,1,0,1,0,1,0,0,1
31002979,2,0.375,0.625,0.25,0.25,0.25,2.040941594,8
31002980,1,0,1,0,0,0,0,1
31002982,1,0.4,0.6,0.2,0.6,0,2.119584394,5
31002983,1,0,1,0,1,0,0,1
31002985,1,0.5,0.5,0.5,0.5,0,2.301410807,2
31002986,1,0.666666667,0.333333333,0.666666667,0.333333333,0,2.045698495,3
31002988,2,0.428571429,0.571428571,0.428571429,0.142857143,0.142857143,2.100655608,7
31002989,1,0.2,0.8,0,0.6,0.2,1.64688687,5
31002990,1,0.166666667,0.5,0.333333333,0,0.333333333,1.634119233,6
31002991,1,0.333333333,0.166666667,0.833333333,0,0,1.567763285,6
31002992,2,0.333333333,0.666666667,0.333333333,0,0.166666667,1.764914583,6
31002993,2,0.142857143,0.714285714,0.285714286,0.285714286,0.142857143,1.796648241,7
31002994,2,0.111111111,0.777777778,0.111111111,0.333333333,0.111111111,1.554669994,9
31002995,2,0.428571429,0.571428571,0.285714286,0.285714286,0.142857143,2.149485045,7
31002996,1,0,1,0,1,0,0,1
31002997,1,0.2,0.4,0.6,0,0.2,1.732526538,5
31002999,2,0,0.666666667,0.333333333,0.333333333,0.333333333,1.715266654,3
31003000,2,0,1,0,0.5,0.166666667,1.16368667,6
31003001,2,0.222222222,0.777777778,0.222222222,0.222222222,0.111111111,1.7116776,9
31003002,1,0.222222222,0.555555556,0.444444444,0.111111111,0.111111111,1.900222888,9
31003003,2,0.222222222,0.777777778,0.222222222,0.111111111,0.222222222,1.551704635,9
31003004,1,0,1,0,1,0,1.31E-15,2
31003005,1,0.25,0.5,0.5,0,0.25,1.824414398,4
31003007,2,0.2,0.8,0.2,0.2,0.2,1.599334428,5
31003008,1,1,0,1,0,0,9.60E-16,2
31003009,2,0.375,0.5,0.5,0.125,0.125,2.078408222,8
31003010,1,0.25,0.25,0.75,0.25,0,1.852270868,4
31003011,2,0.142857143,0.571428571,0.428571429,0.285714286,0.142857143,1.960720835,7
31003013,2,0.222222222,0.777777778,0.111111111,0.444444444,0.222222222,1.780550744,9
31003014,2,0,1,0,0.6,0.2,1.117139204,5
31003015,2,0.25,0.75,0.125,0.5,0.125,1.859464826,8
31003016,1,0.25,0.25,0.5,0,0.25,1.749568438,4
31003017,2,0.125,0.875,0.125,0.25,0.25,1.372073373,8
31003018,2,0.25,0.666666667,0.25,0.25,0.166666667,1.890561538,12
31003019,2,0.181818182,0.727272727,0.090909091,0.363636364,0.181818182,1.710818761,11
31003020,1,1,0,1,0,0,0,1
31003021,2,0,1,0,0.4,0.4,1.117139204,5
31003342,1,0,1,0,1,0,2.24E-16,2
31003351,1,0,1,0,0,1,0,1
31003355,1,0,1,0,1,0,2.24E-16,2
31003359,2,0.142857143,0.857142857,0,0.571428571,0.285714286,1.514930692,7
31003361,1,0,1,0,1,0,0,1
31003362,1,0,1,0,1,0,0,1
31003363,1,0,1,0,0,0,0,1
31003379,1,0,1,0,1,0,0,1
31003381,1,0,1,0,0.6,0,1.117139204,5
31003585,1,0,0.5,0.333333333,0.166666667,0.333333333,1.606571078,6
31003586,2,0.111111111,0.444444444,0.444444444,0.111111111,0.222222222,1.753979097,9
31003587,2,0.181818182,0.545454545,0.363636364,0.181818182,0.181818182,1.894632695,11
31003588,2,0.285714286,0.714285714,0.142857143,0.285714286,0.142857143,1.82561029,7
31003590,1,0,1,0,0.333333333,0.333333333,1.034388151,3
31003592,1,0,1,0,0.5,0.25,1.16368667,4
31003593,1,0.5,0.5,0,0.5,0.5,2.041572796,2
31003594,1,0.5,0.5,0.5,0,0.5,1.985528906,4
31003595,2,0.333333333,0.666666667,0.166666667,0.5,0.166666667,2.039336905,6
31003596,2,0,1,0,0.4,0.2,1.117139204,5
31003597,2,0.4,0.6,0.4,0,0.2,1.90610775,5
31003598,2,0.285714286,0.714285714,0.285714286,0,0.428571429,1.620839923,7
31003602,1,0,1,0,1,0,2.24E-16,2
31003603,1,0,1,0,1,0,2.24E-16,2
31003604,1,0,1,0,1,0,1.19E-15,3
31003605,1,0,1,0,1,0,2.24E-16,2
31003606,2,0,1,0,0.6,0.2,1.117139204,5
31003607,1,0,1,0,1,0,2.24E-16,2
31003608,2,0.375,0.375,0.375,0.25,0.125,2.14238745,8
31003609,2,0.25,0.75,0.25,0.25,0.25,1.836026124,4
31003613,1,0,1,0,0.333333333,0,1.034388151,3
31003616,1,0,1,0,1,0,1.19E-15,3
31003617,1,0,1,0,0.5,0,1.16368667,4
31003618,1,0,1,0,0.666666667,0,1.034388151,3
31003620,1,0,0.5,0.5,0.5,0,1.857390856,2
31003624,2,0,1,0,0.4,0.2,1.117139204,5
31003626,1,0,1,0,1,0,2.24E-16,2
31003629,1,0,1,0,0.5,0,1.16368667,2
31003630,1,0,1,0,1,0,0,1
31003631,1,0,1,0,0.5,0,1.16368667,2
31003632,1,0,1,0,0.5,0,1.16368667,2
31003633,1,0,1,0,0.5,0,1.16368667,2
31003635,1,0,1,0,0.5,0,1.16368667,2
31003639,1,0.4,0.2,0.8,0,0,1.696600715,5
31003642,1,0,0,1,0,0,0,1
31003643,1,0.5,0,1,0,0,1.358893266,4
31003644,1,1,0,1,0,0,0,1
31003646,1,0.333333333,0,1,0,0,1.207905126,3
31003648,1,0,1,0,1,0,0,1
31003652,1,0,1,0,1,0,0,1
31003653,1,0,1,0,0,1,0,1
31003655,2,0.166666667,0.833333333,0.166666667,0.166666667,0.333333333,1.408285669,6
31003658,1,0,1,0,1,0,0,1
31003659,1,0.5,0.5,0.5,0,0,1.985528906,2
31003660,1,0,1,0,0.5,0.5,1.16368667,2
31003662,1,0,1,0,1,0,2.24E-16,2
31003664,1,0,1,0,1,0,0,1
31003665,2,0,1,0,0.25,0.25,0.872765003,4
31003666,1,0.5,0.5,0.5,0.5,0,2.301410807,2
31003668,1,0,1,0,1,0,0,1
31003669,1,0,1,0,0.5,0.25,1.16368667,4
31003670,2,0.142857143,0.857142857,0,0.571428571,0.285714286,1.514930692,7
31003671,1,0.5,0.5,0,0.5,0.5,2.041572796,2
31003672,1,0.333333333,0.666666667,0,0.666666667,0.333333333,1.880323943,3
31003673,2,0,1,0,0.5,0.25,1.16368667,4
31003674,2,0,1,0,0.4,0.2,1.117139204,5
31003675,2,0,1,0,0.75,0.25,0.872765003,4
31003676,2,0,1,0,0.666666667,0.333333333,1.034388151,3
31003677,2,0,1,0,0.75,0.25,0.872765003,4
31003678,1,0.333333333,0.666666667,0.333333333,0.666666667,0,2.045698495,3
31003679,2,0,1,0,0.6,0.2,1.117139204,5
31003680,1,0,1,0,1,0,0,1
31003681,1,0,1,0,1,0,0,1
31003682,1,0,1,0,0.666666667,0,1.034388151,3
31003683,1,0,1,0,1,0,1.45E-15,2
31003684,1,0,1,0,1,0,0,1
31003685,1,0,1,0,1,0,0,1
31003686,2,0,1,0,0.5,0.333333333,1.16368667,6
31003689,2,0,1,0,0.75,0.25,0.872765003,4
31003690,2,0,1,0,0.75,0.25,0.872765003,4
31003691,1,0,1,0,0,0,0,1
31003693,1,0,1,0,0,1,0,1
31003694,2,0,1,0,0.5,0.5,1.16368667,4
31003696,1,0,0,0,1,0,0,1
31003697,1,0.333333333,0.333333333,0.666666667,0,0.166666667,1.836265256,6
31003698,2,0.166666667,0.833333333,0.166666667,0.166666667,0.333333333,1.408285669,6
31003701,1,0,1,0,0,1,0,1
31003702,2,0.142857143,0.857142857,0.142857143,0.285714286,0.285714286,1.496781307,7
31003703,2,0,0.875,0.125,0.375,0.125,1.369464839,8
31003705,2,0.166666667,0.833333333,0.166666667,0.333333333,0.166666667,1.638644961,6
31003707,2,0.166666667,0.833333333,0,0.5,0.333333333,1.580589032,6
31003708,2,0,1,0,0.75,0.25,0.872765003,4
31003710,2,0.142857143,0.857142857,0,0.428571429,0.142857143,1.488863899,7
31003711,1,0,1,0,1,0,2.24E-16,2
31003712,1,0,1,0,1,0,0,1
31003713,1,0.5,0.5,0,0.5,0.5,2.041572796,2
31003714,1,0.333333333,0.666666667,0.333333333,0.333333333,0,2.110824181,6
31003716,2,0.6,0.4,0.4,0.2,0.2,2.146503543,5
31003719,1,0.333333333,0.666666667,0.333333333,0.666666667,0,2.045698495,3
31003723,2,0.111111111,0.555555556,0.333333333,0.222222222,0.222222222,1.82060952,9
31003724,1,0.5,0.25,0.75,0,0.25,1.795147733,4
31003726,1,0.25,0.75,0.25,0.25,0.25,1.836026124,4
31003729,1,0.5,0.25,0.75,0.25,0,2.009397408,4
31003731,1,0,1,0,0.5,0,1.16368667,2
31003732,1,0,1,0,1,0,2.24E-16,2
31003735,1,0.333333333,0.666666667,0.333333333,0.666666667,0,2.045698495,3
31003737,1,0,1,0,1,0,0,1
31003740,1,0.5,0.5,0.5,0,0.5,1.985528906,2
31003741,1,0.4,0.2,0.8,0,0,1.696600715,5
31003742,1,0,0,0.5,0.5,0,1.5756392,2
31003743,2,0.375,0.5,0.5,0.125,0.125,2.078408222,8
31003744,2,0.285714286,0.428571429,0.571428571,0.142857143,0.142857143,2.011230618,7
31003745,1,0.5,0,1,0,0,1.358893266,4
31003746,1,0.4,0,0.8,0,0,1.544452957,5
31003747,1,0,1,0,0,0,0,1
31003748,1,0.25,0,0.75,0,0,1.390874819,4
31003750,1,1,0,0,1,0,0,1
31003751,1,0,1,0,1,0,0,1
31003752,1,0,1,0,1,0,0,1
31003753,1,0,1,0,0.333333333,0.333333333,1.034388151,3
31003754,2,0.25,0.75,0.25,0.25,0.25,1.836026124,4
31003755,2,0.2,0.8,0.2,0.2,0.4,1.599334428,5
31003756,2,0.222222222,0.777777778,0.222222222,0.111111111,0.333333333,1.551704635,9
31003757,1,0,1,0,1,0,2.24E-16,2
31003759,1,0,1,0,0.333333333,0.666666667,1.034388151,3
31003761,1,0,1,0,1,0,0,1
31004053,1,0,1,0,1,0,1.19E-15,3
31004054,1,0,1,0,0.666666667,0,1.034388151,3
31004060,2,0.166666667,0.833333333,0,0.666666667,0.166666667,1.511467596,6
31004061,1,0.25,0.75,0,0.75,0.25,1.640182514,4
31004071,1,0.25,0.75,0,0.75,0,1.640182514,4
31004074,1,0,1,0,0.666666667,0.333333333,1.034388151,3
31004087,1,1,0,0,1,0,0,1
31004090,1,0,1,0,0.75,0,0.872765003,4
31004091,2,0.166666667,0.833333333,0,0.5,0.333333333,1.580589032,6
31004092,2,0,1,0,0.666666667,0.333333333,1.034388151,3
31004293,1,0.333333333,0.333333333,0.666666667,0,0.333333333,1.836265256,3
31004294,2,0.285714286,0.428571429,0.428571429,0.285714286,0.142857143,2.135577404,7
31004295,2,0.333333333,0.555555556,0.222222222,0.333333333,0.111111111,2.078151298,9
31004298,1,0,1,0,1,0,0,1
31004299,1,0.25,0.75,0,0.5,0.25,1.768894015,4
31004300,1,0.5,0.5,0,0.5,0,2.041572796,2
31004301,2,0.4,0.6,0.2,0.4,0.2,2.12773844,5
31004302,1,0.333333333,0.666666667,0,0.333333333,0.666666667,1.814731374,3
31004303,1,1,0,0,1,0,0,1
31004304,1,0.5,0.5,0.5,0.5,0,2.301410807,2
31004306,2,0.166666667,0.833333333,0,0.166666667,0.333333333,1.134207109,6
31004307,2,0.4,0.6,0.4,0,0.4,1.90610775,5
31004308,2,0.285714286,0.714285714,0.142857143,0.571428571,0.142857143,1.92673449,7
31004309,1,0,1,0,1,0,0,1
31004310,1,0.5,0.5,0,0.5,0.5,2.041572796,2
31004312,2,0,1,0,0.75,0,0.872765003,4
31004313,2,0,1,0,0.75,0.25,0.872765003,4
31004314,1,0,1,0,1,0,2.24E-16,2
31004315,1,0,1,0,0,1,0,1
31004316,2,0,1,0,0.4,0.2,1.117139204,5
31004317,1,0,0.625,0.25,0.125,0.125,1.435626501,8
31004318,2,0.2,0.6,0.4,0.2,0.2,1.936468792,5
31004319,1,0,1,0,0.333333333,0.333333333,1.034388151,3
31004320,2,0,0.714285714,0.142857143,0.285714286,0.142857143,1.472270401,7
31004322,2,0,1,0,0.5,0.25,1.16368667,4
31004323,1,0.166666667,0.5,0.5,0,0.166666667,1.712056899,6
31004324,1,0,1,0,1,0,1.45E-15,2
31004325,2,0.25,0.75,0.25,0.25,0.125,1.836026124,8
31004326,1,0,1,0,1,0,0,1
31004329,1,0,1,0,1,0,0,1
31004330,1,0,1,0,0.2,0.6,0.744759469,5
31004331,1,0,1,0,1,0,1.31E-15,2
31004332,1,0,1,0,1,0,0,1
31004334,1,0,1,0,0.333333333,0.666666667,1.034388151,3
31004335,1,0.166666667,0.833333333,0,0.5,0.166666667,1.580589032,6
31004338,1,0,1,0,0.666666667,0,1.034388151,3
31004340,2,0,1,0,0.5,0.5,1.16368667,4
31004341,1,0,1,0,1,0,0,1
31004344,1,0,1,0,0.5,0.5,1.16368667,2
31004348,1,1,0,0,1,0,0,1
31004349,1,0,1,0,0,1,0,1
31004351,1,0,1,0,0.5,0,1.16368667,2
31004352,1,0,1,0,0,0,0,1
31004353,1,0.333333333,0.666666667,0,0.666666667,0,1.880323943,3
31004355,1,1,0,1,0,0,0,1
31004357,2,0.375,0.375,0.5,0.125,0.125,2.05294502,8
31004358,1,0,1,0,0,1,0,1
31004363,1,0.5,0.5,0,0.5,0,2.041572796,2
31004364,1,0.5,0.166666667,0.666666667,0.166666667,0.166666667,1.970443716,6
31004366,2,0.2,0.8,0,0.6,0.2,1.64688687,5
31004367,1,0.666666667,0.333333333,0.333333333,0.666666667,0,2.128406561,3
31004369,1,0,1,0,1,0,2.24E-16,2
31004370,1,0,1,0,0.5,0,1.16368667,2
31004371,1,0,1,0,0.666666667,0,1.034388151,3
31004373,1,0,1,0,1,0,0,1
31004374,2,0.333333333,0.666666667,0.166666667,0.5,0.166666667,2.039336905,6
31004375,1,0.375,0.25,0.5,0.125,0.125,2.001423805,8
31004376,2,0.142857143,0.857142857,0,0.571428571,0.142857143,1.514930692,7
31004377,2,0.142857143,0.857142857,0,0.571428571,0.142857143,1.514930692,7
31004378,1,0.333333333,0.666666667,0,1,0,1.491070458,3
31004379,2,0.25,0.75,0,0.75,0.25,1.640182514,4
31004380,2,0.25,0.75,0,1,0,1.258090699,4
31004382,1,0.333333333,0.666666667,0,1,0,1.491070458,3
31004383,1,0,1,0,1,0,1.19E-15,3
31004384,2,0.166666667,0.833333333,0,0.666666667,0.166666667,1.511467596,6
31004385,2,0,0.857142857,0.142857143,0.285714286,0.285714286,1.3039813,7
31004386,1,0.333333333,0.666666667,0,1,0,1.491070458,3
31004387,2,0.125,0.875,0,0.5,0.25,1.477049535,8
31004388,2,0,1,0,0.666666667,0.333333333,1.034388151,3
31004389,2,0.142857143,0.857142857,0,0.571428571,0.142857143,1.514930692,7
31004390,1,0,1,0,1,0,1.45E-15,2
31004391,1,0.333333333,0.666666667,0,0.666666667,0.333333333,1.880323943,3
31004392,1,0,1,0,1,0,0,1
31004393,1,0,1,0,1,0,0,1
31004395,2,0.125,0.875,0,0.5,0.375,1.477049535,8
31004396,1,0,1,0,0.666666667,0.333333333,1.034388151,3
31004399,2,0.166666667,0.833333333,0,0.666666667,0.166666667,1.511467596,6
31004401,2,0.25,0.625,0.25,0.25,0.125,1.930791888,8
31004403,1,0,1,0,0,1,8.77E-16,2
31004405,2,0.272727273,0.545454545,0.363636364,0.272727273,0.181818182,2.072783093,11
31004406,2,0,1,0,0.75,0.25,0.872765003,4
31004407,2,0.333333333,0.666666667,0.166666667,0.333333333,0.333333333,1.977559954,6
31004410,1,0,1,0,0,1,0,1
31004412,1,0,1,0,0,1,0,1
31004413,1,0.25,0.75,0.25,0.5,0,1.946607909,4
31004414,1,0,1,0,0.5,0.25,1.16368667,4
31004415,2,0.25,0.75,0.125,0.375,0.25,1.81540852,8
31004416,1,0.111111111,0.777777778,0.111111111,0.333333333,0.333333333,1.554669994,9
31004417,2,0.142857143,0.857142857,0,0.571428571,0.285714286,1.514930692,7
31004418,1,0,1,0,0,0,0,1
31004419,2,0,1,0,0.333333333,0.166666667,1.034388151,6
31004421,2,0,1,0,0.25,0.25,0.872765003,4
31004422,1,0.2,0.8,0,0.4,0.6,1.603479624,5
31004423,1,1,0,1,0,0,9.60E-16,2
31004426,2,0.125,0.5,0.375,0.25,0.125,1.898719652,8
31004429,2,0,1,0,0.285714286,0.142857143,0.949948302,7
31004430,1,0,1,0,0.5,0.5,1.16368667,4
31004431,2,0.166666667,0.833333333,0.166666667,0.166666667,0.333333333,1.408285669,6
31004432,2,0.25,0.75,0.25,0.25,0.25,1.836026124,4
31004433,1,0,1,0,0,0,0,1
31004434,1,0.666666667,0.333333333,0.333333333,0.333333333,0.333333333,2.158276071,3
31004435,2,0.2,0.8,0,0.4,0.2,1.603479624,5
31004436,1,0,1,0,1,0,0,1
31004438,2,0.25,0.75,0.25,0.25,0.25,1.836026124,4
31004439,2,0.166666667,0.5,0.333333333,0.166666667,0.166666667,1.846837009,6
31004440,2,0.090909091,0.545454545,0.272727273,0.272727273,0.090909091,1.800326728,11
31004441,2,0.142857143,0.571428571,0.357142857,0.142857143,0.142857143,1.784262778,14
31004442,1,0,0.5,0.5,0.5,0,1.857390856,2
31004444,1,0.25,0.5,0.5,0.25,0.25,2.084434769,4
31004445,2,0.166666667,0.833333333,0,0.5,0.166666667,1.580589032,6
31004446,2,0.222222222,0.444444444,0.555555556,0.222222222,0.111111111,2.019387685,9
31004449,1,0,0.714285714,0.285714286,0.285714286,0.285714286,1.606079224,7
31004452,2,0.4,0.4,0.6,0.2,0.2,2.126525263,5
31004453,1,0.25,0.75,0.25,0.25,0.25,1.836026124,4
31004454,2,0.272727273,0.545454545,0.363636364,0.181818182,0.363636364,1.987464373,11
31004456,2,0.4,0.4,0.2,0.2,0.2,2.017727772,5
31004457,1,0.5,0.166666667,0.666666667,0.166666667,0.166666667,1.970443716,6
31004459,1,0.333333333,0.666666667,0.333333333,0,0.333333333,1.764914583,3
31004460,2,0.4,0.6,0.4,0.2,0.2,2.122638407,5
31004461,1,0,0.75,0.25,0,0.25,1.085748795,4
31004462,1,0,1,0,0.666666667,0.333333333,1.034388151,3
31004463,1,0.4,0.2,0.8,0,0.2,1.696600715,5
31004465,1,0,1,0,0,1,0,1
31004468,1,0,1,0,0,1,0,1
31004470,1,0.2,0.8,0,0.6,0.2,1.64688687,5
31004471,1,0,1,0,0.5,0.5,1.16368667,2
31004472,2,0.2,0.4,0.4,0.2,0.2,1.949552902,5
31005234,1,0,1,0,0,1,0,1
31005244,1,0,1,0,0,1,0,1
31005245,1,0,1,0,0.6,0.2,1.117139204,5
31005248,1,0,1,0,0.333333333,0.333333333,1.034388151,3
31005266,1,0,1,0,1,0,2.24E-16,2
31005268,1,0,1,0,0.75,0.25,0.872765003,4
31005269,2,0.125,0.875,0,0.5,0.25,1.477049535,8
31005270,1,0,1,0,0.5,0.5,1.16368667,2
31005472,1,0,0.666666667,0,0.333333333,0.333333333,1.407933886,3
31005473,1,0,0,0.5,0,0,1.062295732,2
31005474,1,0,1,0,1,0,0,1
31005475,1,0.5,0.5,0.5,0,0,1.985528906,4
31005476,1,0.333333333,0.666666667,0.333333333,0,0.333333333,1.764914583,3
31005477,1,0,0,0.5,0.5,0,1.5756392,2
31005478,1,0,1,0,0.5,0.25,1.16368667,4
31005479,1,0.25,0.75,0.25,0,0.25,1.489146679,4
31005480,1,0,1,0,0.666666667,0.333333333,1.034388151,3
31005481,1,0,1,0,0,1,0,1
31005482,2,0,1,0,0.428571429,0.142857143,1.139937963,7
31005483,1,0,1,0,0,0.5,5.85E-16,6
31005484,2,0.142857143,0.857142857,0.142857143,0.285714286,0.142857143,1.496781307,7
31005485,2,0.333333333,0.666666667,0.333333333,0.166666667,0.166666667,1.972909789,6
31005486,1,0,1,0,0.333333333,0,1.034388151,3
31005487,2,0,1,0,0.75,0,0.872765003,4
31005488,1,0,1,0,1,0,2.24E-16,2
31005489,1,0,1,0,1,0,0,1
31005490,1,0.4,0.4,0.6,0,0.2,1.937445075,5
31005491,2,0.111111111,0.666666667,0.222222222,0.222222222,0.222222222,1.665755051,9
31005492,2,0,1,0,0.5,0.166666667,1.16368667,6
31005493,1,0,1,0,1,0,0,1
31005494,2,0,1,0,0.333333333,0.166666667,1.034388151,6
31005495,1,0,1,0,1,0,2.24E-16,2
31005497,1,1,0,1,0,0,0,1
31005498,2,0.125,0.875,0.125,0.25,0.125,1.372073373,8
31005499,1,0.333333333,0.333333333,0.666666667,0,0,1.836265256,3
31005501,1,0,1,0,0,0,0,1
31005503,1,0,1,0,0,0,0,1
31005504,1,0.5,0,1,0,0,1.358893266,2
31005505,1,0,1,0,0.5,0.5,1.16368667,2
31005506,1,0,0.5,0.5,0.5,0,1.857390856,2
31005507,1,0,1,0,1,0,0,1
31005510,2,0.428571429,0.571428571,0.428571429,0.285714286,0.142857143,2.215187378,7
31005513,1,0,1,0,1,0,0,1
31005514,1,0,1,0,0.666666667,0.333333333,1.034388151,3
31005517,1,0,1,0,0.666666667,0,1.034388151,3
31005519,1,0,1,0,1,0,0,1
31005520,1,0,1,0,0.666666667,0.333333333,1.034388151,3
31005521,2,0,1,0,0.285714286,0.285714286,0.949948302,7
31005522,1,0,1,0,1,0,0,1
31005523,1,0,1,0,1,0,0,1
31005525,1,0,1,0,0,0,0,1
31005526,1,0,1,0,0,0,0,1
31005530,2,0.428571429,0.428571429,0.428571429,0.285714286,0.142857143,2.216343376,7
31005531,2,0.2,0.8,0.2,0.4,0.2,1.794158936,5
31005532,1,1,0,1,0,0,0,1
31005533,1,0.2,0.4,0.6,0,0.2,1.732526538,5
31005534,1,0.25,0.25,0.75,0,0,1.605971707,4
31005535,2,0.25,0.75,0,0.5,0.25,1.768894015,4
31005540,1,0,1,0,1,0,0,1
31005541,1,0,0.75,0.25,0.5,0.25,1.643740823,4
31005542,1,0,1,0,0.666666667,0,1.034388151,3
31005543,1,0,1,0,0.5,0,1.16368667,2
31005544,1,0,1,0,1,0,0,1
31005545,1,0,1,0,1,0,0,1
31005548,1,0,1,0,0.4,0.2,1.117139204,5
31005549,1,0,1,0,1,0,1.19E-15,3
31005550,1,0,1,0,1,0,2.24E-16,2
31005551,1,0,1,0,0.666666667,0.333333333,1.034388151,3
31005552,2,0,1,0,0.375,0.25,1.090956253,8
31005553,2,0,1,0,0.5,0.166666667,1.16368667,6
31005554,2,0,1,0,0.428571429,0.142857143,1.139937963,7
31005555,2,0,1,0,0.428571429,0.142857143,1.139937963,7
31005556,1,0,1,0,1,0,1.45E-15,2
31005561,1,0,1,0,0.5,0,1.16368667,2
31005562,1,0,1,0,0.5,0,1.16368667,2
31005563,1,0,1,0,1,0,0,1
31005564,2,0,1,0,0.4,0.2,1.117139204,5
31005565,2,0,1,0,0.666666667,0.333333333,1.034388151,3
31005566,2,0,1,0,0.375,0.25,1.090956253,8
31005567,1,0,1,0,1,0,1.31E-15,2
31005570,1,0,1,0,1,0,0,1
31005571,1,0,1,0,1,0,0,1
31005572,1,0,1,0,1,0,2.24E-16,2
31005576,2,0,1,0,0.333333333,0.166666667,1.034388151,6
31005578,2,0.111111111,0.888888889,0.111111111,0.222222222,0.222222222,1.26365216,9
31005579,2,0,1,0,0.2,0.2,0.744759469,5
31005580,1,0,1,0,1,0,0,1
31005581,2,0.142857143,0.857142857,0,0.571428571,0.142857143,1.514930692,7
31005582,2,0.285714286,0.714285714,0.285714286,0.142857143,0.142857143,1.819421321,7
31005583,2,0.333333333,0.5,0.333333333,0.166666667,0.166666667,2.034720627,6
31005584,1,0,0.75,0.25,0,0.25,1.085748795,4
31005585,2,0.142857143,0.857142857,0.142857143,0.285714286,0.285714286,1.496781307,7
31005587,2,0,1,0,0.4,0,1.117139204,5
31005588,1,0,1,0,1,0,2.24E-16,2
31005590,1,0,1,0,0,0,0,1
31005592,1,0,1,0,0,0,0,1
31005593,1,0.25,0.75,0.25,0,0.25,1.489146679,4
31005594,1,1,0,1,0,0,0,1
31005595,1,0.5,0.5,0.5,0.5,0,2.301410807,2
31005598,1,1,0,1,0,0,0,1
31005602,1,0.333333333,0.666666667,0,0.333333333,0.333333333,1.814731374,3
31005603,1,0,1,0,0,0,0,1
31005604,1,0,1,0,0,1,0,1
31005606,2,0,1,0,0.5,0.5,1.16368667,2
31005607,2,0.2,0.6,0.3,0.2,0.1,1.873259889,10
31005609,1,0.166666667,0,0.5,0.166666667,0,1.610283032,6
31005611,2,0,1,0,0.4,0.2,1.117139204,5
31005612,1,0.142857143,0.142857143,0.571428571,0,0.142857143,1.475407649,7
31005614,1,0,1,0,1,0,2.24E-16,2
31005615,2,0.333333333,0.5,0.5,0,0.166666667,1.911563672,6
31005616,1,0.25,0.25,0.75,0,0,1.605971707,4
31005617,1,0.2,0.6,0.4,0.4,0,2.069805296,5
31005619,2,0.25,0.75,0.25,0.25,0.25,1.836026124,8
31005620,2,0.222222222,0.777777778,0.222222222,0.222222222,0.111111111,1.7116776,9
31005622,1,0.2,0.2,0.6,0.2,0,1.817584331,5
31005623,2,0.125,0.75,0.25,0.375,0.125,1.779003464,8
31005624,1,0.25,0.75,0.25,0.75,0,1.726058105,4
31005625,1,0.333333333,0.333333333,0.666666667,0,0.333333333,1.836265256,3
31005626,2,0,1,0,0.428571429,0.142857143,1.139937963,7
31005627,1,0.25,0.75,0.25,0.75,0,1.726058105,4
31005628,2,0,0.857142857,0,0.428571429,0.142857143,1.306518061,7
31005629,1,0.2,0,0.8,0,0,1.213927863,5
31005632,2,0,1,0,0.6,0.2,1.117139204,5
31005633,1,0.333333333,0,1,0,0,1.207905126,3
31005634,1,0.5,0.25,0.75,0,0.25,1.795147733,4
31005636,1,0.333333333,0,0.666666667,0,0,1.592190103,3
31005637,2,0.166666667,0.833333333,0.166666667,0.5,0.166666667,1.70025286,6
31005638,1,0,0.833333333,0.166666667,0,0.333333333,0.804258367,6
31005639,1,0.5,0,1,0,0,1.358893266,2
31005640,2,0,1,0,0.666666667,0.333333333,1.034388151,3
31005641,2,0.428571429,0.571428571,0.285714286,0.428571429,0.142857143,2.213949478,7
31005642,2,0,1,0,0.25,0.25,0.872765003,4
31005643,2,0,1,0,0.666666667,0.333333333,1.034388151,3
31005644,2,0.333333333,0.666666667,0.222222222,0.444444444,0.111111111,2.073910545,9
31005645,2,0.3,0.7,0.2,0.4,0.1,1.991503741,10
31005646,2,0.25,0.75,0.25,0.25,0.5,1.836026124,4
31005650,1,0,1,0,1,0,1.19E-15,3
31006719,1,0,1,0,0.5,0,1.16368667,2
31006720,1,0,1,0,1,0,0,1
31006723,1,0,1,0,0,1,0,1
31006725,1,0,1,0,0.5,0,1.16368667,2
31006733,1,0.2,0.8,0,0.6,0.2,1.64688687,5
31006751,1,0,1,0,1,0,0,1
31006964,2,0.222222222,0.777777778,0.222222222,0.222222222,0.222222222,1.7116776,9
31006965,2,0.25,0.375,0.5,0.125,0.125,1.949239436,8
31006966,1,0.5,0,0.75,0,0,1.61780598,4
31006970,2,0.25,0.75,0,0.5,0.25,1.768894015,4
31006972,1,1,0,0,1,0,0,1
31006973,1,0,1,0,0.5,0.5,1.16368667,2
31006974,1,0,1,0,0.5,0.5,1.16368667,2
31006982,2,0.333333333,0.666666667,0.166666667,0.5,0.166666667,2.039336905,6
31006983,2,0.375,0.625,0.25,0.375,0.125,2.125993949,8
31006984,2,0.5,0.5,0.5,0,0.25,1.985528906,4
31006985,2,0.333333333,0.666666667,0.333333333,0.166666667,0.333333333,1.972909789,6
31006987,2,0,1,0,0.6,0,1.117139204,5
31006988,2,0.2,0.8,0,0.8,0,1.430598117,5
31006989,1,1,0,0,1,0,0,1
31006991,1,0.2,0.4,0.6,0,0.2,1.732526538,5
31006992,2,0.25,0.625,0.25,0.375,0.125,2.014430821,8
31006993,1,0.333333333,0,1,0,0,1.207905126,3
31006994,2,0.166666667,0.666666667,0.166666667,0.333333333,0.333333333,1.787282939,6
31006995,2,0.2,0.6,0.4,0.2,0.2,1.936468792,5
31006996,1,0.4,0.6,0.2,0.4,0,2.12773844,5
31006997,1,0.333333333,0.666666667,0,1,0,1.491070458,3
31006998,1,0,1,0,1,0,2.24E-16,2
31006999,1,0.333333333,0,1,0,0,1.207905126,3
31007000,1,0.2,0.6,0.2,0.4,0,1.93742795,5
31007001,1,0.333333333,0.333333333,0.666666667,0.333333333,0,2.121952448,3
31007002,1,0,1,0,0.5,0,1.16368667,2
31007003,1,0.333333333,0.333333333,0.666666667,0,0,1.836265256,3
31007004,1,0.2,0.6,0.2,0.4,0.2,1.93742795,5
31007005,1,0,1,0,0.5,0.5,1.16368667,2
31007006,1,0,1,0,1,0,0,1
31007007,1,0.5,0.5,0.5,0.5,0,2.301410807,2
31007008,1,0,1,0,1,0,0,1
31007009,1,0,1,0,0.666666667,0,1.034388151,3
31007010,1,0,1,0,1,0,0,1
31007011,1,0,1,0,1,0,0,1
31007012,1,0,1,0,0,0,0,1
31007013,1,0,1,0,0.5,0.5,1.16368667,2
31007015,1,0.2,0.4,0.6,0.2,0,1.942496178,5
31007016,1,0,1,0,1,0,0,1
31007017,1,0,1,0,0,0,0,1
31007018,1,0,1,0,1,0,1.45E-15,2
31007019,1,0,1,0,0,0.5,1.04E-15,2
31007025,1,0.428571429,0.285714286,0.571428571,0.142857143,0.142857143,2.050971315,7
31007026,1,0.333333333,0.666666667,0.333333333,0.666666667,0,2.045698495,3
31007027,1,0,1,0,0.5,0,1.16368667,2
31007028,1,0,1,0,0.5,0,1.16368667,2
31007029,1,0,0,1,0,0,0,1
31007033,2,0.333333333,0.666666667,0.333333333,0.333333333,0.166666667,2.110824181,6
31007037,1,0.666666667,0,1,0,0,1.207905126,3
31007038,2,0.285714286,0.714285714,0.142857143,0.571428571,0.142857143,1.92673449,7
31007039,1,0.25,0.25,0.75,0,0.25,1.605971707,4
31007042,1,0,1,0,1,0,1.19E-15,3
31007044,2,0.2,0.8,0,0.6,0.2,1.64688687,5
31007045,2,0.4,0.6,0.2,0.6,0.2,2.119584394,5
31007046,1,0.285714286,0.714285714,0.142857143,0.571428571,0.285714286,1.92673449,7
31007047,2,0.285714286,0.714285714,0.285714286,0.428571429,0.142857143,2.039896699,7
31007048,2,0.4,0.6,0.2,0.6,0,2.119584394,5
31007049,2,0.4,0.6,0.3,0.4,0.1,2.191865963,10
31007052,2,0.142857143,0.857142857,0,0.571428571,0.142857143,1.514930692,7
31007055,2,0.2,0.8,0,0.8,0.2,1.430598117,5
31007057,2,0.25,0.75,0,0.75,0.25,1.640182514,4
31007059,1,0,1,0,1,0,2.24E-16,2
31007060,2,0.2,0.8,0,0.8,0.2,1.430598117,5
31007061,1,0,1,0,0.75,0.25,0.872765003,4
31007062,2,0,1,0,0.6,0.2,1.117139204,5
31007063,2,0,1,0,0.75,0.25,0.872765003,4
31007064,2,0.166666667,0.833333333,0,0.666666667,0.333333333,1.511467596,6
31007065,2,0.285714286,0.714285714,0.142857143,0.571428571,0.142857143,1.92673449,7
31007066,2,0,1,0,0.666666667,0.333333333,1.034388151,3
31007067,2,0.166666667,0.833333333,0,0.666666667,0.166666667,1.511467596,6
31007068,1,0.333333333,0.666666667,0,0.666666667,0.333333333,1.880323943,3
31007069,2,0.222222222,0.777777778,0.111111111,0.444444444,0.222222222,1.780550744,9
31007070,2,0,1,0,0.666666667,0.333333333,1.034388151,3
31007071,2,0,1,0,0.6,0.2,1.117139204,5
31007073,2,0,1,0,0.666666667,0.333333333,1.034388151,3
31007077,1,0,1,0,0,1,0,1
31007078,1,0.5,0.25,0.5,0.25,0.25,2.154244151,4
31007080,2,0.428571429,0.571428571,0.285714286,0.285714286,0.142857143,2.149485045,7
31007081,2,0.571428571,0.428571429,0.428571429,0.142857143,0.142857143,2.114253712,7
31007082,1,0,0,1,0,0,0,1
31007083,2,0.181818182,0.818181818,0.090909091,0.363636364,0.181818182,1.617473412,11
31007085,2,0.272727273,0.727272727,0.181818182,0.363636364,0.181818182,1.907310583,11
31007087,1,0,1,0,0,1,0,1
31007088,2,0.111111111,0.666666667,0.333333333,0.222222222,0.111111111,1.763055295,9
31007089,2,0.5,0.5,0.25,0.25,0.25,2.142660391,4
31007090,2,0,1,0,0.5,0.25,1.16368667,4
31007091,2,0.3,0.6,0.2,0.2,0.1,1.891115495,10
31007092,2,0.166666667,0.833333333,0.166666667,0.5,0.166666667,1.70025286,6
31007094,2,0.4,0.4,0.4,0.4,0.2,2.248862577,5
31007096,2,0.181818182,0.636363636,0.181818182,0.272727273,0.181818182,1.787759228,11
31007099,2,0.142857143,0.714285714,0,0.428571429,0.285714286,1.630183789,7
31007100,2,0.363636364,0.636363636,0.272727273,0.363636364,0.090909091,2.123151662,11
31007102,2,0.3,0.7,0.2,0.4,0.1,1.991503741,10
31007104,2,0.25,0.75,0.125,0.375,0.25,1.81540852,8
31007106,2,0.428571429,0.571428571,0.285714286,0.285714286,0.285714286,2.149485045,7
31007108,2,0.2,0.8,0.2,0.2,0.2,1.599334428,5
31007109,1,0,1,0,0,1,0,1
31007110,1,1,0,1,0,0,0,1
31007112,2,0.333333333,0.666666667,0.166666667,0.333333333,0.166666667,1.977559954,6
31007113,1,0,1,0,0,1,0,1
31007114,2,0.333333333,0.333333333,0.444444444,0.222222222,0.111111111,2.093904038,9
31007115,2,0.25,0.333333333,0.416666667,0.25,0.083333333,2.02919429,12
31007116,2,0.142857143,0.571428571,0.285714286,0.285714286,0.142857143,1.883652195,7
31007117,1,0,0,0.5,0.5,0,1.5756392,2
31007118,2,0.25,0.5,0.375,0.125,0.125,1.930665405,8
31007119,1,0.666666667,0.333333333,0.333333333,0.666666667,0,2.128406561,3
31007120,2,0.25,0.625,0.25,0.375,0.125,2.014430821,8
31007121,2,0.285714286,0.571428571,0.285714286,0.285714286,0.142857143,2.039200224,7
31007122,1,0.5,0.166666667,0.833333333,0,0,1.663213065,6
31007124,2,0.285714286,0.571428571,0.285714286,0.285714286,0.142857143,2.039200224,7
31007125,2,0.333333333,0.666666667,0.222222222,0.444444444,0.111111111,2.073910545,9
31007126,1,0.142857143,0.428571429,0.142857143,0.285714286,0.142857143,1.767011089,7
31007127,2,0.444444444,0.555555556,0.333333333,0.333333333,0.111111111,2.214171529,9
31007128,1,0,1,0,0.666666667,0,1.034388151,3
31007129,1,1,0,1,0,0,0,1
31007131,2,0,0.75,0.25,0.5,0.25,1.643740823,4
31007132,2,0.166666667,0.5,0.5,0.166666667,0.166666667,1.906794255,6
31007133,2,0.285714286,0.285714286,0.428571429,0.285714286,0.142857143,2.073320126,7
31007136,1,0,0,0.5,0,0,1.062295732,2
31007137,2,0.2,0.4,0.6,0.2,0.2,1.942496178,5
31007138,1,0.5,0,0.75,0.25,0,1.859627919,4
31007139,2,0.285714286,0.714285714,0.142857143,0.571428571,0.142857143,1.92673449,7
31007141,2,0.25,0.75,0.125,0.5,0.125,1.859464826,8
31007142,2,0.333333333,0.666666667,0.222222222,0.444444444,0.111111111,2.073910545,9
31007143,2,0.333333333,0.666666667,0.222222222,0.333333333,0.222222222,2.026581194,9
31007144,2,0.2,0.8,0.2,0.2,0.2,1.599334428,5
31007145,2,0,1,0,0.5,0.5,1.16368667,2
31007146,2,0,1,0,0.5,0.166666667,1.16368667,6
31007376,2,0,1,0,0.375,0.25,1.090956253,8
31007377,2,0,1,0,0.333333333,0.333333333,1.034388151,6
31007382,1,0,1,0,1,0,0,1
31007546,1,0,1,0,0,0,0,1
31007548,2,0.111111111,0.777777778,0.111111111,0.333333333,0.111111111,1.568861898,9
31007549,1,0,1,0,0,0.5,1.04E-15,2
31007551,1,0,1,0,1,0,1.31E-15,2
31007554,2,0.2,0.6,0.2,0.4,0.4,1.928598672,5
31007555,1,0,1,0,0,0.666666667,8.63E-16,3
31007556,2,0.333333333,0.666666667,0.333333333,0.166666667,0.166666667,1.972909789,6
31007557,2,0.285714286,0.714285714,0.285714286,0.142857143,0.142857143,1.819421321,7
31007558,2,0.375,0.625,0.25,0.5,0.125,2.148190467,8
31007559,2,0.25,0.75,0.125,0.375,0.125,1.81540852,8
31007560,2,0.375,0.625,0.375,0.125,0.125,2.011092082,8
31007562,1,0,0.5,0.5,0,0,1.44766506,2
31007563,2,0.428571429,0.571428571,0.285714286,0.285714286,0.142857143,2.149485045,7
31007564,2,0,1,0,0.5,0.25,1.16368667,4
31007565,1,0,1,0,0.5,0,1.16368667,2
31007566,1,0.5,0,1,0,0,1.358893266,2
31007567,1,0.25,0.25,0.75,0,0,1.605971707,4
31007568,2,0,1,0,0.6,0.2,1.117139204,5
31007569,2,0,1,0,0.6,0,1.117139204,5
31007570,2,0.333333333,0.666666667,0.222222222,0.333333333,0.111111111,2.026581194,9
31007571,1,0,1,0,0.666666667,0,1.034388151,3
31007572,1,0,0.666666667,0.333333333,0.333333333,0,1.715266654,3
31007573,2,0,1,0,0.5,0.25,1.16368667,4
31007574,2,0.166666667,0.833333333,0.166666667,0.5,0.166666667,1.70025286,6
31007575,2,0.285714286,0.428571429,0.428571429,0.142857143,0,2.008879107,7
31007576,1,0,1,0,1,0,1.45E-15,2
31007577,1,0,1,0,0.5,0,1.16368667,2
31007578,2,0.5,0.5,0.333333333,0.166666667,0.166666667,2.117370224,6
31007579,2,0.142857143,0.857142857,0,0.571428571,0.142857143,1.514930692,7
31007580,2,0.333333333,0.666666667,0.166666667,0.5,0.166666667,2.039336905,6
31007581,2,0.166666667,0.833333333,0.166666667,0.5,0,1.70025286,6
31007583,1,0,1,0,1,0,2.24E-16,2
31007584,2,0.428571429,0.571428571,0.285714286,0.285714286,0.142857143,2.149485045,7
31007585,2,0,1,0,0.5,0.166666667,1.16368667,6
31007586,2,0.428571429,0.571428571,0.285714286,0.285714286,0.142857143,2.149485045,7
31007587,2,0,1,0,0.5,0.25,1.16368667,4
31007588,2,0.166666667,0.833333333,0.166666667,0.5,0.166666667,1.70025286,6
31007589,2,0.142857143,0.857142857,0.142857143,0.428571429,0.142857143,1.618136226,7
31007590,1,0,1,0,0,1,0,1
31007591,2,0,1,0,0.6,0.2,1.117139204,5
31007592,2,0.166666667,0.833333333,0.166666667,0.333333333,0.166666667,1.638644961,6
31007593,2,0.2,0.8,0.2,0.4,0.2,1.794158936,5
31007594,2,0.285714286,0.714285714,0.142857143,0.428571429,0.142857143,1.930208394,7
31007595,2,0.25,0.75,0.25,0.375,0.125,1.931991919,8
31007596,2,0.125,0.875,0,0.5,0.125,1.477049535,8
31007597,2,0.333333333,0.666666667,0.166666667,0.666666667,0.166666667,1.967509172,6
31007598,2,0.2,0.8,0.2,0.6,0.2,1.749556733,5
31007600,2,0.142857143,0.857142857,0,0.571428571,0.142857143,1.514930692,7
31007601,2,0,1,0,0.666666667,0.333333333,1.034388151,3
31007602,1,0,1,0,1,0,2.24E-16,2
31007603,2,0.166666667,0.833333333,0,0.5,0.166666667,1.580589032,6
31007604,2,0.222222222,0.777777778,0.111111111,0.444444444,0.111111111,1.780550744,9
31007605,2,0.142857143,0.714285714,0.142857143,0.285714286,0.142857143,1.636084127,7
31007606,2,0.25,0.75,0.125,0.375,0.125,1.81540852,8
31007607,2,0.6,0.4,0.4,0.4,0.2,2.245359658,5
31007609,2,0.375,0.625,0.25,0.375,0.125,2.125993949,8
31007610,2,0,1,0,0.333333333,0.333333333,1.034388151,3
31007614,1,0,1,0,0,1,1.67E-16,2
31007615,2,0.428571429,0.571428571,0.428571429,0.142857143,0.142857143,2.100655608,7
31007616,2,0.3,0.7,0.2,0.3,0.1,1.925921903,10
31007621,2,0.4,0.6,0.4,0.2,0.2,2.122638407,5
31007622,2,0.444444444,0.555555556,0.333333333,0.333333333,0.111111111,2.214171529,9
31007624,2,0.333333333,0.666666667,0.222222222,0.333333333,0.111111111,2.026581194,9
31007625,2,0.285714286,0.714285714,0.285714286,0.142857143,0.142857143,1.819421321,7
31007626,2,0.5,0.5,0.375,0.25,0.125,2.198350918,8
31007628,1,0,1,0,0.5,0,1.16368667,2
31007629,2,0,1,0,0.666666667,0.333333333,1.034388151,3
31007631,2,0.125,0.75,0.125,0.375,0.125,1.661901349,8
31007632,2,0.75,0.25,0.5,0.5,0,2.080925622,4
31007633,2,0.142857143,0.857142857,0.142857143,0.285714286,0.142857143,1.496781307,7
31007634,1,0.25,0.75,0.25,0.25,0.25,1.836026124,4
31007635,2,0,1,0,0.333333333,0.333333333,1.034388151,3
31007636,1,0.333333333,0,0.666666667,0,0,1.592190103,6
31007637,2,0.2,0.6,0.2,0.3,0.1,1.876421622,10
31007638,1,0.333333333,0,1,0,0,1.207905126,3
31007639,2,0.333333333,0.666666667,0.222222222,0.333333333,0.111111111,2.026581194,9
31007640,2,0.333333333,0.444444444,0.444444444,0.222222222,0.111111111,2.119875606,9
31007641,2,0.125,0.875,0.125,0.375,0.125,1.526214808,8
31007642,1,0.333333333,0,1,0,0,1.207905126,3
31007643,2,0.25,0.75,0.25,0.75,0,1.726058105,4
31007644,2,0.2,0.7,0.2,0.1,0.1,1.564967914,10
31007645,2,0.375,0.625,0.375,0.25,0.125,2.129101819,8
31007646,2,0.428571429,0.571428571,0.285714286,0.285714286,0.142857143,2.149485045,7
31007648,1,0.333333333,0.333333333,0.666666667,0.333333333,0,2.121952448,3
31007649,2,0.166666667,0.833333333,0.166666667,0.5,0.166666667,1.70025286,6
31007650,2,0.333333333,0.666666667,0.222222222,0.444444444,0.111111111,2.073910545,9
31007651,2,0.2,0.8,0.2,0.6,0.2,1.749556733,5
31007652,2,0.125,0.875,0,0.5,0.125,1.477049535,8
31007653,1,0,1,0,1,0,1.19E-15,3
31007826,2,0.166666667,0.833333333,0,0.666666667,0.166666667,1.511467596,6
31007832,2,0.25,0.75,0.125,0.375,0.125,1.81540852,8
31007833,1,0,1,0,1,0,0,1
31007995,1,0,0.25,0.5,0.25,0,1.656226422,4
31007996,2,0.5,0.5,0.25,0.5,0,2.229602048,4
31007997,2,0.428571429,0.571428571,0.285714286,0.428571429,0.142857143,2.213949478,7
31007999,2,0.25,0.75,0,0.75,0,1.640182514,4
31008000,2,0.166666667,0.833333333,0,0.5,0.166666667,1.580589032,6
31008001,2,0.25,0.75,0.25,0.25,0.25,1.836026124,4
31008005,1,0.2,0,0.4,0.2,0,1.672906172,5
31008006,1,0.333333333,0.333333333,0.666666667,0,0.333333333,1.836265256,3
31008009,1,0.333333333,0.666666667,0.333333333,0.333333333,0,2.110824181,3
31008014,2,0.25,0.75,0.25,0.25,0.125,1.836026124,8
31008016,2,0.285714286,0.714285714,0.285714286,0.142857143,0.142857143,1.819421321,7
31008018,2,0.2,0.8,0,0.6,0.2,1.64688687,5
31008020,2,0.285714286,0.714285714,0.142857143,0.428571429,0.142857143,1.930208394,7
31008021,2,0.25,0.75,0.125,0.5,0,1.859464826,8
31008022,2,0.2,0.8,0.2,0.6,0.2,1.749556733,5
31008023,2,0.375,0.625,0.25,0.5,0.125,2.148190467,8
31008024,2,0.125,0.875,0.125,0.375,0.125,1.526214808,8
31008025,2,0,1,0,0.333333333,0.333333333,1.034388151,3
31008026,2,0.272727273,0.727272727,0.181818182,0.272727273,0.181818182,1.82875768,11
31008027,2,0.25,0.75,0.125,0.5,0.125,1.859464826,8
31008028,2,0.2,0.8,0.1,0.4,0.1,1.698387447,10
31008033,2,0.285714286,0.714285714,0.142857143,0.571428571,0.142857143,1.92673449,7
31008034,2,0,1,0,0.428571429,0.142857143,1.139937963,7
31008035,2,0.125,0.875,0,0.375,0.125,1.393165839,8
31008037,2,0.166666667,0.833333333,0.166666667,0.5,0.166666667,1.70025286,6
31008041,2,0,1,0,0.75,0.25,0.872765003,4
31008042,2,0.333333333,0.666666667,0.222222222,0.444444444,0.111111111,2.073910545,9
31008043,2,0.142857143,0.857142857,0,0.571428571,0.142857143,1.514930692,7
31008044,2,0.333333333,0.666666667,0.222222222,0.444444444,0.111111111,2.073910545,9
31008046,2,0.25,0.75,0,0.75,0,1.640182514,4
31008049,2,0.222222222,0.777777778,0.111111111,0.444444444,0.222222222,1.780550744,9
31008050,2,0.222222222,0.777777778,0.111111111,0.444444444,0.111111111,1.780550744,9
31008052,2,0.222222222,0.777777778,0.111111111,0.444444444,0.111111111,1.780550744,9
31008053,2,0.333333333,0.666666667,0.333333333,0.333333333,0.333333333,2.110824181,3
31008054,1,0.333333333,0.666666667,0.333333333,0,0.333333333,1.764914583,3
31008055,2,0,1,0,0.333333333,0.333333333,1.034388151,3
31008056,2,0,1,0,0.4,0.2,1.117139204,5
31008057,2,0.4,0.6,0.2,0.4,0.2,2.12773844,5
31008058,2,0.333333333,0.666666667,0.166666667,0.166666667,0.333333333,1.800381888,6
31008062,2,0.6,0.4,0.4,0.4,0.2,2.245359658,5
31008066,2,0.142857143,0.857142857,0,0.571428571,0.285714286,1.514930692,7
31008067,2,0.222222222,0.444444444,0.333333333,0.333333333,0.111111111,2.056068961,9
31008069,2,0.428571429,0.571428571,0.285714286,0.285714286,0.142857143,2.149485045,7
31008071,2,0.3,0.6,0.3,0.4,0.2,2.119022457,10
31008073,2,0.4,0.6,0.4,0.2,0.2,2.122638407,5
31008074,2,0.25,0.75,0.125,0.5,0.25,1.859464826,8
31008075,2,0.333333333,0.583333333,0.25,0.25,0.166666667,2.028284217,12
31008076,2,0.4,0.6,0.3,0.4,0.2,2.191865963,10
31008078,2,0.3,0.7,0.2,0.4,0.1,1.991503741,10
31008080,2,0.125,0.75,0.25,0.25,0.25,1.667691948,8
31008085,2,0.375,0.625,0.25,0.25,0.125,2.040941594,8
31008086,2,0.428571429,0.571428571,0.285714286,0.285714286,0.142857143,2.149485045,7
31008087,2,0.285714286,0.571428571,0.428571429,0.142857143,0.142857143,1.997093958,7
31008091,1,0.25,0,0.75,0,0,1.390874819,4
31008092,2,0.3,0.7,0.2,0.3,0.1,1.925921903,10
31008093,2,0.333333333,0.666666667,0.333333333,0.166666667,0.166666667,1.972909789,6
31008094,2,0.3,0.7,0.2,0.4,0.1,1.991503741,10
31008100,2,0.285714286,0.714285714,0.142857143,0.428571429,0.142857143,1.930208394,7
31008102,2,0,1,0,0.6,0.4,1.117139204,5
31008103,2,0.181818182,0.727272727,0.090909091,0.363636364,0.272727273,1.710818761,11
31008104,2,0,1,0,0.5,0.5,1.16368667,2
31008255,1,0,1,0,1,0,0,1
31008256,1,0,1,0,1,0,0,1
31008257,1,0,1,0,0.666666667,0.333333333,1.034388151,3
31008258,1,0,1,0,1,0,2.24E-16,2
31008259,1,0,1,0,1,0,0,1
31008262,1,0,1,0,1,0,0,1
31008263,1,0,1,0,1,0,1.45E-15,2
31008270,1,0,1,0,1,0,1.19E-15,3
31008271,1,0,1,0,0.5,0.5,1.16368667,2
31008278,1,0,1,0,0,1,0,1
31008281,1,0,1,0,1,0,1.19E-15,3
31008282,1,0,1,0,1,0,2.24E-16,2
31008283,1,0,1,0,0.666666667,0.333333333,1.034388151,3
31008445,1,0,1,0,0,0.5,9.10E-16,2
31008446,2,0.4,0.6,0.2,0.4,0.2,2.12773844,5
31008450,2,0,1,0,0.2,0.2,0.744759469,5
31008455,2,0.2,0.8,0.2,0.4,0.2,1.794158936,5
31008456,1,0,1,0,1,0,0,1
31008458,2,0,1,0,0.75,0.25,0.872765003,4
31008459,2,0,1,0,0.6,0.2,1.117139204,5
31008460,1,0,1,0,1,0,1.45E-15,2
31008464,2,0.2,0.7,0.2,0.3,0.2,1.805376442,10
31008466,2,0.222222222,0.666666667,0.222222222,0.222222222,0.111111111,1.793113622,9
31008468,2,0.125,0.875,0,0.5,0.125,1.477049535,8
31008469,2,0.285714286,0.571428571,0.285714286,0.285714286,0.142857143,2.039200224,7
31008470,2,0.333333333,0.5,0.5,0.166666667,0.166666667,2.090122531,6
31008472,2,0.142857143,0.857142857,0,0.428571429,0.142857143,1.488863899,7
31008475,1,0,1,0,0.5,0,1.16368667,2
31008476,1,0,1,0,1,0,1.31E-15,2
31008478,2,0,1,0,0.5,0.166666667,1.16368667,6
31008480,2,0,1,0,0.5,0.166666667,1.16368667,6
31008481,2,0.125,0.875,0,0.5,0.125,1.477049535,8
31008482,2,0,1,0,0.6,0.2,1.117139204,5
31008483,2,0,1,0,0.666666667,0.333333333,1.034388151,3
31008484,2,0.3,0.7,0.3,0.2,0.1,1.927126907,10
31008485,2,0,1,0,0.6,0.2,1.117139204,5
31008486,2,0,1,0,0.5,0.166666667,1.16368667,6
31008487,2,0,1,0,0.5,0.25,1.16368667,4
31008495,2,0.285714286,0.714285714,0.142857143,0.285714286,0.142857143,1.82561029,7
31008497,2,0.428571429,0.571428571,0.428571429,0.285714286,0.142857143,2.215187378,7
31008498,2,0,1,0,0.5,0.25,1.16368667,4
31008500,2,0.166666667,0.833333333,0,0.5,0.166666667,1.580589032,6
31008502,2,0.166666667,0.833333333,0.166666667,0.166666667,0.333333333,1.408285669,6
31008504,2,0.25,0.75,0.125,0.25,0.125,1.685559769,8
31008506,2,0.2,0.8,0.2,0.2,0.2,1.599334428,5
31008507,2,0.5,0.5,0.333333333,0.333333333,0.166666667,2.233311517,6
31008508,2,0,1,0,0.333333333,0.333333333,1.034388151,3
31008510,1,0,1,0,0,1,0,1
31008511,2,0,1,0,0.5,0.5,1.16368667,4
31008512,1,0,1,0,1,0,0,1
31008513,2,0,1,0,0.5,0.25,1.16368667,4
31008514,2,0,1,0,0.666666667,0.333333333,1.034388151,3
31008517,2,0.25,0.5,0.5,0.25,0.25,2.084434769,4
31008519,2,0,1,0,0.5,0.25,1.16368667,4
31008520,2,0.375,0.625,0.25,0.25,0.125,2.040941594,8
31008522,2,0.2,0.8,0.2,0.2,0.2,1.599334428,5
31008527,1,0,1,0,0,1,0,1
31008531,1,0.5,0.5,0.5,0,0,1.985528906,2
31008532,2,0.25,0.75,0.25,0.25,0.25,1.836026124,4
31008533,2,0,1,0,0.6,0.2,1.117139204,5
31008535,2,0,1,0,0.666666667,0.333333333,1.034388151,3
31008536,1,0.25,0.25,0.75,0,0.25,1.605971707,4
31008538,2,0.2,0.8,0,0.4,0.2,1.603479624,5
31008539,2,0.125,0.75,0,0.25,0.25,1.366964901,8
31008540,2,0.3,0.5,0.4,0.3,0.1,2.140170442,10
31008541,2,0.222222222,0.777777778,0.111111111,0.333333333,0.111111111,1.704548019,9
31008544,2,0.285714286,0.428571429,0.571428571,0.142857143,0.142857143,2.011230618,7
31008546,2,0.4,0.6,0.4,0.2,0.2,2.122638407,5
31008547,2,0.333333333,0.333333333,0.5,0.166666667,0.166666667,2.054908712,6
31008548,2,0.333333333,0.5,0.5,0,0.333333333,1.911563672,6
31008550,1,0.25,0.25,0.75,0.25,0,1.852270868,4
31008552,2,0.2,0.8,0.2,0.4,0.2,1.794158936,5
31008553,2,0.166666667,0.75,0.166666667,0.25,0.25,1.640577687,12
31008705,2,0.2,0.8,0,0.8,0.2,1.430598117,5
31008706,2,0.25,0.75,0,0.75,0.25,1.640182514,4
31008716,2,0.25,0.75,0,0.5,0.25,1.768894015,4
31008717,1,0,1,0,0.75,0.25,0.872765003,4
31008719,2,0.2,0.8,0,0.8,0.2,1.430598117,5
31008720,1,0,1,0,1,0,0,1
31008721,1,0,1,0,0,1,0,1
31008724,2,0.166666667,0.833333333,0,0.666666667,0.166666667,1.511467596,6
31008730,1,0,1,0,1,0,1.19E-15,3
31008731,1,0,1,0,1,0,0,1
31008734,2,0,1,0,0.75,0.25,0.872765003,4
31008895,2,0,1,0,0.5,0.5,1.16368667,2
31008896,2,0.25,0.75,0.25,0.125,0.125,1.677881313,8
31008897,2,0.125,0.75,0.125,0.375,0.25,1.658594005,8
31008898,2,0.222222222,0.444444444,0.444444444,0.111111111,0.111111111,1.910128319,9
31008899,1,0,1,0,0,1,0,1
31008901,2,0.375,0.625,0.25,0.25,0.125,2.040941594,8
31008902,1,0,0,0.333333333,0.333333333,0,1.45697624,3
31008904,2,0.285714286,0.714285714,0.428571429,0,0.142857143,1.743979969,7
31008905,2,0.25,0.5,0.375,0.125,0.125,1.930665405,8
31008907,2,0,1,0,0.4,0.2,1.117139204,5
31008908,1,0,1,0,0,1,0,1
31008909,1,0,1,0,1,0,1.19E-15,3
31008911,2,0.25,0.666666667,0.333333333,0.166666667,0.166666667,1.881636046,12
31008912,2,0.25,0.625,0.375,0.25,0.125,2.017904555,8
31008913,2,0.166666667,0.833333333,0,0.333333333,0.166666667,1.445315114,6
31008914,2,0.25,0.75,0.125,0.375,0.125,1.81540852,8
31008915,2,0.375,0.625,0.25,0.375,0.125,2.125993949,8
31008916,2,0.444444444,0.444444444,0.444444444,0.222222222,0.111111111,2.181420667,9
31008917,2,0.166666667,0.666666667,0,0.5,0.166666667,1.719418109,6
31008918,2,0.2,0.8,0,0.6,0.2,1.64688687,5
31008919,2,0.333333333,0.666666667,0.25,0.333333333,0.166666667,2.049532923,12
31008920,2,0.142857143,0.857142857,0,0.571428571,0.142857143,1.514930692,7
31008921,2,0.285714286,0.714285714,0.142857143,0.571428571,0.142857143,1.92673449,7
31008922,2,0,1,0,0.5,0.166666667,1.16368667,6
31008923,2,0.285714286,0.714285714,0.142857143,0.571428571,0.142857143,1.92673449,7
31008924,2,0.285714286,0.714285714,0.142857143,0.571428571,0.142857143,1.92673449,7
31008925,2,0,1,0,0.5,0.166666667,1.16368667,6
31008926,2,0,1,0,0.4,0.2,1.117139204,5
31008927,2,0,1,0,0.75,0.25,0.872765003,4
31008928,2,0,1,0,0.6,0.2,1.117139204,5
31008929,2,0.166666667,0.833333333,0,0.666666667,0.166666667,1.511467596,6
31008930,2,0.181818182,0.818181818,0.090909091,0.363636364,0.181818182,1.617473412,11
31008931,2,0.285714286,0.714285714,0.142857143,0.428571429,0.142857143,1.930208394,7
31008932,2,0.333333333,0.666666667,0.222222222,0.444444444,0.111111111,2.073910545,9
31008933,2,0.222222222,0.666666667,0.333333333,0.111111111,0.222222222,1.776246215,9
31008934,2,0,1,0,0.333333333,0.333333333,1.034388151,3
31008935,2,0.3,0.7,0.2,0.3,0.1,1.925921903,10
31008936,2,0.125,0.875,0,0.375,0.25,1.393165839,8
31008937,2,0.142857143,0.857142857,0,0.571428571,0.142857143,1.514930692,7
31008938,2,0.25,0.75,0.166666667,0.25,0.25,1.737143864,12
31008939,2,0.25,0.75,0.125,0.5,0.125,1.859464826,8
31008940,2,0.1,0.8,0.1,0.4,0.3,1.570605018,10
31008941,2,0.5,0.5,0.25,0.5,0.25,2.229602048,4
31008942,2,0.333333333,0.666666667,0.222222222,0.333333333,0.111111111,2.026581194,9
31008943,2,0,1,0,0.5,0.25,1.16368667,4
31008944,2,0.2,0.8,0,0.6,0.2,1.64688687,5
31008945,2,0.2,0.8,0,0.6,0.2,1.64688687,5
31008946,2,0.428571429,0.571428571,0.285714286,0.428571429,0.142857143,2.213949478,7
31008947,2,0.333333333,0.444444444,0.444444444,0.333333333,0.111111111,2.196353318,9
31008948,2,0.363636364,0.636363636,0.272727273,0.181818182,0.272727273,1.977533839,11
31008950,2,0.2,0.8,0,0.6,0.2,1.64688687,5
31008951,2,0.25,0.75,0.125,0.5,0.125,1.859464826,8
31008952,2,0.125,0.875,0,0.375,0.125,1.393165839,8
31008953,2,0.285714286,0.714285714,0.142857143,0.428571429,0.142857143,1.930208394,7
31008954,2,0.25,0.75,0.125,0.5,0.125,1.859464826,8
31008955,2,0.3,0.7,0.2,0.4,0.1,1.991503741,10
31008956,2,0.375,0.625,0.25,0.25,0.125,2.040941594,8
31008957,2,0.285714286,0.714285714,0.142857143,0.428571429,0.142857143,1.930208394,7
31008958,2,0.333333333,0.666666667,0.222222222,0.333333333,0.111111111,2.026581194,9
31008960,2,0,1,0,0.5,0.25,1.16368667,4
31008961,2,0,1,0,0.666666667,0.333333333,1.034388151,3
31008962,2,0,1,0,0.5,0.5,1.16368667,2
31008963,2,0,1,0,0.5,0.5,1.16368667,4
31008964,2,0,1,0,0.5,0.25,1.16368667,4
31008965,2,0,1,0,0.666666667,0.333333333,1.034388151,3
31008966,2,0,1,0,0.5,0.5,1.16368667,2
31008967,2,0,1,0,0.666666667,0.333333333,1.034388151,3
31008968,2,0.25,0.5,0.25,0.375,0.25,2.056159141,8
31008969,1,0.2,0,0.6,0,0,1.424724796,5
31008971,2,0.25,0.625,0.125,0.5,0.25,1.942222197,8
31008972,2,0.222222222,0.777777778,0.111111111,0.333333333,0.222222222,1.704548019,9
31008975,2,0.375,0.625,0.25,0.25,0.125,2.040941594,8
31008976,2,0.2,0.8,0,0.6,0.2,1.64688687,5
31008977,2,0.222222222,0.555555556,0.444444444,0.222222222,0.111111111,2.015786123,9
31008981,2,0.25,0.75,0.25,0.375,0.125,1.931991919,8
31008982,1,0,1,0,1,0,0,1
31008984,1,0.125,0.25,0.5,0.125,0.125,1.694392393,8
31008985,2,0.333333333,0.666666667,0.166666667,0.333333333,0.166666667,1.977559954,6
31008986,2,0.166666667,0.666666667,0.333333333,0.166666667,0.166666667,1.772975176,6
31008988,2,0.222222222,0.666666667,0.222222222,0.444444444,0.111111111,1.96484365,9
31008989,2,0.166666667,0.833333333,0.083333333,0.333333333,0.166666667,1.540067727,12
31008990,2,0.25,0.75,0.125,0.5,0.25,1.859464826,8
31008991,1,0,1,0,0.666666667,0.333333333,1.034388151,3
31008992,2,0.428571429,0.571428571,0.428571429,0.142857143,0.142857143,2.100655608,7
31008994,2,0.2,0.8,0.1,0.3,0.2,1.601315117,10
31008995,1,0,0,0.333333333,0.333333333,0,1.45697624,3
31008996,2,0.142857143,0.571428571,0.428571429,0.142857143,0.142857143,1.821009538,7
31008997,2,0.25,0.75,0.25,0.166666667,0.25,1.735742583,12
31008998,2,0.3,0.7,0.3,0.3,0.1,2.014723392,10
31009001,2,0.166666667,0.833333333,0,0.666666667,0.166666667,1.511467596,6
31009002,2,0,1,0,0.5,0.25,1.16368667,4
31009003,2,0.181818182,0.727272727,0.090909091,0.272727273,0.181818182,1.614131778,11
31009004,2,0.3,0.7,0.2,0.4,0.1,1.991503741,10
31009155,1,0.142857143,0.857142857,0,0.571428571,0.428571429,1.514930692,7
31009156,2,0,1,0,0.6,0.2,1.117139204,5
31009162,1,0,1,0,0.6,0.2,1.117139204,5
31009164,1,0,1,0,1,0,0,1
31009168,1,0,1,0,0.5,0,1.16368667,2
31009169,2,0,1,0.125,0.375,0.25,1.267345043,8
31009173,1,0,1,0,0.666666667,0,1.034388151,3
31009174,2,0,1,0,0.6,0,1.117139204,5
31009175,1,0,1,0,0.333333333,0.666666667,1.034388151,3
31009180,1,0,1,0,1,0,0,1
31009181,1,0,1,0,0.25,0.5,0.872765003,4
31009182,2,0.125,0.875,0.125,0.375,0.125,1.526214808,8
31009183,2,0.142857143,0.857142857,0.142857143,0.428571429,0.142857143,1.618136226,7
31009184,1,0,1,0,0.5,0.5,1.16368667,2
31009354,2,0.222222222,0.777777778,0.222222222,0.222222222,0.222222222,1.706171577,9
31009355,2,0.25,0.75,0.375,0.125,0.125,1.803816958,8
31009356,2,0.25,0.75,0.375,0,0.25,1.630599959,8
31009357,2,0,1,0,0.2,0.2,0.744759469,5
31009359,2,0,1,0,0.428571429,0.142857143,1.139937963,7
31009361,2,0,1,0,0.6,0.2,1.117139204,5
31009366,2,0.5,0.333333333,0.5,0.333333333,0.166666667,2.230394466,6
31009370,2,0.222222222,0.777777778,0.111111111,0.444444444,0.222222222,1.780550744,9
31009371,2,0.3,0.7,0.2,0.3,0.2,1.925921903,10
31009372,2,0,1,0,0.571428571,0.142857143,1.139937963,7
31009373,2,0.166666667,0.833333333,0,0.5,0.166666667,1.580589032,6
31009374,2,0.142857143,0.857142857,0,0.428571429,0.142857143,1.488863899,7
31009375,2,0.125,0.875,0,0.5,0.125,1.477049535,8
31009376,2,0,1,0,0.333333333,0.333333333,1.034388151,3
31009377,2,0.2,0.8,0.1,0.4,0.2,1.698387447,10
31009378,2,0.3,0.7,0.2,0.4,0.1,1.991503741,10
31009379,2,0.125,0.875,0,0.5,0.125,1.477049535,8
31009380,2,0.142857143,0.857142857,0,0.428571429,0.142857143,1.488863899,7
31009381,2,0.222222222,0.777777778,0.111111111,0.444444444,0.222222222,1.780550744,9
31009382,2,0.166666667,0.833333333,0,0.5,0.166666667,1.580589032,6
31009384,2,0.25,0.75,0.166666667,0.333333333,0.166666667,1.824729303,12
31009385,1,0.166666667,0.333333333,0.5,0.166666667,0,1.860972511,6
31009387,1,0,1,0,0,1,0,1
31009388,2,0.125,0.875,0,0.5,0.25,1.477049535,8
31009390,2,0.111111111,0.888888889,0,0.333333333,0.222222222,1.30192317,9
31009393,2,0.142857143,0.857142857,0,0.571428571,0.142857143,1.514930692,7
31009395,2,0.4,0.6,0.3,0.2,0.1,2.061833567,10
31009396,2,0.3,0.5,0.5,0.1,0.1,1.994552848,10
31009398,2,0.222222222,0.777777778,0.222222222,0.333333333,0.111111111,1.833179675,9
31009400,2,0,1,0,0.6,0.2,1.117139204,5
31009401,2,0.25,0.75,0.125,0.5,0.125,1.859464826,8
31009402,2,0.285714286,0.714285714,0.142857143,0.428571429,0.142857143,1.930208394,7
31009403,2,0,1,0,0.75,0.25,0.872765003,4
31009404,2,0.125,0.875,0,0.5,0.125,1.477049535,8
31009405,2,0.166666667,0.833333333,0.166666667,0.333333333,0.166666667,1.638644961,6
31009406,2,0.166666667,0.833333333,0,0.333333333,0.166666667,1.445315114,6
31009407,2,0.166666667,0.833333333,0.166666667,0.166666667,0.166666667,1.408285669,6
31009408,2,0,1,0.166666667,0.166666667,0.166666667,0.980812734,6
31009409,1,0.4,0.6,0.6,0,0.2,1.932043397,5
31009410,2,0.222222222,0.777777778,0.111111111,0.444444444,0.111111111,1.780550744,9
31009411,2,0,1,0,0.4,0.2,1.117139204,5
31009412,2,0,1,0,0.666666667,0.333333333,1.034388151,3
31009413,2,0.166666667,0.833333333,0,0.5,0.166666667,1.580589032,6
31009414,2,0.222222222,0.555555556,0.333333333,0.111111111,0.222222222,1.841044774,9
31009415,2,0.166666667,0.833333333,0.166666667,0.333333333,0.166666667,1.638644961,6
31009419,2,0.333333333,0.666666667,0.333333333,0.166666667,0.166666667,1.972909789,6
31009420,2,0.2,0.6,0.2,0.2,0.2,1.781589845,5
31009421,2,0.25,0.625,0.375,0.125,0.375,1.887072636,8
31009422,2,0,1,0,0.4,0.2,1.117139204,5
31009423,1,0.25,0,0.75,0,0,1.390874819,4
31009424,2,0,1,0,0.666666667,0.333333333,1.034388151,3
31009425,2,0.272727273,0.636363636,0.181818182,0.272727273,0.090909091,1.900068458,11
31009426,2,0.2,0.8,0.2,0.3,0.1,1.723007589,10
31009427,2,0.222222222,0.777777778,0.222222222,0.111111111,0.222222222,1.551704635,9
31009428,2,0.2,0.8,0.2,0.3,0.1,1.723007589,10
31009433,2,0.111111111,0.888888889,0,0.444444444,0.111111111,1.420539431,9
31009434,1,0.333333333,0,0.666666667,0,0,1.592190103,3
31009435,2,0.222222222,0.555555556,0.444444444,0.222222222,0.222222222,2.015786123,9
31009436,2,0.272727273,0.727272727,0.181818182,0.363636364,0.090909091,1.907310583,11
31009438,2,0.3,0.6,0.2,0.3,0.2,1.98920207,10
31009439,2,0.166666667,0.833333333,0,0.5,0.166666667,1.580589032,6
31009440,2,0.222222222,0.555555556,0.444444444,0.111111111,0.111111111,1.900222888,9
31009441,2,0.142857143,0.571428571,0.428571429,0.142857143,0.142857143,1.821009538,7
31009442,2,0.375,0.625,0.375,0.125,0.125,2.011092082,8
31009443,2,0.166666667,0.833333333,0.166666667,0.166666667,0.166666667,1.408285669,6
31009444,2,0.166666667,0.666666667,0.333333333,0.166666667,0.166666667,1.772975176,6
31009445,2,0.333333333,0.666666667,0.333333333,0.166666667,0.166666667,1.972909789,6
31009448,2,0.222222222,0.666666667,0.444444444,0.111111111,0.111111111,1.850448043,9
31009449,2,0.3,0.5,0.4,0.2,0.2,2.058701179,10
31009450,2,0.2,0.8,0.2,0.2,0.2,1.599334428,5
31009452,2,0.2,0.7,0.2,0.3,0.1,1.824483403,10
31009453,2,0.125,0.75,0.125,0.125,0.125,1.331812063,8
31009454,2,0,1,0,0.5,0.25,1.16368667,4
31009610,1,0,1,0,0,1,0,1
31009614,2,0.166666667,0.833333333,0,0.666666667,0.166666667,1.511467596,6
31009615,2,0,1,0,0.4,0.2,1.117139204,5
31009617,2,0.166666667,0.833333333,0,0.5,0.333333333,1.580589032,6
31009620,2,0,1,0,0.375,0.25,1.090956253,8
31009623,1,0,1,0,0.666666667,0.333333333,1.034388151,3
31009629,1,0,1,0,0,0,0,1
31009631,1,0,1,0,1,0,0,1
31009632,2,0.25,0.75,0.125,0.5,0.25,1.859464826,8
31009797,1,0.222222222,0.444444444,0.444444444,0.111111111,0.222222222,1.910128319,9
31009812,2,0.4,0.4,0.4,0.2,0.2,2.131150691,5
31009813,2,0.181818182,0.818181818,0.090909091,0.363636364,0.090909091,1.617473412,11
31009814,2,0.25,0.75,0.125,0.5,0.125,1.859464826,8
31009815,2,0.333333333,0.666666667,0.222222222,0.333333333,0.111111111,2.026581194,9
31009822,1,0.25,0,0.5,0.25,0,1.825484053,4
31009823,2,0.272727273,0.727272727,0.181818182,0.363636364,0.181818182,1.907310583,11
31009824,2,0.25,0.75,0.125,0.375,0.125,1.81540852,8
31009825,2,0.222222222,0.555555556,0.444444444,0.111111111,0.111111111,1.900222888,9
31009827,1,0,1,0,0.333333333,0.333333333,1.034388151,3
31009828,2,0.25,0.75,0.125,0.5,0.125,1.859464826,8
31009829,2,0.25,0.75,0.125,0.375,0.125,1.81540852,8
31009830,2,0.142857143,0.857142857,0,0.428571429,0.142857143,1.488863899,7
31009831,2,0,1,0,0.5,0.166666667,1.16368667,6
31009832,2,0.125,0.875,0.125,0.375,0.125,1.526214808,8
31009833,2,0.142857143,0.857142857,0,0.428571429,0.142857143,1.488863899,7
31009834,2,0,1,0,0.5,0.166666667,1.16368667,6
31009835,2,0.142857143,0.857142857,0,0.428571429,0.142857143,1.488863899,7
31009836,2,0.375,0.5,0.375,0.25,0.125,2.151869574,8
31009837,2,0,1,0,0.5,0.125,1.16368667,8
31009838,2,0,1,0,0.333333333,0.222222222,1.034388151,9
31009839,2,0.333333333,0.555555556,0.333333333,0.222222222,0.222222222,2.065937566,9
31009840,2,0.142857143,0.857142857,0,0.428571429,0.285714286,1.488863899,7
31009841,2,0,1,0,0.25,0.25,0.872765003,4
31009842,2,0.166666667,0.5,0.5,0.166666667,0.166666667,1.906794255,6
31009843,2,0,1,0,0.5,0.25,1.16368667,4
31009844,2,0.285714286,0.714285714,0.285714286,0.142857143,0.142857143,1.819421321,7
31009845,2,0.222222222,0.777777778,0.111111111,0.444444444,0.111111111,1.780550744,9
31009846,2,0.142857143,0.857142857,0.142857143,0.142857143,0.285714286,1.254525523,7
31009847,2,0.166666667,0.833333333,0,0.333333333,0.166666667,1.445315114,6
31009848,2,0.142857143,0.857142857,0,0.428571429,0.142857143,1.488863899,7
31009850,2,0.166666667,0.833333333,0.166666667,0.666666667,0.166666667,1.681444386,6
31009851,2,0.142857143,0.857142857,0.142857143,0.571428571,0.142857143,1.671194896,7
31009853,2,0.25,0.75,0,0.75,0.25,1.640182514,4
31009854,2,0.125,0.875,0.25,0.375,0.125,1.680380201,8
31009855,2,0,1,0.2,0.6,0.2,1.345881203,5
31009856,2,0.142857143,0.857142857,0,0.571428571,0.142857143,1.514930692,7
31009857,2,0.142857143,0.857142857,0.142857143,0.428571429,0.142857143,1.663987781,7
31009858,2,0.142857143,0.857142857,0.142857143,0.285714286,0.142857143,1.512183881,7
31009859,2,0.3,0.7,0.3,0.3,0.1,2.014723392,10
31009860,2,0.25,0.75,0.25,0.25,0.125,1.830745779,8
31009861,2,0.285714286,0.714285714,0.285714286,0.285714286,0.142857143,1.966360107,7
31009863,2,0.333333333,0.666666667,0.166666667,0.5,0.166666667,2.039336905,6
31009864,2,0.166666667,0.833333333,0,0.333333333,0.333333333,1.445315114,6
31009865,2,0.25,0.75,0.25,0.25,0.125,1.830745779,8
31009869,2,0.428571429,0.571428571,0.285714286,0.285714286,0.142857143,2.149485045,7
31009870,2,0.285714286,0.714285714,0.142857143,0.285714286,0.142857143,1.82561029,7
31009871,2,0.428571429,0.571428571,0.285714286,0.285714286,0.142857143,2.149485045,7
31009872,2,0.222222222,0.666666667,0.222222222,0.333333333,0.111111111,1.908225951,9
31009874,2,0.333333333,0.555555556,0.222222222,0.222222222,0.111111111,1.988063637,9
31009875,2,0.2,0.4,0.6,0.2,0.2,1.942496178,5
31009877,2,0.5,0.5,0.333333333,0.333333333,0.166666667,2.233311517,6
31009878,1,0,1,0,0.666666667,0.333333333,1.034388151,3
31009880,2,0.5,0.5,0.25,0.5,0.25,2.229602048,4
31009881,2,0.4,0.6,0.4,0.2,0.2,2.122638407,5
31009888,2,0.272727273,0.636363636,0.272727273,0.363636364,0.090909091,2.042726398,11
31009890,1,0.5,0,0.5,0,0,1.724837132,2
31009891,2,0.25,0.625,0.25,0.25,0.125,1.913472579,8
31009892,1,0.2,0,0.6,0.2,0,1.677059427,5
31009893,2,0.272727273,0.636363636,0.272727273,0.272727273,0.181818182,1.976920132,11
31009894,2,0.4,0.6,0.3,0.2,0.1,2.061833567,10
31009895,2,0.375,0.375,0.625,0.125,0.125,2.031011739,8
31009896,2,0.166666667,0.833333333,0.083333333,0.416666667,0.25,1.614252173,12
31009897,2,0.333333333,0.5,0.5,0.166666667,0.166666667,2.090122531,6
31009899,2,0.333333333,0.5,0.333333333,0.333333333,0.166666667,2.159856872,6
31009900,2,0.25,0.75,0,0.5,0.25,1.768894015,4
31010055,1,0,1,0,0.666666667,0,1.034388151,3
31010066,1,0,1,0,0,0,0,1
31010067,1,0,1,0,0,0,0,1
31010074,2,0.2,0.6,0.2,0.4,0.2,1.943899084,10
31010080,1,0,1,0,0.666666667,0.333333333,1.034388151,3
31010245,2,0.375,0.375,0.375,0.375,0.125,2.213791079,8
31010246,2,0.25,0.625,0.375,0.25,0.125,2.017904555,8
31010247,2,0.25,0.75,0,0.25,0.25,1.531179597,4
31010248,1,0,0,1,0,0,0,1
31010249,1,0.166666667,0.166666667,0.5,0.166666667,0.166666667,1.776764369,6
31010250,2,0.2,0.5,0.4,0.2,0.2,1.961913809,10
31010251,2,0.2,0.4,0.4,0.1,0.1,1.843990009,10
31010252,2,0.125,0.5,0.375,0.25,0.125,1.898719652,8
31010253,2,0.222222222,0.666666667,0.333333333,0.222222222,0.222222222,1.909345647,9
31010254,2,0.3,0.5,0.5,0.2,0.1,2.092464117,10
31010255,2,0.090909091,0.727272727,0.272727273,0.363636364,0.181818182,1.767332435,11
31010256,2,0.25,0.625,0.25,0,0.125,1.613104509,8
31010257,2,0.222222222,0.777777778,0.222222222,0.333333333,0.222222222,1.824882034,9
31010258,1,0.142857143,0.285714286,0.428571429,0.142857143,0.142857143,1.76092739,7
31010259,2,0.333333333,0.5,0.333333333,0.333333333,0.166666667,2.159856872,6
31010261,2,0.166666667,0.666666667,0.333333333,0.166666667,0.166666667,1.772975176,6
31010262,2,0.333333333,0.5,0.333333333,0.5,0.166666667,2.204201285,6
31010263,2,0.285714286,0.571428571,0.428571429,0.142857143,0.142857143,1.997093958,7
31010264,2,0.25,0.625,0.375,0.25,0.125,2.017904555,8
31010265,2,0,1,0,0.5,0.25,1.16368667,4
31010267,2,0.111111111,0.555555556,0.333333333,0.333333333,0.111111111,1.91291412,9
31010268,2,0.125,0.375,0.375,0.125,0.125,1.743397812,8
31010269,2,0,1,0,0.4,0.4,1.117139204,5
31010270,2,0.111111111,0.888888889,0.111111111,0.333333333,0.222222222,1.435090439,9
31010271,2,0.142857143,0.714285714,0.142857143,0.142857143,0.285714286,1.459820596,7
31010272,2,0,0.857142857,0.142857143,0.285714286,0.142857143,1.3039813,7
31010273,1,0,0.857142857,0.142857143,0.285714286,0.285714286,1.3039813,7
31010274,1,0,0.75,0,0.5,0,1.417232417,4
31010275,2,0.142857143,0.571428571,0.285714286,0.142857143,0.142857143,1.72932497,7
31010276,2,0.25,0.75,0.166666667,0.333333333,0.25,1.824729303,12
31010277,2,0.2,0.4,0.4,0.4,0.1,2.085893754,10
31010278,1,0,1,0,1,0,2.24E-16,2
31010279,2,0.142857143,0.857142857,0,0.571428571,0.285714286,1.514930692,7
31010280,2,0,1,0,0.5,0.25,1.16368667,4
31010281,2,0.2,0.8,0,0.8,0.2,1.430598117,5
31010282,2,0.2,0.8,0,0.6,0.2,1.64688687,5
31010283,2,0.125,0.875,0,0.5,0.25,1.477049535,8
31010284,2,0.333333333,0.666666667,0.166666667,0.333333333,0.333333333,1.977559954,6
31010285,2,0.181818182,0.818181818,0.090909091,0.454545455,0.181818182,1.674332052,11
31010286,1,0.1,0.3,0.4,0.2,0.1,1.75411126,10
31010287,2,0.6,0.2,0.6,0.2,0.2,2.026184206,5
31010288,1,0,1,0,1,0,2.24E-16,2
31010289,2,0.3,0.3,0.4,0.4,0.1,2.154873624,10
31010290,1,0.333333333,0,0.666666667,0,0,1.592190103,3
31010293,2,0.333333333,0.666666667,0.166666667,0.5,0.166666667,2.039336905,6
31010295,2,0.25,0.5,0.25,0.25,0.125,1.968224614,8
31010296,2,0.25,0.75,0.125,0.375,0.125,1.81540852,8
31010297,2,0.2,0.8,0.1,0.4,0.1,1.698387447,10
31010298,2,0.307692308,0.538461538,0.384615385,0.307692308,0.153846154,2.142294711,13
31010299,2,0.166666667,0.833333333,0,0.333333333,0.166666667,1.445315114,6
31010300,2,0.375,0.625,0.25,0.25,0.125,2.040941594,8
31010301,1,0,1,0,1,0,1.19E-15,3
31010302,1,0,1,0,1,0,2.24E-16,2
31010303,1,0,1,0,0.25,0.25,0.872765003,4
31010304,2,0.125,0.875,0,0.5,0.25,1.477049535,8
31010305,2,0.428571429,0.285714286,0.428571429,0.285714286,0.142857143,2.172927973,7
31010306,2,0.375,0.625,0.25,0.25,0.125,2.040941594,8
31010307,2,0.222222222,0.555555556,0.333333333,0.222222222,0.222222222,1.947901071,9
31010308,1,0,1,0,1,0,2.24E-16,2
31010309,2,0.142857143,0.857142857,0,0.285714286,0.285714286,1.307158366,7
31010310,2,0.2,0.8,0,0.2,0.2,1.306606589,5
31010311,2,0.333333333,0.666666667,0.166666667,0.5,0.333333333,2.039336905,6
31010312,2,0.222222222,0.777777778,0.111111111,0.444444444,0.222222222,1.780550744,9
31010313,2,0.2,0.8,0,0.6,0.4,1.64688687,5
31010314,2,0.222222222,0.555555556,0.444444444,0.222222222,0.111111111,2.015786123,9
31010315,1,0,1,0,1,0,0,1
31010316,2,0.285714286,0.714285714,0.142857143,0.285714286,0.142857143,1.82561029,7
31010317,2,0.166666667,0.833333333,0,0.5,0.166666667,1.580589032,6
31010318,1,0.666666667,0.333333333,0.666666667,0,0.333333333,1.764914583,3
31010319,2,0,1,0,0.333333333,0.166666667,1.034388151,6
31010320,2,0.2,0.6,0.3,0.3,0.1,1.955531346,10
31010321,2,0.2,0.6,0.3,0.3,0.1,1.965634789,10
31010322,2,0,1,0,0.333333333,0.333333333,1.034388151,3
31010323,1,0.25,0.25,0.5,0,0.25,1.749568438,4
31010324,2,0.142857143,0.571428571,0.285714286,0.285714286,0.142857143,1.883652195,7
31010325,2,0.111111111,0.888888889,0.222222222,0.333333333,0.111111111,1.586532796,9
31010327,1,0,1,0,1,0,2.24E-16,2
31010328,2,0,1,0,0.6,0.2,1.117139204,5
31010329,2,0,1,0,0.5,0.25,1.16368667,4
31010330,1,0.2,0.8,0.2,0.4,0.2,1.794158936,5
31010331,2,0.2,0.8,0.2,0.6,0.2,1.749556733,5
31010332,2,0.125,0.875,0.125,0.375,0.25,1.526214808,8
31010333,2,0.166666667,0.833333333,0.166666667,0.5,0.166666667,1.70025286,6
31010334,2,0.142857143,0.857142857,0.142857143,0.428571429,0.142857143,1.618136226,7
31010335,2,0.4,0.6,0.4,0.4,0.2,2.237432379,5
31010336,2,0.5,0.5,0.333333333,0.5,0.166666667,2.268875466,6
31010337,2,0.222222222,0.666666667,0.333333333,0.111111111,0.222222222,1.789099982,9
31010339,2,0.125,0.75,0.125,0.25,0.25,1.535340489,8
31010340,2,0.25,0.5,0.25,0.25,0.25,1.968224614,4
31010341,1,0,1,0,0.5,0.5,1.16368667,2
31010342,1,1,0,1,0,0,0,1
31010347,2,0.25,0.75,0,0.5,0.25,1.768894015,4
31010348,1,0,1,0,0.666666667,0.333333333,1.034388151,3
31010349,1,0,1,0,0.666666667,0,1.034388151,3
31010350,2,0,1,0,0.6,0.2,1.117139204,5
31010351,2,0,1,0,0.6,0.2,1.117139204,5
31010352,1,0,1,0,1,0,0,1
31010353,2,0,1,0,0.5,0.25,1.16368667,4
31010354,2,0,1,0,0.5,0.25,1.16368667,4
31010523,2,0.285714286,0.714285714,0.285714286,0.428571429,0.285714286,2.039896699,7
31010525,1,0,1,0,0.333333333,0,1.034388151,3
31010527,2,0.272727273,0.636363636,0.272727273,0.363636364,0.090909091,2.042726398,11
31010530,2,0.1,0.9,0.1,0.3,0.2,1.349152982,10
31010532,1,0.5,0.5,0.5,0,0.5,1.985528906,2
31010533,2,0,1,0,0.75,0.25,0.872765003,4
31010534,1,0,1,0,0.5,0.5,1.16368667,2
31010695,2,0.2,0.6,0.3,0.3,0.1,1.965634789,10
31010697,2,0.222222222,0.777777778,0.111111111,0.444444444,0.111111111,1.780550744,9
31010698,2,0.272727273,0.454545455,0.454545455,0.181818182,0.090909091,2.043527223,11
31010700,2,0.111111111,0.666666667,0.222222222,0.222222222,0.111111111,1.665755051,9
31010701,2,0.307692308,0.615384615,0.307692308,0.307692308,0.153846154,2.077075607,13
31010702,2,0.214285714,0.571428571,0.285714286,0.285714286,0.142857143,1.966106424,14
31010704,1,0.4,0.2,0.4,0.4,0,2.165718871,5
31010705,2,0.1,0.7,0.2,0.3,0.1,1.688151025,10
31010707,2,0.2,0.6,0.2,0.4,0.2,1.943899084,10
31010708,2,0,0.8,0,0.6,0.2,1.317320717,5
31010709,1,0,0,0,0,0,0,1
31010710,2,0.25,0.5,0.416666667,0.166666667,0.083333333,1.994376044,12
31010711,2,0.181818182,0.727272727,0.090909091,0.363636364,0.181818182,1.710818761,11
31010712,1,0,0.75,0,0.75,0,1.142717625,4
31010713,2,0.166666667,0.833333333,0,0.5,0.333333333,1.580589032,6
31010714,2,0.125,0.75,0.125,0.375,0.125,1.661901349,8
31010715,2,0.111111111,0.888888889,0.111111111,0.333333333,0.222222222,1.435090439,9
31010716,2,0,0.857142857,0,0.428571429,0.285714286,1.306518061,7
31010717,1,0,1,0,0.333333333,0.333333333,1.034388151,3
31010718,2,0.111111111,0.777777778,0.111111111,0.333333333,0.111111111,1.568861898,9
31010719,1,0,1,0,1,0,1.19E-15,3
31010720,2,0,0.875,0,0.375,0.25,1.247803969,8
31010722,2,0.272727273,0.545454545,0.272727273,0.272727273,0.090909091,2.018440674,11
31010723,1,0,0.75,0,0.75,0,1.142717625,4
31010724,2,0.111111111,0.888888889,0.111111111,0.333333333,0.222222222,1.435090439,9
31010725,1,0,1,0,0.666666667,0,1.034388151,3
31010726,1,0,1,0,1,0,1.45E-15,2
31010727,1,0,1,0,1,0,1.19E-15,3
31010728,2,0,1,0,0.75,0.25,0.872765003,4
31010729,1,0,1,0,1,0,0,1
31010730,2,0.25,0.75,0.125,0.5,0.125,1.859464826,8
31010731,2,0,1,0,0.75,0.25,0.872765003,4
31010734,2,0,1,0,0.75,0.25,0.872765003,4
31010736,1,0,1,0,0.75,0,0.872765003,4
31010737,2,0.166666667,0.666666667,0.166666667,0.5,0.166666667,1.838156695,6
31010738,1,0,1,0,0.75,0.25,0.872765003,4
31010739,2,0.2,0.7,0.2,0.4,0.1,1.881703844,10
31010740,1,0,1,0,1,0,1.31E-15,2
31010742,2,0.166666667,0.583333333,0.333333333,0.25,0.083333333,1.912628614,12
31010744,2,0.428571429,0.428571429,0.428571429,0.428571429,0.142857143,2.275333983,7
31010748,2,0.2,0.8,0.2,0.4,0.2,1.794158936,5
31010749,2,0,1,0,0.4,0.4,1.117139204,5
31010750,2,0.333333333,0.444444444,0.444444444,0.222222222,0.222222222,2.119875606,9
31010753,2,0.285714286,0.714285714,0.285714286,0.428571429,0.285714286,2.039896699,7
31010755,1,0,1,0,1,0,0,1
31010756,2,0.333333333,0.5,0.5,0.166666667,0.166666667,2.090122531,6
31010757,2,0.2,0.7,0.3,0.3,0.2,1.905150157,10
31010758,1,0,0,1,0,0,0,1
31010763,1,0.333333333,0.666666667,0,0.666666667,0.333333333,1.880323943,3
31010764,2,0,0.875,0,0.375,0.125,1.247803969,8
31010765,2,0.166666667,0.833333333,0.166666667,0.333333333,0.166666667,1.638644961,6
31010768,2,0.25,0.75,0.25,0.5,0.25,1.946607909,4
31010771,2,0.25,0.75,0.125,0.375,0.125,1.81540852,8
31010772,1,0,1,0,1,0,2.24E-16,2
31010774,2,0.3,0.6,0.2,0.4,0.2,2.048045336,10
31010775,2,0.166666667,0.666666667,0.166666667,0.5,0.166666667,1.838156695,6
31010777,2,0,1,0,0.428571429,0.285714286,1.139937963,7
31010778,2,0.25,0.75,0,0.75,0.25,1.640182514,4
31010781,2,0.3,0.7,0.3,0.3,0.1,2.014723392,10
31010782,2,0.285714286,0.714285714,0.285714286,0.428571429,0.142857143,2.039896699,7
31010784,2,0.25,0.75,0.25,0.25,0.166666667,1.832505894,12
31010788,1,0,1,0,0,1,0,1
31010790,2,0.2,0.6,0.4,0.4,0.2,2.069805296,5
31010795,1,0.666666667,0.333333333,0.666666667,0,0,1.764914583,3
31010800,2,0,1,0,0.666666667,0.333333333,1.034388151,3
31010801,2,0,1,0,0.5,0.25,1.16368667,4
31010802,1,0,1,0,0.5,0.5,1.16368667,2
31010803,2,0.111111111,0.888888889,0,0.444444444,0.222222222,1.420539431,9
31010804,1,0.333333333,0,0.666666667,0,0,1.592190103,3
31010963,1,0,1,0,0.5,0.5,1.16368667,2
31010964,2,0.142857143,0.857142857,0,0.571428571,0.285714286,1.514930692,7
31010974,2,0.125,0.875,0,0.375,0.375,1.393165839,8
31010975,1,0,1,0,1,0,0,1
31010977,2,0,1,0,0.4,0.2,1.117139204,5
31010979,2,0,1,0,0.75,0.25,0.872765003,4
31010984,2,0.25,0.75,0.125,0.5,0.125,1.859464826,8
31011152,2,0,1,0,0.166666667,0.333333333,0.646492595,6
31011156,2,0.222222222,0.555555556,0.333333333,0.222222222,0.111111111,1.964583647,9
31011160,2,0.125,0.75,0.125,0.125,0.25,1.331812063,8
31011161,2,0.181818182,0.545454545,0.272727273,0.090909091,0.181818182,1.71352576,11
31011165,2,0.2,0.6,0.3,0.1,0.1,1.749818727,10
31011167,1,0,0.8,0,0.2,0,1.074469215,5
31011168,2,0,0.833333333,0,0.333333333,0,1.251965612,6
31011169,1,0,0.666666667,0,0.333333333,0,1.407933886,3
31011170,1,0,0.6,0.2,0.4,0.2,1.687662594,5
31011171,2,0.125,0.875,0.125,0.375,0.25,1.526214808,8
31011172,2,0.166666667,0.666666667,0.25,0.25,0.166666667,1.800026626,12
31011173,2,0,0.833333333,0,0.5,0.166666667,1.342523473,6
31011174,2,0,1,0,0.25,0.25,0.872765003,4
31011175,2,0,0.8,0,0.6,0.2,1.317320717,5
31011177,2,0.125,0.625,0.25,0.125,0.125,1.613812732,8
31011178,1,0.125,0.75,0.125,0.25,0.25,1.535340489,8
31011180,1,0.25,0,0.5,0.25,0,1.825484053,4
31011181,2,0,0.8,0,0.6,0.2,1.317320717,5
31011182,2,0.285714286,0.714285714,0.142857143,0.285714286,0.285714286,1.82561029,7
31011184,2,0,0.8,0,0.4,0.2,1.350244541,5
31011185,2,0.142857143,0.857142857,0,0.571428571,0.285714286,1.514930692,7
31011186,2,0.272727273,0.636363636,0.181818182,0.363636364,0.090909091,1.970849361,11
31011188,2,0,1,0,0.75,0.25,0.872765003,4
31011189,2,0.111111111,0.777777778,0.111111111,0.333333333,0.222222222,1.568861898,9
31011190,1,0,1,0,1,0,2.24E-16,2
31011191,2,0.142857143,0.857142857,0,0.571428571,0.142857143,1.514930692,7
31011192,1,0,1,0,1,0,0,1
31011193,2,0,0.833333333,0.166666667,0.333333333,0.166666667,1.420847579,6
31011195,1,0,1,0,0.5,0.5,1.16368667,2
31011196,2,0.181818182,0.454545455,0.272727273,0.272727273,0.181818182,1.928223266,11
31011197,2,0,0.8,0.2,0.2,0.2,1.308261732,5
31011198,2,0,1,0,0.4,0.2,1.117139204,5
31011199,1,0,0.666666667,0,0.333333333,0.333333333,1.407933886,3
31011200,1,0,0.75,0,0.25,0.25,1.230733954,4
31011201,2,0.285714286,0.571428571,0.285714286,0.285714286,0.142857143,2.039200224,7
31011202,2,0,1,0,0.6,0.2,1.117139204,5
31011203,2,0.222222222,0.777777778,0.111111111,0.333333333,0.222222222,1.704548019,9
31011205,2,0.363636364,0.636363636,0.272727273,0.272727273,0.181818182,2.06456069,11
31011206,2,0,0.8,0.2,0.2,0.2,1.308261732,5
31011207,2,0.142857143,0.714285714,0.142857143,0.428571429,0.142857143,1.767239557,7
31011208,2,0.2,0.8,0.2,0.2,0.2,1.599334428,5
31011209,2,0,0.875,0,0.25,0.25,1.062579167,8
31011210,2,0.25,0.625,0.375,0.125,0.125,1.887072636,8
31011211,2,0.428571429,0.428571429,0.571428571,0.142857143,0,2.103265883,7
31011213,2,0.4,0.6,0.2,0.4,0.2,2.12773844,5
31011214,2,0.142857143,0.857142857,0,0.285714286,0.285714286,1.307158366,7
31011215,1,0.5,0.5,0,1,0,1.677454266,2
31011216,2,0.166666667,0.833333333,0,0.5,0.166666667,1.580589032,6
31011217,1,0,1,0,1,0,2.24E-16,2
31011220,2,0.142857143,0.714285714,0,0.428571429,0.142857143,1.630183789,7
31011222,2,0.166666667,0.833333333,0.166666667,0.5,0.166666667,1.765842354,6
31011223,2,0.125,0.875,0,0.5,0.125,1.477049535,8
31011224,2,0.125,0.75,0.125,0.5,0.125,1.714582325,8
31011225,2,0.285714286,0.714285714,0.142857143,0.571428571,0.142857143,1.92673449,7
31011226,2,0,1,0,0.6,0.2,1.117139204,5
31011228,2,0.166666667,0.833333333,0,0.5,0.166666667,1.580589032,6
31011230,1,0.333333333,0.666666667,0,1,0,1.491070458,3
31011231,2,0.153846154,0.769230769,0.153846154,0.230769231,0.153846154,1.560448746,13
31011232,2,0.222222222,0.555555556,0.333333333,0.111111111,0.111111111,1.841044774,9
31011233,2,0.142857143,0.857142857,0.142857143,0.428571429,0.142857143,1.618136226,7
31011235,2,0.333333333,0.666666667,0.222222222,0.333333333,0.222222222,2.026581194,9
31011236,1,0,0.666666667,0.333333333,0.333333333,0.333333333,1.715266654,3
31011237,2,0.166666667,0.583333333,0.333333333,0.083333333,0.166666667,1.717878318,12
31011239,2,0.181818182,0.818181818,0.090909091,0.363636364,0.090909091,1.617473412,11
31011241,1,0,1,0,0,0,0,1
31011242,2,0.25,0.75,0.25,0.5,0.25,1.946607909,4
31011243,1,0,1,0,1,0,1.31E-15,2
31011244,1,0,1,0,0.5,0,1.16368667,2
31011245,1,0,1,0,0.666666667,0.333333333,1.034388151,3
31011246,2,0,1,0,0.75,0.25,0.872765003,4
31011247,2,0.166666667,0.833333333,0.083333333,0.333333333,0.25,1.540067727,12
31011248,2,0.1,0.9,0.1,0.3,0.3,1.349152982,10
31011249,1,0,1,0,1,0,2.24E-16,2
31011250,1,0,1,0,1,0,2.24E-16,2
31011251,1,0,1,0,0.666666667,0.333333333,1.034388151,3
31011252,1,0,1,0,0.666666667,0.333333333,1.034388151,3
31011253,1,0,1,0,1,0,2.24E-16,2
31011254,1,0,1,0,0.666666667,0.333333333,1.034388151,3
31011413,1,0,1,0,0.333333333,0.666666667,1.034388151,3
31011416,1,0,1,0,1,0,0,1
31011423,2,0.25,0.75,0.25,0.375,0.25,1.931991919,8
31011425,1,0,1,0,1,0,0,1
31011428,1,0.25,0.75,0,0.75,0.25,1.640182514,4
31011430,1,0,1,0,0.5,0.5,1.16368667,2
31011595,1,0,0.75,0.25,0.25,0.5,1.498786727,4
31011596,1,0.333333333,0.333333333,0.666666667,0,0.333333333,1.836265256,3
31011597,1,0,0.8,0.2,0.2,0.2,1.308261732,5
31011599,2,0,1,0,0.4,0.4,1.117139204,5
31011600,1,0,1,0,0.5,0.5,1.16368667,2
31011602,2,0.142857143,0.571428571,0.285714286,0,0.285714286,1.52827604,7
31011603,2,0.166666667,0.666666667,0.166666667,0.166666667,0.166666667,1.609437264,6
31011605,2,0.285714286,0.428571429,0.428571429,0.142857143,0.142857143,2.008879107,7
31011606,1,0,0.333333333,0.666666667,0,0.333333333,1.286813387,3
31011607,1,0,0.6,0.2,0,0.2,1.201242302,5
31011609,1,0,0.5,0.25,0.25,0.25,1.638457295,4
31011611,2,0,0.714285714,0.142857143,0.142857143,0.142857143,1.253467441,7
31011612,2,0.4,0.4,0.6,0.2,0.2,2.126525263,5
31011613,1,0.25,0.25,0.5,0,0.25,1.749568438,4
31011615,1,0.5,0.25,0.5,0,0.25,1.912591947,4
31011616,2,0.125,0.75,0.125,0.25,0.125,1.535340489,8
31011617,1,0,0.666666667,0,0,0.333333333,0.874217547,3
31011618,1,0,0,0.333333333,0.333333333,0,1.45697624,3
31011619,1,0,1,0,1,0,2.24E-16,2
31011620,1,0.25,0.75,0.25,0.25,0.25,1.836026124,4
31011621,2,0.166666667,0.666666667,0.25,0.166666667,0.166666667,1.69883937,12
31011622,1,0,0.4,0.4,0,0.2,1.412564731,5
31011623,1,0,1,0,0.25,0.5,0.872765003,4
31011624,2,0.125,0.75,0.125,0.25,0.125,1.535340489,8
31011625,1,0,0.333333333,0.333333333,0,0.333333333,1.33874759,3
31011627,1,0,0.666666667,0.166666667,0.333333333,0.166666667,1.582324439,6
31011629,1,0.4,0.4,0.6,0.2,0,2.126525263,5
31011630,1,0,1,0,1,0,0,1
31011631,1,0,1,0,1,0,2.24E-16,2
31011632,1,0,0.666666667,0.333333333,0.333333333,0,1.715266654,3
31011633,1,0,1,0,1,0,0,1
31011634,1,0,1,0,1,0,0,1
31011635,2,0,0.6,0.2,0.4,0.2,1.687662594,5
31011636,1,0,1,0,1,0,0,1
31011637,2,0.2,0.8,0.2,0.6,0.2,1.749556733,5
31011638,2,0.285714286,0.428571429,0.428571429,0.285714286,0.142857143,2.129558302,7
31011639,2,0.2,0.6,0.2,0.2,0.3,1.765863183,10
31011640,1,0,1,0,1,0,0,1
31011641,1,0.25,0.75,0.25,0.5,0.25,1.946607909,4
31011643,1,0,0.75,0,0.5,0.25,1.417232417,4
31011644,1,0,1,0,1,0,2.24E-16,2
31011645,1,0.666666667,0.333333333,0.666666667,0.333333333,0,2.045698495,3
31011646,2,0.333333333,0.666666667,0.333333333,0.333333333,0.166666667,2.110824181,6
31011647,2,0.333333333,0.666666667,0.333333333,0.333333333,0.166666667,2.110824181,6
31011648,1,0,1,0,0.5,0.5,1.16368667,2
31011649,2,0,1,0,0.5,0.25,1.16368667,4
31011650,2,0.2,0.8,0.2,0.6,0.2,1.749556733,5
31011651,2,0,1,0,0.333333333,0.333333333,1.034388151,3
31011652,2,0.25,0.5,0.5,0.25,0.25,2.084434769,4
31011653,1,0,1,0,1,0,0,1
31011654,2,0.2,0.4,0.4,0.2,0.2,1.949552902,5
31011655,1,0,1,0,0.5,0.5,1.16368667,2
31011656,1,0.142857143,0.571428571,0.285714286,0.142857143,0.285714286,1.72932497,7
31011657,1,0,1,0,1,0,0,1
31011658,1,0.2,0.6,0.4,0.2,0.2,1.936468792,5
31011659,2,0.166666667,0.833333333,0.166666667,0.333333333,0.166666667,1.638644961,6
31011660,2,0.2,0.7,0.2,0.3,0.2,1.819170996,10
31011661,2,0.166666667,0.833333333,0.166666667,0.166666667,0.333333333,1.408285669,6
31011662,1,0,1,0,1,0,1.31E-15,2
31011663,2,0.25,0.75,0.125,0.375,0.125,1.81540852,8
31011664,2,0.333333333,0.666666667,0.166666667,0.333333333,0.333333333,1.977559954,6
31011665,2,0.2,0.8,0.2,0.2,0.2,1.599334428,5
31011666,1,0,1,0,0.5,0.5,1.16368667,2
31011667,2,0.166666667,0.833333333,0.166666667,0.5,0.333333333,1.70025286,6
31011668,1,0,1,0,0,0,0,1
31011670,2,0.285714286,0.571428571,0.285714286,0.285714286,0.142857143,2.039200224,7
31011671,2,0,1,0,0.666666667,0.333333333,1.034388151,3
31011672,2,0,1,0,0.75,0.25,0.872765003,4
31011673,2,0,1,0,0.75,0.25,0.872765003,4
31011674,1,0,1,0,0.5,0.5,1.16368667,2
31011675,2,0.142857143,0.857142857,0,0.428571429,0.285714286,1.488863899,7
31011676,2,0.3,0.7,0.2,0.3,0.1,1.925921903,10
31011677,2,0,0.8,0,0.4,0.2,1.350244541,5
31011678,1,0.2,0.6,0.4,0.4,0,2.069805296,5
31011679,2,0,1,0,0.75,0.25,0.872765003,4
31011680,2,0.25,0.5,0.25,0.25,0.25,1.968224614,4
31011682,2,0.166666667,0.833333333,0.166666667,0.333333333,0.166666667,1.638644961,6
31011683,2,0.25,0.75,0.25,0.25,0.125,1.836026124,8
31011684,2,0.125,0.75,0.375,0.25,0.125,1.786970344,8
31011685,2,0.5,0.5,0.333333333,0.333333333,0.166666667,2.233311517,6
31011686,2,0.3,0.7,0.2,0.3,0.1,1.925921903,10
31011687,2,0.285714286,0.714285714,0.142857143,0.428571429,0.285714286,1.930208394,7
31011688,2,0.428571429,0.571428571,0.285714286,0.285714286,0.142857143,2.149485045,7
31011689,2,0.333333333,0.666666667,0.222222222,0.333333333,0.111111111,2.026581194,9
31011690,2,0.333333333,0.555555556,0.333333333,0.222222222,0.111111111,2.065937566,9
31011691,2,0,0.875,0,0.25,0.125,1.062579167,8
31011693,1,0,1,0,1,0,1.19E-15,3
31011694,2,0.090909091,0.818181818,0.090909091,0.272727273,0.181818182,1.397591922,11
31011696,2,0.375,0.625,0.25,0.375,0.125,2.125993949,8
31011698,1,0,1,0,0.666666667,0.333333333,1.034388151,3
31011699,2,0.5,0.5,0.333333333,0.5,0,2.268875466,6
31011700,2,0,1,0,0.5,0.166666667,1.16368667,6
31011701,2,0,1,0,0.666666667,0.333333333,1.034388151,3
31011702,2,0,1,0,0.75,0.25,0.872765003,4
31011703,2,0.166666667,0.833333333,0.166666667,0.5,0.166666667,1.70025286,6
31011704,1,0,1,0,1,0,1.19E-15,3
31011856,1,0,1,0,1,0,0,1
31011857,1,0,1,0,1,0,0,1
31011867,2,0.125,0.875,0,0.5,0.25,1.477049535,8
31012061,2,0.222222222,0.666666667,0.222222222,0.333333333,0.111111111,1.916256051,9
31012062,2,0.571428571,0.285714286,0.571428571,0.285714286,0.142857143,2.14642464,7
31012063,2,0.222222222,0.777777778,0.111111111,0.555555556,0.222222222,1.778654223,9
31012064,2,0.2,0.8,0.1,0.4,0.2,1.698387447,10
31012065,2,0,1,0,0.25,0.25,0.872765003,4
31012066,1,0,0.75,0,0.75,0,1.142717625,4
31012067,2,0.142857143,0.714285714,0,0.428571429,0.285714286,1.630183789,7
31012068,2,0.090909091,0.818181818,0,0.363636364,0.272727273,1.406710858,11
31012069,1,0,0.75,0,0.75,0,1.142717625,4
31012070,2,0.125,0.5,0.375,0.125,0.125,1.76568666,8
31012072,2,0.285714286,0.714285714,0.142857143,0.571428571,0.142857143,1.92673449,7
31012073,2,0,0.75,0,0.5,0.25,1.417232417,4
31012075,1,0,0.666666667,0,0.666666667,0,1.354332,3
31012076,1,0.166666667,0.166666667,0.5,0.166666667,0,1.776764369,6
31012077,2,0.181818182,0.727272727,0.090909091,0.272727273,0.272727273,1.614131778,11
31012078,1,0,0.5,0.333333333,0.166666667,0,1.606571078,6
31012079,2,0.3,0.7,0.2,0.4,0.2,1.991503741,10
31012080,1,0,1,0,0.666666667,0,1.034388151,3
31012081,1,0,0.75,0,0.5,0,1.417232417,4
31012082,2,0,1,0,0.666666667,0.333333333,1.034388151,3
31012083,2,0.181818182,0.727272727,0.090909091,0.363636364,0.181818182,1.710818761,11
31012084,2,0.333333333,0.666666667,0.222222222,0.444444444,0.222222222,2.073910545,9
31012085,2,0.083333333,0.833333333,0,0.333333333,0.166666667,1.341663868,12
31012086,2,0,0.833333333,0,0.333333333,0.333333333,1.251965612,6
31012087,1,0,1,0,1,0,0,1
31012088,1,0,1,0,0.666666667,0,1.034388151,3
31012089,1,0,1,0,1,0,1.19E-15,3
31012091,2,0.333333333,0.666666667,0.166666667,0.5,0.166666667,2.039336905,6
31012092,2,0.222222222,0.777777778,0.111111111,0.444444444,0.111111111,1.780550744,9
31012093,2,0.25,0.625,0.25,0.375,0.25,2.014430821,8
31012094,2,0.333333333,0.666666667,0.166666667,0.5,0.166666667,2.039336905,6
31012096,2,0.272727273,0.636363636,0.272727273,0.181818182,0.090909091,1.879980677,11
31012097,2,0.222222222,0.777777778,0.111111111,0.444444444,0.222222222,1.780550744,9
31012098,2,0.272727273,0.727272727,0.181818182,0.363636364,0.272727273,1.907310583,11
31012099,1,0.25,0.75,0,0.5,0.25,1.768894015,4
31012100,2,0.222222222,0.777777778,0.111111111,0.444444444,0.333333333,1.780550744,9
31012101,2,0.3,0.7,0.2,0.3,0.2,1.925921903,10
31012102,2,0.142857143,0.857142857,0,0.571428571,0.285714286,1.514930692,7
31012103,2,0,1,0,0.4,0.4,1.117139204,5
31012104,2,0.25,0.75,0.125,0.5,0.25,1.859464826,8
31012105,2,0.142857143,0.857142857,0,0.571428571,0.285714286,1.514930692,7
31012106,2,0.181818182,0.545454545,0.272727273,0.181818182,0.181818182,1.814226731,11
31012107,2,0.111111111,0.555555556,0.333333333,0.222222222,0.111111111,1.82060952,9
31012108,1,0,1,0,0.5,0.25,1.16368667,4
31012109,2,0.375,0.375,0.375,0.25,0.125,2.14238745,8
31012110,2,0.333333333,0.583333333,0.333333333,0.333333333,0.166666667,2.142576898,12
31012111,2,0.142857143,0.857142857,0.142857143,0.142857143,0.285714286,1.254525523,7
31012112,2,0.25,0.75,0.166666667,0.333333333,0.166666667,1.824729303,12
31012113,2,0.166666667,0.666666667,0.166666667,0.333333333,0.166666667,1.791648756,12
31012114,2,0.285714286,0.714285714,0.142857143,0.285714286,0.142857143,1.82561029,7
31012116,2,0.125,0.75,0,0.375,0.125,1.534725785,8
31012117,2,0.222222222,0.777777778,0.111111111,0.222222222,0.222222222,1.560464757,9
31012118,2,0.2,0.8,0.1,0.4,0.2,1.698387447,10
31012122,2,0.111111111,0.888888889,0,0.333333333,0.222222222,1.30192317,9
31012123,2,0.166666667,0.666666667,0,0.5,0.333333333,1.719418109,6
31012124,2,0.25,0.625,0.125,0.5,0.125,1.942222197,8
31012126,2,0.181818182,0.545454545,0.272727273,0.363636364,0.090909091,1.980898504,11
31012128,2,0,0.833333333,0,0.5,0,1.342523473,6
31012129,2,0,1,0,0.5,0.25,1.16368667,4
31012130,2,0.166666667,0.833333333,0,0.5,0.166666667,1.580589032,6
31012131,2,0.2,0.7,0.1,0.4,0.1,1.789787924,10
31012132,2,0,0.8,0,0.4,0.2,1.350244541,5
31012133,2,0.222222222,0.666666667,0.222222222,0.444444444,0.111111111,1.977138815,9
31012134,2,0.25,0.666666667,0.25,0.25,0.166666667,1.901929185,12
31012135,2,0.181818182,0.727272727,0.363636364,0.181818182,0.090909091,1.795011562,11
31012136,2,0.25,0.583333333,0.333333333,0.166666667,0.083333333,1.917006798,12
31012137,2,0.333333333,0.666666667,0.222222222,0.333333333,0.111111111,2.026581194,9
31012140,2,0.222222222,0.777777778,0.222222222,0.222222222,0.222222222,1.7116776,9
31012141,2,0.285714286,0.714285714,0.142857143,0.142857143,0.428571429,1.636551692,7
31012142,2,0.333333333,0.666666667,0.166666667,0.333333333,0.166666667,1.977559954,6
31012143,2,0.285714286,0.714285714,0.142857143,0.285714286,0.142857143,1.82561029,7
31012144,2,0.166666667,0.833333333,0.166666667,0.166666667,0.166666667,1.408285669,6
31012146,2,0.125,0.875,0.125,0.375,0.125,1.526214808,8
31012149,2,0,1,0,0.5,0.333333333,1.16368667,6
31012150,1,0,1,0,0.333333333,0.666666667,1.034388151,3
31012151,2,0.125,0.875,0,0.375,0.25,1.393165839,8
31012152,2,0,1,0,0.5,0.166666667,1.16368667,6
31012153,1,0,1,0,1,0,1.45E-15,2
31012154,2,0.142857143,0.857142857,0,0.571428571,0.142857143,1.514930692,7
31012305,2,0,1,0,0.428571429,0.428571429,1.139937963,7
31012306,1,0,1,0,1,0,2.24E-16,2
31012313,1,0,1,0,0,0,0,1
31012319,2,0.3,0.7,0.2,0.4,0.3,1.991503741,10
31012323,1,0,1,0,1,0,0,1
31012328,2,0.142857143,0.857142857,0.142857143,0.428571429,0.142857143,1.618136226,7
31012332,2,0,1,0,0.428571429,0.142857143,1.139937963,7
31012334,1,0,1,0,0.75,0.25,0.872765003,4
31012495,1,0,0.5,0.5,0,0.5,1.44766506,2
31012496,2,0.1,0.9,0.1,0.3,0.3,1.349152982,10
31012498,2,0,1,0,0.5,0.333333333,1.16368667,6
31012499,2,0,1,0,0.5,0.166666667,1.16368667,6
31012500,2,0,1,0,0.375,0.375,1.090956253,8
31012501,2,0,1,0,0.5,0.5,1.16368667,2
31012502,2,0.125,0.625,0.375,0.25,0.25,1.86334882,8
31012503,1,0,1,0,1,0,0,1
31012505,2,0,0.8,0.2,0.2,0.4,1.308261732,5
31012506,2,0.25,0.5,0.5,0.25,0.25,2.084434769,4
31012508,2,0.111111111,0.777777778,0.111111111,0.333333333,0.222222222,1.543008535,9
31012511,2,0.142857143,0.571428571,0.285714286,0.285714286,0.142857143,1.874412719,7
31012512,2,0,1,0,0.285714286,0.142857143,0.949948302,7
31012513,2,0.2,0.8,0.2,0.3,0.2,1.723007589,10
31012514,2,0.25,0.75,0.125,0.5,0.125,1.859464826,8
31012515,2,0.166666667,0.666666667,0.333333333,0.166666667,0.166666667,1.772975176,6
31012516,2,0.25,0.5,0.5,0.125,0.25,1.968801777,8
31012517,2,0.4,0.6,0.2,0.4,0.2,2.12773844,5
31012518,2,0.2,0.4,0.4,0.4,0.2,2.087515898,5
31012519,2,0.125,0.875,0,0.375,0.125,1.393165839,8
31012520,2,0,1,0,0.428571429,0.142857143,1.139937963,7
31012522,2,0.222222222,0.666666667,0.222222222,0.444444444,0.111111111,1.96484365,9
31012523,2,0,1,0,0.4,0.2,1.117139204,5
31012525,2,0,1,0,0.666666667,0.333333333,1.034388151,3
31012526,2,0,0.777777778,0.111111111,0.444444444,0.222222222,1.489305448,9
31012527,2,0.125,0.875,0.125,0.375,0.25,1.526214808,8
31012528,2,0.111111111,0.666666667,0.222222222,0.444444444,0.111111111,1.818560963,9
31012530,2,0.333333333,0.333333333,0.333333333,0.5,0.166666667,2.187063939,6
31012531,2,0,1,0,0.5,0.25,1.16368667,4
31012532,2,0.142857143,0.571428571,0.285714286,0.428571429,0.142857143,1.95171203,7
31012533,2,0.25,0.75,0.125,0.5,0.25,1.859464826,8
31012534,2,0.375,0.625,0.25,0.25,0.125,2.040941594,8
31012535,1,0,0.833333333,0,0.5,0.166666667,1.342523473,6
31012536,2,0,1,0,0.5,0.25,1.16368667,4
31012537,2,0,1,0,0.6,0.2,1.117139204,5
31012539,2,0.166666667,0.666666667,0.333333333,0.166666667,0.333333333,1.772975176,6
31012540,1,0,1,0,1,0,1.19E-15,3
31012541,2,0.142857143,0.857142857,0.142857143,0.428571429,0.142857143,1.618136226,7
31012545,1,0.166666667,0.833333333,0.166666667,0.333333333,0.333333333,1.638644961,6
31012546,2,0.142857143,0.857142857,0.142857143,0.428571429,0.142857143,1.618136226,7
31012550,2,0,0.875,0.125,0.25,0.125,1.198846902,8
31012553,2,0.333333333,0.5,0.333333333,0.333333333,0,2.159856872,6
31012555,2,0.4,0.6,0.3,0.4,0.2,2.191865963,10
31012556,2,0.363636364,0.545454545,0.363636364,0.272727273,0.181818182,2.150957468,11
31012557,2,0.25,0.75,0.25,0.25,0.25,1.836026124,4
31012558,2,0,0.875,0.125,0.375,0.25,1.369464839,8
31012559,2,0.222222222,0.777777778,0.111111111,0.333333333,0.222222222,1.704548019,9
31012560,1,0,0.333333333,0.333333333,0.666666667,0,1.706406745,3
31012561,2,0,0.714285714,0.285714286,0.142857143,0.142857143,1.41644514,7
31012562,2,0.333333333,0.666666667,0.166666667,0.333333333,0.166666667,1.977559954,6
31012563,1,0,1,0,0.333333333,0.333333333,1.034388151,3
31012565,2,0,1,0,0.6,0.4,1.117139204,5
31012566,2,0.166666667,0.833333333,0.166666667,0.333333333,0.166666667,1.638644961,6
31012567,2,0.2,0.8,0,0.6,0.2,1.64688687,5
31012568,2,0.333333333,0.666666667,0.166666667,0.5,0.333333333,2.039336905,6
31012569,1,0,1,0,1,0,2.24E-16,2
31012570,2,0,1,0,0.5,0.333333333,1.16368667,6
31012571,2,0.142857143,0.857142857,0,0.571428571,0.142857143,1.514930692,7
31012572,1,0.333333333,0.666666667,0,1,0,1.491070458,3
31012573,2,0.2,0.8,0,0.6,0.2,1.64688687,5
31012574,2,0.25,0.625,0.375,0.125,0.375,1.887072636,8
31012575,2,0.142857143,0.857142857,0,0.571428571,0.142857143,1.514930692,7
31012576,2,0.333333333,0.666666667,0.222222222,0.444444444,0.111111111,2.073910545,9
31012577,2,0.25,0.75,0.125,0.5,0.125,1.859464826,8
31012578,2,0.25,0.625,0.25,0.25,0.125,1.916469686,8
31012579,2,0.333333333,0.666666667,0.166666667,0.5,0.166666667,2.039336905,6
31012580,2,0.428571429,0.571428571,0.285714286,0.428571429,0.142857143,2.213949478,7
31012582,2,0.25,0.75,0.25,0.25,0.25,1.836026124,4
31012584,2,0.25,0.75,0.25,0.125,0.25,1.677881313,8
31012587,2,0.222222222,0.777777778,0.111111111,0.444444444,0.222222222,1.780550744,9
31012596,2,0.125,0.875,0,0.5,0.25,1.477049535,8
31012597,2,0,1,0,0.6,0.2,1.117139204,5
31012600,2,0.222222222,0.777777778,0.222222222,0.333333333,0.222222222,1.824882034,9
31012603,2,0,1,0,0.6,0.2,1.117139204,5
31012604,1,0,1,0,1,0,0,1
31012755,1,0,1,0,0.5,0,1.16368667,2
31012756,1,0,1,0,1,0,2.24E-16,2
31012760,1,0,1,0,0.75,0.25,0.872765003,4
31012770,1,0,1,0,1,0,2.24E-16,2
31012777,2,0.166666667,0.833333333,0,0.666666667,0.166666667,1.511467596,6
31012781,2,0.2,0.8,0.2,0.6,0,1.749556733,5
31012945,2,0,0.8,0,0.4,0.2,1.350244541,5
31012946,2,0.285714286,0.714285714,0.142857143,0.428571429,0.285714286,1.930208394,7
31012947,2,0.230769231,0.769230769,0.230769231,0.307692308,0.230769231,1.833893681,13
31012948,2,0.222222222,0.777777778,0.111111111,0.444444444,0.222222222,1.780550744,9
31012953,2,0.2,0.6,0.2,0.4,0.2,1.943899084,10
31012955,2,0.166666667,0.5,0.333333333,0.166666667,0.333333333,1.846837009,6
31012956,2,0.125,0.75,0.125,0.25,0.25,1.535340489,8
31012957,1,0,1,0,0.4,0.2,1.117139204,5
31012958,2,0.166666667,0.666666667,0,0.5,0.166666667,1.719418109,6
31012959,2,0.090909091,0.818181818,0,0.363636364,0.181818182,1.406710858,11
31012960,2,0.1,0.7,0.1,0.4,0.2,1.667181543,10
31012961,2,0.25,0.5,0.25,0.375,0.125,2.056159141,8
31012962,2,0.222222222,0.555555556,0.222222222,0.222222222,0.222222222,1.864190954,9
31012963,2,0.428571429,0.571428571,0.285714286,0.285714286,0.142857143,2.149485045,7
31012964,1,0,1,0,0.333333333,0.333333333,1.034388151,3
31012965,2,0.142857143,0.857142857,0.142857143,0.285714286,0.285714286,1.496781307,7
31012966,2,0.1,0.7,0.1,0.4,0.2,1.667181543,10
31012967,2,0.285714286,0.714285714,0.142857143,0.285714286,0.142857143,1.82561029,7
31012968,2,0.166666667,0.666666667,0.166666667,0.666666667,0,1.794405057,6
31012969,2,0.181818182,0.545454545,0.272727273,0.272727273,0.181818182,1.912989799,11
31012971,2,0.2,0.7,0.1,0.4,0.1,1.789787924,10
31012972,2,0.111111111,0.444444444,0.333333333,0.111111111,0.222222222,1.700200348,9
31012973,1,0.25,0.5,0,0.75,0,1.777828829,4
31012974,2,0.222222222,0.555555556,0.222222222,0.222222222,0.111111111,1.864190954,9
31012975,2,0.3,0.6,0.3,0.3,0.1,2.064738519,10
31012977,1,0,1,0,1,0,1.19E-15,3
31012978,2,0.166666667,0.833333333,0,0.666666667,0.166666667,1.511467596,6
31012979,2,0.3,0.6,0.2,0.3,0.1,1.98920207,10
31012980,2,0.222222222,0.555555556,0.222222222,0.222222222,0.333333333,1.864190954,9
31012981,2,0.166666667,0.833333333,0,0.5,0.333333333,1.580589032,6
31012982,2,0.166666667,0.833333333,0,0.5,0.333333333,1.580589032,6
31012983,1,0,0.666666667,0,0.333333333,0,1.407933886,3
31012984,2,0.214285714,0.714285714,0.214285714,0.285714286,0.142857143,1.813831806,14
31012985,2,0.3,0.7,0.2,0.3,0.3,1.925921903,10
31012986,1,0.2,0.2,0.4,0.2,0.2,1.873128549,5
31012988,2,0.2,0.8,0,0.6,0.2,1.64688687,5
31012989,2,0.222222222,0.555555556,0.444444444,0.222222222,0.222222222,2.015786123,9
31012990,2,0,1,0,0.428571429,0.285714286,1.139937963,7
31012992,2,0.25,0.75,0,0.5,0.25,1.768894015,4
31012993,2,0.222222222,0.777777778,0.111111111,0.444444444,0.222222222,1.780550744,9
31012994,2,0.166666667,0.833333333,0,0.5,0.333333333,1.580589032,6
31012995,2,0.1,0.8,0,0.4,0.2,1.473561885,10
31012996,2,0.5,0.5,0.333333333,0.333333333,0.166666667,2.233311517,6
31012997,1,0,1,0,1,0,1.31E-15,2
31012998,1,0.333333333,0.666666667,0,1,0,1.491070458,3
31012999,2,0.125,0.875,0,0.5,0.375,1.477049535,8
31013000,2,0.166666667,0.833333333,0,0.666666667,0.166666667,1.511467596,6
31013001,1,0.2,0.2,0.4,0.2,0,1.820479078,5
31013002,2,0.25,0.666666667,0.25,0.333333333,0.166666667,1.964835796,12
31013003,2,0.5,0.5,0.333333333,0.333333333,0.166666667,2.233311517,6
31013004,2,0.2,0.8,0,0.6,0.2,1.64688687,5
31013005,2,0.222222222,0.444444444,0.333333333,0.333333333,0.111111111,2.056068961,9
31013006,2,0.166666667,0.833333333,0,0.666666667,0.333333333,1.511467596,6
31013007,2,0,1,0,0.25,0.25,0.872765003,4
31013008,2,0.333333333,0.666666667,0.166666667,0.333333333,0.166666667,1.977559954,6
31013009,1,0,0.333333333,0.666666667,0.333333333,0,1.651014095,3
31013010,1,0.25,0.5,0.375,0.25,0.25,2.04040483,8
31013011,2,0.166666667,0.5,0.333333333,0.166666667,0.166666667,1.846837009,6
31013013,2,0.222222222,0.444444444,0.333333333,0.333333333,0.111111111,2.056068961,9
31013014,2,0.333333333,0.666666667,0.333333333,0.166666667,0.166666667,1.972909789,6
31013016,2,0.285714286,0.714285714,0.285714286,0.285714286,0.142857143,1.966360107,7
31013022,2,0.285714286,0.571428571,0.142857143,0.571428571,0.142857143,2.00211875,7
31013024,1,0,0.666666667,0,0.666666667,0,1.354332,3
31013028,1,0,1,0,1,0,0,1
31013032,2,0.333333333,0.555555556,0.222222222,0.222222222,0.111111111,1.988063637,9
31013033,2,0.3,0.5,0.3,0.3,0.2,2.093448377,10
31013034,2,0.428571429,0.571428571,0.428571429,0.285714286,0.142857143,2.207770484,7
31013035,2,0.375,0.625,0.25,0.375,0.125,2.125993949,8
31013036,2,0.222222222,0.777777778,0.222222222,0.333333333,0.111111111,1.833179675,9
31013037,2,0.272727273,0.727272727,0.272727273,0.181818182,0.272727273,1.81805909,11
31013038,2,0.375,0.625,0.25,0.375,0.125,2.125993949,8
31013039,2,0.333333333,0.666666667,0.333333333,0.222222222,0.111111111,2.018048504,9
31013040,2,0.2,0.8,0.2,0.2,0.2,1.599334428,5
31013041,1,0,0,0,0,0,3.71E-16,2
31013043,1,0.5,0.5,0.25,0.25,0.25,2.142660391,4
31013044,2,0.181818182,0.818181818,0.181818182,0.272727273,0.181818182,1.628146496,11
31013045,1,0.75,0.25,0.75,0,0.25,1.489146679,4
31013046,2,0.333333333,0.666666667,0.333333333,0.333333333,0.166666667,2.107299696,6
31013048,2,0.142857143,0.857142857,0,0.571428571,0.142857143,1.514930692,7
31013049,2,0.3,0.7,0.2,0.4,0.1,1.991503741,10
31013050,2,0.285714286,0.714285714,0.142857143,0.428571429,0.285714286,1.930208394,7
31013051,2,0.125,0.875,0,0.5,0.25,1.477049535,8
31013052,2,0.142857143,0.857142857,0,0.571428571,0.285714286,1.514930692,7
31013053,1,0,1,0,1,0,1.19E-15,3
31013054,2,0,1,0.142857143,0.428571429,0.142857143,1.32807406,7
31013272,1,0,1,0,1,0,2.24E-16,2
31013276,2,0.2,0.8,0.2,0.6,0.2,1.749556733,5
31013277,2,0.285714286,0.714285714,0.142857143,0.571428571,0.142857143,1.92673449,7
31013285,2,0.222222222,0.666666667,0.111111111,0.555555556,0.111111111,1.866443377,9
31013447,1,0.333333333,0.666666667,0.333333333,0.333333333,0.333333333,2.110824181,3
31013448,2,0.142857143,0.857142857,0.142857143,0.428571429,0.285714286,1.618136226,7
31013449,2,0.25,0.75,0.25,0.25,0.25,1.836026124,8
31013450,2,0.125,0.875,0.125,0.25,0.25,1.372073373,8
31013451,2,0.166666667,0.833333333,0,0.666666667,0.166666667,1.511467596,6
31013454,2,0,0.888888889,0,0.222222222,0.222222222,0.982092676,9
31013459,2,0,0.777777778,0.111111111,0.333333333,0.111111111,1.428350014,9
31013460,2,0.142857143,0.857142857,0.142857143,0.428571429,0.285714286,1.618136226,7
31013461,2,0.25,0.625,0.375,0.25,0.125,2.017904555,8
31013462,2,0,1,0,0.375,0.25,1.090956253,8
31013463,2,0,0.8,0.2,0.6,0,1.501083618,5
31013465,2,0.333333333,0.5,0.333333333,0.333333333,0.166666667,2.159856872,6
31013466,2,0,0.666666667,0.166666667,0.166666667,0.166666667,1.374611643,6
31013467,2,0,1,0,0.428571429,0.142857143,1.139937963,7
31013471,1,0,1,0,0.5,0,1.16368667,4
31013472,2,0.181818182,0.818181818,0.090909091,0.363636364,0.181818182,1.617473412,11
31013473,2,0.125,0.875,0.125,0.375,0.125,1.526214808,8
31013475,2,0.125,0.75,0.25,0.25,0.125,1.667691948,8
31013476,2,0,1,0,0.428571429,0.285714286,1.139937963,7
31013477,2,0.125,0.75,0.25,0.125,0.25,1.486586353,8
31013479,2,0.142857143,0.857142857,0.142857143,0.142857143,0.285714286,1.254525523,7
31013481,1,0,1,0,1,0,2.24E-16,2
31013482,2,0.111111111,0.888888889,0.111111111,0.333333333,0.222222222,1.435090439,9
31013483,1,0,1,0,1,0,2.24E-16,2
31013484,2,0.222222222,0.777777778,0.111111111,0.222222222,0.222222222,1.560464757,9
31013486,2,0.1,0.6,0.2,0.3,0.2,1.74807116,10
31013487,2,0,1,0,0.285714286,0.142857143,0.949948302,7
31013488,1,0.333333333,0.666666667,0.333333333,0.333333333,0.333333333,2.110824181,3
31013490,2,0,0.857142857,0.142857143,0.428571429,0.285714286,1.441765603,7
31013492,2,0.166666667,0.833333333,0.166666667,0.333333333,0.333333333,1.638644961,6
31013493,1,0,1,0,1,0,1.31E-15,2
31013494,2,0,1,0,0.75,0.25,0.872765003,4
31013496,1,0.333333333,0.666666667,0.333333333,0.666666667,0,2.045698495,3
31013497,2,0.2,0.8,0.2,0.6,0.2,1.749556733,5
31013498,1,0.166666667,0.666666667,0.166666667,0.5,0.166666667,1.838156695,6
31013499,2,0.285714286,0.714285714,0.285714286,0.285714286,0.142857143,1.971055352,7
31013502,2,0.142857143,0.714285714,0.285714286,0.285714286,0.285714286,1.796648241,7
31013504,2,0.2,0.8,0,0.8,0.2,1.430598117,5
31013506,2,0,1,0,0.428571429,0.285714286,1.139937963,7
31013507,2,0.142857143,0.857142857,0,0.571428571,0.285714286,1.514930692,7
31013508,1,0.428571429,0.571428571,0.428571429,0.142857143,0.142857143,2.100655608,7
31013509,2,0,0.777777778,0.111111111,0.333333333,0.111111111,1.428350014,9
31013511,2,0.25,0.625,0.375,0.375,0.25,2.094887923,8
31013512,2,0.125,0.625,0.25,0.375,0.125,1.868159219,8
31013515,2,0.25,0.75,0.25,0.25,0.25,1.836026124,4
31013516,2,0,0.875,0,0.375,0.25,1.247803969,8
31013517,2,0.1,0.6,0.3,0.2,0.1,1.738592713,10
31013518,2,0.2,0.8,0.2,0.4,0.2,1.794158936,5
31013519,2,0.166666667,0.666666667,0.333333333,0.5,0.166666667,1.967836865,6
31013520,1,0.142857143,0.428571429,0.285714286,0.142857143,0.285714286,1.743095042,7
31013521,1,0,1,0,1,0,2.24E-16,2
31013524,2,0.2,0.6,0.2,0.2,0.2,1.765863183,10
31013525,2,0,1,0,0.4,0.2,1.117139204,5
31013526,2,0.333333333,0.555555556,0.222222222,0.333333333,0.111111111,2.078151298,9
31013527,2,0.3,0.6,0.3,0.4,0.2,2.119022457,10
31013528,2,0,0.833333333,0,0.5,0.166666667,1.342523473,6
31013530,2,0,0.857142857,0,0.428571429,0.142857143,1.306518061,7
31013531,2,0,0.8,0,0.4,0.2,1.350244541,5
31013532,1,0.2,0.2,0.6,0.4,0,1.985058995,5
31013533,2,0.333333333,0.666666667,0.444444444,0.222222222,0.111111111,2.084760805,9
31013534,2,0.125,0.75,0.125,0.375,0.125,1.661901349,8
31013535,2,0,1,0,0.5,0.25,1.16368667,4
31013536,2,0.25,0.75,0.375,0.375,0.125,2.027805302,8
31013538,2,0.333333333,0.666666667,0.166666667,0.333333333,0.166666667,1.977559954,6
31013539,2,0.285714286,0.714285714,0.428571429,0.285714286,0.142857143,2.060915183,7
31013540,1,0,1,0,0,0.5,7.02E-16,4
31013541,2,0.5,0.5,0.5,0.25,0.25,2.212696539,4
31013542,2,0.2,0.6,0.4,0.1,0.1,1.821172508,10
31013543,2,0.25,0.75,0.25,0.25,0.25,1.836026124,8
31013544,2,0.4,0.6,0.2,0.4,0.2,2.12773844,5
31013547,1,0,1,0,1,0,0,1
31013548,1,0,1,0,0,1,0,1
31013549,2,0.090909091,0.909090909,0.090909091,0.363636364,0.181818182,1.42004621,11
31013550,2,0.2,0.8,0.2,0.3,0.1,1.72894481,10
31013552,2,0.125,0.875,0.125,0.375,0.125,1.526214808,8
31013553,2,0.111111111,0.888888889,0.111111111,0.333333333,0.222222222,1.435090439,9
31013554,2,0.222222222,0.777777778,0.222222222,0.333333333,0.111111111,1.833179675,9
31013555,2,0,1,0,0.6,0,1.117139204,5
31013556,2,0,1,0,0.5,0.25,1.16368667,4
31013707,1,0.25,0.75,0.25,0.5,0.25,1.946607909,4
31013725,2,0,0.857142857,0,0.428571429,0.285714286,1.306518061,7
31013734,1,0,1,0,1,0,0,1
31013898,2,0.5,0.5,0.25,0.5,0.25,2.229602048,4
31013899,1,0,1,0,0.5,0.5,1.16368667,2
31013902,2,0.142857143,0.714285714,0.285714286,0.142857143,0.142857143,1.621003921,7
31013906,1,0,0.6,0.2,0.2,0,1.508116783,5
31013907,2,0.166666667,0.5,0.333333333,0.166666667,0,1.846837009,6
31013914,2,0.166666667,0.5,0.333333333,0.166666667,0.166666667,1.846837009,6
31013915,2,0.125,0.375,0.375,0.125,0.125,1.743397812,8
31013916,2,0.076923077,0.461538462,0.230769231,0.153846154,0.076923077,1.618431378,13
31013918,2,0,0.833333333,0,0.5,0.166666667,1.342523473,6
31013919,2,0.2,0.6,0.2,0.2,0.2,1.781589845,10
31013921,1,0,0.75,0,0.5,0,1.417232417,4
31013923,1,0,1,0,0.5,0,1.16368667,2
31013924,1,0,1,0,0.5,0,1.16368667,2
31013925,1,0.333333333,0.666666667,0.333333333,0.666666667,0,2.045698495,3
31013926,2,0,1,0,0.5,0.166666667,1.16368667,6
31013927,2,0.111111111,0.666666667,0.222222222,0.222222222,0.111111111,1.665755051,9
31013928,2,0,1,0,0.428571429,0.428571429,1.139937963,7
31013929,1,0,1,0,1,0,0,1
31013931,1,0.333333333,0.666666667,0.333333333,0.333333333,0,2.110824181,3
31013935,2,0.222222222,0.666666667,0.222222222,0.333333333,0.222222222,1.908225951,9
31013938,2,0.2,0.5,0.3,0.3,0.2,1.986944884,10
31013939,2,0.25,0.625,0.25,0.375,0.25,2.014430821,8
31013946,2,0.1,0.6,0.2,0.2,0.2,1.626570637,10
31013950,1,0,1,0,1,0,1.31E-15,2
31013952,2,0.142857143,0.857142857,0,0.571428571,0.285714286,1.514930692,7
31013953,2,0,1,0,0.4,0.4,1.117139204,5
31013954,2,0,1,0,0.75,0.25,0.872765003,4
31013956,1,0,1,0,1,0,0,1
31013958,1,0.333333333,0.666666667,0.333333333,0.333333333,0.333333333,2.110824181,3
31013959,2,0.222222222,0.666666667,0.111111111,0.333333333,0.111111111,1.805050708,9
31013962,2,0.375,0.625,0.25,0.25,0.125,2.040941594,8
31013963,2,0.333333333,0.666666667,0.222222222,0.222222222,0.111111111,1.927746906,9
31013964,2,0.333333333,0.444444444,0.222222222,0.222222222,0.222222222,2.003734958,9
31013967,2,0.125,0.75,0,0.5,0.125,1.598679348,8
31013968,2,0.166666667,0.75,0.083333333,0.333333333,0.166666667,1.634224618,12
31013969,2,0.125,0.75,0,0.5,0.125,1.598679348,8
31013970,1,0,1,0,1,0,0,1
31013971,2,0.153846154,0.692307692,0.153846154,0.307692308,0.230769231,1.71812849,13
31013973,1,0,1,0,0.666666667,0.333333333,1.034388151,3
31013975,2,0.125,0.75,0,0.5,0.125,1.598679348,8
31013976,2,0,0.75,0,0.5,0.25,1.417232417,4
31013978,2,0,0.833333333,0,0.333333333,0.333333333,1.251965612,6
31013979,2,0.25,0.625,0.25,0.25,0.125,1.930791888,8
31013980,2,0.2,0.6,0.2,0.4,0.2,1.93742795,5
31013983,1,0,1,0,0,1,0,1
31013985,2,0.333333333,0.666666667,0.333333333,0.333333333,0.222222222,2.108474524,9
31013986,2,0.25,0.75,0.25,0.375,0.125,1.943359624,8
31013988,1,0,1,0,0,1,8.77E-16,2
31013989,2,0.333333333,0.666666667,0.333333333,0.333333333,0.111111111,2.108474524,9
31013990,2,0.222222222,0.555555556,0.333333333,0.333333333,0.222222222,2.043051582,9
31013991,2,0.142857143,0.571428571,0.285714286,0.214285714,0.214285714,1.814945916,14
31013992,2,0.375,0.625,0.25,0.375,0.125,2.125993949,8
31013994,2,0.428571429,0.571428571,0.285714286,0.285714286,0.142857143,2.149485045,7
31013995,1,0,1,0,0.5,0.5,1.16368667,2
31013997,2,0.166666667,0.833333333,0,0.333333333,0.166666667,1.445315114,6
31013999,1,0.142857143,0.285714286,0.285714286,0,0.142857143,1.485731819,7
31014138,1,0,1,0,1,0,2.24E-16,2
