"","Row.names","PLOT","EASTING","NORTHING","AQUATICAREA","STRATUM","OLDPOOLNAME","POOL","YEAR","y"
"1","100",31002046,544073,4934111,"P04_CFL_15","BWC",4,"U4",1998,"2"
"2","10002",32009177,640705,4830004,"P08_CFL_342","IMP",8,"8",2007,"2"
"3","10004",32009179,640656,4829813,"P08_CFL_342","IMP",8,"8",2007,"2"
"4","10012",32009187,643300,4828910,"P08_CFL_339","IMP",8,"8",2007,"1"
"5","10014",32009189,641808,4828617,"P08_CFL_342","IMP",8,"8",2007,"2"
"6","1002",31004060,583628,4911661,"P04_USCB_11","MBC",4,"L4",2001,"2"
"7","10021",32009197,643205,4837261,"P08_CFL_27","IMP",8,"8",2007,"2"
"8","10022",32009199,640556,4836612,"P08_CFL_343","IMP",8,"8",2007,"2"
"9","10023",32009200,643303,4836069,"P08_CFL_27","IMP",8,"8",2007,"2"
"10","10025",32009202,639556,4830017,"P08_CFL_340","IMP",8,"8",2007,"2"
"11","10026",32009203,640956,4828510,"P08_CFL_340","IMP",8,"8",2007,"2"
"12","10027",32009204,641661,4827865,"P08_SC_1","IMP",8,"8",2007,"1"
"13","10028",32009205,642302,4827215,"P08_CFL_338","IMP",8,"8",2007,"2"
"14","1003",31004061,583183,4911408,"P04_SC_27","MBC",4,"L4",2001,"2"
"15","10031",32009228,639763,4840366,"P08_CFL_76","MBC",8,"8",2008,"2"
"16","10044",32009241,640756,4844318,"P08_SC_9","MBC",8,"8",2008,"2"
"17","10047",32009244,640704,4843914,"P08_SCB_26","MBC",8,"8",2008,"2"
"18","10048",32009245,640751,4843807,"P08_SC_9","MBC",8,"8",2008,"2"
"19","10055",32009252,639754,4840213,"P08_SCB_25","MBC",8,"8",2008,"2"
"20","10056",32009253,639756,4840158,"P08_SCB_25","MBC",8,"8",2008,"2"
"21","10060",32009257,639952,4837515,"P08_SCB_25","MBC",8,"8",2008,"2"
"22","10061",32009258,639598,4837462,"P08_SCB_22","MBC",8,"8",2008,"2"
"23","10062",32009259,640405,4836467,"P08_SCB_24","MBC",8,"8",2008,"2"
"24","10064",32009261,640759,4836216,"P08_SCB_24","MBC",8,"8",2008,"2"
"25","10065",32009262,641058,4836213,"P08_USCB_9","MBC",8,"8",2008,"2"
"26","10066",32009263,641604,4835413,"P08_SCB_21","MBC",8,"8",2008,"2"
"27","10067",32009264,641604,4835011,"P08_SCB_21","MBC",8,"8",2008,"2"
"28","10068",32009265,641605,4834815,"P08_USCB_5","MBC",8,"8",2008,"2"
"29","10069",32009266,641599,4834760,"P08_USCB_5","MBC",8,"8",2008,"2"
"30","10071",32009268,643115,4832563,"P08_USCB_3","MBC",8,"8",2008,"2"
"31","10073",32009270,642553,4826616,"P08_CFL_338","MBC",8,"8",2008,"2"
"32","10074",32009271,639652,4851515,"P08_SCB_29","MBC",8,"8",2008,"2"
"33","10080",32009277,638356,4854361,"P08_SCB_30","MBC",8,"8",2008,"2"
"34","10081",32009278,638453,4854257,"P08_SCB_30","MBC",8,"8",2008,"2"
"35","10084",32009281,640114,4851865,"P08_USCB_13","MBC",8,"8",2008,"2"
"36","10085",32009282,639606,4851469,"P08_SCB_29","MBC",8,"8",2008,"2"
"37","10088",32009285,641602,4848561,"P08_SCB_26","MBC",8,"8",2008,"2"
"38","10089",32009286,640753,4847018,"P08_SCB_28","MBC",8,"8",2008,"2"
"39","10094",32009291,639553,4838163,"P08_SCB_25","MBC",8,"8",2008,"2"
"40","10095",32009292,639957,4837610,"P08_SCB_25","MBC",8,"8",2008,"2"
"41","10096",32009293,639999,4837556,"P08_SCB_25","MBC",8,"8",2008,"2"
"42","10097",32009294,642506,4826812,"P08_CFL_338","MBC",8,"8",2008,"2"
"43","10098",32009295,641502,4835571,"P08_SCB_21","MBC",8,"8",2008,"2"
"44","101",31002047,544729,4933806,"P04_CFL_15","BWC",4,"U4",1998,"2"
"45","10101",32009298,642244,4847705,"P08_SC_11","SC",8,"8",2008,"2"
"46","10102",32009299,640946,4847659,"P08_TSC_12","SC",8,"8",2008,"2"
"47","10103",32009300,640851,4847517,"P08_TSC_12","SC",8,"8",2008,"2"
"48","10104",32009301,643000,4847204,"P08_TSC_82","SC",8,"8",2008,"2"
"49","10105",32009302,641502,4846809,"P08_CFL_264","SC",8,"8",2008,"2"
"50","10106",32009303,641405,4846160,"P08_CFL_247","SC",8,"8",2008,"2"
"51","10107",32009304,641210,4846011,"P08_SC_10","SC",8,"8",2008,"2"
"52","10108",32009305,642155,4845966,"P08_CFL_231","SC",8,"8",2008,"2"
"53","10112",32009309,642200,4845353,"P08_TSC_80","SC",8,"8",2008,"2"
"54","10119",32009316,643950,4843870,"P08_SC_8","SC",8,"8",2008,"2"
"55","10122",32009319,641507,4842260,"P08_SC_11","SC",8,"8",2008,"2"
"56","10123",32009320,642048,4841761,"P08_TSC_50","SC",8,"8",2008,"2"
"57","10125",32009322,641749,4841360,"P08_SC_11","SC",8,"8",2008,"2"
"58","10126",32009323,641296,4841060,"P08_SC_4","SC",8,"8",2008,"1"
"59","1013",31004071,572479,4918055,"P04_USCB_13","MBC",4,"L4",2001,"2"
"60","10134",32009331,641458,4848865,"P08_SC_13","SC",8,"8",2008,"2"
"61","10136",32009333,643598,4845566,"P08_TSC_69","SC",8,"8",2008,"2"
"62","10137",32009334,641504,4844165,"P08_CFL_177","SC",8,"8",2008,"2"
"63","10140",32009337,641663,4842060,"P08_SC_11","SC",8,"8",2008,"2"
"64","10141",32009338,641959,4841812,"P08_TSC_50","SC",8,"8",2008,"2"
"65","10142",32009339,639353,4841459,"P08_CFL_224","SC",8,"8",2008,"2"
"66","10143",32009341,642504,4841414,"P08_CFL_113","SC",8,"8",2008,"2"
"67","10146",32009345,640354,4840458,"P08_CFL_84","SC",8,"8",2008,"2"
"68","10147",32009346,640608,4840113,"P08_SC_5","SC",8,"8",2008,"2"
"69","10148",32009347,639758,4838505,"P08_CFL_41","SC",8,"8",2008,"2"
"70","10149",32009348,639896,4838413,"P08_SC_2","SC",8,"8",2008,"2"
"71","10150",32009349,642053,4849202,"P08_TSC_70","SC",8,"8",2008,"2"
"72","10151",32009350,642300,4848861,"P08_TSC_70","SC",8,"8",2008,"2"
"73","10152",32009352,641054,4842111,"P08_CFL_128","SC",8,"8",2008,"2"
"74","10153",32009353,642651,4837412,"P08_TSC_29","SC",8,"8",2008,"1"
"75","10154",32009354,639512,4834907,"P08_SC_1","SC",8,"8",2008,"2"
"76","10157",32009357,643155,4839510,"P08_CFL_343","SC",8,"8",2008,"2"
"77","10158",32009358,642302,4834664,"P08_CFL_349","SC",8,"8",2008,"2"
"78","10159",32009359,642101,4834419,"P08_CFL_349","SC",8,"8",2008,"2"
"79","1016",31004074,573462,4917066,"P04_SCB_23","MBC",4,"L4",2001,"2"
"80","10162",32009362,639557,4848615,"P08_CFL_291","BWC",8,"8",2008,"2"
"81","10163",32009363,640298,4848060,"P08_CFL_291","BWC",8,"8",2008,"2"
"82","10164",32009364,644200,4845510,"P08_CFL_238","BWC",8,"8",2008,"2"
"83","10165",32009365,641752,4844651,"P08_CFL_228","BWC",8,"8",2008,"2"
"84","10166",32009366,641812,4844363,"P08_CFL_228","BWC",8,"8",2008,"2"
"85","10167",32009367,644313,4843358,"P08_CFL_162","BWC",8,"8",2008,"2"
"86","10169",32009369,641902,4848512,"P08_CFL_286","BWC",8,"8",2008,"2"
"87","10170",32009371,644306,4845711,"P08_CFL_238","BWC",8,"8",2008,"2"
"88","10171",32009372,644350,4845501,"P08_CFL_238","BWC",8,"8",2008,"2"
"89","10172",32009373,643855,4842360,"P08_SC_6","BWC",8,"8",2008,"2"
"90","10173",32009375,644305,4843169,"P08_CFL_142","BWC",8,"8",2008,"2"
"91","10174",32009376,644105,4842113,"P08_CFL_119","BWC",8,"8",2008,"2"
"92","10175",32009377,640203,4839761,"P08_CFL_56","BWC",8,"8",2008,"2"
"93","10176",32009378,640059,4835711,"P08_CFL_337","BWC",8,"8",2008,"2"
"94","10177",32009379,640305,4836059,"P08_CFL_337","BWC",8,"8",2008,"2"
"95","10178",32009380,642459,4840563,"P08_CFL_92","BWC",8,"8",2008,"2"
"96","10180",32009382,638752,4857466,"P08_CFL_335","BWC",8,"8",2008,"2"
"97","10181",32009384,643103,4846814,"P08_TSC_82","BWC",8,"8",2008,"2"
"98","10182",32009385,643197,4842407,"P08_CFL_159","BWC",8,"8",2008,"2"
"99","10183",32009386,642301,4841509,"P08_CFL_113","BWC",8,"8",2008,"2"
"100","10184",32009387,643898,4841009,"P08_CFL_119","BWC",8,"8",2008,"2"
"101","10185",32009388,641053,4840963,"P08_CFL_89","BWC",8,"8",2008,"2"
"102","10186",32009389,643759,4840964,"P08_CFL_119","BWC",8,"8",2008,"2"
"103","10187",32009390,641307,4840757,"P08_CFL_89","BWC",8,"8",2008,"2"
"104","10188",32009391,642203,4840617,"P08_TSC_39","BWC",8,"8",2008,"2"
"105","10189",32009392,640205,4839363,"P08_CFL_56","BWC",8,"8",2008,"2"
"106","10190",32009393,639508,4835654,"P08_SC_1","BWC",8,"8",2008,"2"
"107","10191",32009394,640660,4835964,"P08_CFL_337","BWC",8,"8",2008,"2"
"108","10192",32009395,641908,4842468,"P08_CFL_122","BWC",8,"8",2008,"2"
"109","10193",32009396,640454,4842164,"P08_CFL_118","BWC",8,"8",2008,"2"
"110","10194",32009397,642051,4841564,"P08_CFL_113","BWC",8,"8",2008,"2"
"111","10195",32009398,642411,4841417,"P08_SC_11","BWC",8,"8",2008,"2"
"112","10196",32009399,641505,4841120,"P08_SC_11","BWC",8,"8",2008,"2"
"113","10197",32009400,641505,4841064,"P08_CFL_103","BWC",8,"8",2008,"2"
"114","10198",32009401,640950,4840913,"P08_TSC_43","BWC",8,"8",2008,"2"
"115","10199",32009402,639900,4840666,"P08_CFL_77","BWC",8,"8",2008,"2"
"116","102",31002048,544326,4933760,"P04_CFL_15","BWC",4,"U4",1998,"2"
"117","10200",32009403,640153,4839254,"P08_CFL_56","BWC",8,"8",2008,"2"
"118","10202",32009405,638852,4857604,"P08_CFL_335","BWC",8,"8",2008,"2"
"119","10203",32009406,638964,4856962,"P08_CFL_335","BWC",8,"8",2008,"2"
"120","10204",32009407,638857,4856911,"P08_CFL_335","BWC",8,"8",2008,"2"
"121","10207",32009410,639155,4854267,"P08_CFL_305","BWC",8,"8",2008,"2"
"122","10208",32009411,639695,4852152,"P08_CFL_300","BWC",8,"8",2008,"2"
"123","10209",32009412,639655,4851810,"P08_CFL_300","BWC",8,"8",2008,"2"
"124","10210",32009413,640748,4847767,"P08_CFL_291","BWC",8,"8",2008,"2"
"125","10211",32009414,641557,4846356,"P08_CFL_247","BWC",8,"8",2008,"2"
"126","10212",32009415,643303,4845765,"P08_CFL_219","BWC",8,"8",2008,"2"
"127","10213",32009416,643455,4845506,"P08_CFL_210","BWC",8,"8",2008,"2"
"128","10214",32009417,643059,4845411,"P08_CFL_206","BWC",8,"8",2008,"2"
"129","10215",32009418,644006,4845259,"P08_CFL_238","BWC",8,"8",2008,"2"
"130","10216",32009419,641615,4845209,"","BWC",8,"8",2008,"2"
"131","10217",32009420,642508,4845220,"","BWC",8,"8",2008,"2"
"132","10218",32009421,643652,4844815,"P08_CFL_194","BWC",8,"8",2008,"2"
"133","10219",32009422,642317,4844726,"P08_CFL_212","BWC",8,"8",2008,"2"
"134","10220",32009423,642311,4843415,"P08_TSC_55","BWC",8,"8",2008,"2"
"135","10221",32009424,641202,4843109,"P08_CFL_147","BWC",8,"8",2008,"2"
"136","10222",32009425,643348,4842565,"P08_CFL_159","BWC",8,"8",2008,"2"
"137","10223",32009426,643604,4842213,"P08_CFL_123","BWC",8,"8",2008,"2"
"138","10224",32009427,643604,4841976,"P08_TSC_49","BWC",8,"8",2008,"2"
"139","10225",32009428,641701,4841908,"P08_SC_11","BWC",8,"8",2008,"2"
"140","10226",32009429,642004,4841914,"P08_CFL_122","BWC",8,"8",2008,"2"
"141","10227",32009430,640707,4841709,"P08_CFL_128","BWC",8,"8",2008,"2"
"142","10228",32009431,643504,4841657,"P08_CFL_119","BWC",8,"8",2008,"2"
"143","10229",32009432,640899,4841502,"P08_CFL_102","BWC",8,"8",2008,"2"
"144","10230",32009433,641501,4841314,"P08_CFL_103","BWC",8,"8",2008,"2"
"145","10231",32009434,641400,4841216,"P08_CFL_104","BWC",8,"8",2008,"2"
"146","10232",32009436,640654,4840762,"P08_CFL_87","BWC",8,"8",2008,"2"
"147","10233",32009437,640208,4838862,"P08_CFL_42","BWC",8,"8",2008,"2"
"148","10234",32009438,640153,4837906,"P08_CFL_32","BWC",8,"8",2008,"2"
"149","10235",32009439,640053,4845308,"P08_CFL_224","BWC",8,"8",2008,"2"
"150","10236",32009440,640056,4845101,"P08_CFL_224","BWC",8,"8",2008,"2"
"151","10237",32009441,639463,4845370,"P08_CFL_224","BWC",8,"8",2008,"2"
"152","10238",32009442,639204,4844864,"P08_CFL_224","BWC",8,"8",2008,"2"
"153","10239",32009446,639253,4844211,"P08_CFL_224","BWC",8,"8",2008,"2"
"154","10240",32009447,639353,4844110,"P08_CFL_224","BWC",8,"8",2008,"2"
"155","10241",32009448,639556,4842913,"P08_CFL_224","BWC",8,"8",2008,"2"
"156","10242",32009449,639703,4842863,"P08_CFL_224","BWC",8,"8",2008,"2"
"157","10243",32009451,640059,4844007,"P08_CFL_224","BWC",8,"8",2008,"2"
"158","10244",32009452,639902,4843860,"P08_CFL_224","BWC",8,"8",2008,"2"
"159","10245",32009453,639446,4843767,"P08_CFL_224","BWC",8,"8",2008,"2"
"160","10246",32009454,639543,4843515,"P08_CFL_224","BWC",8,"8",2008,"2"
"161","10247",32009456,639355,4841858,"P08_CFL_224","BWC",8,"8",2008,"2"
"162","10248",32009457,640107,4843959,"P08_CFL_224","BWC",8,"8",2008,"2"
"163","10249",32009458,639955,4843609,"P08_CFL_224","BWC",8,"8",2008,"2"
"164","10250",32009459,639911,4843315,"P08_CFL_224","BWC",8,"8",2008,"2"
"165","10251",32009460,639699,4842507,"P08_CFL_224","BWC",8,"8",2008,"2"
"166","10252",32009461,639407,4842361,"P08_CFL_224","BWC",8,"8",2008,"2"
"167","10253",32009462,639354,4841713,"P08_CFL_224","BWC",8,"8",2008,"2"
"168","10254",32009463,641407,4840317,"P08_CFL_75","BWC",8,"8",2008,"2"
"169","10255",32009464,641349,4840212,"P08_CFL_343","BWC",8,"8",2008,"2"
"170","10256",32009465,643503,4840863,"P08_CFL_119","BWC",8,"8",2008,"2"
"171","10257",32009466,643651,4840714,"P08_CFL_119","BWC",8,"8",2008,"2"
"172","10259",32009468,642109,4840311,"P08_CFL_66","BWC",8,"8",2008,"2"
"173","10260",32009469,642652,4840218,"P08_SC_11","BWC",8,"8",2008,"2"
"174","10262",32009471,639547,4833419,"P08_CFL_17","IMP",8,"8",2008,"2"
"175","10263",32009472,639259,4832808,"P08_CFL_17","IMP",8,"8",2008,"2"
"176","10264",32009473,639606,4834011,"P08_CFL_350","IMP",8,"8",2008,"2"
"177","10265",32009474,639706,4833809,"P08_CFL_350","IMP",8,"8",2008,"2"
"178","10266",32009475,639705,4833710,"P08_CFL_17","IMP",8,"8",2008,"2"
"179","10267",32009476,639759,4833710,"P08_CFL_350","IMP",8,"8",2008,"2"
"180","10268",32009477,639755,4833510,"P08_CFL_17","IMP",8,"8",2008,"2"
"181","10269",32009478,643451,4833062,"P08_CFL_349","IMP",8,"8",2008,"2"
"182","10270",32009479,639652,4833008,"P08_CFL_17","IMP",8,"8",2008,"2"
"183","10271",32009480,639606,4832858,"P08_CFL_17","IMP",8,"8",2008,"2"
"184","10272",32009481,640057,4829511,"P08_CFL_340","IMP",8,"8",2008,"2"
"185","10273",32009482,640106,4829262,"P08_CFL_340","IMP",8,"8",2008,"2"
"186","10274",32009483,640202,4829261,"P08_CFL_340","IMP",8,"8",2008,"2"
"187","10276",32009485,641852,4838915,"P08_CFL_343","IMP",8,"8",2008,"2"
"188","10277",32009486,641452,4838106,"P08_CFL_343","IMP",8,"8",2008,"2"
"189","10278",32009487,641652,4837116,"P08_CFL_343","IMP",8,"8",2008,"2"
"190","10282",32009491,640254,4833211,"P08_SC_1","IMP",8,"8",2008,"2"
"191","10283",32009492,640150,4829910,"P08_CFL_342","IMP",8,"8",2008,"2"
"192","10285",32009494,642504,4827004,"P08_SC_1","IMP",8,"8",2008,"2"
"193","10286",32009495,643104,4839955,"P08_CFL_343","IMP",8,"8",2008,"2"
"194","10287",32009496,643605,4839956,"P08_CFL_343","IMP",8,"8",2008,"2"
"195","10289",32009498,642194,4839803,"P08_CFL_343","IMP",8,"8",2008,"2"
"196","1029",31004087,583085,4912303,"P04_SCB_25","MBC",4,"L4",2001,"2"
"197","10291",32009500,641798,4839611,"P08_CFL_343","IMP",8,"8",2008,"2"
"198","10293",32009502,641449,4839456,"P08_CFL_343","IMP",8,"8",2008,"2"
"199","10294",32009503,642658,4839365,"P08_CFL_343","IMP",8,"8",2008,"2"
"200","10295",32009504,642103,4839210,"P08_CFL_343","IMP",8,"8",2008,"2"
"201","10296",32009505,642698,4839215,"P08_CFL_343","IMP",8,"8",2008,"2"
"202","10297",32009506,641508,4839163,"P08_CFL_343","IMP",8,"8",2008,"2"
"203","10298",32009507,641907,4839117,"P08_CFL_343","IMP",8,"8",2008,"2"
"204","10300",32009509,640851,4838964,"P08_CFL_343","IMP",8,"8",2008,"2"
"205","10302",32009511,643149,4838765,"P08_CFL_343","IMP",8,"8",2008,"2"
"206","10303",32009512,641704,4838613,"P08_CFL_343","IMP",8,"8",2008,"2"
"207","10304",32009513,642005,4838509,"P08_CFL_343","IMP",8,"8",2008,"2"
"208","10305",32009514,643005,4838514,"P08_CFL_343","IMP",8,"8",2008,"2"
"209","10306",32009515,640611,4838461,"P08_CFL_343","IMP",8,"8",2008,"2"
"210","10307",32009516,641949,4838467,"P08_CFL_343","IMP",8,"8",2008,"2"
"211","10309",32009518,642150,4838215,"P08_CFL_343","IMP",8,"8",2008,"2"
"212","10310",32009519,643147,4837905,"P08_CFL_343","IMP",8,"8",2008,"2"
"213","10311",32009520,640853,4837813,"P08_CFL_343","IMP",8,"8",2008,"2"
"214","10313",32009522,640754,4837616,"P08_CFL_343","IMP",8,"8",2008,"2"
"215","10314",32009523,640253,4837562,"P08_CFL_343","IMP",8,"8",2008,"2"
"216","10315",32009524,641451,4837264,"P08_CFL_343","IMP",8,"8",2008,"2"
"217","10316",32009525,640608,4837113,"P08_CFL_343","IMP",8,"8",2008,"2"
"218","10317",32009526,640505,4836964,"P08_CFL_343","IMP",8,"8",2008,"2"
"219","10318",32009527,641007,4836963,"P08_CFL_343","IMP",8,"8",2008,"2"
"220","10319",32009528,641296,4836964,"P08_CFL_343","IMP",8,"8",2008,"2"
"221","1032",31004090,584027,4911008,"P04_USCB_11","MBC",4,"L4",2001,"2"
"222","10320",32009529,641105,4836914,"P08_CFL_343","IMP",8,"8",2008,"2"
"223","10322",32009531,642706,4836912,"P08_CFL_27","IMP",8,"8",2008,"2"
"224","10323",32009532,640554,4836764,"P08_CFL_343","IMP",8,"8",2008,"2"
"225","10324",32009533,642855,4836753,"P08_CFL_27","IMP",8,"8",2008,"2"
"226","10325",32009534,641209,4836610,"P08_CFL_343","IMP",8,"8",2008,"2"
"227","10326",32009535,641155,4836558,"P08_CFL_343","IMP",8,"8",2008,"2"
"228","10327",32009536,643154,4836556,"P08_CFL_27","IMP",8,"8",2008,"2"
"229","10328",32009537,642804,4836507,"P08_CFL_27","IMP",8,"8",2008,"2"
"230","10329",32009538,643105,4836457,"P08_CFL_27","IMP",8,"8",2008,"2"
"231","1033",31004091,585275,4910015,"P04_SCB_24","MBC",4,"L4",2001,"2"
"232","10330",32009539,642552,4836412,"P08_CFL_27","IMP",8,"8",2008,"2"
"233","10332",32009541,642957,4836010,"P08_CFL_27","IMP",8,"8",2008,"2"
"234","10333",32009542,643103,4836008,"P08_CFL_27","IMP",8,"8",2008,"2"
"235","10334",32009543,642507,4835764,"P08_CFL_27","IMP",8,"8",2008,"2"
"236","10335",32009544,642647,4835666,"P08_CFL_27","IMP",8,"8",2008,"2"
"237","10336",32009545,642954,4835659,"P08_CFL_27","IMP",8,"8",2008,"2"
"238","10337",32009546,642798,4835614,"P08_CFL_27","IMP",8,"8",2008,"2"
"239","10338",32009547,641401,4835564,"P08_CFL_342","IMP",8,"8",2008,"1"
"240","10339",32009548,642455,4835468,"P08_CFL_27","IMP",8,"8",2008,"2"
"241","1034",31004092,584043,4909849,"P04_TSC_35","MBC",4,"L4",2001,"2"
"242","10340",32009549,642658,4835258,"P08_CFL_349","IMP",8,"8",2008,"2"
"243","10341",32009550,640458,4835211,"P08_CFL_337","IMP",8,"8",2008,"2"
"244","10342",32009551,641267,4835219,"P08_CFL_342","IMP",8,"8",2008,"2"
"245","10343",32009552,641907,4835162,"P08_CFL_349","IMP",8,"8",2008,"1"
"246","10344",32009553,640405,4835052,"P08_CFL_337","IMP",8,"8",2008,"2"
"247","10345",32009554,641896,4835068,"P08_CFL_349","IMP",8,"8",2008,"1"
"248","10346",32009555,642166,4835063,"P08_CFL_349","IMP",8,"8",2008,"1"
"249","10347",32009556,640512,4835014,"P08_CFL_337","IMP",8,"8",2008,"2"
"250","10348",32009557,640200,4834957,"P08_CFL_337","IMP",8,"8",2008,"2"
"251","10349",32009558,640260,4834960,"P08_CFL_337","IMP",8,"8",2008,"2"
"252","10350",32009559,640901,4834961,"P08_CFL_337","IMP",8,"8",2008,"2"
"253","10351",32009560,640549,4834911,"P08_CFL_337","IMP",8,"8",2008,"2"
"254","10352",32009561,640304,4834701,"P08_CFL_337","IMP",8,"8",2008,"2"
"255","10353",32009562,641203,4834467,"P08_CFL_342","IMP",8,"8",2008,"2"
"256","10354",32009563,640708,4834265,"P08_CFL_342","IMP",8,"8",2008,"2"
"257","10356",32009565,640905,4834162,"P08_CFL_342","IMP",8,"8",2008,"2"
"258","10357",32009566,640644,4834007,"P08_CFL_342","IMP",8,"8",2008,"2"
"259","10358",32009567,641805,4833957,"P08_CFL_342","IMP",8,"8",2008,"2"
"260","10359",32009568,642855,4833960,"P08_CFL_349","IMP",8,"8",2008,"2"
"261","10360",32009569,641501,4833851,"P08_CFL_342","IMP",8,"8",2008,"2"
"262","10361",32009570,640810,4833756,"P08_CFL_342","IMP",8,"8",2008,"2"
"263","10362",32009571,641101,4833703,"P08_CFL_342","IMP",8,"8",2008,"2"
"264","10363",32009572,642801,4833653,"P08_CFL_349","IMP",8,"8",2008,"1"
"265","10364",32009573,642652,4833611,"P08_CFL_349","IMP",8,"8",2008,"2"
"266","10365",32009574,640612,4833560,"P08_CFL_342","IMP",8,"8",2008,"2"
"267","10366",32009575,640909,4833546,"P08_CFL_342","IMP",8,"8",2008,"2"
"268","10367",32009576,641759,4833409,"P08_CFL_342","IMP",8,"8",2008,"2"
"269","10368",32009577,642696,4833311,"P08_CFL_349","IMP",8,"8",2008,"2"
"270","10369",32009578,642755,4833166,"P08_CFL_349","IMP",8,"8",2008,"2"
"271","10370",32009579,643103,4833060,"P08_CFL_349","IMP",8,"8",2008,"2"
"272","10371",32009580,642456,4833003,"P08_CFL_342","IMP",8,"8",2008,"2"
"273","10372",32009581,640458,4832808,"P08_CFL_7","IMP",8,"8",2008,"2"
"274","10373",32009582,641460,4832815,"P08_CFL_342","IMP",8,"8",2008,"2"
"275","10374",32009583,641748,4832757,"P08_CFL_342","IMP",8,"8",2008,"2"
"276","10375",32009584,640955,4832559,"P08_CFL_342","IMP",8,"8",2008,"2"
"277","10376",32009585,641660,4832562,"P08_CFL_342","IMP",8,"8",2008,"2"
"278","10377",32009586,641959,4832560,"P08_CFL_342","IMP",8,"8",2008,"2"
"279","10378",32009587,642108,4832554,"P08_CFL_342","IMP",8,"8",2008,"2"
"280","10379",32009588,641354,4832512,"P08_CFL_342","IMP",8,"8",2008,"2"
"281","10380",32009589,642504,4832502,"P08_CFL_342","IMP",8,"8",2008,"2"
"282","10382",32009591,642106,4832262,"P08_CFL_342","IMP",8,"8",2008,"2"
"283","10383",32009592,642702,4832258,"P08_CFL_342","IMP",8,"8",2008,"2"
"284","10384",32009593,642361,4832216,"P08_CFL_342","IMP",8,"8",2008,"2"
"285","10385",32009595,640795,4832169,"P08_CFL_342","IMP",8,"8",2008,"2"
"286","10386",32009596,640899,4832157,"P08_CFL_342","IMP",8,"8",2008,"2"
"287","10388",32009598,641247,4832064,"P08_CFL_342","IMP",8,"8",2008,"2"
"288","10392",32009602,642603,4831656,"P08_CFL_342","IMP",8,"8",2008,"2"
"289","10395",32009605,643155,4831310,"P08_CFL_342","IMP",8,"8",2008,"2"
"290","10398",32009608,641855,4831214,"P08_CFL_342","IMP",8,"8",2008,"2"
"291","10399",32009609,642356,4831212,"P08_CFL_342","IMP",8,"8",2008,"1"
"292","10401",32009611,640355,4831065,"P08_CFL_342","IMP",8,"8",2008,"2"
"293","10402",32009612,640698,4830955,"P08_CFL_342","IMP",8,"8",2008,"2"
"294","10403",32009613,641703,4830909,"P08_CFL_342","IMP",8,"8",2008,"2"
"295","10404",32009614,642052,4830864,"P08_CFL_342","IMP",8,"8",2008,"2"
"296","10405",32009615,641904,4830613,"P08_CFL_342","IMP",8,"8",2008,"1"
"297","10407",32009617,640002,4830458,"P08_CFL_342","IMP",8,"8",2008,"2"
"298","10411",32009621,640401,4830363,"P08_CFL_342","IMP",8,"8",2008,"2"
"299","10415",32009625,643002,4830206,"P08_CFL_342","IMP",8,"8",2008,"2"
"300","10419",32009629,639705,4829762,"P08_CFL_340","IMP",8,"8",2008,"2"
"301","10420",32009630,640051,4829662,"P08_CFL_340","IMP",8,"8",2008,"2"
"302","10425",32009635,641406,4829410,"P08_CFL_342","IMP",8,"8",2008,"2"
"303","10427",32009637,641606,4829312,"P08_CFL_342","IMP",8,"8",2008,"1"
"304","10428",32009638,641754,4829312,"P08_CFL_342","IMP",8,"8",2008,"2"
"305","10430",32009640,640355,4829208,"P08_CFL_340","IMP",8,"8",2008,"2"
"306","10431",32009641,642407,4829211,"P08_CFL_342","IMP",8,"8",2008,"1"
"307","10432",32009642,643352,4829111,"P08_CFL_339","IMP",8,"8",2008,"2"
"308","10436",32009646,641853,4828661,"P08_CFL_342","IMP",8,"8",2008,"2"
"309","10438",32009648,641755,4828210,"P08_CFL_342","IMP",8,"8",2008,"2"
"310","10439",32009649,641058,4835112,"P08_CFL_337","IMP",8,"8",2008,"2"
"311","10440",32009652,643407,4836708,"P08_CFL_27","IMP",8,"8",2008,"2"
"312","10441",32009653,643352,4836604,"P08_CFL_27","IMP",8,"8",2008,"2"
"313","10442",32009654,643308,4835907,"P08_CFL_27","IMP",8,"8",2008,"2"
"314","10443",32009655,639560,4831062,"P08_CFL_341","IMP",8,"8",2008,"2"
"315","10444",32009676,640860,4847118,"P08_SCB_28","MBC",8,"8",2009,"2"
"316","10456",32009688,640995,4847503,"P08_SCB_28","MBC",8,"8",2009,"2"
"317","10458",32009691,640698,4844215,"P08_SCB_26","MBC",8,"8",2009,"2"
"318","10462",32009695,640701,4843869,"P08_SCB_26","MBC",8,"8",2009,"2"
"319","10465",32009698,640701,4843517,"P08_SCB_26","MBC",8,"8",2009,"2"
"320","10471",32009704,639705,4839256,"P08_SCB_25","MBC",8,"8",2009,"2"
"321","10475",32009708,641601,4835368,"P08_SCB_21","MBC",8,"8",2009,"2"
"322","10476",32009709,641946,4834511,"P08_USCB_9","MBC",8,"8",2009,"2"
"323","10478",32009711,643207,4832458,"P08_USCB_3","MBC",8,"8",2009,"2"
"324","10484",32009717,639654,4838716,"P08_SCB_25","MBC",8,"8",2009,"2"
"325","10486",32009719,637009,4856060,"P08_SCB_31","MBC",8,"8",2009,"1"
"326","10490",32009723,639508,4850557,"P08_SCB_29","MBC",8,"8",2009,"2"
"327","10498",32009731,639650,4841060,"P08_SCB_25","MBC",8,"8",2009,"2"
"328","10499",32009732,639656,4840866,"P08_SCB_25","MBC",8,"8",2009,"2"
"329","105",31002052,542076,4936257,"P04_CFL_67","BWC",4,"U4",1998,"2"
"330","10502",32009735,639806,4840250,"P08_SCB_25","MBC",8,"8",2009,"2"
"331","10503",32009736,639799,4840212,"P08_SCB_25","MBC",8,"8",2009,"2"
"332","10505",32009738,639700,4838764,"P08_SCB_25","MBC",8,"8",2009,"2"
"333","10506",32009739,639955,4837714,"P08_SCB_25","MBC",8,"8",2009,"2"
"334","10507",32009740,639998,4837559,"P08_SCB_25","MBC",8,"8",2009,"2"
"335","10508",32009742,640750,4836254,"P08_SCB_24","MBC",8,"8",2009,"2"
"336","10509",32009743,641958,4834610,"P08_USCB_9","MBC",8,"8",2009,"2"
"337","10510",32009744,642507,4826917,"P08_CFL_338","MBC",8,"8",2009,"2"
"338","10511",32009745,641899,4834719,"P08_USCB_9","MBC",8,"8",2009,"2"
"339","10512",32009746,641245,4848999,"P08_SC_13","SC",8,"8",2009,"2"
"340","10513",32009747,643404,4841968,"P08_TSC_49","SC",8,"8",2009,"2"
"341","10514",32009748,639354,4855164,"P08_TSC_72","SC",8,"8",2009,"2"
"342","10515",32009749,640955,4848064,"P08_TSC_12","SC",8,"8",2009,"2"
"343","10516",32009751,640845,4847561,"P08_TSC_12","SC",8,"8",2009,"2"
"344","10518",32009753,643501,4846616,"P08_SC_11","SC",8,"8",2009,"2"
"345","10519",32009754,643409,4846568,"P08_TSC_83","SC",8,"8",2009,"2"
"346","10521",32009756,643410,4846016,"P08_SC_11","SC",8,"8",2009,"2"
"347","10522",32009757,642155,4845863,"P08_TSC_81","SC",8,"8",2009,"2"
"348","10523",32009758,642402,4845855,"P08_SC_11","SC",8,"8",2009,"2"
"349","10525",32009761,642150,4845715,"P08_CFL_216","SC",8,"8",2009,"2"
"350","10526",32009762,641504,4845443,"P08_SC_10","SC",8,"8",2009,"2"
"351","10535",32009772,643802,4842417,"P08_SC_8","SC",8,"8",2009,"2"
"352","10536",32009773,641200,4842062,"P08_TSC_48","SC",8,"8",2009,"2"
"353","10537",32009774,640048,4841667,"P08_TSC_46","SC",8,"8",2009,"2"
"354","10538",32009775,639861,4841119,"P08_TSC_46","SC",8,"8",2009,"2"
"355","10539",32009776,640051,4840499,"P08_TSC_44","SC",8,"8",2009,"2"
"356","10540",32009777,640105,4840318,"P08_TSC_44","SC",8,"8",2009,"2"
"357","10543",32009780,638110,4856109,"P08_SC_17","SC",8,"8",2009,"2"
"358","10546",32009783,638552,4854111,"P08_SCB_30","SC",8,"8",2009,"2"
"359","10551",32009788,641103,4849163,"P08_SC_13","SC",8,"8",2009,"2"
"360","10553",32009790,641303,4848913,"P08_SC_13","SC",8,"8",2009,"2"
"361","10554",32009791,643360,4846104,"P08_SC_11","SC",8,"8",2009,"2"
"362","10556",32009793,642056,4843608,"P08_SC_11","SC",8,"8",2009,"2"
"363","10557",32009794,640754,4841964,"P08_CFL_128","SC",8,"8",2009,"2"
"364","10560",32009797,639203,4835007,"P08_TSC_76","SC",8,"8",2009,"2"
"365","10561",32009798,642049,4849207,"P08_TSC_70","SC",8,"8",2009,"2"
"366","10562",32009799,640895,4842455,"P08_CFL_128","SC",8,"8",2009,"2"
"367","10563",32009800,640788,4842156,"P08_CFL_128","SC",8,"8",2009,"2"
"368","10564",32009801,640845,4842160,"P08_CFL_128","SC",8,"8",2009,"2"
"369","10566",32009803,639207,4834858,"P08_CFL_18","SC",8,"8",2009,"2"
"370","10567",32009804,642703,4837663,"P08_CFL_343","SC",8,"8",2009,"2"
"371","10570",32009807,641305,4828766,"P08_CFL_342","SC",8,"8",2009,"2"
"372","10571",32009808,642341,4834065,"P08_CFL_349","SC",8,"8",2009,"1"
"373","10573",32009810,639551,4832116,"P08_CFL_17","SC",8,"8",2009,"2"
"374","10574",32009811,644111,4845403,"P08_CFL_238","BWC",8,"8",2009,"2"
"375","10575",32009812,640953,4840561,"P08_CFL_72","BWC",8,"8",2009,"2"
"376","10576",32009814,644214,4846222,"P08_CFL_238","BWC",8,"8",2009,"2"
"377","10577",32009815,644359,4845366,"P08_CFL_238","BWC",8,"8",2009,"2"
"378","10578",32009816,638464,4857558,"P08_CFL_335","BWC",8,"8",2009,"2"
"379","10579",32009817,638555,4857455,"P08_CFL_335","BWC",8,"8",2009,"2"
"380","10580",32009818,643499,4845953,"P08_CFL_234","BWC",8,"8",2009,"2"
"381","10581",32009819,644455,4845458,"P08_CFL_238","BWC",8,"8",2009,"2"
"382","10582",32009820,644410,4845160,"P08_CFL_238","BWC",8,"8",2009,"2"
"383","10583",32009821,644853,4843448,"P08_CFL_162","BWC",8,"8",2009,"2"
"384","10584",32009822,639847,4836713,"P08_CFL_337","BWC",8,"8",2009,"2"
"385","10585",32009823,639605,4836516,"P08_CFL_337","BWC",8,"8",2009,"2"
"386","10586",32009824,637842,4857963,"P08_CFL_334","BWC",8,"8",2009,"2"
"387","10587",32009825,637852,4858055,"P08_CFL_334","BWC",8,"8",2009,"2"
"388","10588",32009826,642701,4846501,"P08_CFL_250","BWC",8,"8",2009,"2"
"389","10589",32009828,640061,4840067,"","BWC",8,"8",2009,"2"
"390","10590",32009829,640099,4835955,"P08_CFL_337","BWC",8,"8",2009,"2"
"391","10591",32009830,640100,4835918,"P08_CFL_337","BWC",8,"8",2009,"2"
"392","10592",32009831,640453,4835467,"P08_CFL_337","BWC",8,"8",2009,"2"
"393","10593",32009832,640152,4835359,"P08_CFL_337","BWC",8,"8",2009,"2"
"394","10594",32009833,639503,4834362,"P08_CFL_18","BWC",8,"8",2009,"2"
"395","10595",32009834,640503,4835960,"P08_CFL_337","BWC",8,"8",2009,"2"
"396","10596",32009835,641499,4841909,"P08_SC_11","BWC",8,"8",2009,"2"
"397","10597",32009836,640912,4840862,"P08_CFL_82","BWC",8,"8",2009,"2"
"398","10598",32009837,643354,4840855,"P08_CFL_86","BWC",8,"8",2009,"2"
"399","10599",32009838,641356,4840663,"P08_TSC_43","BWC",8,"8",2009,"2"
"400","106",31002053,542324,4936110,"P04_CFL_67","BWC",4,"U4",1998,"2"
"401","10600",32009839,640206,4839115,"P08_CFL_42","BWC",8,"8",2009,"2"
"402","10601",32009840,639844,4838451,"P08_CFL_41","BWC",8,"8",2009,"2"
"403","10602",32009841,637856,4857510,"P08_CFL_334","BWC",8,"8",2009,"2"
"404","10603",32009842,638064,4857364,"P08_CFL_334","BWC",8,"8",2009,"2"
"405","10604",32009843,638065,4857321,"P08_CFL_334","BWC",8,"8",2009,"2"
"406","10605",32009844,642047,4844912,"P08_TSC_80","BWC",8,"8",2009,"2"
"407","10606",32009845,644010,4841664,"P08_CFL_119","BWC",8,"8",2009,"2"
"408","10607",32009846,643849,4841610,"P08_CFL_119","BWC",8,"8",2009,"2"
"409","10608",32009847,643904,4841604,"P08_CFL_119","BWC",8,"8",2009,"2"
"410","10609",32009848,643703,4841559,"P08_CFL_119","BWC",8,"8",2009,"2"
"411","10610",32009849,643608,4841416,"P08_CFL_119","BWC",8,"8",2009,"2"
"412","10611",32009850,640459,4839112,"P08_TSC_27","BWC",8,"8",2009,"2"
"413","10612",32009851,640254,4838457,"P08_CFL_36","BWC",8,"8",2009,"2"
"414","10613",32009852,639302,4834263,"P08_CFL_17","BWC",8,"8",2009,"2"
"415","10614",32009853,643111,4846363,"P08_CFL_354","BWC",8,"8",2009,"2"
"416","10615",32009854,643555,4845613,"P08_TSC_69","BWC",8,"8",2009,"2"
"417","10616",32009855,642716,4845363,"P08_CFL_204","BWC",8,"8",2009,"2"
"418","10617",32009856,641958,4845309,"P08_TSC_67","BWC",8,"8",2009,"2"
"419","10618",32009857,641352,4844851,"P08_CFL_200","BWC",8,"8",2009,"2"
"420","10620",32009859,643810,4844306,"P08_TSC_69","BWC",8,"8",2009,"2"
"421","10621",32009860,642311,4843509,"P08_SC_11","BWC",8,"8",2009,"2"
"422","10623",32009862,640462,4842156,"P08_TSC_54","BWC",8,"8",2009,"2"
"423","10624",32009863,640454,4840263,"P08_SC_5","BWC",8,"8",2009,"2"
"424","10625",32009864,638063,4857962,"P08_CFL_334","BWC",8,"8",2009,"2"
"425","10626",32009865,638763,4857853,"P08_CFL_335","BWC",8,"8",2009,"2"
"426","10627",32009866,637706,4857715,"P08_CFL_334","BWC",8,"8",2009,"2"
"427","10628",32009867,636545,4857119,"P08_CFL_330","BWC",8,"8",2009,"2"
"428","10629",32009868,638758,4856764,"P08_CFL_335","BWC",8,"8",2009,"2"
"429","10630",32009869,638756,4856615,"P08_CFL_335","BWC",8,"8",2009,"2"
"430","10631",32009870,637658,4856452,"P08_CFL_326","BWC",8,"8",2009,"2"
"431","10632",32009871,638659,4856265,"P08_CFL_325","BWC",8,"8",2009,"2"
"432","10633",32009872,639151,4855808,"P08_CFL_321","BWC",8,"8",2009,"2"
"433","10634",32009873,639658,4852082,"P08_CFL_300","BWC",8,"8",2009,"2"
"434","10635",32009874,639312,4850109,"P08_CFL_295","BWC",8,"8",2009,"2"
"435","10636",32009876,640655,4848091,"P08_CFL_291","BWC",8,"8",2009,"2"
"436","10637",32009877,642159,4847956,"P08_CFL_283","BWC",8,"8",2009,"2"
"437","10638",32009878,642449,4847801,"P08_TSC_70","BWC",8,"8",2009,"2"
"438","10639",32009879,642646,4847409,"P08_TSC_82","BWC",8,"8",2009,"2"
"439","10640",32009880,643357,4846959,"P08_CFL_269","BWC",8,"8",2009,"2"
"440","10641",32009881,641554,4846360,"P08_CFL_247","BWC",8,"8",2009,"2"
"441","10642",32009882,641060,4845852,"P08_CFL_220","BWC",8,"8",2009,"2"
"442","10643",32009883,643050,4845855,"P08_TSC_86","BWC",8,"8",2009,"2"
"443","10644",32009884,644055,4844919,"P08_TSC_88","BWC",8,"8",2009,"2"
"444","10645",32009885,643651,4844814,"P08_CFL_194","BWC",8,"8",2009,"2"
"445","10646",32009886,643805,4844503,"P08_TSC_88","BWC",8,"8",2009,"2"
"446","10647",32009887,642058,4844262,"P08_CFL_228","BWC",8,"8",2009,"2"
"447","10648",32009888,641769,4843154,"P08_TSC_57","BWC",8,"8",2009,"2"
"448","10649",32009889,643158,4842516,"P08_CFL_159","BWC",8,"8",2009,"2"
"449","10650",32009890,641855,4842312,"P08_CFL_122","BWC",8,"8",2009,"2"
"450","10651",32009891,643108,4842263,"P08_CFL_159","BWC",8,"8",2009,"2"
"451","10652",32009892,641795,4842165,"P08_CFL_122","BWC",8,"8",2009,"2"
"452","10653",32009893,641316,4841806,"P08_CFL_114","BWC",8,"8",2009,"2"
"453","10654",32009894,639402,4841518,"P08_CFL_224","BWC",8,"8",2009,"2"
"454","10655",32009895,643503,4841505,"P08_CFL_119","BWC",8,"8",2009,"2"
"455","10656",32009896,641057,4841304,"P08_CFL_102","BWC",8,"8",2009,"2"
"456","10657",32009897,640946,4841059,"P08_CFL_89","BWC",8,"8",2009,"2"
"457","10658",32009899,640745,4840060,"P08_CFL_72","BWC",8,"8",2009,"2"
"458","10659",32009900,640957,4840014,"P08_CFL_72","BWC",8,"8",2009,"2"
"459","10660",32009902,638509,4850809,"P08_CFL_348","BWC",8,"8",2009,"2"
"460","10661",32009903,637706,4850055,"P08_CFL_348","BWC",8,"8",2009,"2"
"461","10662",32009904,639962,4845061,"P08_CFL_224","BWC",8,"8",2009,"2"
"462","10663",32009905,640047,4845060,"P08_CFL_224","BWC",8,"8",2009,"2"
"463","10664",32009906,639451,4844857,"P08_CFL_224","BWC",8,"8",2009,"2"
"464","10665",32009907,639059,4844807,"P08_CFL_224","BWC",8,"8",2009,"2"
"465","10666",32009908,639358,4844813,"P08_CFL_224","BWC",8,"8",2009,"2"
"466","10667",32009909,638251,4850608,"P08_CFL_348","BWC",8,"8",2009,"2"
"467","10668",32009910,639552,4844506,"P08_CFL_224","BWC",8,"8",2009,"2"
"468","10669",32009911,639149,4844166,"P08_CFL_224","BWC",8,"8",2009,"2"
"469","10670",32009912,638806,4850159,"P08_CFL_348","BWC",8,"8",2009,"2"
"470","10671",32009913,639401,4843761,"P08_CFL_224","BWC",8,"8",2009,"2"
"471","10672",32009914,639263,4843359,"P08_CFL_224","BWC",8,"8",2009,"2"
"472","10673",32009915,639356,4842958,"P08_CFL_224","BWC",8,"8",2009,"2"
"473","10674",32009918,642260,4840563,"P08_CFL_94","BWC",8,"8",2009,"2"
"474","10675",32009919,642401,4840413,"P08_CFL_92","BWC",8,"8",2009,"2"
"475","10676",32009920,642803,4840064,"P08_CFL_343","BWC",8,"8",2009,"2"
"476","10677",32009921,639310,4834114,"P08_CFL_17","IMP",8,"8",2009,"2"
"477","10678",32009922,639606,4833602,"P08_CFL_17","IMP",8,"8",2009,"2"
"478","10679",32009923,639311,4833303,"P08_CFL_17","IMP",8,"8",2009,"2"
"479","10680",32009925,639396,4832818,"P08_CFL_17","IMP",8,"8",2009,"2"
"480","10681",32009926,639802,4829267,"P08_CFL_340","IMP",8,"8",2009,"2"
"481","10682",32009927,639656,4834914,"P08_CFL_20","IMP",8,"8",2009,"2"
"482","10683",32009928,639657,4833913,"P08_CFL_350","IMP",8,"8",2009,"2"
"483","10684",32009929,641204,4834709,"P08_CFL_337","IMP",8,"8",2009,"2"
"484","10685",32009930,639557,4829768,"P08_CFL_340","IMP",8,"8",2009,"2"
"485","10686",32009931,641999,4840113,"P08_CFL_66","IMP",8,"8",2009,"2"
"486","10688",32009933,643051,4833408,"P08_CFL_349","IMP",8,"8",2009,"2"
"487","10689",32009934,643299,4833069,"P08_CFL_349","IMP",8,"8",2009,"2"
"488","10690",32009935,639552,4832715,"P08_CFL_17","IMP",8,"8",2009,"2"
"489","10691",32009936,640157,4829368,"P08_CFL_340","IMP",8,"8",2009,"2"
"490","10693",32009938,643455,4839307,"P08_CFL_343","IMP",8,"8",2009,"2"
"491","10694",32009939,641657,4839113,"P08_CFL_343","IMP",8,"8",2009,"2"
"492","10695",32009940,641855,4839113,"P08_CFL_343","IMP",8,"8",2009,"2"
"493","10696",32009941,640455,4836912,"P08_CFL_343","IMP",8,"8",2009,"2"
"494","10697",32009942,640657,4836708,"P08_CFL_343","IMP",8,"8",2009,"2"
"495","10699",32009944,642653,4835311,"P08_CFL_349","IMP",8,"8",2009,"2"
"496","10700",32009945,642851,4834704,"P08_CFL_349","IMP",8,"8",2009,"2"
"497","10701",32009947,641451,4831907,"P08_CFL_342","IMP",8,"8",2009,"2"
"498","10702",32009948,642856,4831706,"P08_CFL_342","IMP",8,"8",2009,"2"
"499","10703",32009949,641050,4830910,"P08_CFL_342","IMP",8,"8",2009,"2"
"500","10704",32009950,640854,4830711,"P08_CFL_342","IMP",8,"8",2009,"2"
"501","10705",32009951,640051,4830519,"P08_CFL_342","IMP",8,"8",2009,"2"
"502","10707",32009953,641461,4828714,"P08_CFL_342","IMP",8,"8",2009,"2"
"503","10708",32009954,641855,4828118,"P08_CFL_342","IMP",8,"8",2009,"2"
"504","10709",32009955,641309,4828366,"P08_CFL_340","IMP",8,"8",2009,"2"
"505","10710",32009956,642552,4827416,"P08_CFL_342","IMP",8,"8",2009,"2"
"506","10711",32009957,643557,4840563,"P08_CFL_343","IMP",8,"8",2009,"2"
"507","10712",32009958,643605,4840411,"P08_CFL_343","IMP",8,"8",2009,"2"
"508","10713",32009959,643605,4839958,"P08_CFL_343","IMP",8,"8",2009,"2"
"509","10714",32009960,642506,4839906,"P08_CFL_343","IMP",8,"8",2009,"2"
"510","10716",32009962,641748,4839609,"P08_CFL_343","IMP",8,"8",2009,"2"
"511","10717",32009963,642055,4839562,"P08_CFL_343","IMP",8,"8",2009,"2"
"512","10718",32009964,643354,4839313,"P08_CFL_343","IMP",8,"8",2009,"2"
"513","10719",32009965,642249,4839262,"P08_CFL_343","IMP",8,"8",2009,"2"
"514","10720",32009966,642403,4839262,"P08_CFL_343","IMP",8,"8",2009,"2"
"515","10721",32009967,643155,4839261,"P08_CFL_343","IMP",8,"8",2009,"2"
"516","10722",32009968,641351,4839171,"P08_CFL_343","IMP",8,"8",2009,"2"
"517","10723",32009969,642400,4839162,"P08_CFL_343","IMP",8,"8",2009,"2"
"518","10724",32009970,642600,4839156,"P08_CFL_343","IMP",8,"8",2009,"2"
"519","10725",32009971,641554,4838464,"P08_CFL_343","IMP",8,"8",2009,"2"
"520","10726",32009972,641857,4838408,"P08_TSC_26","IMP",8,"8",2009,"1"
"521","10728",32009974,641506,4838363,"P08_CFL_343","IMP",8,"8",2009,"2"
"522","10729",32009976,641751,4838212,"P08_CFL_343","IMP",8,"8",2009,"2"
"523","10730",32009977,641956,4838212,"P08_CFL_343","IMP",8,"8",2009,"2"
"524","10732",32009979,642855,4837965,"P08_CFL_343","IMP",8,"8",2009,"2"
"525","10733",32009983,641759,4837668,"P08_CFL_343","IMP",8,"8",2009,"2"
"526","10734",32009984,642008,4837556,"P08_CFL_343","IMP",8,"8",2009,"2"
"527","10735",32009985,643057,4837555,"P08_CFL_27","IMP",8,"8",2009,"2"
"528","10737",32009988,642204,4837309,"P08_CFL_343","IMP",8,"8",2009,"2"
"529","10738",32009989,641856,4837162,"P08_CFL_343","IMP",8,"8",2009,"2"
"530","10739",32009990,642702,4836973,"P08_CFL_27","IMP",8,"8",2009,"2"
"531","10740",32009991,641005,4836815,"P08_CFL_343","IMP",8,"8",2009,"2"
"532","10741",32009992,641756,4836816,"P08_CFL_343","IMP",8,"8",2009,"2"
"533","10742",32009993,643048,4836813,"P08_CFL_27","IMP",8,"8",2009,"2"
"534","10743",32009994,640508,4836759,"P08_CFL_343","IMP",8,"8",2009,"2"
"535","10744",32009995,640909,4836714,"P08_CFL_343","IMP",8,"8",2009,"2"
"536","10745",32009996,641707,4836614,"P08_CFL_343","IMP",8,"8",2009,"2"
"537","10746",32009997,641103,4835918,"P08_CFL_337","IMP",8,"8",2009,"2"
"538","10747",32009998,642947,4835910,"P08_CFL_27","IMP",8,"8",2009,"2"
"539","10748",32009999,641807,4835763,"P08_CFL_343","IMP",8,"8",2009,"2"
"540","10749",32010000,642143,4835557,"P08_CFL_343","IMP",8,"8",2009,"2"
"541","10750",32010001,642156,4835464,"P08_CFL_349","IMP",8,"8",2009,"2"
"542","10751",32010002,642305,4835408,"P08_CFL_349","IMP",8,"8",2009,"2"
"543","10752",32010003,641449,4835358,"P08_CFL_342","IMP",8,"8",2009,"2"
"544","10753",32010004,641002,4835313,"P08_CFL_337","IMP",8,"8",2009,"2"
"545","10754",32010005,640306,4835106,"P08_CFL_337","IMP",8,"8",2009,"2"
"546","10755",32010006,640253,4835014,"P08_CFL_337","IMP",8,"8",2009,"2"
"547","10756",32010007,640708,4835015,"P08_CFL_337","IMP",8,"8",2009,"2"
"548","10757",32010008,642705,4835007,"P08_CFL_349","IMP",8,"8",2009,"2"
"549","10758",32010009,641155,4834866,"P08_CFL_337","IMP",8,"8",2009,"2"
"550","10759",32010010,641108,4834763,"P08_CFL_337","IMP",8,"8",2009,"2"
"551","1076",31004198,536429,4935754,"P04_CFL_274","BWC",4,"U4",2001,"2"
"552","10760",32010011,639902,4834712,"P08_SC_1","IMP",8,"8",2009,"2"
"553","10761",32010013,640855,4834613,"P08_CFL_337","IMP",8,"8",2009,"2"
"554","10762",32010014,642654,4834606,"P08_CFL_349","IMP",8,"8",2009,"2"
"555","10763",32010015,642256,4834559,"P08_CFL_349","IMP",8,"8",2009,"2"
"556","10764",32010016,641306,4834510,"P08_CFL_342","IMP",8,"8",2009,"2"
"557","10765",32010017,642599,4834500,"P08_CFL_349","IMP",8,"8",2009,"2"
"558","10766",32010018,642756,4834502,"P08_CFL_349","IMP",8,"8",2009,"2"
"559","10767",32010019,642551,4834466,"P08_CFL_349","IMP",8,"8",2009,"2"
"560","10768",32010020,641515,4834351,"P08_CFL_342","IMP",8,"8",2009,"2"
"561","10769",32010021,640807,4833963,"P08_CFL_342","IMP",8,"8",2009,"2"
"562","1077",31004199,536130,4935706,"P04_CFL_274","BWC",4,"U4",2001,"2"
"563","10770",32010022,641705,4833905,"P08_CFL_342","IMP",8,"8",2009,"2"
"564","10771",32010023,642446,4833865,"P08_CFL_349","IMP",8,"8",2009,"2"
"565","10772",32010024,640397,4833610,"P08_CFL_342","IMP",8,"8",2009,"2"
"566","10773",32010025,642751,4833611,"P08_CFL_349","IMP",8,"8",2009,"2"
"567","10774",32010026,640805,4833563,"P08_CFL_342","IMP",8,"8",2009,"2"
"568","10775",32010027,642555,4833567,"P08_CFL_349","IMP",8,"8",2009,"2"
"569","10776",32010028,641657,4833405,"P08_CFL_342","IMP",8,"8",2009,"2"
"570","10777",32010029,642707,4833305,"P08_CFL_349","IMP",8,"8",2009,"2"
"571","10778",32010031,642999,4833217,"P08_CFL_349","IMP",8,"8",2009,"2"
"572","10780",32010034,643144,4833113,"P08_CFL_349","IMP",8,"8",2009,"2"
"573","10781",32010035,640348,4833060,"P08_CFL_7","IMP",8,"8",2009,"2"
"574","10782",32010036,640906,4833058,"P08_CFL_342","IMP",8,"8",2009,"2"
"575","10783",32010038,640455,4833011,"P08_CFL_7","IMP",8,"8",2009,"2"
"576","10784",32010039,642247,4833007,"P08_CFL_342","IMP",8,"8",2009,"2"
"577","10785",32010041,642862,4832960,"P08_CFL_349","IMP",8,"8",2009,"2"
"578","10786",32010042,640501,4832914,"P08_CFL_7","IMP",8,"8",2009,"2"
"579","10788",32010045,640065,4832567,"P08_SC_1","IMP",8,"8",2009,"2"
"580","10789",32010047,641049,4832352,"P08_CFL_342","IMP",8,"8",2009,"2"
"581","10790",32010048,642207,4832274,"P08_CFL_342","IMP",8,"8",2009,"2"
"582","10791",32010049,640257,4832206,"P08_TSC_19","IMP",8,"8",2009,"2"
"583","10792",32010050,641250,4832210,"P08_CFL_342","IMP",8,"8",2009,"2"
"584","10793",32010051,642305,4832213,"P08_CFL_342","IMP",8,"8",2009,"2"
"585","10794",32010052,642556,4832160,"P08_CFL_342","IMP",8,"8",2009,"2"
"586","10796",32010054,640355,4832103,"P08_CFL_342","IMP",8,"8",2009,"2"
"587","10798",32010056,640150,4831763,"P08_CFL_342","IMP",8,"8",2009,"2"
"588","10799",32010057,642150,4831705,"P08_CFL_342","IMP",8,"8",2009,"2"
"589","10800",32010058,642955,4831663,"P08_CFL_342","IMP",8,"8",2009,"2"
"590","10801",32010059,641059,4831618,"P08_CFL_342","IMP",8,"8",2009,"2"
"591","10802",32010060,641853,4831605,"P08_CFL_342","IMP",8,"8",2009,"2"
"592","10803",32010061,641703,4831568,"P08_CFL_342","IMP",8,"8",2009,"2"
"593","10804",32010062,642503,4831568,"P08_CFL_342","IMP",8,"8",2009,"1"
"594","10805",32010063,641906,4831464,"P08_CFL_342","IMP",8,"8",2009,"2"
"595","10806",32010064,642051,4831464,"P08_CFL_342","IMP",8,"8",2009,"1"
"596","10807",32010065,642254,4831456,"P08_CFL_342","IMP",8,"8",2009,"2"
"597","10808",32010066,642806,4831468,"P08_CFL_342","IMP",8,"8",2009,"2"
"598","10809",32010067,642257,4831361,"P08_CFL_342","IMP",8,"8",2009,"2"
"599","10810",32010068,642704,4831267,"P08_CFL_342","IMP",8,"8",2009,"2"
"600","10811",32010069,641255,4831166,"P08_CFL_342","IMP",8,"8",2009,"2"
"601","10812",32010070,640604,4831109,"P08_CFL_342","IMP",8,"8",2009,"2"
"602","10813",32010071,642699,4831114,"P08_CFL_342","IMP",8,"8",2009,"2"
"603","10814",32010072,640652,4831065,"P08_CFL_342","IMP",8,"8",2009,"2"
"604","10815",32010073,640856,4831065,"P08_CFL_342","IMP",8,"8",2009,"2"
"605","10816",32010074,641650,4831072,"P08_CFL_342","IMP",8,"8",2009,"2"
"606","10817",32010075,641251,4831019,"P08_CFL_342","IMP",8,"8",2009,"2"
"607","10818",32010076,643097,4830911,"P08_CFL_342","IMP",8,"8",2009,"2"
"608","10819",32010077,642651,4830866,"P08_CFL_342","IMP",8,"8",2009,"2"
"609","10820",32010078,640707,4830712,"P08_CFL_342","IMP",8,"8",2009,"2"
"610","10821",32010079,640250,4830665,"P08_CFL_342","IMP",8,"8",2009,"2"
"611","10822",32010080,641550,4830610,"P08_CFL_342","IMP",8,"8",2009,"2"
"612","10823",32010081,640553,4830117,"P08_CFL_342","IMP",8,"8",2009,"2"
"613","10824",32010082,640208,4830057,"P08_CFL_342","IMP",8,"8",2009,"2"
"614","10825",32010083,640201,4830014,"P08_CFL_342","IMP",8,"8",2009,"2"
"615","10826",32010084,640804,4830010,"P08_CFL_342","IMP",8,"8",2009,"2"
"616","10828",32010086,641505,4829815,"P08_CFL_342","IMP",8,"8",2009,"2"
"617","10829",32010087,641207,4829765,"P08_CFL_342","IMP",8,"8",2009,"2"
"618","10830",32010088,642603,4829765,"P08_CFL_342","IMP",8,"8",2009,"2"
"619","10831",32010089,640401,4829710,"P08_CFL_342","IMP",8,"8",2009,"2"
"620","10832",32010090,641502,4829719,"P08_CFL_342","IMP",8,"8",2009,"2"
"621","10833",32010091,643399,4829212,"P08_CFL_339","IMP",8,"8",2009,"2"
"622","10834",32010092,643353,4829015,"P08_CFL_339","IMP",8,"8",2009,"2"
"623","10836",32010094,641852,4828760,"P08_CFL_342","IMP",8,"8",2009,"2"
"624","10837",32010095,641005,4828621,"P08_CFL_340","IMP",8,"8",2009,"2"
"625","10838",32010096,642055,4828414,"P08_CFL_342","IMP",8,"8",2009,"2"
"626","10839",32010098,641855,4828362,"P08_CFL_342","IMP",8,"8",2009,"2"
"627","10840",32010099,641203,4828161,"P08_CFL_340","IMP",8,"8",2009,"2"
"628","10841",32010100,642303,4828015,"P08_CFL_342","IMP",8,"8",2009,"2"
"629","10842",32010101,643310,4839011,"P08_CFL_343","IMP",8,"8",2009,"2"
"630","10843",32010102,643455,4838615,"P08_CFL_343","IMP",8,"8",2009,"2"
"631","10844",32010103,642764,4837410,"P08_CFL_27","IMP",8,"8",2009,"2"
"632","10845",32010104,640706,4828868,"P08_CFL_340","IMP",8,"8",2009,"2"
"633","10846",32010105,640751,4828864,"P08_CFL_340","IMP",8,"8",2009,"2"
"634","10848",32010129,640035,4836872,"","MBC",8,"8",2010,"2"
"635","1085",31004210,539083,4935653,"P04_CFL_71","BWC",4,"U4",2001,"2"
"636","10850",32010133,639591,4851427,"P08_SCB_29","MBC",8,"8",2010,"2"
"637","10853",32010136,639488,4850971,"P08_SCB_29","MBC",8,"8",2010,"1"
"638","10856",32010139,641093,4848668,"","MBC",8,"8",2010,"2"
"639","10857",32010141,640992,4848566,"P08_SCB_28","MBC",8,"8",2010,"2"
"640","10859",32010143,640642,4844579,"P08_SCB_26","MBC",8,"8",2010,"1"
"641","1086",31004211,539530,4935561,"P04_CFL_72","BWC",4,"U4",2001,"2"
"642","10861",32010146,640744,4844282,"P08_SC_9","MBC",8,"8",2010,"2"
"643","10866",32010154,641585,4835673,"","MBC",8,"8",2010,"2"
"644","10868",32010156,643135,4832771,"P08_CFL_349","MBC",8,"8",2010,"2"
"645","10869",32010157,643141,4832720,"P08_CFL_349","MBC",8,"8",2010,"2"
"646","1087",31004212,539624,4935514,"P04_CFL_72","BWC",4,"U4",2001,"2"
"647","10870",32010158,642844,4827766,"P08_CFL_342","MBC",8,"8",2010,"2"
"648","10871",32010159,642541,4827071,"P08_SC_1","MBC",8,"8",2010,"2"
"649","10872",32010160,642544,4826975,"P08_SC_1","MBC",8,"8",2010,"2"
"650","10873",32010161,642593,4826572,"P08_CFL_338","MBC",8,"8",2010,"2"
"651","10874",32010162,642643,4826574,"P08_SC_1","MBC",8,"8",2010,"2"
"652","10875",32010164,637081,4856072,"P08_SCB_31","MBC",8,"8",2010,"2"
"653","10878",32010172,641092,4849219,"P08_SC_13","MBC",8,"8",2010,"2"
"654","1088",31004213,539380,4935454,"P04_CFL_72","BWC",4,"U4",2001,"2"
"655","10884",32010182,639788,4839069,"P08_SCB_25","MBC",8,"8",2010,"2"
"656","10885",32010183,639694,4838973,"P08_SCB_25","MBC",8,"8",2010,"2"
"657","10886",32010184,639189,4838068,"P08_SCB_22","MBC",8,"8",2010,"2"
"658","10887",32010186,639939,4837872,"P08_SC_2","MBC",8,"8",2010,"2"
"659","10888",32010187,639991,4837622,"P08_SCB_25","MBC",8,"8",2010,"2"
"660","10889",32010188,640845,4836469,"P08_CFL_343","MBC",8,"8",2010,"2"
"661","10890",32010189,641539,4835028,"P08_CFL_342","MBC",8,"8",2010,"2"
"662","10891",32010190,641838,4835029,"P08_CFL_349","MBC",8,"8",2010,"2"
"663","10892",32010191,641994,4834675,"P08_CFL_349","MBC",8,"8",2010,"2"
"664","10893",32010192,642047,4834472,"P08_CFL_349","MBC",8,"8",2010,"2"
"665","10894",32010193,643189,4829077,"P08_CFL_339","MBC",8,"8",2010,"2"
"666","10895",32010194,642887,4828074,"P08_CFL_342","MBC",8,"8",2010,"2"
"667","10896",32010195,640450,4836672,"P08_CFL_343","MBC",8,"8",2010,"2"
"668","10897",32010196,642247,4846621,"","SC",8,"8",2010,"2"
"669","10898",32010198,639197,4855428,"P08_CFL_316","SC",8,"8",2010,"2"
"670","10901",32010204,641841,4846627,"P08_SC_10","SC",8,"8",2010,"2"
"671","10902",32010206,641292,4846228,"P08_SC_10","SC",8,"8",2010,"2"
"672","10904",32010209,643787,4844287,"P08_CFL_178","SC",8,"8",2010,"2"
"673","10909",32010215,640390,4841170,"P08_SC_5","SC",8,"8",2010,"2"
"674","10910",32010217,643285,4840924,"P08_TSC_49","SC",8,"8",2010,"2"
"675","10911",32010219,640943,4839975,"P08_CFL_72","SC",8,"8",2010,"2"
"676","10912",32010222,637143,4857323,"P08_CFL_332","SC",8,"8",2010,"2"
"677","10913",32010224,638090,4856318,"P08_SC_17","SC",8,"8",2010,"2"
"678","10914",32010225,638192,4855969,"P08_TSC_72","SC",8,"8",2010,"2"
"679","10916",32010230,639592,4835424,"P08_SC_1","SC",8,"8",2010,"2"
"680","10918",32010232,642242,4844621,"P08_SC_11","SC",8,"8",2010,"2"
"681","10919",32010233,642382,4844565,"P08_TSC_62","SC",8,"8",2010,"2"
"682","10921",32010235,640740,4842171,"P08_CFL_128","SC",8,"8",2010,"2"
"683","10922",32010236,641335,4840924,"P08_SC_4","SC",8,"8",2010,"2"
"684","10923",32010237,641391,4840921,"P08_SC_4","SC",8,"8",2010,"2"
"685","10924",32010238,639893,4840823,"P08_CFL_83","SC",8,"8",2010,"2"
"686","10925",32010239,641241,4840822,"P08_CFL_89","SC",8,"8",2010,"2"
"687","10926",32010240,640540,4840376,"P08_CFL_72","SC",8,"8",2010,"2"
"688","10927",32010241,640343,4839070,"P08_CFL_42","SC",8,"8",2010,"2"
"689","10928",32010243,639192,4836379,"P08_SC_1","SC",8,"8",2010,"2"
"690","10929",32010244,639239,4836328,"P08_SC_1","SC",8,"8",2010,"2"
"691","10930",32010246,639033,4837422,"P08_CFL_28","SC",8,"8",2010,"2"
"692","10931",32010247,639238,4836518,"P08_SC_1","SC",8,"8",2010,"2"
"693","10932",32010248,639390,4836372,"P08_CFL_23","SC",8,"8",2010,"2"
"694","10933",32010249,639598,4835569,"P08_SC_1","SC",8,"8",2010,"2"
"695","10935",32010251,642692,4838711,"P08_TSC_29","SC",8,"8",2010,"2"
"696","10936",32010252,642940,4839625,"P08_CFL_343","SC",8,"8",2010,"2"
"697","10938",32010254,642093,4834978,"P08_CFL_349","SC",8,"8",2010,"2"
"698","10939",32010255,642292,4834979,"P08_CFL_349","SC",8,"8",2010,"2"
"699","10940",32010256,642096,4834727,"P08_CFL_349","SC",8,"8",2010,"2"
"700","10941",32010257,642493,4834626,"P08_CFL_349","SC",8,"8",2010,"2"
"701","10942",32010258,642093,4834521,"P08_CFL_349","SC",8,"8",2010,"2"
"702","10943",32010259,639494,4831975,"P08_CFL_17","SC",8,"8",2010,"2"
"703","10945",32010264,639147,4848425,"P08_CFL_357","BWC",8,"8",2010,"2"
"704","10946",32010266,641944,4844677,"P08_CFL_228","BWC",8,"8",2010,"2"
"705","10947",32010268,638233,4857976,"P08_CFL_371","BWC",8,"8",2010,"2"
"706","10948",32010270,641983,4848671,"P08_CFL_286","BWC",8,"8",2010,"2"
"707","10949",32010274,644540,4843574,"P08_CFL_162","BWC",8,"8",2010,"2"
"708","1095",31004220,542131,4935552,"P04_CFL_67","BWC",4,"U4",2001,"2"
"709","10950",32010276,639994,4839878,"P08_CFL_56","BWC",8,"8",2010,"2"
"710","10951",32010278,639640,4836625,"P08_CFL_337","BWC",8,"8",2010,"2"
"711","10952",32010279,640240,4839976,"P08_CFL_56","BWC",8,"8",2010,"2"
"712","10953",32010281,642039,4840629,"P08_CFL_94","BWC",8,"8",2010,"2"
"713","10954",32010282,639689,4836181,"P08_CFL_337","BWC",8,"8",2010,"2"
"714","10955",32010283,640392,4835474,"P08_CFL_337","BWC",8,"8",2010,"2"
"715","10956",32010284,640691,4835972,"P08_CFL_337","BWC",8,"8",2010,"2"
"716","10957",32010285,641590,4841220,"P08_SC_11","BWC",8,"8",2010,"2"
"717","10958",32010286,637941,4857725,"P08_CFL_334","BWC",8,"8",2010,"2"
"718","10959",32010288,642245,4842074,"P08_SC_11","BWC",8,"8",2010,"2"
"719","1096",31004221,542588,4935555,"P04_CFL_67","BWC",4,"U4",2001,"2"
"720","10960",32010289,644142,4841922,"P08_CFL_119","BWC",8,"8",2010,"2"
"721","10961",32010291,643596,4841423,"P08_CFL_119","BWC",8,"8",2010,"2"
"722","10962",32010292,643539,4841320,"P08_CFL_119","BWC",8,"8",2010,"2"
"723","10963",32010293,643894,4841274,"P08_CFL_119","BWC",8,"8",2010,"2"
"724","10964",32010294,640493,4839022,"P08_TSC_27","BWC",8,"8",2010,"2"
"725","10965",32010295,639294,4835670,"P08_CFL_21","BWC",8,"8",2010,"2"
"726","10966",32010296,639684,4835674,"P08_TSC_22","BWC",8,"8",2010,"2"
"727","10967",32010297,642284,4847973,"P08_CFL_283","BWC",8,"8",2010,"2"
"728","10968",32010298,643043,4846272,"P08_TSC_82","BWC",8,"8",2010,"2"
"729","10969",32010299,641593,4843120,"P08_CFL_156","BWC",8,"8",2010,"2"
"730","10970",32010300,641889,4841668,"P08_CFL_112","BWC",8,"8",2010,"2"
"731","10971",32010301,642442,4841625,"P08_CFL_122","BWC",8,"8",2010,"2"
"732","10972",32010302,643144,4841320,"P08_CFL_109","BWC",8,"8",2010,"2"
"733","10974",32010304,637989,4858121,"P08_CFL_334","BWC",8,"8",2010,"2"
"734","10975",32010306,638891,4855525,"P08_CFL_316","BWC",8,"8",2010,"2"
"735","10976",32010307,639143,4855124,"P08_CFL_311","BWC",8,"8",2010,"2"
"736","10977",32010308,638949,4855072,"P08_CFL_316","BWC",8,"8",2010,"2"
"737","10978",32010309,638587,4854872,"P08_SC_17","BWC",8,"8",2010,"2"
"738","10979",32010311,639539,4851871,"P08_CFL_300","BWC",8,"8",2010,"2"
"739","1098",31004223,543131,4935511,"P04_CFL_67","BWC",4,"U4",2001,"2"
"740","10980",32010312,641482,4849835,"P08_TSC_70","BWC",8,"8",2010,"2"
"741","10981",32010314,641742,4849320,"P08_CFL_288","BWC",8,"8",2010,"2"
"742","10982",32010315,642645,4847570,"P08_SC_11","BWC",8,"8",2010,"2"
"743","10983",32010316,643839,4845628,"P08_CFL_234","BWC",8,"8",2010,"2"
"744","10984",32010317,644043,4845623,"P08_CFL_238","BWC",8,"8",2010,"2"
"745","10985",32010318,642888,4845520,"P08_SC_11","BWC",8,"8",2010,"2"
"746","10986",32010319,642341,4845377,"P08_CFL_212","BWC",8,"8",2010,"2"
"747","10987",32010321,641890,4845076,"P08_CFL_228","BWC",8,"8",2010,"2"
"748","10988",32010323,642345,4843779,"P08_SC_11","BWC",8,"8",2010,"2"
"749","10989",32010328,641437,4842173,"P08_SC_11","BWC",8,"8",2010,"2"
"750","10990",32010329,643044,4842176,"P08_CFL_159","BWC",8,"8",2010,"2"
"751","10991",32010330,643090,4842130,"P08_CFL_159","BWC",8,"8",2010,"2"
"752","10992",32010332,641884,4841920,"P08_TSC_50","BWC",8,"8",2010,"2"
"753","10993",32010337,642991,4840674,"P08_CFL_85","BWC",8,"8",2010,"2"
"754","10994",32010338,639892,4840573,"P08_CFL_77","BWC",8,"8",2010,"2"
"755","10995",32010339,641044,4839627,"P08_CFL_49","BWC",8,"8",2010,"2"
"756","10996",32010340,638892,4837427,"P08_CFL_344","BWC",8,"8",2010,"2"
"757","10997",32010341,639289,4837372,"P08_SC_1","BWC",8,"8",2010,"2"
"758","10998",32010344,638585,4851128,"P08_CFL_348","BWC",8,"8",2010,"2"
"759","10999",32010345,638543,4851072,"P08_CFL_348","BWC",8,"8",2010,"2"
"760","11000",32010349,639989,4845329,"P08_CFL_224","BWC",8,"8",2010,"2"
"761","11001",32010350,639387,4844927,"P08_CFL_224","BWC",8,"8",2010,"2"
"762","11002",32010351,638040,4850728,"P08_CFL_348","BWC",8,"8",2010,"2"
"763","11003",32010352,638634,4850324,"P08_CFL_348","BWC",8,"8",2010,"2"
"764","11004",32010353,639346,4844475,"P08_CFL_224","BWC",8,"8",2010,"2"
"765","11005",32010354,639639,4843172,"P08_CFL_224","BWC",8,"8",2010,"2"
"766","11006",32010355,639644,4843123,"P08_CFL_224","BWC",8,"8",2010,"2"
"767","11007",32010356,638792,4850628,"P08_CFL_348","BWC",8,"8",2010,"2"
"768","11008",32010357,639799,4844325,"P08_CFL_224","BWC",8,"8",2010,"2"
"769","11009",32010361,639190,4842427,"P08_CFL_224","BWC",8,"8",2010,"2"
"770","11010",32010362,638590,4850924,"P08_CFL_348","BWC",8,"8",2010,"2"
"771","11011",32010363,638640,4850872,"P08_CFL_348","BWC",8,"8",2010,"2"
"772","11012",32010365,639691,4842823,"P08_CFL_224","BWC",8,"8",2010,"2"
"773","11013",32010366,639439,4842476,"P08_CFL_224","BWC",8,"8",2010,"2"
"774","11014",32010367,642641,4840473,"P08_SC_11","BWC",8,"8",2010,"2"
"775","11015",32010368,643592,4841074,"P08_CFL_119","BWC",8,"8",2010,"2"
"776","11016",32010369,642297,4840424,"P08_SC_11","BWC",8,"8",2010,"2"
"777","11017",32010370,641040,4840123,"P08_CFL_343","BWC",8,"8",2010,"2"
"778","11018",32010371,639292,4834426,"P08_CFL_18","IMP",8,"8",2010,"2"
"779","11019",32010372,639340,4833928,"P08_TSC_76","IMP",8,"8",2010,"2"
"780","1102",31004227,544227,4933958,"P04_CFL_15","BWC",4,"U4",2001,"2"
"781","11020",32010373,639587,4833573,"P08_CFL_17","IMP",8,"8",2010,"2"
"782","11021",32010374,639542,4833021,"P08_TSC_21","IMP",8,"8",2010,"2"
"783","11022",32010375,639533,4832969,"P08_TSC_21","IMP",8,"8",2010,"2"
"784","11023",32010376,639342,4832828,"P08_CFL_17","IMP",8,"8",2010,"2"
"785","11024",32010377,639749,4833728,"P08_CFL_350","IMP",8,"8",2010,"2"
"786","11025",32010378,640040,4829624,"P08_CFL_340","IMP",8,"8",2010,"2"
"787","11026",32010379,642845,4837129,"P08_CFL_27","IMP",8,"8",2010,"2"
"788","11027",32010380,641436,4834519,"P08_CFL_342","IMP",8,"8",2010,"2"
"789","11028",32010383,640837,4832126,"P08_CFL_342","IMP",8,"8",2010,"2"
"790","11029",32010385,639840,4830921,"P08_SC_1","IMP",8,"8",2010,"2"
"791","1103",31004228,544282,4933901,"P04_CFL_15","BWC",4,"U4",2001,"2"
"792","11030",32010387,641644,4830730,"P08_CFL_342","IMP",8,"8",2010,"2"
"793","11031",32010388,641237,4829524,"P08_CFL_342","IMP",8,"8",2010,"2"
"794","11032",32010389,641294,4836029,"","IMP",8,"8",2010,"2"
"795","11033",32010391,639686,4834580,"P08_SC_1","IMP",8,"8",2010,"2"
"796","11034",32010392,640802,4829317,"P08_SC_1","IMP",8,"8",2010,"2"
"797","11036",32010394,642287,4827923,"P08_CFL_342","IMP",8,"8",2010,"2"
"798","11037",32010395,643537,4840779,"P08_CFL_119","IMP",8,"8",2010,"2"
"799","11038",32010396,643643,4840572,"P08_CFL_119","IMP",8,"8",2010,"2"
"800","11039",32010397,642390,4840379,"P08_CFL_92","IMP",8,"8",2010,"2"
"801","11040",32010398,642034,4840073,"P08_CFL_66","IMP",8,"8",2010,"2"
"802","11041",32010399,643088,4840075,"P08_CFL_343","IMP",8,"8",2010,"2"
"803","11042",32010401,642446,4839875,"P08_CFL_343","IMP",8,"8",2010,"2"
"804","11043",32010404,641589,4839627,"P08_CFL_343","IMP",8,"8",2010,"2"
"805","11044",32010406,641398,4839526,"P08_CFL_343","IMP",8,"8",2010,"2"
"806","11045",32010408,641446,4839473,"P08_CFL_343","IMP",8,"8",2010,"2"
"807","11046",32010413,641487,4838675,"P08_CFL_343","IMP",8,"8",2010,"2"
"808","11047",32010414,640789,4838577,"P08_CFL_343","IMP",8,"8",2010,"2"
"809","11048",32010416,640595,4838465,"P08_CFL_343","IMP",8,"8",2010,"2"
"810","11049",32010419,642740,4838271,"P08_CFL_343","IMP",8,"8",2010,"2"
"811","11050",32010421,640739,4838076,"P08_CFL_343","IMP",8,"8",2010,"2"
"812","11051",32010422,640887,4838023,"P08_CFL_343","IMP",8,"8",2010,"2"
"813","11052",32010423,643138,4838029,"P08_TSC_29","IMP",8,"8",2010,"2"
"814","11053",32010424,641894,4837979,"P08_TSC_26","IMP",8,"8",2010,"2"
"815","11054",32010425,640440,4837773,"P08_CFL_343","IMP",8,"8",2010,"2"
"816","11055",32010426,641141,4837626,"P08_CFL_343","IMP",8,"8",2010,"2"
"817","11056",32010428,641839,4837418,"P08_CFL_343","IMP",8,"8",2010,"2"
"818","11057",32010429,642995,4837374,"P08_CFL_27","IMP",8,"8",2010,"2"
"819","11058",32010430,643144,4837326,"P08_CFL_27","IMP",8,"8",2010,"2"
"820","11059",32010431,642689,4837181,"P08_CFL_27","IMP",8,"8",2010,"2"
"821","11060",32010432,642941,4837113,"P08_CFL_27","IMP",8,"8",2010,"2"
"822","11061",32010434,640437,4837025,"P08_CFL_343","IMP",8,"8",2010,"2"
"823","11062",32010436,643335,4836913,"P08_CFL_27","IMP",8,"8",2010,"2"
"824","11063",32010437,641139,4836720,"P08_CFL_343","IMP",8,"8",2010,"2"
"825","11064",32010438,642283,4836626,"P08_CFL_343","IMP",8,"8",2010,"2"
"826","11066",32010440,641295,4836472,"P08_CFL_343","IMP",8,"8",2010,"2"
"827","11068",32010442,643193,4836125,"P08_CFL_27","IMP",8,"8",2010,"2"
"828","11069",32010443,642538,4836024,"P08_CFL_27","IMP",8,"8",2010,"2"
"829","11070",32010444,642689,4835932,"P08_CFL_27","IMP",8,"8",2010,"2"
"830","11071",32010445,640987,4835776,"P08_CFL_337","IMP",8,"8",2010,"2"
"831","11072",32010446,642888,4835722,"P08_CFL_27","IMP",8,"8",2010,"2"
"832","11073",32010448,642738,4835630,"P08_CFL_27","IMP",8,"8",2010,"2"
"833","11074",32010449,641245,4835426,"P08_CFL_342","IMP",8,"8",2010,"2"
"834","11075",32010453,640294,4835079,"P08_CFL_337","IMP",8,"8",2010,"2"
"835","11076",32010455,642837,4835078,"P08_CFL_349","IMP",8,"8",2010,"2"
"836","11077",32010456,640586,4835027,"P08_CFL_337","IMP",8,"8",2010,"2"
"837","11078",32010457,640039,4834970,"P08_CFL_337","IMP",8,"8",2010,"2"
"838","11079",32010458,640688,4834880,"P08_CFL_337","IMP",8,"8",2010,"2"
"839","11080",32010459,642237,4834776,"P08_CFL_349","IMP",8,"8",2010,"2"
"840","11081",32010460,642290,4834525,"P08_CFL_349","IMP",8,"8",2010,"2"
"841","11082",32010461,640386,4834377,"P08_CFL_337","IMP",8,"8",2010,"2"
"842","11083",32010462,640434,4834370,"P08_CFL_337","IMP",8,"8",2010,"2"
"843","11084",32010463,641592,4834326,"P08_CFL_342","IMP",8,"8",2010,"2"
"844","11085",32010464,642697,4834272,"P08_CFL_349","IMP",8,"8",2010,"2"
"845","11086",32010465,640391,4834231,"P08_CFL_337","IMP",8,"8",2010,"2"
"846","11087",32010466,641794,4834223,"P08_USCB_5","IMP",8,"8",2010,"2"
"847","11088",32010467,640289,4834074,"P08_TSC_20","IMP",8,"8",2010,"2"
"848","11089",32010468,640338,4834021,"P08_CFL_337","IMP",8,"8",2010,"2"
"849","11090",32010469,640741,4833924,"P08_CFL_342","IMP",8,"8",2010,"2"
"850","11091",32010470,640295,4833875,"P08_TSC_20","IMP",8,"8",2010,"2"
"851","11092",32010471,640287,4833626,"P08_CFL_10","IMP",8,"8",2010,"2"
"852","11093",32010472,641339,4833628,"P08_CFL_342","IMP",8,"8",2010,"2"
"853","11094",32010473,640688,4833374,"P08_CFL_342","IMP",8,"8",2010,"2"
"854","11095",32010474,641090,4833174,"P08_CFL_342","IMP",8,"8",2010,"2"
"855","11096",32010476,641595,4832975,"P08_CFL_342","IMP",8,"8",2010,"2"
"856","11097",32010477,640940,4832876,"P08_CFL_342","IMP",8,"8",2010,"2"
"857","11098",32010478,641195,4832822,"P08_CFL_342","IMP",8,"8",2010,"2"
"858","11099",32010482,641781,4832718,"P08_CFL_342","IMP",8,"8",2010,"2"
"859","111",31002059,542877,4935255,"P04_CFL_67","BWC",4,"U4",1998,"2"
"860","11100",32010483,639683,4832675,"P08_CFL_17","IMP",8,"8",2010,"2"
"861","11101",32010484,640786,4832428,"P08_CFL_342","IMP",8,"8",2010,"2"
"862","11102",32010485,641792,4832377,"P08_CFL_342","IMP",8,"8",2010,"2"
"863","11103",32010486,642042,4832373,"P08_CFL_342","IMP",8,"8",2010,"2"
"864","11104",32010487,640948,4832321,"P08_CFL_342","IMP",8,"8",2010,"2"
"865","11105",32010488,641694,4832327,"P08_CFL_342","IMP",8,"8",2010,"2"
"866","11106",32010490,641986,4832271,"P08_CFL_342","IMP",8,"8",2010,"2"
"867","11107",32010491,640840,4832224,"P08_CFL_342","IMP",8,"8",2010,"2"
"868","11108",32010493,641334,4832124,"P08_CFL_342","IMP",8,"8",2010,"2"
"869","11109",32010495,641793,4832023,"P08_CFL_342","IMP",8,"8",2010,"2"
"870","11110",32010498,642137,4831980,"P08_CFL_342","IMP",8,"8",2010,"2"
"871","11111",32010499,641148,4831820,"P08_CFL_342","IMP",8,"8",2010,"2"
"872","11112",32010500,640488,4831776,"P08_CFL_342","IMP",8,"8",2010,"2"
"873","11113",32010501,639891,4831724,"P08_CFL_5","IMP",8,"8",2010,"2"
"874","11114",32010502,642145,4831725,"P08_CFL_342","IMP",8,"8",2010,"2"
"875","11115",32010505,641692,4831525,"P08_CFL_342","IMP",8,"8",2010,"2"
"876","11116",32010507,641197,4831427,"P08_CFL_342","IMP",8,"8",2010,"2"
"877","11117",32010508,641339,4831428,"P08_CFL_342","IMP",8,"8",2010,"2"
"878","11118",32010510,640143,4831371,"P08_CFL_342","IMP",8,"8",2010,"2"
"879","11119",32010512,640445,4831228,"P08_CFL_342","IMP",8,"8",2010,"2"
"880","11120",32010513,640640,4831221,"P08_CFL_342","IMP",8,"8",2010,"2"
"881","11121",32010515,640743,4831120,"P08_CFL_342","IMP",8,"8",2010,"2"
"882","11122",32010516,640787,4831127,"P08_CFL_342","IMP",8,"8",2010,"2"
"883","11123",32010517,641392,4831122,"P08_CFL_342","IMP",8,"8",2010,"2"
"884","11124",32010518,639991,4831022,"P08_CFL_342","IMP",8,"8",2010,"2"
"885","11125",32010519,640885,4831023,"P08_CFL_342","IMP",8,"8",2010,"2"
"886","11127",32010521,639891,4830826,"P08_CFL_342","IMP",8,"8",2010,"2"
"887","11128",32010522,641142,4830829,"P08_CFL_342","IMP",8,"8",2010,"2"
"888","11129",32010523,640194,4830723,"P08_CFL_342","IMP",8,"8",2010,"2"
"889","11130",32010524,640693,4830623,"P08_CFL_342","IMP",8,"8",2010,"2"
"890","11131",32010525,641893,4830582,"P08_CFL_342","IMP",8,"8",2010,"2"
"891","11132",32010526,642388,4830576,"P08_CFL_342","IMP",8,"8",2010,"2"
"892","11133",32010527,642535,4830526,"P08_CFL_342","IMP",8,"8",2010,"2"
"893","11134",32010528,639686,4830479,"P08_SC_1","IMP",8,"8",2010,"2"
"894","11135",32010529,641542,4830479,"P08_CFL_342","IMP",8,"8",2010,"2"
"895","11136",32010530,642091,4830423,"P08_CFL_342","IMP",8,"8",2010,"2"
"896","11137",32010531,641791,4830370,"P08_CFL_342","IMP",8,"8",2010,"2"
"897","11138",32010532,642390,4830322,"P08_CFL_342","IMP",8,"8",2010,"2"
"898","11139",32010534,642591,4830270,"P08_CFL_342","IMP",8,"8",2010,"2"
"899","11140",32010535,641942,4830179,"P08_CFL_342","IMP",8,"8",2010,"2"
"900","11141",32010537,641494,4829824,"P08_CFL_342","IMP",8,"8",2010,"2"
"901","11142",32010538,642692,4829822,"P08_CFL_342","IMP",8,"8",2010,"2"
"902","11143",32010540,641195,4829471,"P08_CFL_342","IMP",8,"8",2010,"2"
"903","11144",32010541,641641,4828975,"P08_CFL_342","IMP",8,"8",2010,"2"
"904","11145",32010542,642793,4828666,"P08_CFL_342","IMP",8,"8",2010,"2"
"905","11146",32010543,642191,4828174,"P08_CFL_342","IMP",8,"8",2010,"2"
"906","11147",32010544,643436,4829728,"P08_CFL_339","IMP",8,"8",2010,"2"
"907","11149",32010547,642494,4837078,"P08_TSC_29","IMP",8,"8",2010,"2"
"908","11150",32010548,643242,4835976,"P08_CFL_27","IMP",8,"8",2010,"2"
"909","11151",32010549,641141,4834930,"P08_CFL_337","IMP",8,"8",2010,"2"
"910","11152",32010550,642944,4834175,"P08_CFL_349","IMP",8,"8",2010,"2"
"911","11153",32010551,639480,4832073,"P08_CFL_17","IMP",8,"8",2010,"2"
"912","11154",32010552,640347,4829318,"P08_CFL_340","IMP",8,"8",2010,"2"
"913","11155",32010553,643333,4828675,"P08_CFL_339","IMP",8,"8",2010,"2"
"914","11156",32010554,641948,4827826,"P08_SC_1","IMP",8,"8",2010,"2"
"915","11157",32010555,642089,4827681,"P08_SC_1","IMP",8,"8",2010,"2"
"916","11158",32010576,636050,4857966,"P08_SCB_32","MBC",8,"8",2011,"1"
"917","11164",32010582,638749,4854556,"P08_SCB_33","MBC",8,"8",2011,"2"
"918","11178",32010596,641604,4848568,"P08_SCB_26","MBC",8,"8",2011,"1"
"919","11189",32010607,640755,4844019,"P08_SC_9","MBC",8,"8",2011,"2"
"920","11191",32010609,640753,4843807,"P08_SC_9","MBC",8,"8",2011,"2"
"921","11192",32010610,640705,4843770,"P08_SCB_26","MBC",8,"8",2011,"2"
"922","11201",32010619,639799,4840262,"P08_SCB_25","MBC",8,"8",2011,"2"
"923","11206",32010624,639203,4837867,"P08_SCB_22","MBC",8,"8",2011,"1"
"924","11209",32010627,639755,4837714,"P08_SCB_25","MBC",8,"8",2011,"2"
"925","11210",32010628,639858,4837664,"P08_SCB_25","MBC",8,"8",2011,"2"
"926","11211",32010629,639860,4837614,"P08_SCB_25","MBC",8,"8",2011,"2"
"927","11212",32010630,639604,4837455,"P08_SCB_22","MBC",8,"8",2011,"2"
"928","11213",32010631,639609,4837417,"P08_SCB_22","MBC",8,"8",2011,"2"
"929","11214",32010632,640405,4836564,"P08_SCB_24","MBC",8,"8",2011,"1"
"930","11215",32010633,640549,4836363,"P08_SCB_24","MBC",8,"8",2011,"2"
"931","11216",32010634,640499,4836310,"P08_SCB_24","MBC",8,"8",2011,"2"
"932","1122",31004248,539025,4935960,"P04_CFL_71","BWC",4,"U4",2001,"2"
"933","11222",32010640,642855,4832860,"P08_SCB_19","MBC",8,"8",2011,"2"
"934","11225",32010643,642507,4826911,"P08_CFL_338","MBC",8,"8",2011,"2"
"935","11226",32010644,642555,4826713,"P08_CFL_338","MBC",8,"8",2011,"2"
"936","11235",32010653,641700,4849569,"P08_TSC_70","SC",8,"8",2011,"2"
"937","11238",32010656,641755,4847706,"P08_CFL_353","SC",8,"8",2011,"2"
"938","11242",32010660,641353,4846114,"P08_CFL_247","SC",8,"8",2011,"2"
"939","11243",32010661,641603,4846113,"P08_CFL_247","SC",8,"8",2011,"2"
"940","11244",32010663,643254,4845815,"P08_CFL_219","SC",8,"8",2011,"2"
"941","11245",32010664,643304,4845216,"P08_CFL_206","SC",8,"8",2011,"2"
"942","11247",32010666,643704,4844760,"P08_TSC_69","SC",8,"8",2011,"2"
"943","11248",32010667,643655,4844611,"P08_TSC_69","SC",8,"8",2011,"2"
"944","11249",32010668,643650,4844510,"P08_TSC_69","SC",8,"8",2011,"2"
"945","11250",32010669,641449,4844463,"P08_TSC_59","SC",8,"8",2011,"2"
"946","11252",32010671,641162,4844215,"P08_TSC_60","SC",8,"8",2011,"1"
"947","11253",32010672,641249,4844212,"P08_SC_10","SC",8,"8",2011,"2"
"948","11256",32010675,641307,4843360,"P08_CFL_152","SC",8,"8",2011,"2"
"949","11260",32010679,641500,4842667,"P08_TSC_52","SC",8,"8",2011,"2"
"950","11261",32010680,639605,4842220,"P08_TSC_51","SC",8,"8",2011,"2"
"951","11263",32010682,643609,4842112,"P08_TSC_49","SC",8,"8",2011,"2"
"952","11264",32010683,640950,4842010,"P08_CFL_128","SC",8,"8",2011,"2"
"953","11268",32010687,642108,4841264,"P08_CFL_99","SC",8,"8",2011,"2"
"954","11271",32010690,642102,4840968,"P08_TSC_39","SC",8,"8",2011,"2"
"955","11272",32010691,642453,4840762,"P08_CFL_94","SC",8,"8",2011,"2"
"956","11274",32010693,640954,4839663,"P08_TSC_28","SC",8,"8",2011,"2"
"957","11275",32010694,640557,4839015,"P08_CFL_40","SC",8,"8",2011,"2"
"958","11276",32010695,640410,4838467,"P08_SC_2","SC",8,"8",2011,"2"
"959","11277",32010696,642907,4838362,"P08_TSC_29","SC",8,"8",2011,"1"
"960","11280",32010699,642397,4837363,"P08_TSC_29","SC",8,"8",2011,"1"
"961","11283",32010702,639351,4836266,"P08_CFL_23","SC",8,"8",2011,"2"
"962","11288",32010707,642361,4834763,"P08_CFL_349","SC",8,"8",2011,"2"
"963","11289",32010708,642409,4834760,"P08_CFL_349","SC",8,"8",2011,"1"
"964","11291",32010710,639949,4834171,"P08_SC_1","SC",8,"8",2011,"1"
"965","11293",32010712,637648,4857706,"P08_CFL_334","BWC",8,"8",2011,"2"
"966","11295",32010714,638655,4857015,"P08_CFL_335","BWC",8,"8",2011,"2"
"967","11296",32010715,639105,4856663,"P08_CFL_335","BWC",8,"8",2011,"2"
"968","1130",31004257,539531,4935704,"P04_CFL_72","BWC",4,"U4",2001,"2"
"969","11300",32010725,639308,4850064,"P08_CFL_295","BWC",8,"8",2011,"2"
"970","11301",32010726,639858,4849803,"P08_CFL_293","BWC",8,"8",2011,"2"
"971","11302",32010727,641798,4849367,"P08_TSC_70","BWC",8,"8",2011,"2"
"972","11303",32010728,639501,4848961,"P08_CFL_291","BWC",8,"8",2011,"2"
"973","11304",32010729,639857,4848764,"P08_CFL_358","BWC",8,"8",2011,"2"
"974","11305",32010730,641803,4848560,"P08_CFL_286","BWC",8,"8",2011,"2"
"975","11306",32010731,640051,4848415,"P08_CFL_361","BWC",8,"8",2011,"2"
"976","11307",32010732,642354,4847970,"P08_CFL_283","BWC",8,"8",2011,"2"
"977","11308",32010733,640004,4847713,"P08_CFL_360","BWC",8,"8",2011,"2"
"978","11309",32010735,643153,4846912,"P08_CFL_259","BWC",8,"8",2011,"2"
"979","11310",32010737,642651,4846511,"P08_CFL_250","BWC",8,"8",2011,"2"
"980","11311",32010738,641108,4846469,"P08_CFL_248","BWC",8,"8",2011,"2"
"981","11312",32010739,642803,4846413,"P08_CFL_250","BWC",8,"8",2011,"2"
"982","11313",32010740,642951,4846259,"P08_TSC_86","BWC",8,"8",2011,"2"
"983","11314",32010741,643053,4846117,"P08_TSC_86","BWC",8,"8",2011,"2"
"984","11315",32010742,643501,4845952,"P08_CFL_234","BWC",8,"8",2011,"2"
"985","11316",32010743,644454,4845863,"P08_CFL_238","BWC",8,"8",2011,"2"
"986","11317",32010744,644302,4845812,"P08_CFL_238","BWC",8,"8",2011,"2"
"987","11318",32010746,644556,4845565,"P08_CFL_238","BWC",8,"8",2011,"2"
"988","11319",32010747,644404,4845513,"P08_CFL_238","BWC",8,"8",2011,"2"
"989","11320",32010748,643955,4845411,"P08_CFL_238","BWC",8,"8",2011,"2"
"990","11321",32010749,639403,4845362,"P08_CFL_224","BWC",8,"8",2011,"2"
"991","11322",32010750,644297,4845113,"P08_CFL_238","BWC",8,"8",2011,"2"
"992","11323",32010751,644693,4845012,"P08_CFL_238","BWC",8,"8",2011,"2"
"993","11324",32010752,644450,4844963,"P08_CFL_238","BWC",8,"8",2011,"2"
"994","11325",32010753,644302,4844913,"P08_CFL_238","BWC",8,"8",2011,"2"
"995","11326",32010754,639406,4844709,"P08_CFL_224","BWC",8,"8",2011,"2"
"996","11327",32010755,641860,4844511,"P08_CFL_228","BWC",8,"8",2011,"2"
"997","11329",32010757,639454,4844466,"P08_CFL_224","BWC",8,"8",2011,"2"
"998","1133",31004260,539785,4935607,"P04_CFL_72","BWC",4,"U4",2001,"2"
"999","11330",32010758,639706,4844307,"P08_CFL_224","BWC",8,"8",2011,"2"
"1000","11331",32010759,641801,4844251,"P08_CFL_228","BWC",8,"8",2011,"2"
"1001","11332",32010760,639153,4844107,"P08_CFL_224","BWC",8,"8",2011,"2"
"1002","11333",32010761,639950,4844062,"P08_CFL_224","BWC",8,"8",2011,"2"
"1003","11334",32010762,639206,4843810,"P08_CFL_224","BWC",8,"8",2011,"2"
"1004","11335",32010763,643404,4843765,"P08_CFL_179","BWC",8,"8",2011,"2"
"1005","11336",32010764,642001,4843765,"P08_CFL_165","BWC",8,"8",2011,"2"
"1006","11337",32010765,639502,4843763,"P08_CFL_224","BWC",8,"8",2011,"2"
"1007","11338",32010766,639254,4843754,"P08_CFL_224","BWC",8,"8",2011,"2"
"1008","11339",32010767,642961,4843561,"P08_CFL_159","BWC",8,"8",2011,"2"
"1009","11340",32010769,641352,4843221,"P08_CFL_147","BWC",8,"8",2011,"2"
"1010","11341",32010770,641749,4843016,"P08_SC_11","BWC",8,"8",2011,"2"
"1011","11342",32010771,639405,4842958,"P08_CFL_224","BWC",8,"8",2011,"2"
"1012","11343",32010772,643905,4842860,"P08_CFL_140","BWC",8,"8",2011,"2"
"1013","11344",32010773,639455,4842761,"P08_CFL_224","BWC",8,"8",2011,"2"
"1014","11345",32010774,641901,4842650,"P08_CFL_131","BWC",8,"8",2011,"2"
"1015","11346",32010775,639753,4842660,"P08_CFL_224","BWC",8,"8",2011,"2"
"1016","11347",32010776,639650,4842610,"P08_CFL_224","BWC",8,"8",2011,"2"
"1017","11348",32010777,641454,4842518,"P08_CFL_126","BWC",8,"8",2011,"2"
"1018","11349",32010778,643307,4842411,"P08_CFL_159","BWC",8,"8",2011,"2"
"1019","11350",32010779,643398,4842366,"P08_CFL_159","BWC",8,"8",2011,"2"
"1020","11351",32010780,643550,4842065,"P08_TSC_49","BWC",8,"8",2011,"2"
"1021","11352",32010781,642054,4842004,"P08_CFL_122","BWC",8,"8",2011,"2"
"1022","11353",32010782,642701,4842013,"P08_CFL_159","BWC",8,"8",2011,"2"
"1023","11354",32010783,643060,4842017,"P08_CFL_159","BWC",8,"8",2011,"2"
"1024","11355",32010784,644258,4841961,"P08_CFL_119","BWC",8,"8",2011,"2"
"1025","11356",32010785,641403,4841764,"P08_CFL_114","BWC",8,"8",2011,"2"
"1026","11358",32010787,644054,4841663,"P08_CFL_119","BWC",8,"8",2011,"2"
"1027","11359",32010789,643650,4841412,"P08_CFL_119","BWC",8,"8",2011,"2"
"1028","11360",32010790,643954,4841413,"P08_CFL_119","BWC",8,"8",2011,"2"
"1029","11361",32010791,640754,4841308,"P08_CFL_96","BWC",8,"8",2011,"2"
"1030","11362",32010792,641453,4841156,"P08_CFL_104","BWC",8,"8",2011,"2"
"1031","11366",32010798,642454,4840455,"P08_SC_11","BWC",8,"8",2011,"2"
"1032","11367",32010799,640857,4840360,"P08_CFL_72","BWC",8,"8",2011,"2"
"1033","11368",32010801,640703,4840317,"P08_CFL_72","BWC",8,"8",2011,"2"
"1034","11369",32010802,640702,4840217,"P08_CFL_72","BWC",8,"8",2011,"2"
"1035","11370",32010803,640595,4839965,"P08_CFL_58","BWC",8,"8",2011,"2"
"1036","11371",32010805,641053,4839811,"P08_CFL_72","BWC",8,"8",2011,"2"
"1037","11372",32010806,641304,4839759,"P08_CFL_343","BWC",8,"8",2011,"2"
"1038","11373",32010807,640408,4839463,"P08_CFL_56","BWC",8,"8",2011,"2"
"1039","11374",32010808,640361,4839463,"P08_CFL_56","BWC",8,"8",2011,"2"
"1040","11375",32010809,641353,4839458,"P08_CFL_343","BWC",8,"8",2011,"2"
"1041","11376",32010810,640702,4839255,"P08_CFL_45","BWC",8,"8",2011,"2"
"1042","11377",32010813,640053,4836062,"P08_CFL_337","BWC",8,"8",2011,"2"
"1043","11378",32010815,639954,4835954,"P08_CFL_337","BWC",8,"8",2011,"2"
"1044","11379",32010816,639757,4835720,"P08_CFL_337","BWC",8,"8",2011,"2"
"1045","1138",31004265,539076,4936957,"P04_CFL_58","BWC",4,"U4",2001,"2"
"1046","11380",32010817,640301,4835613,"P08_CFL_337","BWC",8,"8",2011,"2"
"1047","11381",32010818,640455,4835612,"P08_CFL_337","BWC",8,"8",2011,"2"
"1048","11382",32010819,639398,4834361,"P08_CFL_18","BWC",8,"8",2011,"2"
"1049","11383",32010820,639797,4834062,"P08_CFL_350","BWC",8,"8",2011,"2"
"1050","11384",32010821,641803,4840264,"P08_TSC_31","IMP",8,"8",2011,"2"
"1051","11385",32010822,643202,4839761,"P08_TSC_29","IMP",8,"8",2011,"2"
"1052","11388",32010827,641451,4839459,"P08_CFL_343","IMP",8,"8",2011,"1"
"1053","11389",32010829,643349,4839363,"P08_CFL_343","IMP",8,"8",2011,"2"
"1054","11390",32010831,643054,4839068,"P08_CFL_343","IMP",8,"8",2011,"2"
"1055","11391",32010832,643152,4839014,"P08_CFL_343","IMP",8,"8",2011,"1"
"1056","11392",32010834,643004,4838922,"P08_CFL_343","IMP",8,"8",2011,"2"
"1057","11393",32010835,641254,4838861,"P08_CFL_343","IMP",8,"8",2011,"2"
"1058","11395",32010839,642107,4838607,"P08_CFL_343","IMP",8,"8",2011,"2"
"1059","11396",32010841,642850,4838550,"P08_CFL_343","IMP",8,"8",2011,"1"
"1060","11397",32010842,640602,4838513,"P08_CFL_343","IMP",8,"8",2011,"2"
"1061","11398",32010843,640747,4838509,"P08_CFL_343","IMP",8,"8",2011,"2"
"1062","11400",32010845,641951,4838363,"P08_CFL_343","IMP",8,"8",2011,"2"
"1063","11403",32010849,642099,4838062,"P08_CFL_343","IMP",8,"8",2011,"1"
"1064","11404",32010850,640850,4838007,"P08_CFL_343","IMP",8,"8",2011,"2"
"1065","11405",32010851,641799,4838010,"P08_CFL_343","IMP",8,"8",2011,"2"
"1066","11406",32010852,640650,4837961,"P08_CFL_343","IMP",8,"8",2011,"2"
"1067","11407",32010854,642500,4837960,"P08_CFL_343","IMP",8,"8",2011,"2"
"1068","11408",32010855,640509,4837813,"P08_CFL_343","IMP",8,"8",2011,"2"
"1069","11409",32010859,640206,4837563,"P08_CFL_343","IMP",8,"8",2011,"2"
"1070","1141",31004269,541878,4936411,"P04_CFL_67","BWC",4,"U4",2001,"2"
"1071","11410",32010860,643203,4837459,"P08_CFL_27","IMP",8,"8",2011,"2"
"1072","11411",32010862,641950,4837255,"P08_CFL_343","IMP",8,"8",2011,"1"
"1073","11412",32010865,643306,4837063,"P08_CFL_27","IMP",8,"8",2011,"2"
"1074","11413",32010869,642759,4836960,"P08_CFL_27","IMP",8,"8",2011,"2"
"1075","11414",32010870,643006,4836957,"P08_CFL_27","IMP",8,"8",2011,"2"
"1076","11415",32010871,642350,4836860,"P08_TSC_29","IMP",8,"8",2011,"2"
"1077","11416",32010872,642901,4836865,"P08_CFL_27","IMP",8,"8",2011,"2"
"1078","11417",32010874,642750,4836809,"P08_CFL_27","IMP",8,"8",2011,"2"
"1079","11418",32010875,642502,4836660,"P08_CFL_27","IMP",8,"8",2011,"2"
"1080","11419",32010876,642607,4836515,"P08_CFL_27","IMP",8,"8",2011,"2"
"1081","1142",31004270,541832,4936258,"P04_CFL_67","BWC",4,"U4",2001,"2"
"1082","11420",32010879,642656,4835765,"P08_CFL_27","IMP",8,"8",2011,"2"
"1083","11421",32010880,641248,4835712,"P08_CFL_337","IMP",8,"8",2011,"2"
"1084","11422",32010881,641148,4835615,"P08_CFL_337","IMP",8,"8",2011,"2"
"1085","11423",32010882,640959,4835564,"P08_CFL_337","IMP",8,"8",2011,"2"
"1086","11424",32010883,640758,4835457,"P08_CFL_337","IMP",8,"8",2011,"2"
"1087","11425",32010884,642648,4835263,"P08_CFL_349","IMP",8,"8",2011,"2"
"1088","11426",32010885,639900,4835011,"P08_CFL_337","IMP",8,"8",2011,"2"
"1089","11427",32010886,640856,4835016,"P08_CFL_337","IMP",8,"8",2011,"2"
"1090","11428",32010887,641959,4835010,"P08_CFL_349","IMP",8,"8",2011,"1"
"1091","11429",32010888,640652,4834913,"P08_CFL_337","IMP",8,"8",2011,"2"
"1092","11430",32010889,640803,4834718,"P08_CFL_337","IMP",8,"8",2011,"2"
"1093","11431",32010890,640100,4834612,"P08_CFL_337","IMP",8,"8",2011,"2"
"1094","11432",32010891,640709,4834515,"P08_CFL_342","IMP",8,"8",2011,"2"
"1095","11435",32010894,641446,4834312,"P08_CFL_342","IMP",8,"8",2011,"2"
"1096","11436",32010895,639795,4834315,"P08_SC_1","IMP",8,"8",2011,"2"
"1097","11437",32010896,640198,4834313,"P08_TSC_20","IMP",8,"8",2011,"2"
"1098","11438",32010897,642611,4834308,"P08_CFL_349","IMP",8,"8",2011,"1"
"1099","11439",32010898,639208,4834265,"P08_CFL_17","IMP",8,"8",2011,"2"
"1100","11440",32010899,640356,4834261,"P08_CFL_337","IMP",8,"8",2011,"2"
"1101","11441",32010900,642350,4834257,"P08_CFL_349","IMP",8,"8",2011,"2"
"1102","11442",32010901,642804,4834114,"P08_CFL_349","IMP",8,"8",2011,"2"
"1103","11443",32010902,640703,4833967,"P08_CFL_342","IMP",8,"8",2011,"2"
"1104","11444",32010903,642605,4833954,"P08_CFL_349","IMP",8,"8",2011,"2"
"1105","11445",32010904,642453,4833855,"P08_CFL_349","IMP",8,"8",2011,"2"
"1106","11446",32010905,643008,4833865,"P08_CFL_349","IMP",8,"8",2011,"2"
"1107","11447",32010906,639551,4833660,"P08_CFL_17","IMP",8,"8",2011,"2"
"1108","11448",32010907,641594,4833665,"P08_CFL_342","IMP",8,"8",2011,"2"
"1109","11449",32010908,640851,4833615,"P08_CFL_342","IMP",8,"8",2011,"2"
"1110","11450",32010909,640951,4833614,"P08_CFL_342","IMP",8,"8",2011,"2"
"1111","11451",32010910,642798,4833605,"P08_CFL_349","IMP",8,"8",2011,"2"
"1112","11452",32010911,639758,4833508,"P08_CFL_17","IMP",8,"8",2011,"2"
"1113","11453",32010912,641208,4833415,"P08_CFL_342","IMP",8,"8",2011,"2"
"1114","11454",32010913,640412,4833363,"P08_CFL_342","IMP",8,"8",2011,"2"
"1115","11455",32010914,640955,4833305,"P08_CFL_342","IMP",8,"8",2011,"2"
"1116","11456",32010915,643193,4833212,"P08_CFL_349","IMP",8,"8",2011,"2"
"1117","11458",32010917,639504,4833062,"P08_CFL_17","IMP",8,"8",2011,"2"
"1118","11459",32010918,640500,4833063,"P08_CFL_342","IMP",8,"8",2011,"2"
"1119","11460",32010919,640756,4833007,"P08_CFL_342","IMP",8,"8",2011,"1"
"1120","11461",32010920,643199,4833016,"P08_CFL_349","IMP",8,"8",2011,"2"
"1121","11462",32010921,640656,4832908,"P08_CFL_342","IMP",8,"8",2011,"2"
"1122","11463",32010922,640353,4832815,"P08_CFL_7","IMP",8,"8",2011,"2"
"1123","11464",32010923,642152,4832820,"P08_CFL_342","IMP",8,"8",2011,"2"
"1124","11465",32010924,643155,4832813,"P08_CFL_349","IMP",8,"8",2011,"2"
"1125","11466",32010925,639354,4832758,"P08_CFL_17","IMP",8,"8",2011,"2"
"1126","11468",32010927,639301,4832660,"P08_CFL_17","IMP",8,"8",2011,"2"
"1127","11469",32010928,641307,4832612,"P08_CFL_342","IMP",8,"8",2011,"2"
"1128","11470",32010929,641356,4832612,"P08_CFL_342","IMP",8,"8",2011,"2"
"1129","11471",32010931,643255,4832565,"P08_CFL_349","IMP",8,"8",2011,"2"
"1130","11472",32010933,640705,4832462,"P08_CFL_342","IMP",8,"8",2011,"2"
"1131","11473",32010934,640009,4832413,"P08_SC_1","IMP",8,"8",2011,"2"
"1132","11474",32010935,640808,4832394,"P08_CFL_342","IMP",8,"8",2011,"1"
"1133","11475",32010936,640416,4832358,"P08_CFL_342","IMP",8,"8",2011,"2"
"1134","11476",32010937,641292,4832261,"P08_CFL_342","IMP",8,"8",2011,"2"
"1135","11477",32010938,641297,4832115,"P08_CFL_342","IMP",8,"8",2011,"2"
"1136","11478",32010939,641300,4832056,"P08_CFL_342","IMP",8,"8",2011,"2"
"1137","11480",32010941,639903,4831810,"P08_CFL_5","IMP",8,"8",2011,"2"
"1138","11482",32010943,642247,4831814,"P08_CFL_342","IMP",8,"8",2011,"2"
"1139","11483",32010944,641795,4831762,"P08_CFL_342","IMP",8,"8",2011,"2"
"1140","11484",32010945,643148,4831762,"P08_CFL_342","IMP",8,"8",2011,"2"
"1141","11485",32010946,643257,4831766,"P08_CFL_342","IMP",8,"8",2011,"2"
"1142","11486",32010947,641605,4831607,"P08_CFL_342","IMP",8,"8",2011,"2"
"1143","11487",32010948,640303,4831559,"P08_CFL_342","IMP",8,"8",2011,"2"
"1144","11488",32010949,641611,4831564,"P08_CFL_342","IMP",8,"8",2011,"2"
"1145","11489",32010950,642200,4831564,"P08_CFL_342","IMP",8,"8",2011,"2"
"1146","11490",32010951,643001,4831560,"P08_CFL_342","IMP",8,"8",2011,"2"
"1147","11492",32010953,642000,4831319,"P08_CFL_342","IMP",8,"8",2011,"2"
"1148","11493",32010954,643152,4831316,"P08_CFL_342","IMP",8,"8",2011,"2"
"1149","11494",32010955,642057,4831208,"P08_CFL_342","IMP",8,"8",2011,"2"
"1150","11495",32010956,639909,4831059,"P08_CFL_342","IMP",8,"8",2011,"2"
"1151","11496",32010957,640999,4830962,"P08_CFL_342","IMP",8,"8",2011,"2"
"1152","11497",32010958,641455,4830963,"P08_CFL_342","IMP",8,"8",2011,"2"
"1153","11498",32010959,641553,4830964,"P08_CFL_342","IMP",8,"8",2011,"2"
"1154","11499",32010960,641657,4830817,"P08_CFL_342","IMP",8,"8",2011,"2"
"1155","1150",31004278,540676,4934658,"P04_CFL_3","BWC",4,"U4",2001,"2"
"1156","11500",32010961,639858,4830765,"P08_CFL_342","IMP",8,"8",2011,"2"
"1157","11501",32010962,640102,4830662,"P08_CFL_342","IMP",8,"8",2011,"2"
"1158","11502",32010963,640204,4830667,"P08_CFL_342","IMP",8,"8",2011,"2"
"1159","11503",32010964,642552,4830662,"P08_CFL_342","IMP",8,"8",2011,"2"
"1160","11504",32010965,639956,4830562,"P08_CFL_342","IMP",8,"8",2011,"2"
"1161","11505",32010966,640252,4830563,"P08_CFL_342","IMP",8,"8",2011,"2"
"1162","11506",32010967,642506,4830561,"P08_CFL_342","IMP",8,"8",2011,"2"
"1163","11508",32010969,641203,4830515,"P08_CFL_342","IMP",8,"8",2011,"2"
"1164","11509",32010970,641404,4830508,"P08_CFL_342","IMP",8,"8",2011,"2"
"1165","1151",31004279,544136,4934203,"P04_CFL_15","BWC",4,"U4",2001,"2"
"1166","11511",32010972,642106,4830415,"P08_CFL_342","IMP",8,"8",2011,"2"
"1167","11512",32010973,643001,4830413,"P08_CFL_342","IMP",8,"8",2011,"2"
"1168","11513",32010974,640303,4830317,"P08_CFL_342","IMP",8,"8",2011,"2"
"1169","11514",32010975,640904,4830310,"P08_CFL_342","IMP",8,"8",2011,"2"
"1170","11516",32010977,641960,4830263,"P08_CFL_342","IMP",8,"8",2011,"2"
"1171","11517",32010978,639758,4830165,"P08_CFL_340","IMP",8,"8",2011,"2"
"1172","11518",32010979,639599,4830068,"P08_CFL_340","IMP",8,"8",2011,"2"
"1173","11519",32010980,641157,4830017,"P08_CFL_342","IMP",8,"8",2011,"2"
"1174","11521",32010982,641410,4829963,"P08_CFL_342","IMP",8,"8",2011,"2"
"1175","11523",32010984,640702,4829907,"P08_CFL_342","IMP",8,"8",2011,"2"
"1176","11524",32010985,639805,4829811,"P08_CFL_340","IMP",8,"8",2011,"2"
"1177","11525",32010986,641513,4829765,"P08_CFL_342","IMP",8,"8",2011,"1"
"1178","11526",32010987,639857,4829714,"P08_CFL_340","IMP",8,"8",2011,"2"
"1179","11527",32010988,641461,4829711,"P08_CFL_342","IMP",8,"8",2011,"2"
"1180","11528",32010989,643394,4829714,"P08_CFL_339","IMP",8,"8",2011,"2"
"1181","11529",32010990,641312,4829661,"P08_CFL_342","IMP",8,"8",2011,"2"
"1182","11530",32010991,642507,4829650,"P08_CFL_342","IMP",8,"8",2011,"2"
"1183","11532",32010993,641048,4829312,"P08_CFL_342","IMP",8,"8",2011,"2"
"1184","11533",32010994,640403,4829162,"P08_CFL_340","IMP",8,"8",2011,"2"
"1185","11534",32010995,643254,4829163,"P08_CFL_339","IMP",8,"8",2011,"1"
"1186","11536",32010997,642301,4829064,"P08_CFL_342","IMP",8,"8",2011,"2"
"1187","11540",32011001,642110,4828460,"P08_CFL_342","IMP",8,"8",2011,"2"
"1188","11541",32011002,642355,4828460,"P08_CFL_342","IMP",8,"8",2011,"2"
"1189","11542",32011003,641853,4828366,"P08_CFL_342","IMP",8,"8",2011,"2"
"1190","11543",32011004,642853,4828164,"P08_CFL_342","IMP",8,"8",2011,"2"
"1191","11544",32011005,641951,4827664,"P08_CFL_338","IMP",8,"8",2011,"2"
"1192","11554",32011035,639660,4851561,"P08_SCB_29","MBC",8,"8",2012,"2"
"1193","11555",32011036,639601,4851370,"P08_SCB_29","MBC",8,"8",2012,"2"
"1194","11565",32011046,640897,4847261,"P08_SCB_28","MBC",8,"8",2012,"2"
"1195","11569",32011050,640697,4844564,"P08_SCB_26","MBC",8,"8",2012,"2"
"1196","1157",31004287,537327,4936010,"P04_CFL_78","BWC",4,"U4",2001,"2"
"1197","11577",32011058,640708,4843756,"P08_SCB_26","MBC",8,"8",2012,"2"
"1198","11579",32011060,640699,4843660,"P08_SCB_26","MBC",8,"8",2012,"2"
"1199","11594",32011075,639794,4840310,"P08_SCB_25","MBC",8,"8",2012,"2"
"1200","11596",32011077,639794,4838916,"P08_SCB_25","MBC",8,"8",2012,"2"
"1201","11598",32011079,639259,4838762,"P08_SCB_22","MBC",8,"8",2012,"2"
"1202","116",31002064,543778,4933993,"P04_CFL_14","BWC",4,"U4",1998,"2"
"1203","11600",32011081,639754,4837711,"P08_SCB_25","MBC",8,"8",2012,"2"
"1204","11602",32011083,639897,4837067,"P08_USCB_6","MBC",8,"8",2012,"2"
"1205","11603",32011084,640355,4836517,"P08_SCB_24","MBC",8,"8",2012,"2"
"1206","11604",32011086,640845,4836253,"P08_SCB_24","MBC",8,"8",2012,"2"
"1207","11607",32011089,643156,4832564,"P08_USCB_3","MBC",8,"8",2012,"2"
"1208","11609",32011091,643152,4832516,"P08_USCB_3","MBC",8,"8",2012,"1"
"1209","11610",32011092,642548,4826662,"P08_CFL_338","MBC",8,"8",2012,"2"
"1210","11611",32011093,642501,4826571,"P08_CFL_338","MBC",8,"8",2012,"2"
"1211","11612",32011094,642599,4826417,"P08_CFL_338","MBC",8,"8",2012,"2"
"1212","11613",32011095,642555,4826367,"P08_CFL_338","MBC",8,"8",2012,"2"
"1213","1162",31004293,572127,4919165,"P04_CFL_117","BWC",4,"L4",2001,"2"
"1214","11624",32011106,640407,4849117,"P08_SC_14","SC",8,"8",2012,"2"
"1215","1163",31004294,579130,4915206,"P04_CFL_19","BWC",4,"L4",2001,"2"
"1216","11630",32011112,641505,4846865,"P08_CFL_264","SC",8,"8",2012,"2"
"1217","11632",32011114,643856,4846406,"P08_TSC_84","SC",8,"8",2012,"2"
"1218","11634",32011116,642155,4846065,"P08_CFL_231","SC",8,"8",2012,"2"
"1219","11635",32011117,643906,4846008,"P08_TSC_84","SC",8,"8",2012,"2"
"1220","11639",32011121,641443,4844915,"P08_CFL_200","SC",8,"8",2012,"2"
"1221","1164",31004295,579178,4917706,"P04_CFL_19","BWC",4,"L4",2001,"2"
"1222","11642",32011126,643954,4843964,"P08_SC_8","SC",8,"8",2012,"2"
"1223","11643",32011127,641449,4843908,"P08_CFL_172","SC",8,"8",2012,"2"
"1224","11649",32011134,640606,4842915,"P08_SCB_26","SC",8,"8",2012,"1"
"1225","11653",32011138,640701,4842011,"P08_CFL_128","SC",8,"8",2012,"2"
"1226","11656",32011141,643254,4841411,"P08_CFL_119","SC",8,"8",2012,"2"
"1227","11657",32011142,643252,4841364,"P08_CFL_119","SC",8,"8",2012,"2"
"1228","11658",32011143,641455,4841310,"P08_TSC_77","SC",8,"8",2012,"2"
"1229","11659",32011144,640057,4841262,"P08_TSC_44","SC",8,"8",2012,"2"
"1230","11662",32011147,643261,4840918,"P08_CFL_109","SC",8,"8",2012,"2"
"1231","11663",32011148,642396,4840615,"P08_CFL_94","SC",8,"8",2012,"2"
"1232","11665",32011150,640508,4839007,"P08_TSC_27","SC",8,"8",2012,"2"
"1233","11666",32011151,639786,4838710,"P08_TSC_25","SC",8,"8",2012,"2"
"1234","1167",31004298,571525,4918459,"P04_CFL_20","BWC",4,"L4",2001,"2"
"1235","11672",32011157,642205,4834864,"P08_CFL_349","SC",8,"8",2012,"2"
"1236","11673",32011158,642209,4834762,"P08_CFL_349","SC",8,"8",2012,"2"
"1237","11674",32011159,642556,4833460,"P08_CFL_349","SC",8,"8",2012,"2"
"1238","11676",32011161,638351,4858613,"P08_CFL_335","BWC",8,"8",2012,"2"
"1239","11678",32011163,638407,4857614,"P08_CFL_335","BWC",8,"8",2012,"2"
"1240","1168",31004299,572235,4918496,"P04_CFL_20","BWC",4,"L4",2001,"2"
"1241","11680",32011165,638149,4857619,"P08_CFL_334","BWC",8,"8",2012,"2"
"1242","11681",32011166,638707,4857615,"P08_CFL_335","BWC",8,"8",2012,"2"
"1243","11686",32011171,638657,4856465,"P08_CFL_325","BWC",8,"8",2012,"2"
"1244","11687",32011172,638750,4851462,"P08_CFL_348","BWC",8,"8",2012,"2"
"1245","11688",32011173,638445,4850871,"P08_CFL_348","BWC",8,"8",2012,"2"
"1246","11689",32011174,638290,4850349,"P08_CFL_348","BWC",8,"8",2012,"2"
"1247","1169",31004300,572129,4918755,"P04_CFL_20","BWC",4,"L4",2001,"2"
"1248","11690",32011175,638245,4850215,"P08_CFL_348","BWC",8,"8",2012,"2"
"1249","11691",32011176,638154,4850110,"P08_CFL_348","BWC",8,"8",2012,"2"
"1250","11692",32011177,641854,4848416,"P08_CFL_286","BWC",8,"8",2012,"2"
"1251","11693",32011178,642196,4848353,"P08_CFL_283","BWC",8,"8",2012,"2"
"1252","11694",32011179,639207,4848252,"P08_CFL_357","BWC",8,"8",2012,"2"
"1253","11695",32011180,641998,4848263,"P08_CFL_286","BWC",8,"8",2012,"2"
"1254","11696",32011181,640603,4848159,"P08_CFL_291","BWC",8,"8",2012,"2"
"1255","11697",32011182,640012,4847761,"P08_CFL_360","BWC",8,"8",2012,"2"
"1256","11698",32011183,643102,4846763,"P08_TSC_82","BWC",8,"8",2012,"2"
"1257","11699",32011184,642203,4846709,"","BWC",8,"8",2012,"2"
"1258","1170",31004301,571228,4918803,"P04_CFL_20","BWC",4,"L4",2001,"2"
"1259","11700",32011185,641194,4846660,"","BWC",8,"8",2012,"2"
"1260","11701",32011186,642949,4846472,"P08_CFL_354","BWC",8,"8",2012,"2"
"1261","11702",32011188,644255,4846008,"P08_CFL_238","BWC",8,"8",2012,"2"
"1262","11703",32011189,644060,4845855,"P08_CFL_238","BWC",8,"8",2012,"2"
"1263","11704",32011190,644255,4845762,"P08_CFL_238","BWC",8,"8",2012,"2"
"1264","11705",32011191,643709,4845661,"P08_CFL_234","BWC",8,"8",2012,"2"
"1265","11706",32011192,643401,4845665,"P08_TSC_87","BWC",8,"8",2012,"2"
"1266","11707",32011194,641905,4845460,"P08_CFL_209","BWC",8,"8",2012,"2"
"1267","11708",32011195,641957,4845468,"P08_CFL_209","BWC",8,"8",2012,"2"
"1268","11709",32011196,643804,4845459,"P08_TSC_84","BWC",8,"8",2012,"2"
"1269","1171",31004302,572280,4918451,"P04_CFL_20","BWC",4,"L4",2001,"2"
"1270","11710",32011197,644462,4845412,"P08_CFL_238","BWC",8,"8",2012,"2"
"1271","11711",32011198,643198,4845307,"P08_CFL_206","BWC",8,"8",2012,"2"
"1272","11712",32011199,641002,4845218,"P08_CFL_203","BWC",8,"8",2012,"2"
"1273","11713",32011200,639201,4845215,"P08_CFL_224","BWC",8,"8",2012,"2"
"1274","11714",32011201,643064,4845171,"P08_CFL_197","BWC",8,"8",2012,"2"
"1275","11715",32011202,644401,4844957,"P08_CFL_238","BWC",8,"8",2012,"2"
"1276","11716",32011203,639355,4844662,"P08_CFL_224","BWC",8,"8",2012,"2"
"1277","11717",32011204,642649,4844617,"P08_TSC_61","BWC",8,"8",2012,"2"
"1278","11718",32011205,639651,4844371,"P08_CFL_224","BWC",8,"8",2012,"2"
"1279","11719",32011206,639103,4844319,"P08_CFL_224","BWC",8,"8",2012,"2"
"1280","1172",31004303,572184,4918757,"P04_CFL_20","BWC",4,"L4",2001,"2"
"1281","11720",32011207,641899,4844216,"P08_CFL_228","BWC",8,"8",2012,"2"
"1282","11721",32011208,639950,4844205,"P08_CFL_224","BWC",8,"8",2012,"2"
"1283","11722",32011209,639603,4844007,"P08_CFL_224","BWC",8,"8",2012,"2"
"1284","11723",32011210,639957,4843959,"P08_CFL_224","BWC",8,"8",2012,"2"
"1285","11724",32011211,640053,4843916,"P08_CFL_224","BWC",8,"8",2012,"2"
"1286","11725",32011212,639952,4843856,"P08_CFL_224","BWC",8,"8",2012,"2"
"1287","11726",32011213,639808,4843762,"P08_CFL_224","BWC",8,"8",2012,"2"
"1288","11727",32011214,643312,4843708,"P08_CFL_179","BWC",8,"8",2012,"2"
"1289","11728",32011215,644409,4843667,"P08_CFL_162","BWC",8,"8",2012,"2"
"1290","11729",32011216,643202,4843615,"P08_CFL_179","BWC",8,"8",2012,"2"
"1291","1173",31004304,572069,4918854,"P04_CFL_20","BWC",4,"L4",2001,"2"
"1292","11730",32011217,644052,4843510,"","BWC",8,"8",2012,"2"
"1293","11731",32011218,644408,4843505,"P08_CFL_162","BWC",8,"8",2012,"2"
"1294","11732",32011219,644554,4843513,"P08_CFL_162","BWC",8,"8",2012,"2"
"1295","11733",32011220,641299,4843310,"P08_CFL_152","BWC",8,"8",2012,"2"
"1296","11734",32011221,639848,4843256,"P08_CFL_224","BWC",8,"8",2012,"2"
"1297","11735",32011222,641351,4843216,"P08_CFL_147","BWC",8,"8",2012,"2"
"1298","11736",32011223,644099,4843111,"P08_CFL_140","BWC",8,"8",2012,"2"
"1299","11737",32011224,639753,4843008,"P08_CFL_224","BWC",8,"8",2012,"2"
"1300","11738",32011225,639805,4842915,"P08_CFL_224","BWC",8,"8",2012,"2"
"1301","1174",31004306,581073,4912459,"P04_CFL_44","BWC",4,"L4",2001,"2"
"1302","11740",32011228,643146,4842311,"P08_CFL_159","BWC",8,"8",2012,"2"
"1303","11741",32011229,644206,4842260,"P08_CFL_119","BWC",8,"8",2012,"2"
"1304","11742",32011230,640404,4842004,"P08_CFL_115","BWC",8,"8",2012,"2"
"1305","11744",32011233,642099,4841562,"P08_CFL_113","BWC",8,"8",2012,"2"
"1306","11745",32011235,641547,4841512,"P08_CFL_111","BWC",8,"8",2012,"2"
"1307","11746",32011237,641752,4841258,"P08_TSC_42","BWC",8,"8",2012,"2"
"1308","11747",32011238,643154,4841015,"P08_CFL_109","BWC",8,"8",2012,"2"
"1309","11749",32011243,643156,4840611,"P08_CFL_78","BWC",8,"8",2012,"2"
"1310","1175",31004307,579729,4911358,"P04_CFL_44","BWC",4,"L4",2001,"2"
"1311","11750",32011244,643155,4840515,"P08_TSC_36","BWC",8,"8",2012,"2"
"1312","11751",32011245,642354,4840518,"P08_CFL_94","BWC",8,"8",2012,"2"
"1313","11752",32011246,642006,4840358,"P08_CFL_66","BWC",8,"8",2012,"2"
"1314","11753",32011247,642104,4840369,"P08_TSC_31","BWC",8,"8",2012,"2"
"1315","11755",32011249,642198,4840263,"P08_CFL_343","BWC",8,"8",2012,"2"
"1316","11756",32011250,641456,4840213,"P08_TSC_43","BWC",8,"8",2012,"2"
"1317","11757",32011251,641156,4840208,"P08_CFL_343","BWC",8,"8",2012,"2"
"1318","11758",32011252,641005,4840114,"P08_CFL_62","BWC",8,"8",2012,"2"
"1319","11759",32011253,641257,4839957,"P08_CFL_343","BWC",8,"8",2012,"1"
"1320","1176",31004308,582226,4913663,"P04_CFL_264","BWC",4,"L4",2001,"2"
"1321","11760",32011254,640107,4839760,"P08_CFL_56","BWC",8,"8",2012,"2"
"1322","11761",32011255,640355,4839408,"P08_CFL_56","BWC",8,"8",2012,"2"
"1323","11762",32011256,640306,4838911,"P08_CFL_42","BWC",8,"8",2012,"2"
"1324","11763",32011257,640607,4838863,"P08_TSC_27","BWC",8,"8",2012,"2"
"1325","11764",32011258,640355,4838718,"P08_CFL_42","BWC",8,"8",2012,"2"
"1326","11765",32011259,639709,4836956,"P08_CFL_337","BWC",8,"8",2012,"2"
"1327","11766",32011260,639456,4836660,"P08_CFL_337","BWC",8,"8",2012,"2"
"1328","11767",32011261,639752,4836116,"P08_CFL_337","BWC",8,"8",2012,"2"
"1329","11768",32011262,639802,4835861,"P08_CFL_337","BWC",8,"8",2012,"2"
"1330","11769",32011263,640154,4835814,"P08_CFL_337","BWC",8,"8",2012,"2"
"1331","1177",31004309,582782,4913405,"P04_CFL_264","BWC",4,"L4",2001,"1"
"1332","11770",32011264,639312,4835709,"P08_SC_1","BWC",8,"8",2012,"2"
"1333","11771",32011265,640002,4835660,"P08_CFL_337","BWC",8,"8",2012,"2"
"1334","11772",32011266,640502,4835561,"P08_CFL_337","BWC",8,"8",2012,"2"
"1335","11773",32011267,640408,4835354,"P08_CFL_337","BWC",8,"8",2012,"2"
"1336","11774",32011269,639551,4834106,"P08_CFL_350","BWC",8,"8",2012,"2"
"1337","11775",32011270,643203,4833815,"P08_CFL_11","BWC",8,"8",2012,"2"
"1338","11776",32011271,643653,4840565,"P08_CFL_119","IMP",8,"8",2012,"2"
"1339","11777",32011272,643604,4840317,"P08_CFL_343","IMP",8,"8",2012,"2"
"1340","11778",32011274,642902,4840062,"P08_CFL_343","IMP",8,"8",2012,"2"
"1341","11779",32011275,642799,4839911,"P08_CFL_343","IMP",8,"8",2012,"2"
"1342","1178",31004310,582930,4912606,"P04_CFL_241","BWC",4,"L4",2001,"2"
"1343","11780",32011276,641706,4839863,"P08_CFL_343","IMP",8,"8",2012,"2"
"1344","11782",32011278,642151,4839714,"P08_CFL_343","IMP",8,"8",2012,"1"
"1345","11783",32011279,642802,4839659,"P08_CFL_343","IMP",8,"8",2012,"2"
"1346","11785",32011281,642004,4839606,"P08_CFL_343","IMP",8,"8",2012,"2"
"1347","11786",32011282,641757,4839556,"P08_CFL_343","IMP",8,"8",2012,"2"
"1348","11787",32011283,641657,4839465,"P08_CFL_343","IMP",8,"8",2012,"2"
"1349","11788",32011284,640950,4839100,"P08_CFL_343","IMP",8,"8",2012,"2"
"1350","11789",32011285,641455,4838962,"P08_CFL_343","IMP",8,"8",2012,"2"
"1351","11790",32011286,641401,4838868,"P08_CFL_343","IMP",8,"8",2012,"2"
"1352","11792",32011288,643103,4838709,"P08_CFL_343","IMP",8,"8",2012,"2"
"1353","11793",32011289,641956,4838665,"P08_CFL_343","IMP",8,"8",2012,"2"
"1354","11796",32011292,640810,4838553,"P08_CFL_343","IMP",8,"8",2012,"2"
"1355","11797",32011293,641501,4838513,"P08_CFL_343","IMP",8,"8",2012,"2"
"1356","11798",32011294,641605,4838507,"P08_CFL_343","IMP",8,"8",2012,"2"
"1357","11799",32011295,640706,4838458,"P08_CFL_343","IMP",8,"8",2012,"2"
"1358","1180",31004312,584031,4911255,"P04_CFL_254","BWC",4,"L4",2001,"2"
"1359","11801",32011297,641207,4838310,"P08_CFL_343","IMP",8,"8",2012,"2"
"1360","11802",32011298,640603,4838254,"P08_CFL_343","IMP",8,"8",2012,"2"
"1361","11803",32011299,642811,4838261,"P08_CFL_343","IMP",8,"8",2012,"1"
"1362","11804",32011300,640506,4838207,"P08_CFL_343","IMP",8,"8",2012,"2"
"1363","11806",32011302,642100,4837953,"P08_CFL_343","IMP",8,"8",2012,"1"
"1364","11808",32011304,642754,4837856,"P08_CFL_343","IMP",8,"8",2012,"1"
"1365","11809",32011305,642853,4837812,"P08_CFL_343","IMP",8,"8",2012,"1"
"1366","1181",31004313,584280,4911061,"P04_CFL_254","BWC",4,"L4",2001,"2"
"1367","11810",32011306,641794,4837709,"P08_CFL_343","IMP",8,"8",2012,"2"
"1368","11811",32011307,640812,4837617,"P08_CFL_343","IMP",8,"8",2012,"2"
"1369","11812",32011308,640406,4837563,"P08_CFL_343","IMP",8,"8",2012,"2"
"1370","11813",32011309,641504,4837513,"P08_CFL_343","IMP",8,"8",2012,"2"
"1371","11814",32011310,641903,4837516,"P08_CFL_343","IMP",8,"8",2012,"2"
"1372","11815",32011311,640755,4837465,"P08_CFL_343","IMP",8,"8",2012,"2"
"1373","11816",32011312,641001,4837366,"P08_CFL_343","IMP",8,"8",2012,"2"
"1374","11817",32011313,642302,4837356,"P08_CFL_343","IMP",8,"8",2012,"1"
"1375","11818",32011314,641006,4837263,"P08_CFL_343","IMP",8,"8",2012,"2"
"1376","11819",32011315,640905,4837114,"P08_CFL_343","IMP",8,"8",2012,"2"
"1377","1182",31004314,584528,4910749,"P04_TSC_31","BWC",4,"L4",2001,"2"
"1378","11820",32011316,641752,4837119,"P08_CFL_343","IMP",8,"8",2012,"2"
"1379","11821",32011317,641652,4837062,"P08_CFL_343","IMP",8,"8",2012,"2"
"1380","11823",32011319,640705,4837015,"P08_CFL_343","IMP",8,"8",2012,"1"
"1381","11825",32011321,640602,4836966,"P08_CFL_343","IMP",8,"8",2012,"2"
"1382","11826",32011322,641103,4836715,"P08_CFL_343","IMP",8,"8",2012,"2"
"1383","11827",32011323,640952,4836562,"P08_CFL_343","IMP",8,"8",2012,"2"
"1384","1183",31004315,584983,4910315,"P04_CFL_270","BWC",4,"L4",2001,"2"
"1385","11830",32011326,641603,4836004,"P08_CFL_343","IMP",8,"8",2012,"1"
"1386","11831",32011327,642353,4835960,"P08_CFL_27","IMP",8,"8",2012,"2"
"1387","11832",32011328,642203,4835864,"P08_CFL_27","IMP",8,"8",2012,"2"
"1388","11833",32011329,642504,4835820,"P08_CFL_27","IMP",8,"8",2012,"2"
"1389","11834",32011330,643246,4835812,"P08_CFL_27","IMP",8,"8",2012,"2"
"1390","11835",32011331,643006,4835765,"P08_CFL_27","IMP",8,"8",2012,"2"
"1391","11836",32011332,642420,4835706,"P08_CFL_27","IMP",8,"8",2012,"2"
"1392","11837",32011333,641347,4835664,"P08_CFL_342","IMP",8,"8",2012,"2"
"1393","11838",32011334,642555,4835304,"P08_CFL_349","IMP",8,"8",2012,"2"
"1394","1184",31004316,580128,4917261,"P04_CFL_19","BWC",4,"L4",2001,"2"
"1395","11840",32011336,639552,4834968,"P08_CFL_20","IMP",8,"8",2012,"2"
"1396","11841",32011337,639610,4834966,"P08_CFL_20","IMP",8,"8",2012,"2"
"1397","11842",32011338,642901,4834961,"P08_CFL_349","IMP",8,"8",2012,"2"
"1398","11843",32011339,642052,4834913,"P08_CFL_349","IMP",8,"8",2012,"2"
"1399","11844",32011340,640905,4834810,"P08_CFL_337","IMP",8,"8",2012,"2"
"1400","11845",32011341,641154,4834762,"P08_CFL_337","IMP",8,"8",2012,"2"
"1401","11846",32011342,640803,4834710,"P08_CFL_337","IMP",8,"8",2012,"2"
"1402","11847",32011343,640805,4834661,"P08_CFL_337","IMP",8,"8",2012,"2"
"1403","11848",32011344,642313,4834552,"P08_CFL_349","IMP",8,"8",2012,"1"
"1404","11849",32011345,641251,4834510,"P08_CFL_342","IMP",8,"8",2012,"2"
"1405","1185",31004317,579280,4917204,"P04_CFL_19","BWC",4,"L4",2001,"2"
"1406","11850",32011346,640501,4834111,"P08_CFL_342","IMP",8,"8",2012,"2"
"1407","11851",32011347,640204,4834023,"P08_TSC_20","IMP",8,"8",2012,"2"
"1408","11852",32011348,641452,4834007,"P08_CFL_342","IMP",8,"8",2012,"2"
"1409","11853",32011349,640951,4833961,"P08_CFL_342","IMP",8,"8",2012,"2"
"1410","11854",32011351,640857,4833863,"P08_CFL_342","IMP",8,"8",2012,"2"
"1411","11855",32011352,640450,4833763,"P08_CFL_342","IMP",8,"8",2012,"2"
"1412","11856",32011353,640450,4833715,"P08_CFL_342","IMP",8,"8",2012,"2"
"1413","11857",32011354,640356,4833665,"P08_TSC_20","IMP",8,"8",2012,"2"
"1414","11858",32011355,639509,4833512,"P08_CFL_17","IMP",8,"8",2012,"2"
"1415","11859",32011356,639650,4833416,"P08_CFL_17","IMP",8,"8",2012,"2"
"1416","1186",31004318,580377,4917156,"P04_CFL_19","BWC",4,"L4",2001,"2"
"1417","11860",32011357,640603,4833413,"P08_CFL_342","IMP",8,"8",2012,"2"
"1418","11861",32011358,641650,4833360,"P08_CFL_342","IMP",8,"8",2012,"2"
"1419","11862",32011359,642308,4833315,"P08_CFL_342","IMP",8,"8",2012,"2"
"1420","11863",32011360,639745,4833269,"P08_CFL_350","IMP",8,"8",2012,"2"
"1421","11864",32011361,640704,4833270,"P08_CFL_342","IMP",8,"8",2012,"2"
"1422","11865",32011362,642804,4833258,"P08_CFL_349","IMP",8,"8",2012,"2"
"1423","11866",32011363,639352,4833207,"P08_CFL_17","IMP",8,"8",2012,"2"
"1424","11867",32011364,641197,4833211,"P08_CFL_342","IMP",8,"8",2012,"2"
"1425","11868",32011365,639352,4833157,"P08_CFL_17","IMP",8,"8",2012,"2"
"1426","11869",32011366,643415,4833152,"P08_CFL_349","IMP",8,"8",2012,"2"
"1427","1187",31004319,580527,4917154,"P04_CFL_19","BWC",4,"L4",2001,"2"
"1428","11870",32011367,641904,4833167,"P08_CFL_342","IMP",8,"8",2012,"2"
"1429","11872",32011369,641558,4833108,"P08_CFL_342","IMP",8,"8",2012,"2"
"1430","11873",32011370,643355,4833013,"P08_CFL_349","IMP",8,"8",2012,"2"
"1431","11874",32011371,640697,4832970,"P08_CFL_342","IMP",8,"8",2012,"2"
"1432","11875",32011372,641899,4832961,"P08_CFL_342","IMP",8,"8",2012,"2"
"1433","11876",32011373,639404,4832916,"P08_CFL_17","IMP",8,"8",2012,"2"
"1434","11877",32011374,642857,4832913,"P08_CFL_349","IMP",8,"8",2012,"2"
"1435","11878",32011376,642252,4832763,"P08_CFL_342","IMP",8,"8",2012,"2"
"1436","1188",31004320,579432,4917101,"P04_CFL_19","BWC",4,"L4",2001,"2"
"1437","11880",32011378,640699,4832706,"P08_CFL_342","IMP",8,"8",2012,"2"
"1438","11881",32011379,640950,4832712,"P08_CFL_342","IMP",8,"8",2012,"1"
"1439","11882",32011380,641951,4832662,"P08_CFL_342","IMP",8,"8",2012,"2"
"1440","11883",32011382,642351,4832564,"P08_CFL_342","IMP",8,"8",2012,"2"
"1441","11884",32011383,640609,4832466,"P08_CFL_342","IMP",8,"8",2012,"2"
"1442","11885",32011384,642803,4832356,"P08_CFL_342","IMP",8,"8",2012,"2"
"1443","11886",32011386,642256,4832259,"P08_CFL_342","IMP",8,"8",2012,"2"
"1444","11887",32011387,640356,4832166,"P08_CFL_342","IMP",8,"8",2012,"2"
"1445","11888",32011388,641704,4832166,"P08_CFL_342","IMP",8,"8",2012,"2"
"1446","11889",32011389,642357,4832160,"P08_CFL_342","IMP",8,"8",2012,"2"
"1447","11890",32011390,641306,4832116,"P08_CFL_342","IMP",8,"8",2012,"2"
"1448","11891",32011391,642348,4832012,"P08_CFL_342","IMP",8,"8",2012,"2"
"1449","11892",32011392,642552,4832012,"P08_CFL_342","IMP",8,"8",2012,"2"
"1450","11893",32011393,642907,4832008,"P08_CFL_342","IMP",8,"8",2012,"2"
"1451","11894",32011394,640256,4831957,"P08_CFL_5","IMP",8,"8",2012,"2"
"1452","11895",32011395,642307,4831953,"P08_CFL_342","IMP",8,"8",2012,"2"
"1453","11896",32011396,642908,4831858,"P08_CFL_342","IMP",8,"8",2012,"2"
"1454","11897",32011397,641298,4831662,"P08_CFL_342","IMP",8,"8",2012,"2"
"1455","11898",32011398,642053,4831662,"P08_CFL_342","IMP",8,"8",2012,"2"
"1456","1190",31004322,580580,4916999,"P04_CFL_19","BWC",4,"L4",2001,"2"
"1457","11900",32011400,641803,4831517,"P08_CFL_342","IMP",8,"8",2012,"2"
"1458","11901",32011401,643154,4831514,"P08_CFL_342","IMP",8,"8",2012,"2"
"1459","11902",32011402,643149,4831363,"P08_CFL_342","IMP",8,"8",2012,"2"
"1460","11903",32011403,642259,4831316,"P08_CFL_342","IMP",8,"8",2012,"2"
"1461","11904",32011404,641304,4831313,"P08_CFL_342","IMP",8,"8",2012,"2"
"1462","11905",32011405,640249,4831255,"P08_CFL_342","IMP",8,"8",2012,"2"
"1463","11906",32011406,641854,4831259,"P08_CFL_342","IMP",8,"8",2012,"2"
"1464","11908",32011408,639958,4831164,"P08_CFL_342","IMP",8,"8",2012,"2"
"1465","1191",31004323,579527,4916863,"P04_CFL_19","BWC",4,"L4",2001,"2"
"1466","11910",32011410,640403,4831116,"P08_CFL_342","IMP",8,"8",2012,"2"
"1467","11911",32011411,642206,4830965,"P08_CFL_342","IMP",8,"8",2012,"2"
"1468","11912",32011412,641860,4830854,"P08_CFL_342","IMP",8,"8",2012,"2"
"1469","11914",32011414,641706,4830657,"P08_CFL_342","IMP",8,"8",2012,"2"
"1470","11915",32011415,642810,4830663,"P08_CFL_342","IMP",8,"8",2012,"2"
"1471","11916",32011416,643154,4830566,"P08_CFL_342","IMP",8,"8",2012,"1"
"1472","11917",32011417,640154,4830510,"P08_CFL_342","IMP",8,"8",2012,"2"
"1473","11919",32011419,642414,4830514,"P08_CFL_342","IMP",8,"8",2012,"2"
"1474","1192",31004324,580024,4916854,"P04_CFL_19","BWC",4,"L4",2001,"2"
"1475","11920",32011420,641360,4830463,"P08_CFL_342","IMP",8,"8",2012,"2"
"1476","11921",32011421,643103,4830467,"P08_CFL_342","IMP",8,"8",2012,"2"
"1477","11922",32011422,642916,4830406,"P08_CFL_342","IMP",8,"8",2012,"2"
"1478","11923",32011423,641211,4830366,"P08_CFL_342","IMP",8,"8",2012,"2"
"1479","11924",32011424,640359,4830264,"P08_CFL_342","IMP",8,"8",2012,"2"
"1480","11925",32011425,642256,4830262,"P08_CFL_342","IMP",8,"8",2012,"2"
"1481","11927",32011427,642201,4830208,"P08_CFL_342","IMP",8,"8",2012,"2"
"1482","11928",32011428,640050,4830166,"P08_CFL_342","IMP",8,"8",2012,"2"
"1483","11929",32011429,639709,4830115,"P08_CFL_340","IMP",8,"8",2012,"2"
"1484","1193",31004325,578981,4916809,"P04_CFL_19","BWC",4,"L4",2001,"2"
"1485","11930",32011430,642408,4829913,"P08_CFL_342","IMP",8,"8",2012,"2"
"1486","11931",32011431,642451,4829868,"P08_CFL_342","IMP",8,"8",2012,"2"
"1487","11932",32011432,641959,4829818,"P08_CFL_342","IMP",8,"8",2012,"2"
"1488","11933",32011433,642203,4829820,"P08_CFL_342","IMP",8,"8",2012,"2"
"1489","11934",32011434,641106,4829762,"P08_CFL_342","IMP",8,"8",2012,"2"
"1490","11936",32011436,640906,4829466,"P08_CFL_342","IMP",8,"8",2012,"2"
"1491","11937",32011437,642451,4829466,"P08_CFL_342","IMP",8,"8",2012,"2"
"1492","11938",32011438,640000,4829413,"P08_CFL_340","IMP",8,"8",2012,"2"
"1493","1194",31004326,579528,4916605,"P04_CFL_19","BWC",4,"L4",2001,"1"
"1494","11940",32011440,641954,4829171,"P08_CFL_342","IMP",8,"8",2012,"2"
"1495","11941",32011441,640855,4829066,"P08_SC_1","IMP",8,"8",2012,"2"
"1496","11942",32011442,641558,4829012,"P08_CFL_342","IMP",8,"8",2012,"2"
"1497","11943",32011443,641905,4829016,"P08_CFL_342","IMP",8,"8",2012,"2"
"1498","11944",32011444,640905,4828969,"P08_CFL_340","IMP",8,"8",2012,"2"
"1499","11945",32011445,642602,4828966,"P08_CFL_342","IMP",8,"8",2012,"2"
"1500","11946",32011446,642051,4828814,"P08_CFL_342","IMP",8,"8",2012,"2"
"1501","11947",32011447,643204,4828767,"P08_CFL_339","IMP",8,"8",2012,"2"
"1502","11948",32011448,642560,4828611,"P08_CFL_342","IMP",8,"8",2012,"2"
"1503","11949",32011449,641656,4828571,"P08_CFL_342","IMP",8,"8",2012,"2"
"1504","11950",32011450,642010,4828565,"P08_CFL_342","IMP",8,"8",2012,"2"
"1505","11953",32011453,641905,4828115,"P08_CFL_342","IMP",8,"8",2012,"2"
"1506","11954",32011454,641906,4828073,"P08_CFL_342","IMP",8,"8",2012,"1"
"1507","11955",32011455,642703,4827963,"P08_CFL_342","IMP",8,"8",2012,"2"
"1508","11957",32011479,639157,4854432,"P08_SC_17","MBC",8,"8",2013,"1"
"1509","1197",31004329,580527,4916455,"P04_CFL_19","BWC",4,"L4",2001,"2"
"1510","1198",31004330,579386,4916405,"P04_CFL_19","BWC",4,"L4",2001,"2"
"1511","1199",31004331,579780,4916406,"P04_CFL_19","BWC",4,"L4",2001,"2"
"1512","11996",32011519,639755,4840438,"P08_CFL_76","MBC",8,"8",2013,"2"
"1513","11998",32011521,639805,4839120,"P08_SCB_25","MBC",8,"8",2013,"2"
"1514","1200",31004332,579181,4916260,"P04_CFL_19","BWC",4,"L4",2001,"1"
"1515","12005",32011530,639711,4837576,"","MBC",8,"8",2013,"2"
"1516","12007",32011532,640006,4837029,"","MBC",8,"8",2013,"2"
"1517","12008",32011533,640255,4836928,"P08_CFL_343","MBC",8,"8",2013,"2"
"1518","12009",32011534,640359,4836765,"P08_CFL_343","MBC",8,"8",2013,"2"
"1519","12010",32011536,640899,4836430,"P08_CFL_343","MBC",8,"8",2013,"2"
"1520","12012",32011538,641599,4835327,"P08_SCB_21","MBC",8,"8",2013,"2"
"1521","12016",32011542,643151,4832727,"P08_CFL_349","MBC",8,"8",2013,"1"
"1522","12017",32011543,643258,4832683,"P08_CFL_349","MBC",8,"8",2013,"2"
"1523","12019",32011545,642501,4826825,"P08_CFL_338","MBC",8,"8",2013,"2"
"1524","1202",31004334,581382,4916199,"P04_CFL_19","BWC",4,"L4",2001,"2"
"1525","12020",32011546,639159,4856725,"P08_CFL_372","SC",8,"8",2013,"1"
"1526","12027",32011559,641503,4847677,"P08_SC_10","SC",8,"8",2013,"2"
"1527","12029",32011562,643397,4846420,"P08_TSC_83","SC",8,"8",2013,"2"
"1528","1203",31004335,579926,4916161,"P04_CFL_19","BWC",4,"L4",2001,"2"
"1529","12030",32011563,641559,4846325,"P08_CFL_247","SC",8,"8",2013,"2"
"1530","12032",32011565,643848,4846125,"P08_TSC_84","SC",8,"8",2013,"2"
"1531","12034",32011567,642951,4846025,"P08_SC_11","SC",8,"8",2013,"2"
"1532","12035",32011568,642363,4845726,"P08_SC_11","SC",8,"8",2013,"2"
"1533","12037",32011572,641301,4844783,"P08_SC_10","SC",8,"8",2013,"2"
"1534","12039",32011574,642253,4844570,"P08_SC_11","SC",8,"8",2013,"2"
"1535","12041",32011577,641851,4844131,"P08_CFL_228","SC",8,"8",2013,"2"
"1536","12047",32011583,640859,4843029,"P08_CFL_148","SC",8,"8",2013,"2"
"1537","1205",31004338,581280,4916100,"P04_CFL_19","BWC",4,"L4",2001,"2"
"1538","12051",32011588,641405,4841678,"P08_TSC_78","SC",8,"8",2013,"2"
"1539","12058",32011596,642453,4840922,"P08_CFL_94","SC",8,"8",2013,"2"
"1540","12059",32011597,641355,4840926,"P08_SC_4","SC",8,"8",2013,"2"
"1541","12061",32011599,640251,4840727,"P08_SC_5","SC",8,"8",2013,"2"
"1542","12062",32011600,640347,4840381,"P08_CFL_84","SC",8,"8",2013,"2"
"1543","12065",32011603,640110,4838533,"P08_CFL_41","SC",8,"8",2013,"2"
"1544","12066",32011604,643107,4838219,"P08_CFL_343","SC",8,"8",2013,"1"
"1545","12067",32011605,643107,4838168,"P08_CFL_343","SC",8,"8",2013,"1"
"1546","12069",32011607,639261,4835920,"P08_SC_1","SC",8,"8",2013,"2"
"1547","1207",31004340,580332,4916059,"P04_CFL_19","BWC",4,"L4",2001,"2"
"1548","12071",32011609,639949,4834373,"P08_SC_1","SC",8,"8",2013,"2"
"1549","12073",32011612,637598,4857979,"P08_CFL_334","BWC",8,"8",2013,"2"
"1550","12074",32011613,638553,4857582,"P08_CFL_335","BWC",8,"8",2013,"2"
"1551","12075",32011614,638801,4857585,"P08_CFL_335","BWC",8,"8",2013,"2"
"1552","12077",32011617,638705,4857178,"P08_CFL_335","BWC",8,"8",2013,"2"
"1553","12078",32011618,638710,4857126,"P08_CFL_335","BWC",8,"8",2013,"2"
"1554","12079",32011619,639052,4856714,"P08_CFL_335","BWC",8,"8",2013,"2"
"1555","1208",31004341,580380,4916065,"P04_CFL_19","BWC",4,"L4",2001,"2"
"1556","12081",32011623,638598,4851479,"","BWC",8,"8",2013,"2"
"1557","12083",32011626,639152,4850721,"P08_CFL_348","BWC",8,"8",2013,"2"
"1558","12084",32011627,638356,4850626,"P08_CFL_348","BWC",8,"8",2013,"2"
"1559","12085",32011628,638550,4850577,"P08_CFL_348","BWC",8,"8",2013,"2"
"1560","12086",32011629,638957,4850563,"P08_CFL_348","BWC",8,"8",2013,"2"
"1561","12088",32011633,642152,4849122,"P08_TSC_70","BWC",8,"8",2013,"2"
"1562","12089",32011634,639400,4848874,"P08_CFL_291","BWC",8,"8",2013,"2"
"1563","12091",32011638,640355,4847880,"P08_CFL_291","BWC",8,"8",2013,"2"
"1564","12092",32011644,643207,4845727,"P08_TSC_86","BWC",8,"8",2013,"2"
"1565","12094",32011647,642702,4845574,"P08_CFL_211","BWC",8,"8",2013,"2"
"1566","12095",32011648,644257,4845474,"P08_CFL_238","BWC",8,"8",2013,"2"
"1567","12096",32011649,644460,4845479,"P08_CFL_238","BWC",8,"8",2013,"2"
"1568","12098",32011651,644703,4845217,"P08_CFL_238","BWC",8,"8",2013,"2"
"1569","12099",32011652,641854,4845228,"P08_CFL_351","BWC",8,"8",2013,"2"
"1570","121",31002069,539025,4935509,"P04_CFL_71","BWC",4,"U4",1998,"2"
"1571","12100",32011653,639507,4845224,"P08_CFL_224","BWC",8,"8",2013,"2"
"1572","12101",32011654,639205,4845120,"P08_CFL_224","BWC",8,"8",2013,"2"
"1573","12102",32011655,643506,4845074,"P08_TSC_87","BWC",8,"8",2013,"2"
"1574","12103",32011656,643651,4845071,"P08_CFL_194","BWC",8,"8",2013,"2"
"1575","12104",32011657,644393,4845037,"P08_CFL_238","BWC",8,"8",2013,"2"
"1576","12105",32011658,642100,4845024,"P08_CFL_198","BWC",8,"8",2013,"2"
"1577","12106",32011661,639155,4844570,"P08_CFL_224","BWC",8,"8",2013,"2"
"1578","12107",32011662,639352,4844475,"P08_CFL_224","BWC",8,"8",2013,"2"
"1579","12109",32011665,640098,4844120,"P08_CFL_224","BWC",8,"8",2013,"2"
"1580","1211",31004344,580428,4915958,"P04_CFL_19","BWC",4,"L4",2001,"2"
"1581","12111",32011669,641109,4843674,"P08_TSC_58","BWC",8,"8",2013,"2"
"1582","12112",32011670,644248,4843626,"P08_CFL_162","BWC",8,"8",2013,"2"
"1583","12113",32011671,641458,4843473,"P08_TSC_58","BWC",8,"8",2013,"2"
"1584","12114",32011672,639454,4843424,"P08_CFL_224","BWC",8,"8",2013,"2"
"1585","12115",32011673,644153,4843385,"","BWC",8,"8",2013,"2"
"1586","12116",32011674,639655,4843330,"P08_CFL_224","BWC",8,"8",2013,"2"
"1587","12117",32011678,641507,4842679,"P08_TSC_52","BWC",8,"8",2013,"2"
"1588","12118",32011679,643166,4842630,"P08_CFL_159","BWC",8,"8",2013,"2"
"1589","12119",32011680,643210,4842580,"P08_CFL_159","BWC",8,"8",2013,"2"
"1590","12120",32011681,643406,4842518,"P08_CFL_159","BWC",8,"8",2013,"2"
"1591","12122",32011685,644307,4842130,"P08_CFL_119","BWC",8,"8",2013,"2"
"1592","12123",32011686,643860,4842076,"P08_CFL_119","BWC",8,"8",2013,"2"
"1593","12124",32011687,642301,4842033,"P08_SC_11","BWC",8,"8",2013,"2"
"1594","12125",32011688,642154,4841776,"P08_CFL_122","BWC",8,"8",2013,"2"
"1595","12127",32011690,640508,4841675,"P08_CFL_115","BWC",8,"8",2013,"2"
"1596","12128",32011692,640211,4841424,"P08_SC_5","BWC",8,"8",2013,"2"
"1597","12130",32011695,641800,4840832,"P08_CFL_94","BWC",8,"8",2013,"2"
"1598","12131",32011697,642951,4840782,"P08_CFL_85","BWC",8,"8",2013,"2"
"1599","12132",32011698,639951,4840727,"P08_TSC_44","BWC",8,"8",2013,"2"
"1600","12133",32011699,640955,4840724,"P08_CFL_82","BWC",8,"8",2013,"2"
"1601","12134",32011700,641606,4840719,"P08_CFL_81","BWC",8,"8",2013,"1"
"1602","12136",32011702,639905,4840631,"P08_CFL_77","BWC",8,"8",2013,"1"
"1603","12137",32011703,641411,4840583,"P08_CFL_75","BWC",8,"8",2013,"2"
"1604","12138",32011704,641809,4840580,"P08_SC_11","BWC",8,"8",2013,"2"
"1605","12139",32011705,641351,4840529,"P08_TSC_43","BWC",8,"8",2013,"2"
"1606","12142",32011708,640113,4840375,"P08_CFL_88","BWC",8,"8",2013,"2"
"1607","12143",32011709,642648,4840283,"P08_SC_11","BWC",8,"8",2013,"2"
"1608","12144",32011710,640403,4840220,"P08_SC_5","BWC",8,"8",2013,"2"
"1609","12145",32011711,640201,4840071,"P08_CFL_56","BWC",8,"8",2013,"2"
"1610","12146",32011712,640448,4840074,"P08_CFL_58","BWC",8,"8",2013,"2"
"1611","12147",32011713,640357,4839223,"P08_TSC_27","BWC",8,"8",2013,"2"
"1612","12148",32011714,640158,4838820,"P08_SC_2","BWC",8,"8",2013,"2"
"1613","12149",32011715,638948,4838075,"P08_CFL_344","BWC",8,"8",2013,"2"
"1614","1215",31004348,580533,4915655,"P04_CFL_19","BWC",4,"L4",2001,"2"
"1615","12150",32011716,639510,4837614,"P08_SCB_22","BWC",8,"8",2013,"2"
"1616","12151",32011717,639000,4837526,"P08_CFL_28","BWC",8,"8",2013,"2"
"1617","12152",32011718,639709,4837468,"","BWC",8,"8",2013,"2"
"1618","12153",32011719,639940,4836826,"P08_USCB_6","BWC",8,"8",2013,"2"
"1619","12154",32011720,639509,4834376,"P08_CFL_18","BWC",8,"8",2013,"2"
"1620","12155",32011721,643060,4840528,"P08_CFL_85","IMP",8,"8",2013,"2"
"1621","12157",32011723,641605,4840277,"P08_SC_4","IMP",8,"8",2013,"2"
"1622","12158",32011724,642049,4840131,"P08_CFL_66","IMP",8,"8",2013,"2"
"1623","1216",31004349,580687,4915657,"P04_CFL_19","BWC",4,"L4",2001,"2"
"1624","12161",32011727,641407,4839875,"P08_CFL_343","IMP",8,"8",2013,"1"
"1625","12165",32011731,641210,4839574,"P08_CFL_343","IMP",8,"8",2013,"2"
"1626","12166",32011732,641204,4839531,"P08_CFL_343","IMP",8,"8",2013,"2"
"1627","12167",32011733,642302,4839521,"P08_CFL_343","IMP",8,"8",2013,"1"
"1628","12168",32011734,643304,4839531,"P08_CFL_343","IMP",8,"8",2013,"2"
"1629","12169",32011735,641002,4839278,"P08_CFL_343","IMP",8,"8",2013,"1"
"1630","12170",32011736,643203,4839025,"P08_CFL_343","IMP",8,"8",2013,"2"
"1631","12171",32011737,643155,4838977,"P08_CFL_343","IMP",8,"8",2013,"2"
"1632","12172",32011738,641248,4838936,"P08_CFL_343","IMP",8,"8",2013,"2"
"1633","12173",32011739,640649,4838829,"P08_CFL_38","IMP",8,"8",2013,"2"
"1634","12174",32011740,643154,4838817,"P08_CFL_343","IMP",8,"8",2013,"2"
"1635","12175",32011741,642110,4838769,"P08_CFL_343","IMP",8,"8",2013,"1"
"1636","12176",32011742,640561,4838629,"P08_CFL_42","IMP",8,"8",2013,"2"
"1637","12177",32011743,641754,4838571,"P08_CFL_343","IMP",8,"8",2013,"2"
"1638","12179",32011745,641254,4838419,"P08_CFL_343","IMP",8,"8",2013,"2"
"1639","1218",31004351,580677,4915554,"P04_CFL_19","BWC",4,"L4",2001,"2"
"1640","12181",32011747,643102,4838264,"P08_CFL_343","IMP",8,"8",2013,"2"
"1641","12184",32011750,642309,4838122,"P08_CFL_343","IMP",8,"8",2013,"1"
"1642","12185",32011751,641201,4838027,"P08_CFL_343","IMP",8,"8",2013,"1"
"1643","12186",32011752,641254,4837984,"P08_CFL_343","IMP",8,"8",2013,"2"
"1644","12187",32011753,641601,4837973,"P08_CFL_343","IMP",8,"8",2013,"2"
"1645","12188",32011755,642011,4837762,"P08_CFL_343","IMP",8,"8",2013,"1"
"1646","12189",32011756,641511,4837725,"P08_CFL_343","IMP",8,"8",2013,"2"
"1647","1219",31004352,580985,4915558,"P04_CFL_19","BWC",4,"L4",2001,"2"
"1648","12192",32011759,640303,4837378,"P08_CFL_343","IMP",8,"8",2013,"2"
"1649","12193",32011760,640700,4837384,"P08_CFL_343","IMP",8,"8",2013,"2"
"1650","12194",32011761,642755,4837283,"P08_CFL_27","IMP",8,"8",2013,"2"
"1651","12196",32011763,642702,4837082,"P08_CFL_27","IMP",8,"8",2013,"2"
"1652","12197",32011764,642961,4837073,"P08_CFL_27","IMP",8,"8",2013,"2"
"1653","12198",32011765,643104,4837076,"P08_CFL_27","IMP",8,"8",2013,"2"
"1654","12199",32011766,643154,4837078,"P08_CFL_27","IMP",8,"8",2013,"2"
"1655","122",31002070,539481,4935503,"P04_CFL_72","BWC",4,"U4",1998,"2"
"1656","1220",31004353,580335,4915506,"P04_CFL_19","BWC",4,"L4",2001,"2"
"1657","12200",32011767,643402,4837078,"P08_CFL_27","IMP",8,"8",2013,"2"
"1658","12201",32011768,640505,4836932,"P08_CFL_343","IMP",8,"8",2013,"2"
"1659","12202",32011769,640902,4836932,"P08_CFL_343","IMP",8,"8",2013,"2"
"1660","12203",32011770,642509,4836878,"P08_CFL_343","IMP",8,"8",2013,"2"
"1661","12204",32011771,640904,4836827,"P08_CFL_343","IMP",8,"8",2013,"1"
"1662","12205",32011772,642703,4836826,"P08_CFL_27","IMP",8,"8",2013,"2"
"1663","12206",32011773,642959,4836776,"P08_CFL_27","IMP",8,"8",2013,"2"
"1664","12207",32011774,642653,4836713,"P08_CFL_27","IMP",8,"8",2013,"2"
"1665","12208",32011775,641595,4836430,"P08_CFL_343","IMP",8,"8",2013,"2"
"1666","12209",32011776,642155,4836421,"P08_TSC_29","IMP",8,"8",2013,"2"
"1667","12211",32011778,641658,4836311,"P08_CFL_343","IMP",8,"8",2013,"1"
"1668","12212",32011779,642756,4836184,"P08_CFL_27","IMP",8,"8",2013,"2"
"1669","12213",32011780,641303,4836032,"","IMP",8,"8",2013,"2"
"1670","12215",32011782,640754,4835727,"P08_CFL_337","IMP",8,"8",2013,"2"
"1671","12216",32011783,641103,4835621,"P08_CFL_337","IMP",8,"8",2013,"2"
"1672","12217",32011784,640604,4835473,"P08_CFL_337","IMP",8,"8",2013,"2"
"1673","12218",32011785,640406,4835325,"P08_CFL_337","IMP",8,"8",2013,"2"
"1674","12219",32011786,640002,4835263,"P08_CFL_337","IMP",8,"8",2013,"2"
"1675","1222",31004355,580882,4915409,"P04_CFL_19","BWC",4,"L4",2001,"2"
"1676","12220",32011787,639553,4835224,"P08_CFL_20","IMP",8,"8",2013,"2"
"1677","12221",32011788,640199,4835127,"P08_CFL_337","IMP",8,"8",2013,"2"
"1678","12222",32011789,641151,4835127,"P08_CFL_342","IMP",8,"8",2013,"2"
"1679","12223",32011790,640202,4835070,"P08_CFL_337","IMP",8,"8",2013,"2"
"1680","12224",32011791,641004,4835073,"P08_CFL_337","IMP",8,"8",2013,"2"
"1681","12225",32011792,640755,4834827,"P08_CFL_337","IMP",8,"8",2013,"2"
"1682","12226",32011793,640049,4834626,"P08_CFL_337","IMP",8,"8",2013,"2"
"1683","12228",32011795,642797,4834632,"P08_CFL_349","IMP",8,"8",2013,"2"
"1684","12231",32011798,641202,4834227,"P08_CFL_342","IMP",8,"8",2013,"2"
"1685","12233",32011801,642659,4834069,"P08_CFL_349","IMP",8,"8",2013,"1"
"1686","12234",32011802,642760,4833979,"P08_CFL_349","IMP",8,"8",2013,"2"
"1687","12235",32011803,640452,4833883,"P08_CFL_342","IMP",8,"8",2013,"1"
"1688","12236",32011804,640549,4833826,"P08_CFL_342","IMP",8,"8",2013,"2"
"1689","12238",32011806,642701,4833836,"P08_CFL_349","IMP",8,"8",2013,"1"
"1690","12239",32011807,639351,4833725,"P08_CFL_17","IMP",8,"8",2013,"2"
"1691","1224",31004357,579928,4915252,"P04_CFL_19","BWC",4,"L4",2001,"2"
"1692","12240",32011808,639351,4833681,"P08_CFL_17","IMP",8,"8",2013,"2"
"1693","12241",32011809,640351,4833627,"P08_TSC_20","IMP",8,"8",2013,"2"
"1694","12242",32011810,640649,4833629,"P08_CFL_342","IMP",8,"8",2013,"2"
"1695","12243",32011811,642153,4833626,"P08_CFL_342","IMP",8,"8",2013,"2"
"1696","12244",32011812,641808,4833535,"P08_CFL_342","IMP",8,"8",2013,"2"
"1697","12245",32011813,641198,4833419,"P08_CFL_342","IMP",8,"8",2013,"2"
"1698","12246",32011814,643001,4833380,"P08_CFL_349","IMP",8,"8",2013,"2"
"1699","12247",32011815,640556,4833327,"P08_CFL_342","IMP",8,"8",2013,"1"
"1700","12248",32011816,642901,4833337,"P08_CFL_349","IMP",8,"8",2013,"2"
"1701","12249",32011817,639800,4833223,"P08_CFL_17","IMP",8,"8",2013,"2"
"1702","1225",31004358,581683,4915209,"P04_CFL_19","BWC",4,"L4",2001,"2"
"1703","12250",32011818,643496,4833224,"P08_CFL_349","IMP",8,"8",2013,"2"
"1704","12251",32011819,640305,4833180,"P08_CFL_7","IMP",8,"8",2013,"2"
"1705","12252",32011820,641249,4833019,"P08_CFL_342","IMP",8,"8",2013,"1"
"1706","12253",32011821,642300,4832981,"P08_CFL_342","IMP",8,"8",2013,"2"
"1707","12254",32011822,641803,4832932,"P08_CFL_342","IMP",8,"8",2013,"2"
"1708","12255",32011823,640658,4832784,"P08_CFL_7","IMP",8,"8",2013,"2"
"1709","12256",32011824,639606,4832678,"P08_CFL_17","IMP",8,"8",2013,"2"
"1710","12257",32011825,640304,4832677,"P08_CFL_7","IMP",8,"8",2013,"2"
"1711","12258",32011827,642801,4832430,"P08_CFL_342","IMP",8,"8",2013,"2"
"1712","12260",32011829,642198,4832336,"P08_CFL_342","IMP",8,"8",2013,"2"
"1713","12261",32011830,639948,4832281,"P08_SC_1","IMP",8,"8",2013,"2"
"1714","12262",32011831,640752,4832274,"P08_CFL_342","IMP",8,"8",2013,"2"
"1715","12263",32011832,641353,4832183,"P08_CFL_342","IMP",8,"8",2013,"2"
"1716","12264",32011833,640304,4832131,"P08_TSC_19","IMP",8,"8",2013,"2"
"1717","12266",32011835,641599,4831978,"P08_CFL_342","IMP",8,"8",2013,"2"
"1718","12267",32011836,642301,4831973,"P08_CFL_342","IMP",8,"8",2013,"2"
"1719","12268",32011837,642403,4831964,"P08_CFL_342","IMP",8,"8",2013,"1"
"1720","12269",32011838,642260,4831928,"P08_CFL_342","IMP",8,"8",2013,"1"
"1721","12270",32011839,642746,4831821,"P08_CFL_342","IMP",8,"8",2013,"2"
"1722","12271",32011840,640397,4831776,"P08_CFL_342","IMP",8,"8",2013,"1"
"1723","12272",32011841,640694,4831775,"P08_CFL_342","IMP",8,"8",2013,"2"
"1724","12273",32011842,641548,4831780,"P08_CFL_342","IMP",8,"8",2013,"2"
"1725","12274",32011843,641800,4831777,"P08_CFL_342","IMP",8,"8",2013,"2"
"1726","12275",32011844,642205,4831777,"P08_CFL_342","IMP",8,"8",2013,"2"
"1727","12276",32011845,642704,4831730,"P08_CFL_342","IMP",8,"8",2013,"2"
"1728","12277",32011846,643002,4831627,"P08_CFL_342","IMP",8,"8",2013,"2"
"1729","12278",32011847,642653,4831488,"P08_CFL_342","IMP",8,"8",2013,"2"
"1730","12279",32011848,642549,4831423,"P08_CFL_342","IMP",8,"8",2013,"2"
"1731","12280",32011849,641253,4831320,"P08_CFL_342","IMP",8,"8",2013,"2"
"1732","12282",32011851,642752,4831267,"P08_CFL_342","IMP",8,"8",2013,"1"
"1733","12283",32011852,641758,4831229,"P08_CFL_342","IMP",8,"8",2013,"2"
"1734","12284",32011853,643008,4831233,"P08_CFL_342","IMP",8,"8",2013,"1"
"1735","12285",32011854,640253,4831126,"P08_CFL_342","IMP",8,"8",2013,"1"
"1736","12286",32011855,640699,4831130,"P08_CFL_342","IMP",8,"8",2013,"1"
"1737","12287",32011856,641554,4831123,"P08_CFL_342","IMP",8,"8",2013,"1"
"1738","12288",32011857,642056,4831068,"P08_CFL_342","IMP",8,"8",2013,"2"
"1739","12289",32011858,642953,4831083,"P08_CFL_342","IMP",8,"8",2013,"1"
"1740","12291",32011860,643151,4831029,"P08_CFL_342","IMP",8,"8",2013,"1"
"1741","12293",32011862,642500,4830922,"P08_CFL_342","IMP",8,"8",2013,"1"
"1742","12294",32011863,639855,4830834,"P08_CFL_342","IMP",8,"8",2013,"2"
"1743","12296",32011865,641703,4830822,"P08_CFL_342","IMP",8,"8",2013,"2"
"1744","12297",32011866,641900,4830826,"P08_CFL_342","IMP",8,"8",2013,"2"
"1745","12298",32011867,642558,4830721,"P08_CFL_342","IMP",8,"8",2013,"1"
"1746","12299",32011868,642951,4830726,"P08_CFL_342","IMP",8,"8",2013,"2"
"1747","1230",31004363,580530,4914958,"P04_CFL_19","BWC",4,"L4",2001,"2"
"1748","12300",32011869,641150,4830674,"P08_CFL_342","IMP",8,"8",2013,"2"
"1749","12301",32011870,640203,4830525,"P08_CFL_342","IMP",8,"8",2013,"2"
"1750","12302",32011871,641757,4830479,"P08_CFL_342","IMP",8,"8",2013,"2"
"1751","12303",32011872,641655,4830423,"P08_CFL_342","IMP",8,"8",2013,"2"
"1752","12304",32011873,643054,4830418,"P08_CFL_342","IMP",8,"8",2013,"1"
"1753","12306",32011875,642503,4830369,"P08_CFL_342","IMP",8,"8",2013,"2"
"1754","12307",32011876,639753,4830332,"P08_SC_1","IMP",8,"8",2013,"2"
"1755","12308",32011877,641997,4830323,"P08_CFL_342","IMP",8,"8",2013,"2"
"1756","12309",32011878,640905,4830222,"P08_CFL_342","IMP",8,"8",2013,"1"
"1757","1231",31004364,580580,4914958,"P04_CFL_19","BWC",4,"L4",2001,"2"
"1758","12310",32011879,642558,4830225,"P08_CFL_342","IMP",8,"8",2013,"1"
"1759","12311",32011880,640500,4829977,"P08_CFL_342","IMP",8,"8",2013,"2"
"1760","12312",32011881,641460,4829975,"P08_CFL_342","IMP",8,"8",2013,"2"
"1761","12313",32011882,642405,4829976,"P08_CFL_342","IMP",8,"8",2013,"2"
"1762","12314",32011883,642065,4829923,"P08_CFL_342","IMP",8,"8",2013,"1"
"1763","12315",32011884,641349,4829928,"P08_CFL_342","IMP",8,"8",2013,"1"
"1764","12316",32011885,641556,4829921,"P08_CFL_342","IMP",8,"8",2013,"2"
"1765","12317",32011886,642314,4829823,"P08_CFL_342","IMP",8,"8",2013,"1"
"1766","12318",32011887,641452,4829783,"P08_CFL_342","IMP",8,"8",2013,"1"
"1767","12319",32011888,640103,4829731,"P08_CFL_340","IMP",8,"8",2013,"2"
"1768","12320",32011889,642658,4829719,"P08_CFL_342","IMP",8,"8",2013,"1"
"1769","12321",32011890,640801,4829722,"P08_CFL_342","IMP",8,"8",2013,"1"
"1770","12323",32011892,639857,4829378,"P08_CFL_340","IMP",8,"8",2013,"2"
"1771","12324",32011893,642405,4829380,"P08_CFL_342","IMP",8,"8",2013,"1"
"1772","12325",32011894,641702,4829320,"P08_CFL_342","IMP",8,"8",2013,"1"
"1773","12326",32011895,640807,4829226,"P08_SC_1","IMP",8,"8",2013,"1"
"1774","12327",32011896,643306,4829073,"P08_CFL_339","IMP",8,"8",2013,"2"
"1775","12328",32011897,640851,4828930,"P08_CFL_340","IMP",8,"8",2013,"2"
"1776","12329",32011898,642005,4828871,"P08_CFL_342","IMP",8,"8",2013,"1"
"1777","1233",31004366,580026,4914760,"P04_CFL_19","BWC",4,"L4",2001,"2"
"1778","12330",32011899,642805,4828427,"P08_CFL_342","IMP",8,"8",2013,"2"
"1779","12332",32011901,642052,4828375,"P08_CFL_342","IMP",8,"8",2013,"2"
"1780","12333",32011902,641961,4828281,"P08_CFL_342","IMP",8,"8",2013,"1"
"1781","12339",32011928,638645,4854619,"P08_SCB_33","MBC",8,"8",2014,"2"
"1782","1234",31004367,581083,4914762,"P04_CFL_19","BWC",4,"L4",2001,"2"
"1783","12346",32011936,640855,4849218,"P08_SCB_26","MBC",8,"8",2014,"2"
"1784","12349",32011939,640748,4847060,"P08_TSC_12","MBC",8,"8",2014,"1"
"1785","12354",32011944,640660,4844662,"P08_SCB_26","MBC",8,"8",2014,"1"
"1786","1236",31004369,582236,4914662,"P04_CFL_19","BWC",4,"L4",2001,"2"
"1787","12365",32011955,640702,4843763,"P08_SCB_26","MBC",8,"8",2014,"1"
"1788","1237",31004370,580484,4914560,"P04_CFL_19","BWC",4,"L4",2001,"2"
"1789","1238",31004371,581675,4914459,"P04_CFL_19","BWC",4,"L4",2001,"2"
"1790","12383",32011973,639801,4838820,"P08_SCB_25","MBC",8,"8",2014,"2"
"1791","12389",32011979,640002,4837460,"P08_SCB_25","MBC",8,"8",2014,"2"
"1792","12390",32011980,639657,4837417,"P08_SCB_22","MBC",8,"8",2014,"2"
"1793","12391",32011981,639599,4837415,"P08_SCB_22","MBC",8,"8",2014,"2"
"1794","12392",32011982,640008,4836813,"","MBC",8,"8",2014,"2"
"1795","12393",32011983,640004,4836760,"P08_USCB_6","MBC",8,"8",2014,"2"
"1796","12394",32011984,640349,4836563,"P08_SCB_24","MBC",8,"8",2014,"2"
"1797","12396",32011986,640413,4836412,"P08_SCB_24","MBC",8,"8",2014,"1"
"1798","12397",32011988,641054,4836212,"P08_USCB_9","MBC",8,"8",2014,"2"
"1799","12398",32011989,641504,4835667,"P08_SCB_21","MBC",8,"8",2014,"2"
"1800","1240",31004373,582130,4914412,"P04_CFL_19","BWC",4,"L4",2001,"1"
"1801","12403",32011994,642901,4827807,"P08_SCB_20","MBC",8,"8",2014,"2"
"1802","12404",32011995,642513,4826414,"P08_CFL_338","MBC",8,"8",2014,"2"
"1803","12406",32011997,639246,4856462,"P08_TSC_72","SC",8,"8",2014,"1"
"1804","1241",31004374,581982,4914203,"P04_CFL_19","BWC",4,"L4",2001,"2"
"1805","12412",32012003,639151,4854463,"P08_SC_17","SC",8,"8",2014,"2"
"1806","1242",31004375,581679,4914108,"P04_CFL_19","BWC",4,"L4",2001,"2"
"1807","12424",32012015,642311,4846364,"P08_CFL_246","SC",8,"8",2014,"2"
"1808","12426",32012017,642905,4846161,"P08_SC_11","SC",8,"8",2014,"2"
"1809","12427",32012018,641356,4845911,"P08_CFL_223","SC",8,"8",2014,"2"
"1810","12429",32012020,642104,4844970,"P08_CFL_198","SC",8,"8",2014,"2"
"1811","1243",31004376,579679,4912905,"P04_CFL_44","BWC",4,"L4",2001,"2"
"1812","12431",32012022,641501,4844164,"P08_CFL_177","SC",8,"8",2014,"2"
"1813","12436",32012029,644606,4843070,"P08_SC_8","SC",8,"8",2014,"2"
"1814","12439",32012032,640753,4842166,"P08_CFL_128","SC",8,"8",2014,"2"
"1815","1244",31004377,579381,4912853,"P04_CFL_44","BWC",4,"L4",2001,"2"
"1816","12440",32012033,640756,4842013,"P08_CFL_128","SC",8,"8",2014,"2"
"1817","12449",32012044,641955,4840565,"P08_TSC_35","SC",8,"8",2014,"2"
"1818","1245",31004378,580080,4912862,"P04_CFL_44","BWC",4,"L4",2001,"2"
"1819","12450",32012045,641859,4840566,"P08_CFL_71","SC",8,"8",2014,"2"
"1820","12451",32012046,642708,4840362,"P08_CFL_80","SC",8,"8",2014,"2"
"1821","12455",32012050,642809,4838369,"P08_TSC_29","SC",8,"8",2014,"2"
"1822","12456",32012051,642912,4838365,"P08_TSC_29","SC",8,"8",2014,"1"
"1823","12457",32012052,642962,4838359,"P08_CFL_343","SC",8,"8",2014,"2"
"1824","12458",32012053,640011,4837967,"P08_SC_2","SC",8,"8",2014,"2"
"1825","1246",31004379,579934,4912804,"P04_CFL_44","BWC",4,"L4",2001,"2"
"1826","12461",32012056,639603,4835763,"P08_CFL_23","SC",8,"8",2014,"2"
"1827","12463",32012058,639204,4834866,"P08_CFL_18","SC",8,"8",2014,"2"
"1828","12466",32012061,638606,4858469,"P08_CFL_335","BWC",8,"8",2014,"2"
"1829","12467",32012062,637705,4857712,"P08_CFL_334","BWC",8,"8",2014,"2"
"1830","12468",32012063,638552,4857658,"P08_CFL_335","BWC",8,"8",2014,"2"
"1831","12469",32012064,638453,4857565,"P08_CFL_335","BWC",8,"8",2014,"2"
"1832","1247",31004380,580334,4912807,"P04_CFL_44","BWC",4,"L4",2001,"2"
"1833","12470",32012065,638451,4857516,"P08_CFL_335","BWC",8,"8",2014,"2"
"1834","12474",32012069,638751,4856613,"P08_CFL_335","BWC",8,"8",2014,"2"
"1835","12479",32012074,638396,4851016,"P08_CFL_348","BWC",8,"8",2014,"2"
"1836","12480",32012075,638847,4850615,"P08_CFL_348","BWC",8,"8",2014,"2"
"1837","12481",32012076,638207,4850568,"P08_CFL_348","BWC",8,"8",2014,"2"
"1838","12482",32012077,638109,4850468,"P08_CFL_348","BWC",8,"8",2014,"2"
"1839","12483",32012078,638659,4850266,"P08_CFL_348","BWC",8,"8",2014,"2"
"1840","12484",32012079,638709,4850169,"P08_CFL_348","BWC",8,"8",2014,"2"
"1841","12485",32012080,639152,4850015,"P08_CFL_295","BWC",8,"8",2014,"2"
"1842","12486",32012081,639555,4849415,"P08_CFL_291","BWC",8,"8",2014,"2"
"1843","12487",32012082,641756,4849406,"P08_TSC_70","BWC",8,"8",2014,"2"
"1844","12488",32012083,641908,4849119,"P08_CFL_352","BWC",8,"8",2014,"2"
"1845","12489",32012084,639459,4848959,"P08_CFL_291","BWC",8,"8",2014,"2"
"1846","1249",31004382,579733,4912657,"P04_CFL_44","BWC",4,"L4",2001,"2"
"1847","12490",32012085,642052,4848758,"P08_CFL_286","BWC",8,"8",2014,"2"
"1848","12491",32012086,641907,4848664,"P08_CFL_286","BWC",8,"8",2014,"2"
"1849","12492",32012087,641853,4848262,"P08_CFL_286","BWC",8,"8",2014,"2"
"1850","12493",32012088,642301,4848265,"P08_CFL_283","BWC",8,"8",2014,"2"
"1851","12494",32012089,643157,4846712,"P08_CFL_259","BWC",8,"8",2014,"2"
"1852","12495",32012090,642650,4846459,"P08_CFL_250","BWC",8,"8",2014,"2"
"1853","12496",32012092,644203,4846214,"P08_CFL_238","BWC",8,"8",2014,"2"
"1854","12497",32012093,644251,4846115,"P08_CFL_238","BWC",8,"8",2014,"2"
"1855","12498",32012094,643755,4845609,"P08_CFL_234","BWC",8,"8",2014,"2"
"1856","12499",32012095,639151,4845612,"P08_CFL_224","BWC",8,"8",2014,"2"
"1857","1250",31004383,580385,4912608,"P04_CFL_44","BWC",4,"L4",2001,"2"
"1858","12500",32012096,644155,4845566,"P08_CFL_238","BWC",8,"8",2014,"2"
"1859","12501",32012097,642902,4845564,"P08_SC_11","BWC",8,"8",2014,"2"
"1860","12502",32012098,639202,4845569,"P08_CFL_224","BWC",8,"8",2014,"2"
"1861","12503",32012099,641306,4845466,"P08_CFL_221","BWC",8,"8",2014,"2"
"1862","12504",32012100,639303,4845463,"P08_CFL_224","BWC",8,"8",2014,"2"
"1863","12505",32012101,639250,4845413,"P08_CFL_224","BWC",8,"8",2014,"2"
"1864","12506",32012102,641910,4845366,"P08_CFL_351","BWC",8,"8",2014,"2"
"1865","12507",32012103,639307,4845362,"P08_CFL_224","BWC",8,"8",2014,"2"
"1866","12508",32012104,644553,4845320,"P08_CFL_238","BWC",8,"8",2014,"2"
"1867","12509",32012105,642947,4845268,"P08_TSC_85","BWC",8,"8",2014,"2"
"1868","1251",31004384,579983,4912555,"P04_CFL_44","BWC",4,"L4",2001,"2"
"1869","12510",32012106,641109,4845264,"P08_CFL_203","BWC",8,"8",2014,"2"
"1870","12511",32012107,641799,4844369,"P08_CFL_228","BWC",8,"8",2014,"2"
"1871","12512",32012108,641996,4844263,"P08_CFL_228","BWC",8,"8",2014,"2"
"1872","12513",32012109,640059,4844055,"P08_CFL_224","BWC",8,"8",2014,"2"
"1873","12514",32012110,639763,4843714,"P08_CFL_224","BWC",8,"8",2014,"2"
"1874","12515",32012111,641153,4843516,"P08_TSC_58","BWC",8,"8",2014,"2"
"1875","12517",32012113,641613,4843465,"P08_CFL_156","BWC",8,"8",2014,"2"
"1876","12518",32012114,643001,4843314,"P08_CFL_159","BWC",8,"8",2014,"2"
"1877","12519",32012115,644711,4843266,"P08_CFL_162","BWC",8,"8",2014,"2"
"1878","1252",31004385,580635,4912407,"P04_CFL_44","BWC",4,"L4",2001,"2"
"1879","12520",32012116,639707,4843216,"P08_CFL_224","BWC",8,"8",2014,"2"
"1880","12521",32012117,639657,4842961,"P08_CFL_224","BWC",8,"8",2014,"2"
"1881","12522",32012118,643100,4842466,"P08_CFL_159","BWC",8,"8",2014,"2"
"1882","12523",32012119,642012,4842368,"P08_CFL_122","BWC",8,"8",2014,"2"
"1883","12524",32012120,639401,4842354,"P08_CFL_224","BWC",8,"8",2014,"2"
"1884","12525",32012121,644405,4842064,"P08_CFL_119","BWC",8,"8",2014,"2"
"1885","12527",32012123,643111,4841910,"P08_CFL_159","BWC",8,"8",2014,"2"
"1886","12528",32012124,642708,4841863,"P08_CFL_159","BWC",8,"8",2014,"2"
"1887","12529",32012125,641801,4841813,"P08_CFL_113","BWC",8,"8",2014,"2"
"1888","1253",31004386,580180,4912366,"P04_CFL_44","BWC",4,"L4",2001,"2"
"1889","12530",32012126,644256,4841811,"P08_CFL_119","BWC",8,"8",2014,"2"
"1890","12531",32012127,643602,4841819,"P08_CFL_119","BWC",8,"8",2014,"2"
"1891","12533",32012129,643655,4841663,"P08_CFL_119","BWC",8,"8",2014,"2"
"1892","12534",32012130,642856,4841612,"P08_CFL_159","BWC",8,"8",2014,"2"
"1893","12535",32012131,643654,4841308,"P08_CFL_119","BWC",8,"8",2014,"2"
"1894","12536",32012132,640454,4841314,"P08_CFL_96","BWC",8,"8",2014,"2"
"1895","12537",32012133,643401,4841317,"P08_CFL_119","BWC",8,"8",2014,"2"
"1896","12538",32012134,640754,4841156,"P08_CFL_96","BWC",8,"8",2014,"2"
"1897","12539",32012135,639809,4841055,"P08_CFL_90","BWC",8,"8",2014,"2"
"1898","1254",31004387,579580,4912101,"P04_CFL_44","BWC",4,"L4",2001,"2"
"1899","12540",32012136,643303,4841012,"P08_CFL_119","BWC",8,"8",2014,"2"
"1900","12541",32012137,643752,4841019,"P08_CFL_119","BWC",8,"8",2014,"2"
"1901","12542",32012138,642301,4840964,"P08_TSC_45","BWC",8,"8",2014,"2"
"1902","12543",32012139,641255,4840867,"P08_CFL_89","BWC",8,"8",2014,"2"
"1903","12545",32012141,641609,4840765,"P08_CFL_81","BWC",8,"8",2014,"2"
"1904","12546",32012142,643161,4840717,"P08_CFL_78","BWC",8,"8",2014,"2"
"1905","12547",32012143,643011,4840513,"P08_CFL_85","BWC",8,"8",2014,"2"
"1906","12548",32012144,641650,4840509,"P08_CFL_81","BWC",8,"8",2014,"2"
"1907","12549",32012145,643757,4840511,"P08_CFL_343","BWC",8,"8",2014,"1"
"1908","1255",31004388,580279,4911903,"P04_CFL_44","BWC",4,"L4",2001,"2"
"1909","12550",32012146,641158,4840462,"P08_CFL_79","BWC",8,"8",2014,"2"
"1910","12551",32012147,641704,4840462,"P08_CFL_81","BWC",8,"8",2014,"2"
"1911","12553",32012149,640009,4840310,"P08_CFL_64","BWC",8,"8",2014,"2"
"1912","12554",32012150,641351,4840259,"P08_CFL_79","BWC",8,"8",2014,"2"
"1913","12555",32012151,642151,4840259,"P08_CFL_343","BWC",8,"8",2014,"2"
"1914","12556",32012152,640363,4840065,"P08_CFL_58","BWC",8,"8",2014,"2"
"1915","12558",32012154,641008,4840012,"P08_CFL_72","BWC",8,"8",2014,"2"
"1916","12559",32012155,641057,4839961,"P08_CFL_343","BWC",8,"8",2014,"2"
"1917","1256",31004389,583480,4909808,"P04_CFL_240","BWC",4,"L4",2001,"2"
"1918","12560",32012156,640110,4839817,"P08_CFL_56","BWC",8,"8",2014,"2"
"1919","12561",32012157,641254,4839556,"P08_CFL_343","BWC",8,"8",2014,"2"
"1920","12562",32012158,640505,4839459,"P08_CFL_56","BWC",8,"8",2014,"2"
"1921","12563",32012159,640555,4839358,"P08_CFL_46","BWC",8,"8",2014,"2"
"1922","12564",32012160,640158,4838455,"P08_CFL_36","BWC",8,"8",2014,"2"
"1923","12565",32012161,639858,4838115,"P08_CFL_35","BWC",8,"8",2014,"2"
"1924","12566",32012162,638957,4837115,"P08_CFL_28","BWC",8,"8",2014,"2"
"1925","12567",32012163,639757,4836159,"P08_CFL_337","BWC",8,"8",2014,"2"
"1926","12568",32012164,639901,4836161,"P08_CFL_337","BWC",8,"8",2014,"2"
"1927","12569",32012165,639554,4836117,"P08_CFL_23","BWC",8,"8",2014,"2"
"1928","1257",31004390,583927,4909406,"P04_CFL_240","BWC",4,"L4",2001,"2"
"1929","12571",32012167,640396,4835511,"P08_CFL_337","BWC",8,"8",2014,"2"
"1930","12572",32012168,640455,4835320,"P08_CFL_337","BWC",8,"8",2014,"2"
"1931","12573",32012169,639795,4835313,"P08_CFL_337","BWC",8,"8",2014,"2"
"1932","12574",32012170,643160,4834015,"P08_CFL_12","BWC",8,"8",2014,"2"
"1933","12575",32012171,643551,4840316,"P08_CFL_343","IMP",8,"8",2014,"2"
"1934","12576",32012172,643607,4840216,"P08_CFL_343","IMP",8,"8",2014,"2"
"1935","12577",32012173,642963,4840113,"P08_CFL_343","IMP",8,"8",2014,"2"
"1936","12578",32012174,643108,4839963,"P08_CFL_343","IMP",8,"8",2014,"2"
"1937","12579",32012175,642053,4839912,"P08_CFL_343","IMP",8,"8",2014,"2"
"1938","1258",31004391,584030,4909353,"P04_CFL_240","BWC",4,"L4",2001,"2"
"1939","12580",32012176,642655,4839912,"P08_CFL_343","IMP",8,"8",2014,"2"
"1940","12583",32012179,643004,4839857,"P08_CFL_343","IMP",8,"8",2014,"2"
"1941","12584",32012180,641758,4839765,"P08_CFL_343","IMP",8,"8",2014,"2"
"1942","12585",32012181,643351,4839567,"P08_CFL_343","IMP",8,"8",2014,"2"
"1943","12588",32012184,641359,4839313,"P08_CFL_343","IMP",8,"8",2014,"2"
"1944","12589",32012185,642005,4839309,"P08_CFL_343","IMP",8,"8",2014,"1"
"1945","1259",31004392,584233,4909305,"P04_CFL_240","BWC",4,"L4",2001,"1"
"1946","12591",32012187,642906,4839314,"P08_CFL_343","IMP",8,"8",2014,"1"
"1947","12594",32012190,641757,4839063,"P08_CFL_343","IMP",8,"8",2014,"2"
"1948","12595",32012191,641803,4839062,"P08_CFL_343","IMP",8,"8",2014,"2"
"1949","12596",32012192,642204,4838813,"P08_CFL_343","IMP",8,"8",2014,"2"
"1950","12597",32012193,641597,4838658,"P08_CFL_343","IMP",8,"8",2014,"1"
"1951","12598",32012194,642261,4838658,"P08_CFL_343","IMP",8,"8",2014,"1"
"1952","12599",32012195,641707,4838621,"P08_CFL_343","IMP",8,"8",2014,"1"
"1953","1260",31004393,583983,4909212,"P04_CFL_240","BWC",4,"L4",2001,"2"
"1954","12600",32012196,641552,4838517,"P08_CFL_343","IMP",8,"8",2014,"1"
"1955","12604",32012200,640507,4838212,"P08_CFL_343","IMP",8,"8",2014,"2"
"1956","12605",32012201,642350,4838168,"P08_CFL_343","IMP",8,"8",2014,"1"
"1957","12606",32012202,643103,4838172,"P08_CFL_343","IMP",8,"8",2014,"2"
"1958","12607",32012203,641801,4838020,"P08_CFL_343","IMP",8,"8",2014,"2"
"1959","12608",32012204,640652,4837916,"P08_CFL_343","IMP",8,"8",2014,"2"
"1960","12609",32012205,641952,4837863,"P08_CFL_343","IMP",8,"8",2014,"1"
"1961","12610",32012206,640204,4837814,"P08_CFL_343","IMP",8,"8",2014,"2"
"1962","12611",32012207,640251,4837816,"P08_CFL_343","IMP",8,"8",2014,"2"
"1963","12613",32012209,642203,4837767,"P08_CFL_343","IMP",8,"8",2014,"1"
"1964","12614",32012210,640256,4837710,"P08_CFL_343","IMP",8,"8",2014,"2"
"1965","12615",32012211,640709,4837554,"P08_CFL_343","IMP",8,"8",2014,"2"
"1966","12616",32012212,641460,4837560,"P08_CFL_343","IMP",8,"8",2014,"1"
"1967","12617",32012213,641499,4837470,"P08_CFL_343","IMP",8,"8",2014,"1"
"1968","12618",32012214,642304,4837465,"P08_CFL_343","IMP",8,"8",2014,"1"
"1969","12619",32012215,642262,4837409,"P08_CFL_343","IMP",8,"8",2014,"1"
"1970","1262",31004395,584379,4909101,"P04_CFL_240","BWC",4,"L4",2001,"2"
"1971","12620",32012216,641208,4837368,"P08_CFL_343","IMP",8,"8",2014,"1"
"1972","12621",32012217,641001,4837162,"P08_CFL_343","IMP",8,"8",2014,"2"
"1973","12622",32012218,642951,4837114,"P08_CFL_27","IMP",8,"8",2014,"2"
"1974","12623",32012219,642999,4837064,"P08_CFL_27","IMP",8,"8",2014,"2"
"1975","12624",32012220,643055,4837064,"P08_CFL_27","IMP",8,"8",2014,"2"
"1976","12625",32012221,643105,4837012,"P08_CFL_27","IMP",8,"8",2014,"2"
"1977","12626",32012222,642702,4836970,"P08_CFL_27","IMP",8,"8",2014,"2"
"1978","12627",32012223,642955,4836963,"P08_CFL_27","IMP",8,"8",2014,"2"
"1979","12628",32012224,641407,4836822,"P08_CFL_343","IMP",8,"8",2014,"1"
"1980","12629",32012225,641398,4836566,"P08_CFL_343","IMP",8,"8",2014,"1"
"1981","1263",31004396,584873,4908909,"P04_CFL_240","BWC",4,"L4",2001,"2"
"1982","12631",32012227,642256,4836371,"P08_CFL_343","IMP",8,"8",2014,"2"
"1983","12633",32012229,642155,4836316,"P08_TSC_29","IMP",8,"8",2014,"2"
"1984","12634",32012230,642405,4836009,"P08_CFL_27","IMP",8,"8",2014,"2"
"1985","12635",32012231,642452,4835869,"P08_CFL_27","IMP",8,"8",2014,"2"
"1986","12637",32012233,641351,4835716,"P08_CFL_337","IMP",8,"8",2014,"2"
"1987","12638",32012234,642661,4835619,"P08_CFL_27","IMP",8,"8",2014,"2"
"1988","12639",32012235,640304,4835171,"P08_CFL_337","IMP",8,"8",2014,"2"
"1989","12640",32012236,642057,4834964,"P08_CFL_349","IMP",8,"8",2014,"1"
"1990","12641",32012237,640399,4834910,"P08_CFL_337","IMP",8,"8",2014,"2"
"1991","12642",32012238,641150,4834914,"P08_CFL_337","IMP",8,"8",2014,"2"
"1992","12643",32012239,642004,4834864,"P08_CFL_349","IMP",8,"8",2014,"2"
"1993","12644",32012240,639659,4834818,"P08_CFL_20","IMP",8,"8",2014,"2"
"1994","12645",32012241,639649,4834759,"P08_CFL_20","IMP",8,"8",2014,"2"
"1995","12646",32012242,641510,4834764,"P08_CFL_342","IMP",8,"8",2014,"2"
"1996","12647",32012243,642457,4834672,"P08_CFL_349","IMP",8,"8",2014,"1"
"1997","12648",32012244,640657,4834306,"P08_CFL_342","IMP",8,"8",2014,"2"
"1998","12649",32012245,640355,4834205,"P08_TSC_20","IMP",8,"8",2014,"2"
"1999","12650",32012246,640813,4834213,"P08_CFL_342","IMP",8,"8",2014,"2"
"2000","12651",32012247,640205,4834109,"P08_TSC_20","IMP",8,"8",2014,"2"
"2001","12652",32012248,639456,4834061,"P08_CFL_18","IMP",8,"8",2014,"2"
"2002","12653",32012249,641702,4834059,"P08_CFL_342","IMP",8,"8",2014,"2"
"2003","12654",32012250,639703,4833965,"P08_CFL_350","IMP",8,"8",2014,"2"
"2004","12655",32012251,639361,4833765,"P08_CFL_17","IMP",8,"8",2014,"2"
"2005","12656",32012252,639753,4833770,"P08_CFL_350","IMP",8,"8",2014,"2"
"2006","12657",32012253,641449,4833615,"P08_CFL_342","IMP",8,"8",2014,"2"
"2007","12658",32012254,641803,4833565,"P08_CFL_342","IMP",8,"8",2014,"2"
"2008","12659",32012255,640952,4833459,"P08_CFL_342","IMP",8,"8",2014,"2"
"2009","1266",31004399,584822,4908555,"P04_CFL_240","BWC",4,"L4",2001,"2"
"2010","12660",32012256,643450,4833417,"P08_CFL_11","IMP",8,"8",2014,"2"
"2011","12661",32012257,640299,4833365,"P08_TSC_20","IMP",8,"8",2014,"2"
"2012","12662",32012258,642106,4833315,"P08_CFL_342","IMP",8,"8",2014,"2"
"2013","12663",32012259,640451,4833267,"P08_CFL_342","IMP",8,"8",2014,"1"
"2014","12664",32012260,640804,4833262,"P08_CFL_342","IMP",8,"8",2014,"2"
"2015","12665",32012261,641950,4833265,"P08_CFL_342","IMP",8,"8",2014,"2"
"2016","12666",32012262,643450,4833210,"P08_CFL_349","IMP",8,"8",2014,"2"
"2017","12667",32012264,643405,4833166,"P08_CFL_349","IMP",8,"8",2014,"2"
"2018","12668",32012265,642852,4833170,"P08_CFL_349","IMP",8,"8",2014,"2"
"2019","12669",32012266,642853,4833114,"P08_CFL_349","IMP",8,"8",2014,"2"
"2020","12670",32012267,639456,4833067,"P08_CFL_17","IMP",8,"8",2014,"2"
"2021","12671",32012268,642106,4833062,"P08_CFL_342","IMP",8,"8",2014,"2"
"2022","12672",32012269,642200,4833064,"P08_CFL_342","IMP",8,"8",2014,"2"
"2023","12673",32012270,642756,4833017,"P08_CFL_349","IMP",8,"8",2014,"1"
"2024","12674",32012271,643499,4832964,"P08_CFL_349","IMP",8,"8",2014,"2"
"2025","12675",32012272,639703,4832905,"P08_CFL_17","IMP",8,"8",2014,"2"
"2026","12676",32012273,642954,4832919,"P08_CFL_349","IMP",8,"8",2014,"2"
"2027","12677",32012274,641346,4832816,"P08_CFL_342","IMP",8,"8",2014,"2"
"2028","12678",32012275,642156,4832806,"P08_CFL_342","IMP",8,"8",2014,"2"
"2029","1268",31004401,577982,4917052,"P04_CFL_271","BWC",4,"L4",2001,"2"
"2030","12680",32012277,642355,4832714,"P08_CFL_342","IMP",8,"8",2014,"2"
"2031","12682",32012279,640508,4832565,"P08_CFL_7","IMP",8,"8",2014,"2"
"2032","12683",32012280,639560,4832457,"P08_CFL_17","IMP",8,"8",2014,"2"
"2033","12684",32012281,640746,4832466,"P08_CFL_342","IMP",8,"8",2014,"1"
"2034","12685",32012282,641959,4832472,"P08_CFL_342","IMP",8,"8",2014,"2"
"2035","12686",32012283,640254,4832413,"P08_TSC_19","IMP",8,"8",2014,"2"
"2036","12688",32012285,641204,4832415,"P08_CFL_342","IMP",8,"8",2014,"2"
"2037","12689",32012286,642056,4832406,"P08_CFL_342","IMP",8,"8",2014,"2"
"2038","1269",31004403,573876,4916702,"P04_TSC_15","BWC",4,"L4",2001,"2"
"2039","12690",32012287,642195,4832411,"P08_CFL_342","IMP",8,"8",2014,"2"
"2040","12691",32012288,641964,4832362,"P08_CFL_342","IMP",8,"8",2014,"2"
"2041","12692",32012289,639407,4832310,"P08_TSC_18","IMP",8,"8",2014,"2"
"2042","12694",32012291,641357,4832060,"P08_CFL_342","IMP",8,"8",2014,"2"
"2043","12695",32012292,641156,4832011,"P08_CFL_342","IMP",8,"8",2014,"1"
"2044","12697",32012294,640655,4831808,"P08_CFL_342","IMP",8,"8",2014,"1"
"2045","12698",32012295,642300,4831663,"P08_CFL_342","IMP",8,"8",2014,"1"
"2046","12699",32012296,642607,4831618,"P08_CFL_342","IMP",8,"8",2014,"1"
"2047","1270",31004405,577529,4916157,"P04_CFL_271","BWC",4,"L4",2001,"2"
"2048","12700",32012297,640305,4831511,"P08_CFL_342","IMP",8,"8",2014,"1"
"2049","12701",32012298,641195,4831513,"P08_CFL_342","IMP",8,"8",2014,"1"
"2050","12702",32012299,643151,4831521,"P08_CFL_342","IMP",8,"8",2014,"2"
"2051","12703",32012300,641805,4831458,"P08_CFL_342","IMP",8,"8",2014,"2"
"2052","12704",32012301,643000,4831465,"P08_CFL_342","IMP",8,"8",2014,"1"
"2053","12705",32012302,643052,4831418,"P08_CFL_342","IMP",8,"8",2014,"1"
"2054","12706",32012303,641056,4831308,"P08_CFL_342","IMP",8,"8",2014,"1"
"2055","12707",32012304,641606,4831254,"P08_CFL_342","IMP",8,"8",2014,"2"
"2056","12708",32012305,643204,4831167,"P08_CFL_342","IMP",8,"8",2014,"1"
"2057","12709",32012306,640353,4831110,"P08_CFL_342","IMP",8,"8",2014,"1"
"2058","1271",31004406,577883,4915508,"P04_CFL_209","BWC",4,"L4",2001,"2"
"2059","12710",32012307,642908,4831114,"P08_CFL_342","IMP",8,"8",2014,"1"
"2060","12711",32012308,639557,4831107,"P08_CFL_341","IMP",8,"8",2014,"2"
"2061","12712",32012309,641402,4831058,"P08_CFL_342","IMP",8,"8",2014,"1"
"2062","12713",32012310,641606,4830965,"P08_CFL_342","IMP",8,"8",2014,"1"
"2063","12714",32012311,641801,4830962,"P08_CFL_342","IMP",8,"8",2014,"2"
"2064","12715",32012312,640410,4830908,"P08_CFL_342","IMP",8,"8",2014,"1"
"2065","12716",32012313,640402,4830861,"P08_CFL_342","IMP",8,"8",2014,"2"
"2066","12717",32012314,639907,4830813,"P08_CFL_342","IMP",8,"8",2014,"2"
"2067","12718",32012315,640349,4830816,"P08_CFL_342","IMP",8,"8",2014,"2"
"2068","12719",32012316,641899,4830764,"P08_CFL_342","IMP",8,"8",2014,"1"
"2069","1272",31004407,577982,4915256,"P04_CFL_273","BWC",4,"L4",2001,"2"
"2070","12720",32012317,641506,4830609,"P08_CFL_342","IMP",8,"8",2014,"1"
"2071","12721",32012318,640149,4830569,"P08_CFL_342","IMP",8,"8",2014,"2"
"2072","12722",32012319,641002,4830559,"P08_CFL_342","IMP",8,"8",2014,"1"
"2073","12723",32012320,641857,4830562,"P08_CFL_342","IMP",8,"8",2014,"1"
"2074","12724",32012321,642855,4830566,"P08_CFL_342","IMP",8,"8",2014,"1"
"2075","12725",32012322,642155,4830413,"P08_CFL_342","IMP",8,"8",2014,"2"
"2076","12726",32012323,642352,4830365,"P08_CFL_342","IMP",8,"8",2014,"1"
"2077","12728",32012325,642557,4830260,"P08_CFL_342","IMP",8,"8",2014,"1"
"2078","12729",32012326,641653,4830171,"P08_CFL_342","IMP",8,"8",2014,"1"
"2079","1273",31004410,576478,4914558,"P04_CFL_39","BWC",4,"L4",2001,"2"
"2080","12730",32012327,639798,4830115,"P08_CFL_340","IMP",8,"8",2014,"2"
"2081","12731",32012328,640509,4830063,"P08_CFL_342","IMP",8,"8",2014,"1"
"2082","12732",32012329,641957,4830067,"P08_CFL_342","IMP",8,"8",2014,"2"
"2083","12733",32012330,640410,4829971,"P08_CFL_342","IMP",8,"8",2014,"2"
"2084","12735",32012332,639905,4829806,"P08_CFL_340","IMP",8,"8",2014,"2"
"2085","12737",32012334,640859,4829763,"P08_CFL_342","IMP",8,"8",2014,"1"
"2086","12738",32012335,641206,4829719,"P08_CFL_342","IMP",8,"8",2014,"1"
"2087","12740",32012337,641756,4829565,"P08_CFL_342","IMP",8,"8",2014,"2"
"2088","12742",32012339,641348,4829520,"P08_CFL_342","IMP",8,"8",2014,"1"
"2089","12745",32012342,641555,4829363,"P08_CFL_342","IMP",8,"8",2014,"1"
"2090","12746",32012343,642004,4829312,"P08_CFL_342","IMP",8,"8",2014,"1"
"2091","12747",32012344,640211,4829217,"P08_CFL_340","IMP",8,"8",2014,"2"
"2092","12748",32012345,642255,4829212,"P08_CFL_342","IMP",8,"8",2014,"2"
"2093","12749",32012346,640257,4829158,"P08_CFL_340","IMP",8,"8",2014,"2"
"2094","1275",31004412,576530,4914509,"P04_CFL_39","BWC",4,"L4",2001,"2"
"2095","12750",32012347,643457,4829164,"P08_CFL_339","IMP",8,"8",2014,"2"
"2096","12751",32012348,641897,4828969,"P08_CFL_342","IMP",8,"8",2014,"1"
"2097","12752",32012349,642707,4828960,"P08_CFL_342","IMP",8,"8",2014,"1"
"2098","12753",32012350,641249,4828912,"P08_CFL_342","IMP",8,"8",2014,"1"
"2099","12754",32012351,642054,4828716,"P08_CFL_342","IMP",8,"8",2014,"1"
"2100","12756",32012353,642255,4827865,"P08_CFL_342","IMP",8,"8",2014,"2"
"2101","12758",32012355,642351,4827161,"P08_CFL_338","IMP",8,"8",2014,"2"
"2102","1276",31004413,582480,4914156,"P04_CFL_276","BWC",4,"L4",2001,"2"
"2103","12769",32012386,639611,4851263,"P08_SCB_29","MBC",8,"8",2015,"1"
"2104","1277",31004414,581482,4913752,"P04_TSC_43","BWC",4,"L4",2001,"2"
"2105","12776",32012393,641306,4848808,"P08_SCB_26","MBC",8,"8",2015,"1"
"2106","1278",31004415,582527,4913658,"P04_CFL_264","BWC",4,"L4",2001,"2"
"2107","12782",32012399,640757,4846970,"P08_SCB_28","MBC",8,"8",2015,"2"
"2108","12789",32012406,640709,4844217,"P08_SC_9","MBC",8,"8",2015,"2"
"2109","1279",31004416,581879,4913451,"P04_CFL_265","BWC",4,"L4",2001,"2"
"2110","12791",32012408,640748,4843763,"P08_SCB_26","MBC",8,"8",2015,"2"
"2111","1280",31004417,579885,4913363,"P04_CFL_227","BWC",4,"L4",2001,"2"
"2112","12802",32012419,639755,4840262,"P08_SCB_25","MBC",8,"8",2015,"2"
"2113","12804",32012421,639208,4839319,"P08_CFL_44","MBC",8,"8",2015,"2"
"2114","1281",31004418,579782,4913208,"P04_TSC_41","BWC",4,"L4",2001,"2"
"2115","12811",32012428,640404,4836515,"P08_SCB_24","MBC",8,"8",2015,"2"
"2116","12812",32012429,640502,4836308,"P08_SCB_24","MBC",8,"8",2015,"2"
"2117","12813",32012430,640560,4836312,"P08_SCB_24","MBC",8,"8",2015,"2"
"2118","12814",32012432,640657,4836259,"P08_SCB_24","MBC",8,"8",2015,"2"
"2119","12815",32012433,640896,4836211,"P08_SCB_24","MBC",8,"8",2015,"2"
"2120","12816",32012434,640951,4836219,"P08_SCB_24","MBC",8,"8",2015,"2"
"2121","12817",32012435,641552,4835510,"P08_SCB_21","MBC",8,"8",2015,"2"
"2122","12818",32012436,641599,4835216,"P08_SCB_21","MBC",8,"8",2015,"1"
"2123","12819",32012437,641806,4835024,"P08_USCB_9","MBC",8,"8",2015,"1"
"2124","1282",31004419,579079,4913104,"P04_CFL_44","BWC",4,"L4",2001,"2"
"2125","12820",32012438,641552,4834873,"P08_USCB_5","MBC",8,"8",2015,"2"
"2126","12821",32012439,642059,4834363,"P08_CFL_349","MBC",8,"8",2015,"1"
"2127","12823",32012441,643208,4832413,"P08_USCB_3","MBC",8,"8",2015,"1"
"2128","12824",32012442,642499,4826912,"P08_CFL_338","MBC",8,"8",2015,"2"
"2129","12825",32012443,642509,4826665,"P08_CFL_338","MBC",8,"8",2015,"2"
"2130","12826",32012444,642554,4826363,"P08_CFL_338","MBC",8,"8",2015,"2"
"2131","12827",32012445,642605,4826360,"P08_CFL_338","MBC",8,"8",2015,"2"
"2132","1283",31004421,583483,4913005,"P04_CFL_258","BWC",4,"L4",2001,"2"
"2133","12831",32012450,639156,4855325,"P08_CFL_316","SC",8,"8",2015,"2"
"2134","12832",32012452,638456,4854973,"P08_SC_17","SC",8,"8",2015,"2"
"2135","12838",32012459,640903,4847711,"P08_TSC_12","SC",8,"8",2015,"2"
"2136","12839",32012460,642497,4847412,"P08_SC_11","SC",8,"8",2015,"2"
"2137","1284",31004422,583675,4913011,"P04_CFL_258","BWC",4,"L4",2001,"2"
"2138","12843",32012464,643757,4845223,"P08_TSC_69","SC",8,"8",2015,"2"
"2139","12845",32012466,643955,4845018,"P08_CFL_193","SC",8,"8",2015,"2"
"2140","1285",31004423,583673,4912912,"P04_CFL_258","BWC",4,"L4",2001,"2"
"2141","12853",32012474,641446,4843869,"P08_CFL_172","SC",8,"8",2015,"2"
"2142","12855",32012476,641709,4843813,"P08_CFL_167","SC",8,"8",2015,"2"
"2143","12856",32012477,642051,4843617,"P08_SC_11","SC",8,"8",2015,"2"
"2144","12858",32012479,641312,4843066,"P08_CFL_147","SC",8,"8",2015,"2"
"2145","12859",32012480,640709,4843015,"P08_CFL_143","SC",8,"8",2015,"2"
"2146","12860",32012481,641009,4842822,"P08_SC_9","SC",8,"8",2015,"2"
"2147","12869",32012490,639904,4841168,"P08_TSC_46","SC",8,"8",2015,"2"
"2148","1287",31004426,583328,4912459,"P04_CFL_257","BWC",4,"L4",2001,"2"
"2149","12873",32012494,642456,4840770,"P08_CFL_94","SC",8,"8",2015,"2"
"2150","12874",32012495,641360,4840568,"P08_CFL_75","SC",8,"8",2015,"2"
"2151","12875",32012496,640407,4840420,"P08_SC_5","SC",8,"8",2015,"2"
"2152","12876",32012497,642997,4839315,"P08_TSC_29","SC",8,"8",2015,"1"
"2153","12877",32012498,640951,4839172,"P08_SC_3","SC",8,"8",2015,"2"
"2154","12879",32012500,643057,4837960,"P08_TSC_29","SC",8,"8",2015,"2"
"2155","12880",32012501,642902,4837908,"P08_CFL_343","SC",8,"8",2015,"2"
"2156","12884",32012505,639107,4836724,"P08_CFL_24","SC",8,"8",2015,"2"
"2157","12885",32012506,639395,4835876,"P08_SC_1","SC",8,"8",2015,"2"
"2158","12886",32012507,639602,4835173,"P08_SC_1","SC",8,"8",2015,"2"
"2159","12887",32012508,642157,4834614,"P08_CFL_349","SC",8,"8",2015,"1"
"2160","12888",32012509,642507,4833513,"P08_CFL_349","SC",8,"8",2015,"1"
"2161","12889",32012510,639909,4831966,"P08_SC_1","SC",8,"8",2015,"2"
"2162","12890",32012511,638206,4858367,"P08_CFL_335","BWC",8,"8",2015,"2"
"2163","12892",32012513,637856,4857521,"P08_CFL_334","BWC",8,"8",2015,"2"
"2164","12893",32012514,638757,4857372,"P08_CFL_335","BWC",8,"8",2015,"2"
"2165","12894",32012515,638455,4857018,"P08_CFL_328","BWC",8,"8",2015,"2"
"2166","12895",32012516,638757,4856825,"P08_CFL_335","BWC",8,"8",2015,"2"
"2167","12896",32012518,639703,4853156,"P08_CFL_300","BWC",8,"8",2015,"2"
"2168","12897",32012519,638906,4851171,"","BWC",8,"8",2015,"2"
"2169","12898",32012520,639058,4850658,"P08_CFL_348","BWC",8,"8",2015,"2"
"2170","12899",32012521,638158,4850269,"P08_CFL_348","BWC",8,"8",2015,"2"
"2171","1290",31004429,584531,4911508,"P04_CFL_250","BWC",4,"L4",2001,"2"
"2172","12900",32012522,638609,4850212,"P08_CFL_348","BWC",8,"8",2015,"2"
"2173","12901",32012523,639353,4850064,"P08_CFL_295","BWC",8,"8",2015,"2"
"2174","12902",32012524,638457,4850016,"P08_CFL_348","BWC",8,"8",2015,"2"
"2175","12904",32012526,642403,4848413,"P08_TSC_70","BWC",8,"8",2015,"2"
"2176","12905",32012527,640854,4847928,"P08_CFL_291","BWC",8,"8",2015,"2"
"2177","12906",32012528,640349,4847871,"P08_CFL_291","BWC",8,"8",2015,"2"
"2178","12907",32012529,640353,4847708,"P08_CFL_365","BWC",8,"8",2015,"2"
"2179","12908",32012530,642108,4847418,"P08_CFL_276","BWC",8,"8",2015,"2"
"2180","12909",32012532,642802,4846419,"P08_CFL_250","BWC",8,"8",2015,"2"
"2181","1291",31004430,583831,4911457,"P04_CFL_254","BWC",4,"L4",2001,"2"
"2182","12910",32012533,643058,4846368,"P08_CFL_354","BWC",8,"8",2015,"2"
"2183","12911",32012534,643996,4846255,"","BWC",8,"8",2015,"2"
"2184","12912",32012535,642956,4846259,"P08_TSC_86","BWC",8,"8",2015,"2"
"2185","12913",32012536,643549,4846057,"P08_CFL_234","BWC",8,"8",2015,"2"
"2186","12914",32012537,643299,4845865,"P08_CFL_219","BWC",8,"8",2015,"2"
"2187","12915",32012538,639855,4845772,"P08_CFL_224","BWC",8,"8",2015,"2"
"2188","12916",32012539,644356,4845666,"P08_CFL_238","BWC",8,"8",2015,"2"
"2189","12917",32012540,641857,4845611,"P08_TSC_67","BWC",8,"8",2015,"2"
"2190","12918",32012542,644460,4845473,"P08_CFL_238","BWC",8,"8",2015,"2"
"2191","12919",32012543,641855,4845407,"P08_CFL_351","BWC",8,"8",2015,"2"
"2192","1292",31004431,584427,4911410,"P04_CFL_268","BWC",4,"L4",2001,"2"
"2193","12920",32012544,644252,4845366,"P08_CFL_238","BWC",8,"8",2015,"2"
"2194","12921",32012545,641613,4845212,"","BWC",8,"8",2015,"2"
"2195","12922",32012546,639305,4845168,"P08_CFL_224","BWC",8,"8",2015,"2"
"2196","12924",32012549,643799,4844717,"P08_TSC_88","BWC",8,"8",2015,"2"
"2197","12925",32012550,642662,4844664,"P08_TSC_61","BWC",8,"8",2015,"2"
"2198","12926",32012551,639657,4844616,"P08_CFL_224","BWC",8,"8",2015,"2"
"2199","12927",32012552,643808,4844571,"P08_TSC_88","BWC",8,"8",2015,"2"
"2200","12928",32012553,639300,4844464,"P08_CFL_224","BWC",8,"8",2015,"2"
"2201","12929",32012554,639660,4844466,"P08_CFL_224","BWC",8,"8",2015,"2"
"2202","1293",31004432,581030,4911206,"P04_CFL_44","BWC",4,"L4",2001,"2"
"2203","12930",32012555,639752,4844359,"P08_CFL_224","BWC",8,"8",2015,"2"
"2204","12932",32012557,639406,4844165,"P08_CFL_224","BWC",8,"8",2015,"2"
"2205","12933",32012558,639859,4843957,"P08_CFL_224","BWC",8,"8",2015,"2"
"2206","12934",32012559,642450,4843822,"P08_CFL_166","BWC",8,"8",2015,"2"
"2207","12935",32012560,639901,4843771,"P08_CFL_224","BWC",8,"8",2015,"2"
"2208","12937",32012562,641310,4843671,"P08_TSC_58","BWC",8,"8",2015,"2"
"2209","12938",32012563,639547,4843172,"P08_CFL_224","BWC",8,"8",2015,"2"
"2210","12939",32012564,639658,4843061,"P08_CFL_224","BWC",8,"8",2015,"2"
"2211","1294",31004433,585435,4911204,"P04_CFL_251","BWC",4,"L4",2001,"2"
"2212","12940",32012565,643058,4842761,"P08_CFL_159","BWC",8,"8",2015,"2"
"2213","12941",32012566,639506,4842761,"P08_CFL_224","BWC",8,"8",2015,"2"
"2214","12942",32012567,640857,4842715,"P08_CFL_135","BWC",8,"8",2015,"2"
"2215","12943",32012568,644054,4842673,"P08_SC_8","BWC",8,"8",2015,"2"
"2216","12944",32012569,639456,4842618,"P08_CFL_224","BWC",8,"8",2015,"2"
"2217","12945",32012570,640555,4842309,"P08_CFL_118","BWC",8,"8",2015,"2"
"2218","12946",32012571,643100,4842313,"P08_CFL_159","BWC",8,"8",2015,"2"
"2219","12947",32012572,644208,4842169,"P08_CFL_119","BWC",8,"8",2015,"2"
"2220","12948",32012573,641852,4842171,"P08_CFL_122","BWC",8,"8",2015,"2"
"2221","12949",32012574,642145,4842166,"P08_CFL_122","BWC",8,"8",2015,"2"
"2222","1295",31004434,581424,4911004,"P04_CFL_44","BWC",4,"L4",2001,"2"
"2223","12950",32012575,644201,4841960,"P08_CFL_119","BWC",8,"8",2015,"2"
"2224","12951",32012576,642752,4841866,"P08_CFL_159","BWC",8,"8",2015,"2"
"2225","12952",32012577,643055,4841815,"P08_CFL_159","BWC",8,"8",2015,"2"
"2226","12953",32012578,644205,4841715,"P08_CFL_119","BWC",8,"8",2015,"2"
"2227","12954",32012579,640345,4841706,"P08_CFL_110","BWC",8,"8",2015,"2"
"2228","12955",32012580,643902,4841658,"P08_CFL_119","BWC",8,"8",2015,"2"
"2229","12956",32012581,642049,4841611,"P08_CFL_113","BWC",8,"8",2015,"2"
"2230","12957",32012582,643547,4841511,"P08_CFL_119","BWC",8,"8",2015,"2"
"2231","12958",32012583,644102,4841516,"P08_CFL_119","BWC",8,"8",2015,"2"
"2232","12959",32012584,640950,4841360,"P08_SC_4","BWC",8,"8",2015,"2"
"2233","1296",31004435,585035,4910661,"P04_CFL_270","BWC",4,"L4",2001,"2"
"2234","12960",32012585,640699,4841312,"P08_CFL_96","BWC",8,"8",2015,"2"
"2235","12961",32012586,640707,4841264,"P08_CFL_96","BWC",8,"8",2015,"2"
"2236","12962",32012587,643953,4841157,"P08_CFL_119","BWC",8,"8",2015,"2"
"2237","12963",32012588,642554,4841066,"P08_CFL_92","BWC",8,"8",2015,"2"
"2238","12964",32012589,643111,4841016,"P08_CFL_109","BWC",8,"8",2015,"2"
"2239","12965",32012591,641154,4840812,"P08_CFL_89","BWC",8,"8",2015,"2"
"2240","12967",32012595,642359,4840571,"P08_CFL_94","BWC",8,"8",2015,"2"
"2241","12969",32012597,642059,4840416,"P08_CFL_65","BWC",8,"8",2015,"2"
"2242","1297",31004436,584827,4910555,"P04_SC_33","BWC",4,"L4",2001,"2"
"2243","12972",32012600,641107,4840060,"P08_CFL_343","BWC",8,"8",2015,"2"
"2244","12973",32012601,640210,4840017,"P08_CFL_56","BWC",8,"8",2015,"2"
"2245","12974",32012602,641005,4839720,"P08_CFL_72","BWC",8,"8",2015,"2"
"2246","12975",32012603,640299,4839665,"P08_CFL_56","BWC",8,"8",2015,"2"
"2247","12976",32012604,640402,4839516,"P08_CFL_56","BWC",8,"8",2015,"2"
"2248","12977",32012605,640710,4839208,"P08_CFL_45","BWC",8,"8",2015,"2"
"2249","12978",32012606,641107,4839215,"P08_CFL_343","BWC",8,"8",2015,"2"
"2250","12980",32012608,640355,4838915,"P08_CFL_42","BWC",8,"8",2015,"2"
"2251","12981",32012609,638844,4838117,"P08_CFL_344","BWC",8,"8",2015,"2"
"2252","12982",32012611,640051,4836469,"P08_USCB_6","BWC",8,"8",2015,"2"
"2253","12983",32012612,639608,4836414,"P08_CFL_337","BWC",8,"8",2015,"2"
"2254","12984",32012613,639704,4836064,"P08_CFL_337","BWC",8,"8",2015,"2"
"2255","12985",32012614,639857,4835762,"P08_CFL_337","BWC",8,"8",2015,"2"
"2256","12986",32012615,640204,4835766,"P08_CFL_337","BWC",8,"8",2015,"2"
"2257","12987",32012616,640402,4835716,"P08_CFL_337","BWC",8,"8",2015,"2"
"2258","12988",32012617,640551,4835659,"P08_CFL_337","BWC",8,"8",2015,"2"
"2259","12989",32012618,640304,4835512,"P08_CFL_337","BWC",8,"8",2015,"2"
"2260","1299",31004438,581180,4910253,"","BWC",4,"L4",2001,"2"
"2261","12991",32012620,640407,4835312,"P08_CFL_337","BWC",8,"8",2015,"2"
"2262","12992",32012621,643549,4840309,"P08_CFL_343","IMP",8,"8",2015,"2"
"2263","12993",32012622,641548,4840019,"P08_CFL_343","IMP",8,"8",2015,"2"
"2264","12994",32012623,641550,4839657,"P08_CFL_343","IMP",8,"8",2015,"2"
"2265","12995",32012624,642455,4839666,"P08_CFL_343","IMP",8,"8",2015,"2"
"2266","12996",32012625,641959,4839557,"P08_CFL_343","IMP",8,"8",2015,"2"
"2267","12997",32012626,643258,4839420,"P08_CFL_343","IMP",8,"8",2015,"2"
"2268","12999",32012628,641952,4839365,"P08_CFL_343","IMP",8,"8",2015,"2"
"2269","1300",31004439,579581,4917808,"P04_CFL_19","BWC",4,"L4",2001,"2"
"2270","13000",32012629,641800,4839321,"P08_CFL_343","IMP",8,"8",2015,"2"
"2271","13001",32012630,642252,4839270,"P08_CFL_343","IMP",8,"8",2015,"2"
"2272","13002",32012631,643006,4839265,"P08_TSC_29","IMP",8,"8",2015,"1"
"2273","13003",32012632,641311,4839215,"P08_CFL_343","IMP",8,"8",2015,"2"
"2274","13004",32012633,641509,4839117,"P08_CFL_343","IMP",8,"8",2015,"2"
"2275","13005",32012634,641097,4839064,"P08_CFL_343","IMP",8,"8",2015,"2"
"2276","13006",32012635,642462,4838962,"P08_CFL_343","IMP",8,"8",2015,"2"
"2277","13007",32012636,643100,4838914,"P08_CFL_343","IMP",8,"8",2015,"2"
"2278","13008",32012637,641501,4838816,"P08_CFL_343","IMP",8,"8",2015,"2"
"2279","13009",32012638,641905,4838807,"P08_CFL_343","IMP",8,"8",2015,"2"
"2280","1301",31004440,579680,4917703,"P04_CFL_19","BWC",4,"L4",2001,"2"
"2281","13010",32012639,642005,4838760,"P08_CFL_343","IMP",8,"8",2015,"1"
"2282","13011",32012640,640662,4838714,"P08_TSC_27","IMP",8,"8",2015,"2"
"2283","13012",32012641,641604,4838717,"P08_CFL_343","IMP",8,"8",2015,"2"
"2284","13013",32012642,640751,4838670,"P08_CFL_343","IMP",8,"8",2015,"2"
"2285","13014",32012643,641455,4838669,"P08_CFL_343","IMP",8,"8",2015,"2"
"2286","13015",32012644,642961,4838569,"P08_CFL_343","IMP",8,"8",2015,"2"
"2287","13016",32012645,642206,4838511,"P08_CFL_343","IMP",8,"8",2015,"1"
"2288","13017",32012646,640954,4838473,"P08_CFL_343","IMP",8,"8",2015,"2"
"2289","13018",32012647,642011,4838316,"P08_CFL_343","IMP",8,"8",2015,"2"
"2290","13019",32012648,642502,4838208,"P08_CFL_343","IMP",8,"8",2015,"1"
"2291","1302",31004441,580230,4917460,"P04_CFL_19","BWC",4,"L4",2001,"2"
"2292","13021",32012650,640862,4837917,"P08_CFL_343","IMP",8,"8",2015,"2"
"2293","13022",32012651,640498,4837921,"P08_CFL_343","IMP",8,"8",2015,"2"
"2294","13023",32012652,640305,4837812,"P08_CFL_343","IMP",8,"8",2015,"2"
"2295","13024",32012653,641407,4837714,"P08_CFL_343","IMP",8,"8",2015,"2"
"2296","13025",32012654,641604,4837725,"P08_CFL_343","IMP",8,"8",2015,"2"
"2297","13026",32012655,641013,4837661,"P08_CFL_343","IMP",8,"8",2015,"1"
"2298","13027",32012656,641654,4837516,"P08_CFL_343","IMP",8,"8",2015,"2"
"2299","13028",32012657,641805,4837519,"P08_CFL_343","IMP",8,"8",2015,"2"
"2300","13029",32012658,642253,4837407,"P08_CFL_343","IMP",8,"8",2015,"1"
"2301","1303",31004442,579377,4917059,"P04_CFL_19","BWC",4,"L4",2001,"2"
"2302","13030",32012659,640211,4837363,"P08_CFL_343","IMP",8,"8",2015,"2"
"2303","13031",32012660,641700,4837258,"P08_CFL_343","IMP",8,"8",2015,"2"
"2304","13032",32012661,642553,4837165,"P08_TSC_29","IMP",8,"8",2015,"2"
"2305","13033",32012662,640899,4837167,"P08_CFL_343","IMP",8,"8",2015,"2"
"2306","13034",32012663,643301,4837163,"P08_CFL_27","IMP",8,"8",2015,"2"
"2307","13035",32012664,641154,4837074,"P08_CFL_343","IMP",8,"8",2015,"2"
"2308","13036",32012665,641449,4837062,"P08_CFL_343","IMP",8,"8",2015,"2"
"2309","13037",32012666,641199,4836973,"P08_CFL_343","IMP",8,"8",2015,"2"
"2310","13038",32012667,642505,4836912,"P08_CFL_343","IMP",8,"8",2015,"2"
"2311","13039",32012668,641104,4836866,"P08_CFL_343","IMP",8,"8",2015,"2"
"2312","1304",31004444,579582,4916709,"P04_CFL_19","BWC",4,"L4",2001,"2"
"2313","13040",32012669,641102,4836761,"P08_CFL_343","IMP",8,"8",2015,"2"
"2314","13041",32012670,643300,4836771,"P08_CFL_27","IMP",8,"8",2015,"2"
"2315","13042",32012671,641707,4836666,"P08_CFL_343","IMP",8,"8",2015,"1"
"2316","13043",32012672,643406,4836661,"P08_CFL_27","IMP",8,"8",2015,"2"
"2317","13044",32012673,641748,4836316,"P08_CFL_343","IMP",8,"8",2015,"2"
"2318","13045",32012674,641498,4836214,"P08_CFL_343","IMP",8,"8",2015,"2"
"2319","13046",32012675,642303,4836117,"P08_CFL_27","IMP",8,"8",2015,"2"
"2320","13047",32012676,642959,4836120,"P08_CFL_27","IMP",8,"8",2015,"2"
"2321","13049",32012678,642701,4836021,"P08_CFL_27","IMP",8,"8",2015,"2"
"2322","1305",31004445,578428,4916504,"P04_CFL_19","BWC",4,"L4",2001,"2"
"2323","13050",32012679,641697,4835964,"P08_CFL_343","IMP",8,"8",2015,"2"
"2324","13051",32012680,641505,4835409,"P08_CFL_342","IMP",8,"8",2015,"2"
"2325","13052",32012681,642852,4835324,"P08_CFL_27","IMP",8,"8",2015,"2"
"2326","13053",32012682,640152,4835168,"P08_CFL_337","IMP",8,"8",2015,"2"
"2327","13054",32012683,640747,4835019,"P08_CFL_337","IMP",8,"8",2015,"2"
"2328","13055",32012684,640954,4835017,"P08_CFL_337","IMP",8,"8",2015,"2"
"2329","13056",32012685,642954,4834963,"P08_CFL_349","IMP",8,"8",2015,"2"
"2330","13057",32012686,640652,4834914,"P08_CFL_337","IMP",8,"8",2015,"2"
"2331","13058",32012687,639554,4834869,"P08_SC_1","IMP",8,"8",2015,"2"
"2332","13059",32012688,641905,4834872,"P08_CFL_349","IMP",8,"8",2015,"2"
"2333","1306",31004446,578579,4916503,"P04_CFL_19","BWC",4,"L4",2001,"2"
"2334","13060",32012689,639848,4834818,"P08_SC_1","IMP",8,"8",2015,"2"
"2335","13061",32012690,640597,4834766,"P08_CFL_337","IMP",8,"8",2015,"2"
"2336","13062",32012691,641099,4834770,"P08_CFL_337","IMP",8,"8",2015,"2"
"2337","13063",32012692,641455,4834763,"P08_CFL_342","IMP",8,"8",2015,"2"
"2338","13064",32012693,641201,4834764,"P08_CFL_337","IMP",8,"8",2015,"2"
"2339","13066",32012695,640052,4834664,"P08_CFL_337","IMP",8,"8",2015,"2"
"2340","13067",32012696,640701,4834618,"P08_CFL_337","IMP",8,"8",2015,"2"
"2341","13068",32012697,641004,4834414,"P08_CFL_342","IMP",8,"8",2015,"2"
"2342","13069",32012698,641555,4834412,"P08_CFL_342","IMP",8,"8",2015,"2"
"2343","1307",31004449,578979,4916155,"P04_CFL_19","BWC",4,"L4",2001,"2"
"2344","13070",32012699,642555,4834274,"P08_CFL_349","IMP",8,"8",2015,"1"
"2345","13072",32012701,639262,4834158,"P08_CFL_17","IMP",8,"8",2015,"2"
"2346","13073",32012702,640256,4834165,"P08_TSC_20","IMP",8,"8",2015,"2"
"2347","13074",32012703,641008,4834174,"P08_CFL_342","IMP",8,"8",2015,"2"
"2348","13075",32012704,641099,4834117,"P08_CFL_342","IMP",8,"8",2015,"2"
"2349","13077",32012706,640555,4834013,"P08_CFL_342","IMP",8,"8",2015,"2"
"2350","13078",32012707,640853,4833964,"P08_CFL_342","IMP",8,"8",2015,"2"
"2351","13080",32012709,641710,4833864,"P08_CFL_342","IMP",8,"8",2015,"2"
"2352","13081",32012710,642999,4833817,"P08_CFL_349","IMP",8,"8",2015,"2"
"2353","13082",32012711,640756,4833765,"P08_CFL_342","IMP",8,"8",2015,"2"
"2354","13083",32012712,639503,4833664,"P08_CFL_17","IMP",8,"8",2015,"2"
"2355","13084",32012713,639906,4833663,"P08_CFL_350","IMP",8,"8",2015,"2"
"2356","13085",32012714,642850,4833666,"P08_CFL_349","IMP",8,"8",2015,"2"
"2357","13086",32012715,639800,4833616,"P08_CFL_350","IMP",8,"8",2015,"2"
"2358","13087",32012716,642102,4833613,"P08_CFL_342","IMP",8,"8",2015,"2"
"2359","13088",32012717,639358,4833572,"P08_TSC_76","IMP",8,"8",2015,"2"
"2360","13089",32012718,640350,4833563,"P08_TSC_20","IMP",8,"8",2015,"2"
"2361","1309",31004452,578633,4915610,"P04_CFL_19","BWC",4,"L4",2001,"2"
"2362","13090",32012719,642099,4833564,"P08_CFL_342","IMP",8,"8",2015,"2"
"2363","13091",32012720,640800,4833420,"P08_CFL_342","IMP",8,"8",2015,"2"
"2364","13093",32012722,639853,4833368,"P08_CFL_350","IMP",8,"8",2015,"2"
"2365","13094",32012723,639404,4833217,"P08_CFL_17","IMP",8,"8",2015,"2"
"2366","13095",32012724,639562,4833215,"P08_CFL_17","IMP",8,"8",2015,"2"
"2367","13096",32012725,642055,4833112,"P08_CFL_342","IMP",8,"8",2015,"2"
"2368","13097",32012726,643056,4833066,"P08_CFL_349","IMP",8,"8",2015,"2"
"2369","13098",32012727,643206,4832967,"P08_CFL_349","IMP",8,"8",2015,"2"
"2370","13099",32012728,642002,4832870,"P08_CFL_342","IMP",8,"8",2015,"2"
"2371","1310",31004453,580282,4915559,"P04_CFL_19","BWC",4,"L4",2001,"2"
"2372","13101",32012730,640207,4832768,"P08_CFL_7","IMP",8,"8",2015,"2"
"2373","13102",32012731,642000,4832765,"P08_CFL_342","IMP",8,"8",2015,"2"
"2374","13103",32012732,641045,4832718,"P08_CFL_342","IMP",8,"8",2015,"2"
"2375","13104",32012733,642052,4832710,"P08_CFL_342","IMP",8,"8",2015,"2"
"2376","13105",32012734,640609,4832668,"P08_CFL_7","IMP",8,"8",2015,"2"
"2377","13106",32012735,640549,4832611,"P08_CFL_7","IMP",8,"8",2015,"2"
"2378","13109",32012739,641513,4832067,"P08_CFL_342","IMP",8,"8",2015,"2"
"2379","1311",31004454,579777,4915455,"P04_CFL_19","BWC",4,"L4",2001,"2"
"2380","13110",32012740,640097,4832013,"P08_CFL_5","IMP",8,"8",2015,"2"
"2381","13111",32012741,640297,4832013,"P08_CFL_342","IMP",8,"8",2015,"2"
"2382","13112",32012742,640351,4831970,"P08_CFL_342","IMP",8,"8",2015,"2"
"2383","13113",32012743,641301,4831968,"P08_CFL_342","IMP",8,"8",2015,"2"
"2384","13114",32012745,640554,4831766,"P08_CFL_342","IMP",8,"8",2015,"2"
"2385","13116",32012749,640399,4831221,"P08_CFL_342","IMP",8,"8",2015,"2"
"2386","13117",32012753,640056,4830921,"P08_CFL_342","IMP",8,"8",2015,"2"
"2387","13118",32012754,640006,4830917,"P08_CFL_342","IMP",8,"8",2015,"2"
"2388","13119",32012756,640409,4830817,"P08_CFL_342","IMP",8,"8",2015,"2"
"2389","1312",31004456,580084,4915355,"P04_CFL_19","BWC",4,"L4",2001,"2"
"2390","13120",32012758,640304,4830764,"P08_CFL_342","IMP",8,"8",2015,"2"
"2391","13122",32012763,641810,4830160,"P08_CFL_342","IMP",8,"8",2015,"2"
"2392","13124",32012767,639712,4830016,"P08_CFL_340","IMP",8,"8",2015,"2"
"2393","13125",32012768,640506,4829967,"P08_CFL_342","IMP",8,"8",2015,"2"
"2394","13126",32012769,640709,4829961,"P08_CFL_342","IMP",8,"8",2015,"2"
"2395","13128",32012771,639904,4829915,"P08_CFL_340","IMP",8,"8",2015,"2"
"2396","13129",32012772,639848,4829870,"P08_CFL_340","IMP",8,"8",2015,"2"
"2397","1313",31004457,580383,4915010,"P04_CFL_19","BWC",4,"L4",2001,"2"
"2398","13130",32012776,640556,4829707,"P08_CFL_342","IMP",8,"8",2015,"2"
"2399","13131",32012777,640004,4829665,"P08_CFL_340","IMP",8,"8",2015,"2"
"2400","13132",32012778,642103,4829665,"P08_CFL_342","IMP",8,"8",2015,"2"
"2401","13134",32012780,642702,4829569,"P08_CFL_342","IMP",8,"8",2015,"2"
"2402","13135",32012781,641852,4829368,"P08_CFL_342","IMP",8,"8",2015,"2"
"2403","13136",32012782,640402,4829320,"P08_CFL_340","IMP",8,"8",2015,"2"
"2404","13137",32012783,642054,4829275,"P08_CFL_342","IMP",8,"8",2015,"2"
"2405","13138",32012784,639655,4829221,"P08_CFL_340","IMP",8,"8",2015,"2"
"2406","13139",32012785,640151,4829215,"P08_CFL_340","IMP",8,"8",2015,"2"
"2407","1314",31004459,579676,4914658,"P04_CFL_19","BWC",4,"L4",2001,"2"
"2408","13140",32012786,640207,4829210,"P08_CFL_340","IMP",8,"8",2015,"2"
"2409","13141",32012787,641009,4829216,"P08_CFL_342","IMP",8,"8",2015,"2"
"2410","13143",32012789,641460,4829171,"P08_CFL_342","IMP",8,"8",2015,"2"
"2411","13144",32012790,642255,4829112,"P08_CFL_342","IMP",8,"8",2015,"1"
"2412","13145",32012791,641904,4829117,"P08_CFL_342","IMP",8,"8",2015,"2"
"2413","13146",32012792,641804,4829021,"P08_CFL_342","IMP",8,"8",2015,"2"
"2414","13147",32012793,641808,4828966,"P08_CFL_342","IMP",8,"8",2015,"2"
"2415","13148",32012794,640651,4828963,"P08_CFL_340","IMP",8,"8",2015,"2"
"2416","13149",32012795,642052,4828819,"P08_CFL_342","IMP",8,"8",2015,"1"
"2417","1315",31004460,579779,4914609,"P04_CFL_19","BWC",4,"L4",2001,"2"
"2418","13150",32012796,642000,4828768,"P08_CFL_342","IMP",8,"8",2015,"2"
"2419","13151",32012797,643245,4828519,"P08_CFL_339","IMP",8,"8",2015,"2"
"2420","13152",32012798,643301,4828512,"P08_CFL_339","IMP",8,"8",2015,"2"
"2421","13153",32012799,641609,4828414,"P08_CFL_342","IMP",8,"8",2015,"2"
"2422","13154",32012800,642148,4828123,"P08_CFL_342","IMP",8,"8",2015,"2"
"2423","13155",32012801,642606,4828117,"P08_CFL_342","IMP",8,"8",2015,"1"
"2424","13157",32012803,642852,4827965,"P08_CFL_342","IMP",8,"8",2015,"2"
"2425","13158",32012804,642301,4827864,"P08_CFL_342","IMP",8,"8",2015,"2"
"2426","1316",31004461,581427,4914107,"P04_CFL_19","BWC",4,"L4",2001,"2"
"2427","13161",32012832,636955,4856160,"P08_SCB_31","MBC",8,"8",2016,"1"
"2428","13166",32012837,639611,4853808,"P08_SCB_33","MBC",8,"8",2016,"2"
"2429","1317",31004462,580833,4912764,"P04_CFL_44","BWC",4,"L4",2001,"2"
"2430","1318",31004463,581134,4912209,"","BWC",4,"L4",2001,"2"
"2431","13183",32012854,640914,4847311,"P08_SCB_28","MBC",8,"8",2016,"2"
"2432","13184",32012855,640655,4844667,"P08_SCB_26","MBC",8,"8",2016,"2"
"2433","13186",32012857,640701,4844318,"P08_SCB_26","MBC",8,"8",2016,"2"
"2434","13188",32012859,640713,4844169,"P08_SCB_26","MBC",8,"8",2016,"2"
"2435","13191",32012862,640703,4844056,"P08_SCB_26","MBC",8,"8",2016,"1"
"2436","132",31002081,539731,4935611,"P04_CFL_72","BWC",4,"U4",1998,"2"
"2437","1320",31004465,580479,4911849,"P04_CFL_44","BWC",4,"L4",2001,"2"
"2438","13209",32012880,639707,4838764,"P08_SCB_25","MBC",8,"8",2016,"2"
"2439","13214",32012885,639957,4837556,"P08_SCB_25","MBC",8,"8",2016,"2"
"2440","13215",32012886,640000,4837554,"P08_SCB_25","MBC",8,"8",2016,"2"
"2441","13216",32012887,640005,4837460,"P08_SCB_25","MBC",8,"8",2016,"2"
"2442","13217",32012888,640358,4836565,"P08_SCB_24","MBC",8,"8",2016,"2"
"2443","13219",32012890,640459,4836318,"P08_SCB_24","MBC",8,"8",2016,"1"
"2444","13220",32012891,641307,4835911,"P08_SCB_21","MBC",8,"8",2016,"2"
"2445","13221",32012892,641549,4835511,"P08_SCB_21","MBC",8,"8",2016,"2"
"2446","13224",32012895,641607,4834957,"P08_SCB_21","MBC",8,"8",2016,"2"
"2447","13226",32012897,642507,4826864,"P08_CFL_338","MBC",8,"8",2016,"2"
"2448","13227",32012898,642501,4826711,"P08_CFL_338","MBC",8,"8",2016,"2"
"2449","13228",32012899,642505,4826613,"P08_CFL_338","MBC",8,"8",2016,"2"
"2450","13229",32012900,642601,4826416,"P08_CFL_338","MBC",8,"8",2016,"2"
"2451","1323",31004468,583423,4909458,"P04_CFL_240","BWC",4,"L4",2001,"2"
"2452","13231",32012902,637569,4856655,"P08_SC_17","SC",8,"8",2016,"2"
"2453","13233",32012904,638853,4856160,"P08_TSC_72","SC",8,"8",2016,"2"
"2454","13234",32012905,639452,4856005,"P08_TSC_72","SC",8,"8",2016,"2"
"2455","13235",32012906,639211,4854565,"P08_SC_17","SC",8,"8",2016,"2"
"2456","13238",32012909,640601,4849660,"P08_SC_13","SC",8,"8",2016,"2"
"2457","1324",31004470,584530,4909355,"P04_CFL_240","BWC",4,"L4",2001,"2"
"2458","13240",32012911,642257,4848959,"P08_TSC_70","SC",8,"8",2016,"2"
"2459","13243",32012914,641551,4847312,"P08_CFL_271","SC",8,"8",2016,"2"
"2460","13244",32012915,641506,4846809,"P08_CFL_264","SC",8,"8",2016,"2"
"2461","13245",32012916,643115,4845960,"P08_TSC_86","SC",8,"8",2016,"2"
"2462","13246",32012917,642801,4845662,"P08_TSC_66","SC",8,"8",2016,"2"
"2463","13247",32012918,643955,4845015,"P08_CFL_193","SC",8,"8",2016,"2"
"2464","13249",32012920,641002,4844154,"P08_SC_9","SC",8,"8",2016,"2"
"2465","1325",31004471,584577,4909361,"P04_CFL_240","BWC",4,"L4",2001,"2"
"2466","13250",32012921,642257,4844109,"P08_SC_11","SC",8,"8",2016,"2"
"2467","13251",32012922,641861,4844007,"P08_CFL_177","SC",8,"8",2016,"2"
"2468","13252",32012923,641851,4843915,"P08_CFL_177","SC",8,"8",2016,"2"
"2469","13253",32012924,641355,4843864,"P08_SC_10","SC",8,"8",2016,"2"
"2470","13255",32012926,640994,4843656,"P08_CFL_160","SC",8,"8",2016,"2"
"2471","13259",32012930,640606,4842719,"P08_USCB_11","SC",8,"8",2016,"1"
"2472","1326",31004472,584932,4909103,"P04_CFL_240","BWC",4,"L4",2001,"2"
"2473","13262",32012933,640757,4842571,"P08_TSC_54","SC",8,"8",2016,"2"
"2474","13265",32012936,640708,4842114,"P08_CFL_128","SC",8,"8",2016,"2"
"2475","13266",32012937,640855,4842071,"P08_CFL_128","SC",8,"8",2016,"2"
"2476","13267",32012938,641151,4842065,"P08_CFL_117","SC",8,"8",2016,"2"
"2477","13269",32012940,641804,4841861,"P08_CFL_113","SC",8,"8",2016,"2"
"2478","13270",32012941,640602,4841569,"P08_SC_4","SC",8,"8",2016,"2"
"2479","13271",32012942,643253,4841367,"P08_CFL_119","SC",8,"8",2016,"2"
"2480","13274",32012946,641909,4840911,"P08_CFL_94","SC",8,"8",2016,"2"
"2481","13275",32012947,642645,4840769,"P08_CFL_92","SC",8,"8",2016,"2"
"2482","13276",32012948,639953,4840722,"P08_TSC_44","SC",8,"8",2016,"2"
"2483","13277",32012949,641246,4840513,"P08_CFL_79","SC",8,"8",2016,"2"
"2484","13278",32012950,640452,4839009,"P08_CFL_42","SC",8,"8",2016,"2"
"2485","1328",31005202,535080,4937956,"P04_USCB_18","MBC",4,"U4",2002,"2"
"2486","13281",32012953,640005,4837921,"P08_CFL_32","SC",8,"8",2016,"2"
"2487","13284",32012956,639356,4836611,"P08_CFL_337","SC",8,"8",2016,"2"
"2488","13285",32012957,639611,4836208,"P08_CFL_23","SC",8,"8",2016,"2"
"2489","13286",32012958,642103,4836066,"P08_CFL_343","SC",8,"8",2016,"2"
"2490","13287",32012959,639409,4835970,"P08_SC_1","SC",8,"8",2016,"2"
"2491","13288",32012960,639706,4835615,"P08_TSC_22","SC",8,"8",2016,"2"
"2492","13289",32012961,641854,4835063,"P08_CFL_349","SC",8,"8",2016,"1"
"2493","13290",32012962,639307,4834867,"P08_CFL_18","SC",8,"8",2016,"2"
"2494","13291",32012963,642100,4834669,"P08_CFL_349","SC",8,"8",2016,"2"
"2495","13294",32012966,637650,4857907,"P08_CFL_334","BWC",8,"8",2016,"2"
"2496","13295",32012967,638850,4857718,"P08_CFL_335","BWC",8,"8",2016,"2"
"2497","13296",32012968,637901,4857517,"P08_CFL_334","BWC",8,"8",2016,"2"
"2498","13297",32012969,638063,4857415,"P08_CFL_334","BWC",8,"8",2016,"2"
"2499","13298",32012970,637009,4857362,"P08_CFL_332","BWC",8,"8",2016,"2"
"2500","13299",32012971,638459,4857208,"P08_CFL_334","BWC",8,"8",2016,"2"
"2501","13300",32012972,638564,4856958,"P08_CFL_335","BWC",8,"8",2016,"2"
"2502","13301",32012973,638356,4856359,"P08_CFL_325","BWC",8,"8",2016,"2"
"2503","13302",32012974,638901,4855359,"P08_CFL_316","BWC",8,"8",2016,"2"
"2504","13303",32012980,638851,4850658,"P08_CFL_348","BWC",8,"8",2016,"2"
"2505","13304",32012981,638452,4850003,"P08_CFL_348","BWC",8,"8",2016,"2"
"2506","13305",32012982,638365,4849764,"P08_CFL_348","BWC",8,"8",2016,"2"
"2507","13306",32012984,641811,4849111,"P08_CFL_352","BWC",8,"8",2016,"2"
"2508","13307",32012985,642155,4848906,"P08_CFL_352","BWC",8,"8",2016,"2"
"2509","13308",32012986,639258,4848808,"P08_CFL_356","BWC",8,"8",2016,"2"
"2510","13309",32012987,642012,4848720,"P08_CFL_286","BWC",8,"8",2016,"2"
"2511","13310",32012988,641807,4848506,"P08_CFL_286","BWC",8,"8",2016,"2"
"2512","13311",32012989,640398,4848458,"P08_CFL_364","BWC",8,"8",2016,"2"
"2513","13312",32012990,639612,4848314,"P08_CFL_359","BWC",8,"8",2016,"2"
"2514","13313",32012991,642303,4848114,"P08_CFL_283","BWC",8,"8",2016,"2"
"2515","13314",32012992,639899,4848062,"P08_CFL_360","BWC",8,"8",2016,"2"
"2516","13315",32012993,643250,4847207,"P08_CFL_269","BWC",8,"8",2016,"2"
"2517","13316",32012994,642855,4846613,"P08_CFL_261","BWC",8,"8",2016,"2"
"2518","13317",32012995,642856,4846513,"P08_CFL_354","BWC",8,"8",2016,"2"
"2519","13318",32012996,644157,4846207,"P08_CFL_238","BWC",8,"8",2016,"2"
"2520","13319",32012997,644096,4845813,"P08_CFL_238","BWC",8,"8",2016,"2"
"2521","13320",32012998,642754,4845757,"P08_CFL_222","BWC",8,"8",2016,"2"
"2522","13322",32013001,641255,4845504,"P08_CFL_221","BWC",8,"8",2016,"2"
"2523","13323",32013002,643503,4845509,"P08_CFL_210","BWC",8,"8",2016,"2"
"2524","13327",32013006,644202,4845110,"P08_CFL_238","BWC",8,"8",2016,"2"
"2525","13328",32013007,644303,4845056,"P08_CFL_238","BWC",8,"8",2016,"2"
"2526","13329",32013008,641308,4845006,"P08_CFL_200","BWC",8,"8",2016,"2"
"2527","13330",32013009,639509,4845011,"P08_CFL_224","BWC",8,"8",2016,"2"
"2528","13332",32013011,639604,4844861,"P08_CFL_224","BWC",8,"8",2016,"2"
"2529","13333",32013013,639345,4844661,"P08_CFL_224","BWC",8,"8",2016,"2"
"2530","13334",32013014,643861,4844613,"P08_CFL_189","BWC",8,"8",2016,"2"
"2531","13335",32013015,639709,4844461,"P08_CFL_224","BWC",8,"8",2016,"2"
"2532","13336",32013016,639608,4844409,"P08_CFL_224","BWC",8,"8",2016,"2"
"2533","13337",32013017,643814,4844158,"P08_CFL_178","BWC",8,"8",2016,"2"
"2534","13338",32013018,639550,4844152,"P08_CFL_224","BWC",8,"8",2016,"2"
"2535","13339",32013019,639208,4844115,"P08_CFL_224","BWC",8,"8",2016,"2"
"2536","13340",32013020,642004,4844004,"P08_CFL_228","BWC",8,"8",2016,"2"
"2537","13341",32013021,639654,4843967,"P08_CFL_224","BWC",8,"8",2016,"2"
"2538","13342",32013022,639254,4843757,"P08_CFL_224","BWC",8,"8",2016,"2"
"2539","13343",32013023,643757,4843606,"P08_TSC_56","BWC",8,"8",2016,"2"
"2540","13344",32013024,639648,4843613,"P08_CFL_224","BWC",8,"8",2016,"2"
"2541","13345",32013025,644555,4843514,"P08_CFL_162","BWC",8,"8",2016,"2"
"2542","13346",32013026,639808,4843519,"P08_CFL_224","BWC",8,"8",2016,"2"
"2543","13347",32013027,639707,4843463,"P08_CFL_224","BWC",8,"8",2016,"2"
"2544","13348",32013028,641554,4843163,"P08_CFL_156","BWC",8,"8",2016,"2"
"2545","13349",32013029,639299,4843062,"P08_CFL_224","BWC",8,"8",2016,"2"
"2546","13350",32013030,639708,4843067,"P08_CFL_224","BWC",8,"8",2016,"2"
"2547","13352",32013032,641507,4842864,"P08_CFL_134","BWC",8,"8",2016,"2"
"2548","13355",32013035,639405,4842562,"P08_CFL_224","BWC",8,"8",2016,"2"
"2549","13356",32013036,641460,4842470,"P08_CFL_126","BWC",8,"8",2016,"2"
"2550","13357",32013037,643210,4842420,"P08_CFL_159","BWC",8,"8",2016,"2"
"2551","13358",32013038,639507,4842415,"P08_CFL_224","BWC",8,"8",2016,"2"
"2552","13359",32013039,644410,4842357,"P08_CFL_119","BWC",8,"8",2016,"2"
"2553","13360",32013040,641808,4842365,"P08_CFL_122","BWC",8,"8",2016,"2"
"2554","13361",32013041,639405,4842366,"P08_CFL_224","BWC",8,"8",2016,"2"
"2555","13362",32013042,644505,4842265,"P08_CFL_119","BWC",8,"8",2016,"2"
"2556","13363",32013043,641795,4841767,"P08_CFL_112","BWC",8,"8",2016,"2"
"2557","13364",32013044,643207,4841313,"P08_CFL_119","BWC",8,"8",2016,"2"
"2558","13365",32013045,641506,4841067,"P08_CFL_103","BWC",8,"8",2016,"2"
"2559","13366",32013046,641097,4840866,"P08_CFL_89","BWC",8,"8",2016,"2"
"2560","13367",32013047,643863,4840862,"P08_CFL_119","BWC",8,"8",2016,"2"
"2561","13368",32013048,640600,4840863,"P08_CFL_87","BWC",8,"8",2016,"2"
"2562","13369",32013049,642906,4840721,"P08_CFL_85","BWC",8,"8",2016,"2"
"2563","13370",32013050,643910,4840718,"P08_CFL_119","BWC",8,"8",2016,"2"
"2564","13371",32013052,641349,4840610,"P08_TSC_43","BWC",8,"8",2016,"2"
"2565","13372",32013053,643300,4840605,"P08_CFL_78","BWC",8,"8",2016,"2"
"2566","13373",32013054,640855,4840558,"P08_CFL_72","BWC",8,"8",2016,"2"
"2567","13374",32013055,640805,4840516,"P08_CFL_72","BWC",8,"8",2016,"2"
"2568","13375",32013056,642856,4840521,"P08_CFL_74","BWC",8,"8",2016,"2"
"2569","13377",32013058,641053,4839809,"P08_CFL_72","BWC",8,"8",2016,"2"
"2570","13378",32013059,640335,4839411,"P08_CFL_56","BWC",8,"8",2016,"2"
"2571","13379",32013060,640757,4839303,"P08_CFL_45","BWC",8,"8",2016,"2"
"2572","13380",32013061,640106,4839311,"P08_CFL_56","BWC",8,"8",2016,"2"
"2573","13381",32013062,640400,4838858,"P08_CFL_42","BWC",8,"8",2016,"2"
"2574","13382",32013063,639999,4838856,"P08_CFL_41","BWC",8,"8",2016,"2"
"2575","13383",32013064,640251,4838708,"P08_CFL_42","BWC",8,"8",2016,"2"
"2576","13384",32013065,639802,4838510,"P08_CFL_41","BWC",8,"8",2016,"2"
"2577","13385",32013067,639851,4836570,"P08_CFL_337","BWC",8,"8",2016,"2"
"2578","13386",32013068,639395,4836318,"P08_CFL_23","BWC",8,"8",2016,"2"
"2579","13387",32013069,640561,4835910,"P08_CFL_337","BWC",8,"8",2016,"2"
"2580","13388",32013070,640355,4835702,"P08_CFL_337","BWC",8,"8",2016,"2"
"2581","13389",32013071,639955,4835663,"P08_CFL_337","BWC",8,"8",2016,"2"
"2582","13390",32013072,640053,4835616,"P08_CFL_337","BWC",8,"8",2016,"2"
"2583","13391",32013073,640055,4835560,"P08_CFL_337","BWC",8,"8",2016,"2"
"2584","13394",32013078,643059,4840162,"P08_CFL_343","IMP",8,"8",2016,"2"
"2585","13395",32013079,643500,4840114,"P08_CFL_343","IMP",8,"8",2016,"2"
"2586","13396",32013080,642059,4840067,"P08_CFL_343","IMP",8,"8",2016,"2"
"2587","13397",32013081,642595,4840060,"P08_CFL_343","IMP",8,"8",2016,"2"
"2588","13398",32013082,641850,4840020,"P08_TSC_31","IMP",8,"8",2016,"2"
"2589","13400",32013084,642301,4839874,"P08_CFL_343","IMP",8,"8",2016,"2"
"2590","13401",32013085,643051,4839815,"P08_CFL_343","IMP",8,"8",2016,"2"
"2591","13402",32013086,643503,4839816,"P08_CFL_343","IMP",8,"8",2016,"2"
"2592","13403",32013087,642946,4839761,"P08_CFL_343","IMP",8,"8",2016,"2"
"2593","13404",32013088,642706,4839659,"P08_CFL_343","IMP",8,"8",2016,"2"
"2594","13407",32013091,643306,4839559,"P08_CFL_343","IMP",8,"8",2016,"2"
"2595","13409",32013093,642054,4839466,"P08_CFL_343","IMP",8,"8",2016,"2"
"2596","13411",32013095,642358,4839268,"P08_CFL_343","IMP",8,"8",2016,"2"
"2597","13414",32013098,642311,4839117,"P08_CFL_343","IMP",8,"8",2016,"2"
"2598","13415",32013099,641906,4839067,"P08_CFL_343","IMP",8,"8",2016,"2"
"2599","13416",32013100,643004,4839065,"P08_CFL_343","IMP",8,"8",2016,"2"
"2600","13418",32013102,641554,4838755,"P08_CFL_343","IMP",8,"8",2016,"2"
"2601","13419",32013103,642056,4838758,"P08_CFL_343","IMP",8,"8",2016,"2"
"2602","13420",32013104,642007,4838668,"P08_CFL_343","IMP",8,"8",2016,"2"
"2603","13421",32013105,641701,4838516,"P08_CFL_343","IMP",8,"8",2016,"2"
"2604","13423",32013107,642307,4838306,"P08_CFL_343","IMP",8,"8",2016,"1"
"2605","13424",32013108,641659,4838264,"P08_CFL_343","IMP",8,"8",2016,"2"
"2606","13425",32013109,641003,4838165,"P08_CFL_343","IMP",8,"8",2016,"2"
"2607","13426",32013110,641061,4838169,"P08_CFL_343","IMP",8,"8",2016,"1"
"2608","13427",32013112,640507,4837912,"P08_CFL_343","IMP",8,"8",2016,"2"
"2609","13428",32013113,643158,4837920,"P08_CFL_343","IMP",8,"8",2016,"2"
"2610","13429",32013114,640754,4837756,"P08_CFL_343","IMP",8,"8",2016,"2"
"2611","13430",32013115,640807,4837660,"P08_CFL_343","IMP",8,"8",2016,"2"
"2612","13431",32013116,640305,4837615,"P08_CFL_343","IMP",8,"8",2016,"2"
"2613","13432",32013117,640701,4837506,"P08_CFL_343","IMP",8,"8",2016,"2"
"2614","13433",32013119,642202,4837358,"P08_CFL_343","IMP",8,"8",2016,"1"
"2615","13434",32013120,640565,4837311,"P08_CFL_343","IMP",8,"8",2016,"2"
"2616","13435",32013121,642202,4837306,"P08_CFL_343","IMP",8,"8",2016,"2"
"2617","13436",32013122,640954,4837167,"P08_CFL_343","IMP",8,"8",2016,"2"
"2618","13437",32013123,641352,4837071,"P08_CFL_343","IMP",8,"8",2016,"2"
"2619","13438",32013124,640457,4837020,"P08_CFL_343","IMP",8,"8",2016,"1"
"2620","13439",32013125,641049,4837007,"P08_CFL_343","IMP",8,"8",2016,"2"
"2621","13440",32013126,643305,4836911,"P08_CFL_27","IMP",8,"8",2016,"2"
"2622","13441",32013127,642861,4836705,"P08_CFL_27","IMP",8,"8",2016,"2"
"2623","13442",32013128,640805,4836712,"P08_CFL_343","IMP",8,"8",2016,"2"
"2624","13443",32013129,643411,4836704,"P08_CFL_27","IMP",8,"8",2016,"2"
"2625","13444",32013130,641351,4836661,"P08_CFL_343","IMP",8,"8",2016,"2"
"2626","13445",32013131,642303,4836672,"P08_CFL_343","IMP",8,"8",2016,"2"
"2627","13446",32013132,642804,4836615,"P08_CFL_27","IMP",8,"8",2016,"2"
"2628","13447",32013133,641651,4836462,"P08_CFL_343","IMP",8,"8",2016,"2"
"2629","13448",32013134,643356,4836413,"P08_CFL_27","IMP",8,"8",2016,"2"
"2630","13449",32013135,641505,4836311,"P08_CFL_343","IMP",8,"8",2016,"2"
"2631","13450",32013136,642952,4836308,"P08_CFL_27","IMP",8,"8",2016,"2"
"2632","13452",32013138,641600,4836212,"P08_CFL_343","IMP",8,"8",2016,"2"
"2633","13453",32013139,642802,4835570,"P08_CFL_27","IMP",8,"8",2016,"2"
"2634","13454",32013140,643057,4835570,"P08_CFL_27","IMP",8,"8",2016,"2"
"2635","13456",32013142,642950,4835464,"P08_CFL_27","IMP",8,"8",2016,"2"
"2636","13457",32013143,640706,4835364,"P08_CFL_337","IMP",8,"8",2016,"2"
"2637","13458",32013144,640655,4835317,"P08_CFL_337","IMP",8,"8",2016,"2"
"2638","13459",32013145,641401,4835312,"P08_CFL_342","IMP",8,"8",2016,"2"
"2639","13460",32013146,641408,4835266,"P08_CFL_342","IMP",8,"8",2016,"2"
"2640","13461",32013147,642754,4835214,"P08_CFL_349","IMP",8,"8",2016,"2"
"2641","13462",32013148,641955,4835164,"P08_CFL_349","IMP",8,"8",2016,"2"
"2642","13463",32013149,640303,4835012,"P08_CFL_337","IMP",8,"8",2016,"2"
"2643","13464",32013150,640952,4835014,"P08_CFL_337","IMP",8,"8",2016,"2"
"2644","13465",32013151,641010,4835008,"P08_CFL_337","IMP",8,"8",2016,"2"
"2645","13466",32013152,640858,4834959,"P08_CFL_337","IMP",8,"8",2016,"2"
"2646","13467",32013153,642105,4834969,"P08_CFL_349","IMP",8,"8",2016,"2"
"2647","13468",32013154,641195,4834814,"P08_CFL_337","IMP",8,"8",2016,"2"
"2648","13469",32013155,642007,4834813,"P08_CFL_349","IMP",8,"8",2016,"2"
"2649","13470",32013156,640350,4834765,"P08_CFL_337","IMP",8,"8",2016,"2"
"2650","13472",32013158,640209,4834606,"P08_CFL_337","IMP",8,"8",2016,"2"
"2651","13473",32013159,640352,4834506,"P08_CFL_337","IMP",8,"8",2016,"2"
"2652","13474",32013160,642312,4834464,"P08_CFL_349","IMP",8,"8",2016,"2"
"2653","13475",32013161,641100,4834252,"P08_CFL_342","IMP",8,"8",2016,"2"
"2654","13476",32013162,641551,4834206,"P08_CFL_342","IMP",8,"8",2016,"2"
"2655","13477",32013163,642857,4834059,"P08_CFL_349","IMP",8,"8",2016,"2"
"2656","13478",32013164,642653,4834011,"P08_CFL_349","IMP",8,"8",2016,"2"
"2657","13479",32013165,640258,4833966,"P08_TSC_20","IMP",8,"8",2016,"2"
"2658","13480",32013166,642656,4833865,"P08_CFL_349","IMP",8,"8",2016,"1"
"2659","13481",32013167,640656,4833770,"P08_CFL_342","IMP",8,"8",2016,"2"
"2660","13482",32013169,641513,4833715,"P08_CFL_342","IMP",8,"8",2016,"2"
"2661","13484",32013171,639763,4833559,"P08_CFL_17","IMP",8,"8",2016,"2"
"2662","13485",32013172,640601,4833462,"P08_CFL_342","IMP",8,"8",2016,"2"
"2663","13487",32013174,641908,4833457,"P08_CFL_342","IMP",8,"8",2016,"2"
"2664","13489",32013176,643158,4833363,"P08_CFL_349","IMP",8,"8",2016,"2"
"2665","13490",32013177,641904,4833359,"P08_CFL_342","IMP",8,"8",2016,"2"
"2666","13491",32013178,642701,4833358,"P08_CFL_349","IMP",8,"8",2016,"2"
"2667","13492",32013179,642902,4833311,"P08_CFL_349","IMP",8,"8",2016,"2"
"2668","13493",32013180,641653,4833113,"P08_CFL_342","IMP",8,"8",2016,"2"
"2669","13494",32013181,639457,4833067,"P08_CFL_17","IMP",8,"8",2016,"2"
"2670","13495",32013184,639254,4832958,"P08_CFL_17","IMP",8,"8",2016,"2"
"2671","13496",32013185,641805,4832911,"P08_CFL_342","IMP",8,"8",2016,"2"
"2672","13497",32013186,643355,4832911,"P08_CFL_349","IMP",8,"8",2016,"2"
"2673","13498",32013188,641956,4832860,"P08_CFL_342","IMP",8,"8",2016,"2"
"2674","13499",32013190,641612,4832765,"P08_CFL_342","IMP",8,"8",2016,"2"
"2675","13501",32013192,642096,4832764,"P08_CFL_342","IMP",8,"8",2016,"2"
"2676","13502",32013193,641659,4832653,"P08_CFL_342","IMP",8,"8",2016,"2"
"2677","13504",32013195,641906,4832612,"P08_CFL_342","IMP",8,"8",2016,"2"
"2678","13505",32013196,642202,4832612,"P08_CFL_342","IMP",8,"8",2016,"2"
"2679","13507",32013198,642103,4832414,"P08_CFL_342","IMP",8,"8",2016,"2"
"2680","13508",32013199,641553,4832360,"P08_CFL_342","IMP",8,"8",2016,"2"
"2681","13509",32013200,641757,4832320,"P08_CFL_342","IMP",8,"8",2016,"2"
"2682","13510",32013201,639661,4832216,"P08_SC_1","IMP",8,"8",2016,"2"
"2683","13511",32013202,640215,4832214,"P08_CFL_4","IMP",8,"8",2016,"2"
"2684","13513",32013204,640458,4832158,"P08_CFL_342","IMP",8,"8",2016,"2"
"2685","13514",32013205,640507,4832060,"P08_CFL_342","IMP",8,"8",2016,"2"
"2686","13515",32013206,640760,4832058,"P08_CFL_342","IMP",8,"8",2016,"2"
"2687","13516",32013207,641609,4832055,"P08_CFL_342","IMP",8,"8",2016,"2"
"2688","13517",32013208,641711,4832059,"P08_CFL_342","IMP",8,"8",2016,"2"
"2689","13519",32013210,640899,4831964,"P08_CFL_342","IMP",8,"8",2016,"2"
"2690","13521",32013212,642658,4831912,"P08_CFL_342","IMP",8,"8",2016,"2"
"2691","13522",32013213,642502,4831909,"P08_CFL_342","IMP",8,"8",2016,"2"
"2692","13523",32013214,643210,4831860,"P08_CFL_342","IMP",8,"8",2016,"2"
"2693","13524",32013215,640106,4831672,"P08_CFL_342","IMP",8,"8",2016,"2"
"2694","13525",32013216,641005,4831653,"P08_CFL_342","IMP",8,"8",2016,"2"
"2695","13526",32013217,642401,4831664,"P08_CFL_342","IMP",8,"8",2016,"2"
"2696","13528",32013219,642402,4831260,"P08_CFL_342","IMP",8,"8",2016,"2"
"2697","13529",32013220,642454,4831259,"P08_CFL_342","IMP",8,"8",2016,"2"
"2698","13530",32013221,642158,4831118,"P08_CFL_342","IMP",8,"8",2016,"2"
"2699","13531",32013222,640257,4831066,"P08_CFL_342","IMP",8,"8",2016,"2"
"2700","13532",32013223,641857,4830968,"P08_CFL_342","IMP",8,"8",2016,"2"
"2701","13534",32013225,640356,4830658,"P08_CFL_342","IMP",8,"8",2016,"2"
"2702","13535",32013226,640059,4830619,"P08_CFL_342","IMP",8,"8",2016,"2"
"2703","13536",32013227,641945,4830605,"P08_CFL_342","IMP",8,"8",2016,"2"
"2704","13537",32013228,641357,4830473,"P08_CFL_342","IMP",8,"8",2016,"2"
"2705","13539",32013230,641556,4830369,"P08_CFL_342","IMP",8,"8",2016,"2"
"2706","13542",32013233,640397,4830106,"P08_CFL_342","IMP",8,"8",2016,"2"
"2707","13543",32013234,641658,4830064,"P08_CFL_342","IMP",8,"8",2016,"2"
"2708","13544",32013235,642151,4830062,"P08_CFL_342","IMP",8,"8",2016,"2"
"2709","13545",32013236,640464,4829970,"P08_CFL_342","IMP",8,"8",2016,"2"
"2710","13546",32013237,639708,4829912,"P08_CFL_340","IMP",8,"8",2016,"2"
"2711","13547",32013238,640508,4829860,"P08_CFL_342","IMP",8,"8",2016,"2"
"2712","13548",32013239,641455,4829872,"P08_CFL_342","IMP",8,"8",2016,"2"
"2713","13549",32013240,643359,4829710,"P08_CFL_339","IMP",8,"8",2016,"2"
"2714","13550",32013241,642198,4829600,"P08_CFL_342","IMP",8,"8",2016,"2"
"2715","13551",32013242,642553,4829611,"P08_CFL_342","IMP",8,"8",2016,"2"
"2716","13552",32013243,639959,4829321,"P08_CFL_340","IMP",8,"8",2016,"2"
"2717","13553",32013244,643505,4829264,"P08_CFL_339","IMP",8,"8",2016,"2"
"2718","13554",32013245,643257,4829106,"P08_CFL_339","IMP",8,"8",2016,"2"
"2719","13555",32013246,641807,4829021,"P08_CFL_342","IMP",8,"8",2016,"2"
"2720","13556",32013247,641868,4829010,"P08_CFL_342","IMP",8,"8",2016,"2"
"2721","13557",32013248,641563,4828959,"P08_CFL_342","IMP",8,"8",2016,"2"
"2722","13558",32013249,641315,4828865,"P08_CFL_342","IMP",8,"8",2016,"2"
"2723","13559",32013250,642111,4828856,"P08_CFL_342","IMP",8,"8",2016,"2"
"2724","13560",32013251,641008,4828664,"P08_CFL_340","IMP",8,"8",2016,"2"
"2725","13561",32013252,641848,4828608,"P08_CFL_342","IMP",8,"8",2016,"2"
"2726","13562",32013253,642109,4828613,"P08_CFL_342","IMP",8,"8",2016,"2"
"2727","13563",32013254,641502,4828503,"P08_CFL_342","IMP",8,"8",2016,"2"
"2728","13564",32013255,641949,4828454,"P08_CFL_342","IMP",8,"8",2016,"2"
"2729","13565",32013256,642567,4828408,"P08_CFL_342","IMP",8,"8",2016,"2"
"2730","13566",32013257,642896,4828216,"P08_CFL_342","IMP",8,"8",2016,"2"
"2731","13567",32013258,642249,4828010,"P08_CFL_342","IMP",8,"8",2016,"1"
"2732","13568",32013259,642503,4827810,"P08_CFL_342","IMP",8,"8",2016,"2"
"2733","13569",32013260,642352,4827116,"P08_CFL_338","IMP",8,"8",2016,"2"
"2734","13580",32013293,639755,4851611,"P08_SCB_29","MBC",8,"8",2017,"1"
"2735","13581",32013294,639655,4851511,"P08_SCB_29","MBC",8,"8",2017,"2"
"2736","13583",32013296,639505,4851261,"P08_SCB_29","MBC",8,"8",2017,"2"
"2737","1359",31005234,575779,4916052,"P04_SCB_22","MBC",4,"L4",2002,"2"
"2738","13590",32013303,640805,4847162,"P08_SCB_28","MBC",8,"8",2017,"2"
"2739","13591",32013304,640855,4847112,"P08_SCB_28","MBC",8,"8",2017,"2"
"2740","13592",32013305,640755,4846962,"P08_SCB_28","MBC",8,"8",2017,"2"
"2741","13599",32013312,640705,4844362,"P08_SCB_26","MBC",8,"8",2017,"2"
"2742","13605",32013318,640705,4843562,"P08_SCB_26","MBC",8,"8",2017,"2"
"2743","13606",32013319,640755,4843562,"P08_SCB_26","MBC",8,"8",2017,"2"
"2744","13614",32013328,639705,4840262,"P08_SCB_25","MBC",8,"8",2017,"2"
"2745","13621",32013336,640005,4837512,"P08_SCB_25","MBC",8,"8",2017,"2"
"2746","13622",32013337,640005,4837462,"P08_SCB_25","MBC",8,"8",2017,"2"
"2747","13623",32013338,640405,4836562,"P08_SCB_24","MBC",8,"8",2017,"2"
"2748","13624",32013339,640555,4836312,"P08_SCB_24","MBC",8,"8",2017,"2"
"2749","13625",32013340,640555,4836262,"P08_SCB_24","MBC",8,"8",2017,"2"
"2750","13626",32013341,641055,4836212,"P08_USCB_9","MBC",8,"8",2017,"2"
"2751","13627",32013342,641105,4836212,"P08_USCB_9","MBC",8,"8",2017,"2"
"2752","13630",32013345,643105,4832562,"P08_USCB_3","MBC",8,"8",2017,"2"
"2753","13632",32013347,643255,4832362,"P08_USCB_3","MBC",8,"8",2017,"2"
"2754","13633",32013348,642905,4827862,"P08_SCB_20","MBC",8,"8",2017,"2"
"2755","13634",32013349,642505,4826862,"P08_CFL_338","MBC",8,"8",2017,"2"
"2756","13635",32013350,642555,4826362,"P08_CFL_338","MBC",8,"8",2017,"2"
"2757","13649",32013365,642755,4847912,"P08_TSC_90","SC",8,"8",2017,"2"
"2758","13651",32013367,641955,4847262,"P08_CFL_353","SC",8,"8",2017,"2"
"2759","13653",32013370,642505,4845962,"P08_SC_11","SC",8,"8",2017,"2"
"2760","13654",32013372,643755,4845212,"P08_TSC_69","SC",8,"8",2017,"2"
"2761","13656",32013374,642105,4845012,"P08_CFL_198","SC",8,"8",2017,"2"
"2762","13659",32013377,640955,4844212,"P08_CFL_175","SC",8,"8",2017,"2"
"2763","13660",32013378,640955,4844162,"P08_CFL_175","SC",8,"8",2017,"2"
"2764","13661",32013379,640905,4844062,"P08_SC_9","SC",8,"8",2017,"2"
"2765","13662",32013380,642205,4843712,"P08_SC_11","SC",8,"8",2017,"2"
"2766","13664",32013382,641305,4843362,"P08_CFL_152","SC",8,"8",2017,"2"
"2767","13666",32013384,641205,4843162,"P08_TSC_58","SC",8,"8",2017,"2"
"2768","13667",32013385,641255,4842862,"P08_SC_9","SC",8,"8",2017,"2"
"2769","13669",32013387,641455,4842362,"P08_SC_11","SC",8,"8",2017,"2"
"2770","13670",32013388,640805,4842062,"P08_CFL_128","SC",8,"8",2017,"2"
"2771","13677",32013395,643255,4841062,"P08_CFL_119","SC",8,"8",2017,"2"
"2772","13679",32013397,641205,4840762,"P08_TSC_43","SC",8,"8",2017,"2"
"2773","13683",32013401,640105,4838162,"P08_SC_2","SC",8,"8",2017,"2"
"2774","1369",31005244,583532,4910699,"P04_SCB_21","MBC",4,"L4",2002,"2"
"2775","13690",32013408,642305,4834812,"P08_CFL_349","SC",8,"8",2017,"2"
"2776","13691",32013409,641955,4834762,"P08_CFL_349","SC",8,"8",2017,"2"
"2777","13692",32013410,642305,4834712,"P08_CFL_349","SC",8,"8",2017,"2"
"2778","13693",32013411,639555,4834512,"P08_SC_1","SC",8,"8",2017,"2"
"2779","13694",32013412,642655,4833062,"P08_CFL_349","SC",8,"8",2017,"2"
"2780","13698",32013416,638154,4858411,"P08_CFL_335","BWC",8,"8",2017,"2"
"2781","13699",32013417,638404,4857611,"P08_CFL_335","BWC",8,"8",2017,"2"
"2782","1370",31005245,583483,4910553,"P04_TSC_35","MBC",4,"L4",2002,"2"
"2783","13700",32013418,638804,4857361,"P08_CFL_335","BWC",8,"8",2017,"2"
"2784","13702",32013420,638704,4856911,"P08_CFL_335","BWC",8,"8",2017,"2"
"2785","13703",32013421,638754,4856561,"P08_CFL_335","BWC",8,"8",2017,"2"
"2786","13704",32013422,638804,4856561,"P08_CFL_335","BWC",8,"8",2017,"2"
"2787","13705",32013423,638554,4856511,"P08_CFL_325","BWC",8,"8",2017,"2"
"2788","13706",32013424,638555,4851111,"P08_CFL_348","BWC",8,"8",2017,"2"
"2789","13707",32013425,637805,4851061,"P08_CFL_348","BWC",8,"8",2017,"2"
"2790","13708",32013426,638455,4850511,"P08_CFL_348","BWC",8,"8",2017,"2"
"2791","13709",32013427,639205,4850362,"P08_CFL_348","BWC",8,"8",2017,"2"
"2792","13710",32013428,638705,4850262,"P08_CFL_348","BWC",8,"8",2017,"2"
"2793","13711",32013429,638355,4850212,"P08_CFL_348","BWC",8,"8",2017,"2"
"2794","13712",32013430,639655,4849262,"P08_CFL_291","BWC",8,"8",2017,"2"
"2795","13713",32013431,638905,4848212,"P08_CFL_357","BWC",8,"8",2017,"2"
"2796","13714",32013432,640355,4847862,"P08_CFL_291","BWC",8,"8",2017,"1"
"2797","13715",32013436,641405,4846362,"P08_CFL_247","BWC",8,"8",2017,"2"
"2798","13716",32013437,644005,4846262,"","BWC",8,"8",2017,"2"
"2799","13717",32013438,643655,4845912,"P08_CFL_234","BWC",8,"8",2017,"2"
"2800","13718",32013439,643305,4845762,"P08_CFL_219","BWC",8,"8",2017,"2"
"2801","13719",32013440,643255,4845662,"P08_CFL_214","BWC",8,"8",2017,"2"
"2802","13720",32013441,641255,4845612,"P08_CFL_221","BWC",8,"8",2017,"2"
"2803","13721",32013442,642205,4845612,"P08_CFL_216","BWC",8,"8",2017,"2"
"2804","13722",32013443,644555,4845462,"P08_CFL_238","BWC",8,"8",2017,"2"
"2805","13723",32013444,642355,4845412,"P08_CFL_212","BWC",8,"8",2017,"2"
"2806","13724",32013445,639955,4845362,"P08_CFL_224","BWC",8,"8",2017,"2"
"2807","13725",32013446,644655,4845262,"P08_CFL_238","BWC",8,"8",2017,"2"
"2808","13726",32013447,644205,4845262,"P08_CFL_238","BWC",8,"8",2017,"2"
"2809","13727",32013448,641655,4845212,"","BWC",8,"8",2017,"2"
"2810","13728",32013449,639655,4845112,"P08_CFL_224","BWC",8,"8",2017,"2"
"2811","13729",32013450,644705,4845062,"P08_CFL_238","BWC",8,"8",2017,"2"
"2812","1373",31005248,583675,4910255,"P04_TSC_35","MBC",4,"L4",2002,"2"
"2813","13730",32013451,641155,4845012,"P08_TSC_64","BWC",8,"8",2017,"2"
"2814","13731",32013452,639555,4844862,"P08_CFL_224","BWC",8,"8",2017,"2"
"2815","13732",32013453,642655,4844812,"P08_CFL_192","BWC",8,"8",2017,"2"
"2816","13733",32013454,643605,4844762,"P08_CFL_194","BWC",8,"8",2017,"2"
"2817","13734",32013455,639405,4844762,"P08_CFL_224","BWC",8,"8",2017,"2"
"2818","13735",32013456,639355,4844562,"P08_CFL_224","BWC",8,"8",2017,"2"
"2819","13737",32013458,643955,4844412,"P08_CFL_189","BWC",8,"8",2017,"2"
"2820","13738",32013459,639955,4844112,"P08_CFL_224","BWC",8,"8",2017,"2"
"2821","13739",32013460,642355,4843962,"P08_CFL_182","BWC",8,"8",2017,"2"
"2822","13740",32013461,639555,4843962,"P08_CFL_224","BWC",8,"8",2017,"2"
"2823","13741",32013462,639655,4843862,"P08_CFL_224","BWC",8,"8",2017,"2"
"2824","13742",32013463,639905,4843762,"P08_CFL_224","BWC",8,"8",2017,"2"
"2825","13743",32013464,639955,4843612,"P08_CFL_224","BWC",8,"8",2017,"2"
"2826","13744",32013465,640855,4843412,"","BWC",8,"8",2017,"2"
"2827","13746",32013467,639605,4843312,"P08_CFL_224","BWC",8,"8",2017,"2"
"2828","13747",32013468,639505,4843162,"P08_CFL_224","BWC",8,"8",2017,"2"
"2829","13748",32013469,643205,4843062,"P08_CFL_159","BWC",8,"8",2017,"2"
"2830","13749",32013470,640155,4843062,"P08_CFL_141","BWC",8,"8",2017,"2"
"2831","13750",32013471,639305,4842962,"P08_CFL_224","BWC",8,"8",2017,"2"
"2832","13751",32013472,643155,4842912,"P08_CFL_159","BWC",8,"8",2017,"2"
"2833","13753",32013474,639255,4842862,"P08_CFL_224","BWC",8,"8",2017,"2"
"2834","13754",32013475,641855,4842662,"P08_SC_11","BWC",8,"8",2017,"2"
"2835","13755",32013476,639505,4842612,"P08_CFL_224","BWC",8,"8",2017,"2"
"2836","13756",32013477,639005,4842562,"P08_CFL_224","BWC",8,"8",2017,"2"
"2837","13757",32013479,643755,4842262,"P08_SC_8","BWC",8,"8",2017,"2"
"2838","13758",32013480,639355,4842262,"P08_CFL_224","BWC",8,"8",2017,"2"
"2839","13759",32013481,644255,4842112,"P08_CFL_119","BWC",8,"8",2017,"2"
"2840","13760",32013482,643105,4841912,"P08_CFL_159","BWC",8,"8",2017,"2"
"2841","13761",32013483,639405,4841912,"P08_CFL_224","BWC",8,"8",2017,"2"
"2842","13763",32013485,642855,4841812,"P08_CFL_159","BWC",8,"8",2017,"2"
"2843","13764",32013486,639355,4841762,"P08_CFL_224","BWC",8,"8",2017,"2"
"2844","13765",32013487,639305,4841712,"P08_CFL_224","BWC",8,"8",2017,"2"
"2845","13766",32013488,641255,4841662,"P08_TSC_78","BWC",8,"8",2017,"2"
"2846","13767",32013489,640705,4841612,"P08_CFL_128","BWC",8,"8",2017,"2"
"2847","13768",32013490,641155,4841462,"P08_CFL_104","BWC",8,"8",2017,"2"
"2848","13769",32013491,643855,4841462,"P08_CFL_119","BWC",8,"8",2017,"2"
"2849","13770",32013493,643405,4841212,"P08_CFL_119","BWC",8,"8",2017,"2"
"2850","13771",32013494,643805,4840962,"P08_CFL_119","BWC",8,"8",2017,"2"
"2851","13772",32013495,643955,4840962,"P08_CFL_119","BWC",8,"8",2017,"2"
"2852","13773",32013496,640905,4840862,"P08_CFL_82","BWC",8,"8",2017,"2"
"2853","13774",32013497,642355,4840812,"P08_CFL_94","BWC",8,"8",2017,"2"
"2854","13775",32013498,641405,4840612,"P08_CFL_75","BWC",8,"8",2017,"2"
"2855","13776",32013499,641655,4840562,"P08_CFL_81","BWC",8,"8",2017,"2"
"2856","13777",32013500,640855,4840512,"P08_CFL_72","BWC",8,"8",2017,"2"
"2857","13778",32013501,642205,4840312,"P08_CFL_343","BWC",8,"8",2017,"2"
"2858","13779",32013502,641455,4840212,"P08_TSC_43","BWC",8,"8",2017,"2"
"2859","13780",32013503,640155,4840112,"","BWC",8,"8",2017,"2"
"2860","13781",32013504,641055,4840112,"P08_CFL_343","BWC",8,"8",2017,"2"
"2861","13782",32013505,640205,4840012,"P08_CFL_56","BWC",8,"8",2017,"2"
"2862","13783",32013506,640805,4839812,"P08_CFL_58","BWC",8,"8",2017,"2"
"2863","13784",32013507,640355,4839612,"P08_TSC_44","BWC",8,"8",2017,"2"
"2864","13785",32013508,641105,4839462,"P08_CFL_343","BWC",8,"8",2017,"2"
"2865","13786",32013509,640805,4839212,"P08_CFL_45","BWC",8,"8",2017,"2"
"2866","13787",32013510,640155,4839112,"P08_CFL_42","BWC",8,"8",2017,"2"
"2867","13788",32013511,640405,4838962,"P08_CFL_42","BWC",8,"8",2017,"2"
"2868","13789",32013512,639105,4836762,"P08_CFL_24","BWC",8,"8",2017,"2"
"2869","13790",32013513,639655,4836712,"P08_CFL_337","BWC",8,"8",2017,"2"
"2870","13792",32013515,639555,4836262,"P08_CFL_23","BWC",8,"8",2017,"2"
"2871","13793",32013516,639955,4836212,"P08_CFL_337","BWC",8,"8",2017,"2"
"2872","13794",32013517,639855,4836062,"P08_CFL_337","BWC",8,"8",2017,"2"
"2873","13795",32013518,640155,4835712,"P08_CFL_337","BWC",8,"8",2017,"2"
"2874","13796",32013519,640505,4835612,"P08_CFL_337","BWC",8,"8",2017,"2"
"2875","13797",32013520,640605,4835512,"P08_CFL_337","BWC",8,"8",2017,"2"
"2876","13799",32013522,639955,4835412,"P08_CFL_337","BWC",8,"8",2017,"2"
"2877","13800",32013523,639205,4834812,"P08_CFL_18","BWC",8,"8",2017,"2"
"2878","13801",32013524,639255,4834462,"P08_CFL_18","BWC",8,"8",2017,"2"
"2879","13802",32013525,639805,4834062,"P08_CFL_350","BWC",8,"8",2017,"2"
"2880","13803",32013526,643555,4840312,"P08_CFL_343","IMP",8,"8",2017,"2"
"2881","13804",32013527,643555,4840262,"P08_CFL_343","IMP",8,"8",2017,"2"
"2882","13805",32013528,642055,4840112,"P08_CFL_66","IMP",8,"8",2017,"2"
"2883","13806",32013529,643655,4840062,"P08_CFL_343","IMP",8,"8",2017,"2"
"2884","13808",32013531,642805,4839962,"P08_CFL_53","IMP",8,"8",2017,"2"
"2885","13809",32013532,643605,4839962,"P08_CFL_343","IMP",8,"8",2017,"2"
"2886","13810",32013533,642055,4839862,"P08_CFL_343","IMP",8,"8",2017,"2"
"2887","13811",32013534,642905,4839862,"P08_CFL_343","IMP",8,"8",2017,"2"
"2888","13812",32013535,641305,4839362,"P08_CFL_343","IMP",8,"8",2017,"2"
"2889","13814",32013537,641355,4839312,"P08_CFL_343","IMP",8,"8",2017,"2"
"2890","13815",32013538,641705,4839312,"P08_CFL_343","IMP",8,"8",2017,"2"
"2891","13816",32013539,641655,4839112,"P08_CFL_343","IMP",8,"8",2017,"2"
"2892","13817",32013540,641305,4838962,"P08_CFL_343","IMP",8,"8",2017,"2"
"2893","13818",32013541,641505,4838762,"P08_CFL_343","IMP",8,"8",2017,"1"
"2894","13820",32013543,643055,4838612,"P08_CFL_343","IMP",8,"8",2017,"2"
"2895","13821",32013544,641155,4838562,"P08_CFL_343","IMP",8,"8",2017,"2"
"2896","13823",32013546,641255,4838512,"P08_CFL_343","IMP",8,"8",2017,"2"
"2897","13824",32013547,642005,4838512,"P08_CFL_343","IMP",8,"8",2017,"2"
"2898","13825",32013548,642455,4838462,"P08_CFL_343","IMP",8,"8",2017,"2"
"2899","13826",32013549,640655,4838412,"P08_CFL_343","IMP",8,"8",2017,"2"
"2900","13828",32013551,640755,4838262,"P08_CFL_343","IMP",8,"8",2017,"2"
"2901","13829",32013552,641455,4838262,"P08_CFL_343","IMP",8,"8",2017,"2"
"2902","13831",32013554,641155,4838162,"P08_CFL_343","IMP",8,"8",2017,"2"
"2903","13832",32013555,641955,4838112,"P08_TSC_26","IMP",8,"8",2017,"2"
"2904","13833",32013556,641555,4837962,"P08_CFL_343","IMP",8,"8",2017,"2"
"2905","13834",32013557,641455,4837912,"P08_CFL_343","IMP",8,"8",2017,"2"
"2906","13835",32013558,642755,4837912,"P08_CFL_343","IMP",8,"8",2017,"2"
"2907","13836",32013559,640305,4837862,"P08_CFL_343","IMP",8,"8",2017,"2"
"2908","13837",32013560,641005,4837862,"P08_CFL_343","IMP",8,"8",2017,"2"
"2909","13838",32013561,643105,4837862,"P08_TSC_29","IMP",8,"8",2017,"2"
"2910","13840",32013564,641155,4837812,"P08_CFL_343","IMP",8,"8",2017,"2"
"2911","13841",32013565,640455,4837762,"P08_CFL_343","IMP",8,"8",2017,"2"
"2912","13842",32013566,640655,4837762,"P08_CFL_343","IMP",8,"8",2017,"2"
"2913","13843",32013567,641805,4837762,"P08_CFL_343","IMP",8,"8",2017,"2"
"2914","13844",32013568,641505,4837712,"P08_CFL_343","IMP",8,"8",2017,"2"
"2915","13845",32013569,642305,4837712,"P08_CFL_343","IMP",8,"8",2017,"1"
"2916","13846",32013570,640305,4837662,"P08_CFL_343","IMP",8,"8",2017,"2"
"2917","13847",32013571,641355,4837662,"P08_CFL_343","IMP",8,"8",2017,"2"
"2918","13848",32013572,643155,4837612,"P08_CFL_343","IMP",8,"8",2017,"2"
"2919","13849",32013573,643255,4837512,"P08_CFL_27","IMP",8,"8",2017,"2"
"2920","13850",32013574,643205,4837512,"P08_CFL_27","IMP",8,"8",2017,"2"
"2921","13851",32013575,640805,4837412,"P08_CFL_343","IMP",8,"8",2017,"2"
"2922","13852",32013576,640705,4837162,"P08_CFL_343","IMP",8,"8",2017,"2"
"2923","13853",32013577,641905,4837162,"P08_CFL_343","IMP",8,"8",2017,"2"
"2924","13854",32013578,642155,4837162,"P08_CFL_343","IMP",8,"8",2017,"1"
"2925","13855",32013579,643005,4837062,"P08_CFL_27","IMP",8,"8",2017,"2"
"2926","13857",32013581,641155,4836912,"P08_CFL_343","IMP",8,"8",2017,"2"
"2927","13858",32013582,642655,4836812,"P08_CFL_27","IMP",8,"8",2017,"2"
"2928","13859",32013583,642905,4836812,"P08_CFL_27","IMP",8,"8",2017,"2"
"2929","13860",32013584,643055,4836762,"P08_CFL_27","IMP",8,"8",2017,"2"
"2930","13861",32013585,642605,4836662,"P08_CFL_27","IMP",8,"8",2017,"2"
"2931","13862",32013586,641455,4836612,"P08_CFL_343","IMP",8,"8",2017,"2"
"2932","13863",32013587,642905,4836512,"P08_CFL_27","IMP",8,"8",2017,"2"
"2933","13864",32013588,641205,4836412,"P08_CFL_343","IMP",8,"8",2017,"2"
"2934","13865",32013589,642955,4836212,"P08_CFL_27","IMP",8,"8",2017,"2"
"2935","13866",32013590,641655,4836162,"P08_CFL_343","IMP",8,"8",2017,"2"
"2936","13867",32013591,643155,4836162,"P08_CFL_27","IMP",8,"8",2017,"2"
"2937","13868",32013592,643355,4836162,"P08_CFL_27","IMP",8,"8",2017,"2"
"2938","13869",32013593,641705,4836012,"P08_CFL_343","IMP",8,"8",2017,"1"
"2939","13870",32013594,642755,4835962,"P08_CFL_27","IMP",8,"8",2017,"2"
"2940","13871",32013595,643055,4835912,"P08_CFL_27","IMP",8,"8",2017,"2"
"2941","13872",32013596,642205,4835912,"P08_CFL_27","IMP",8,"8",2017,"2"
"2942","13873",32013597,643305,4835912,"P08_CFL_27","IMP",8,"8",2017,"2"
"2943","13874",32013598,643055,4835712,"P08_CFL_27","IMP",8,"8",2017,"2"
"2944","13875",32013599,641455,4835462,"P08_CFL_342","IMP",8,"8",2017,"2"
"2945","13876",32013600,640905,4835412,"P08_CFL_337","IMP",8,"8",2017,"2"
"2946","13877",32013601,641055,4835412,"P08_CFL_337","IMP",8,"8",2017,"2"
"2947","13878",32013602,642405,4835312,"P08_CFL_349","IMP",8,"8",2017,"2"
"2948","13879",32013603,640455,4835162,"P08_CFL_337","IMP",8,"8",2017,"2"
"2949","13880",32013604,641255,4835162,"P08_CFL_342","IMP",8,"8",2017,"2"
"2950","13881",32013605,642155,4835062,"P08_CFL_349","IMP",8,"8",2017,"1"
"2951","13882",32013606,640105,4835012,"P08_CFL_337","IMP",8,"8",2017,"2"
"2952","13884",32013608,641455,4834762,"P08_CFL_342","IMP",8,"8",2017,"2"
"2953","13885",32013609,642855,4834762,"P08_CFL_349","IMP",8,"8",2017,"2"
"2954","13886",32013610,642355,4834562,"P08_CFL_349","IMP",8,"8",2017,"2"
"2955","13887",32013611,641055,4834562,"P08_CFL_337","IMP",8,"8",2017,"2"
"2956","13888",32013612,640255,4834462,"P08_TSC_20","IMP",8,"8",2017,"2"
"2957","13889",32013613,640355,4834412,"P08_CFL_337","IMP",8,"8",2017,"2"
"2958","13890",32013614,641005,4834412,"P08_CFL_342","IMP",8,"8",2017,"2"
"2959","13891",32013615,641455,4834312,"P08_CFL_342","IMP",8,"8",2017,"2"
"2960","13892",32013616,641105,4834262,"P08_CFL_342","IMP",8,"8",2017,"2"
"2961","13893",32013617,642605,4834212,"P08_CFL_349","IMP",8,"8",2017,"1"
"2962","13894",32013618,642805,4834162,"P08_CFL_349","IMP",8,"8",2017,"2"
"2963","13896",32013620,642505,4833912,"P08_CFL_349","IMP",8,"8",2017,"1"
"2964","13897",32013621,642755,4833912,"P08_CFL_349","IMP",8,"8",2017,"2"
"2965","13898",32013622,642805,4833912,"P08_CFL_349","IMP",8,"8",2017,"2"
"2966","13899",32013623,641255,4833812,"P08_CFL_342","IMP",8,"8",2017,"2"
"2967","13900",32013624,640805,4833762,"P08_CFL_342","IMP",8,"8",2017,"2"
"2968","13901",32013625,641805,4833762,"P08_CFL_342","IMP",8,"8",2017,"2"
"2969","13902",32013626,640255,4833462,"P08_SC_1","IMP",8,"8",2017,"2"
"2970","13903",32013627,643455,4833412,"P08_CFL_11","IMP",8,"8",2017,"2"
"2971","13904",32013628,640805,4833412,"P08_CFL_342","IMP",8,"8",2017,"2"
"2972","13905",32013629,639855,4833362,"P08_CFL_350","IMP",8,"8",2017,"2"
"2973","13907",32013631,641755,4833212,"P08_CFL_342","IMP",8,"8",2017,"2"
"2974","13908",32013632,639855,4833162,"P08_CFL_17","IMP",8,"8",2017,"2"
"2975","13909",32013633,639905,4833162,"P08_CFL_15","IMP",8,"8",2017,"2"
"2976","1391",31005266,583032,4912405,"P04_SCB_25","MBC",4,"L4",2002,"2"
"2977","13910",32013634,640505,4833112,"P08_CFL_342","IMP",8,"8",2017,"2"
"2978","13911",32013635,639605,4833062,"P08_CFL_17","IMP",8,"8",2017,"2"
"2979","13912",32013636,642205,4832962,"P08_CFL_342","IMP",8,"8",2017,"2"
"2980","13913",32013637,639755,4832912,"P08_CFL_17","IMP",8,"8",2017,"2"
"2981","13914",32013638,641005,4832912,"P08_CFL_342","IMP",8,"8",2017,"1"
"2982","13915",32013639,640305,4832662,"P08_CFL_7","IMP",8,"8",2017,"2"
"2983","13916",32013640,640355,4832662,"P08_CFL_7","IMP",8,"8",2017,"2"
"2984","13917",32013641,641155,4832562,"P08_CFL_342","IMP",8,"8",2017,"2"
"2985","13918",32013642,640805,4832462,"P08_CFL_342","IMP",8,"8",2017,"1"
"2986","13919",32013643,642455,4832462,"P08_CFL_342","IMP",8,"8",2017,"2"
"2987","13920",32013644,641955,4832412,"P08_CFL_342","IMP",8,"8",2017,"2"
"2988","13921",32013645,640955,4832362,"P08_CFL_342","IMP",8,"8",2017,"1"
"2989","13922",32013646,640405,4832262,"P08_CFL_342","IMP",8,"8",2017,"2"
"2990","13923",32013647,640905,4832262,"P08_CFL_342","IMP",8,"8",2017,"2"
"2991","13924",32013648,640655,4832212,"P08_CFL_342","IMP",8,"8",2017,"2"
"2992","13925",32013649,640905,4832162,"P08_CFL_342","IMP",8,"8",2017,"2"
"2993","13926",32013650,640205,4832112,"P08_CFL_5","IMP",8,"8",2017,"2"
"2994","13927",32013651,642355,4832112,"P08_CFL_342","IMP",8,"8",2017,"2"
"2995","13929",32013657,641405,4831812,"P08_CFL_342","IMP",8,"8",2017,"2"
"2996","1393",31005268,583684,4911657,"P04_USCB_11","MBC",4,"L4",2002,"2"
"2997","13930",32013658,641705,4831762,"P08_CFL_342","IMP",8,"8",2017,"2"
"2998","13931",32013661,641905,4831512,"P08_CFL_342","IMP",8,"8",2017,"2"
"2999","13932",32013662,641405,4831462,"P08_CFL_342","IMP",8,"8",2017,"2"
"3000","13933",32013663,641755,4831412,"P08_CFL_342","IMP",8,"8",2017,"2"
"3001","13934",32013664,641705,4831362,"P08_CFL_342","IMP",8,"8",2017,"2"
"3002","13935",32013673,642005,4830762,"P08_CFL_342","IMP",8,"8",2017,"2"
"3003","13936",32013675,641105,4830712,"P08_CFL_342","IMP",8,"8",2017,"2"
"3004","13937",32013678,641155,4830562,"P08_CFL_342","IMP",8,"8",2017,"2"
"3005","13938",32013679,642155,4830562,"P08_CFL_342","IMP",8,"8",2017,"2"
"3006","13939",32013682,642555,4830312,"P08_CFL_342","IMP",8,"8",2017,"1"
"3007","1394",31005269,585431,4910106,"P04_SCB_24","MBC",4,"L4",2002,"2"
"3008","13940",32013683,641955,4830262,"P08_CFL_342","IMP",8,"8",2017,"2"
"3009","13941",32013684,642305,4830262,"P08_CFL_342","IMP",8,"8",2017,"1"
"3010","13943",32013687,640805,4829962,"P08_CFL_342","IMP",8,"8",2017,"1"
"3011","13945",32013689,642605,4829912,"P08_CFL_342","IMP",8,"8",2017,"1"
"3012","13946",32013690,640555,4829862,"P08_CFL_342","IMP",8,"8",2017,"2"
"3013","13947",32013691,641105,4829762,"P08_CFL_342","IMP",8,"8",2017,"2"
"3014","13948",32013692,641655,4829662,"P08_CFL_342","IMP",8,"8",2017,"2"
"3015","1395",31005270,585280,4910008,"P04_SCB_24","MBC",4,"L4",2002,"2"
"3016","13950",32013694,641105,4829412,"P08_CFL_342","IMP",8,"8",2017,"1"
"3017","13951",32013695,640405,4829312,"P08_CFL_340","IMP",8,"8",2017,"2"
"3018","13952",32013696,639705,4829212,"P08_CFL_340","IMP",8,"8",2017,"2"
"3019","13954",32013698,641605,4829062,"P08_CFL_342","IMP",8,"8",2017,"2"
"3020","13956",32013700,640905,4828912,"P08_CFL_340","IMP",8,"8",2017,"1"
"3021","13957",32013701,641605,4828762,"P08_CFL_342","IMP",8,"8",2017,"2"
"3022","13958",32013702,642005,4828612,"P08_CFL_342","IMP",8,"8",2017,"1"
"3023","13959",32013703,640955,4828562,"P08_CFL_340","IMP",8,"8",2017,"2"
"3024","13960",32013704,642205,4828562,"P08_CFL_342","IMP",8,"8",2017,"1"
"3025","13961",32013705,642855,4828512,"P08_CFL_342","IMP",8,"8",2017,"1"
"3026","13962",32013706,641955,4828412,"P08_CFL_342","IMP",8,"8",2017,"2"
"3027","13963",32013707,642905,4828362,"P08_CFL_342","IMP",8,"8",2017,"1"
"3028","13964",32013708,642805,4828112,"P08_CFL_342","IMP",8,"8",2017,"1"
"3029","13965",32013709,641305,4827962,"P08_CFL_340","IMP",8,"8",2017,"2"
"3030","13978",32013743,639754,4851605,"P08_SCB_29","MBC",8,"8",2018,"2"
"3031","13979",32013744,639603,4851361,"P08_SCB_29","MBC",8,"8",2018,"2"
"3032","13988",32013753,641407,4848660,"P08_SCB_26","MBC",8,"8",2018,"2"
"3033","13991",32013756,641209,4847117,"P08_SCB_26","MBC",8,"8",2018,"2"
"3034","14000",32013765,640764,4844008,"P08_SC_9","MBC",8,"8",2018,"2"
"3035","14001",32013766,640803,4843707,"P08_SC_9","MBC",8,"8",2018,"2"
"3036","14003",32013768,640758,4843647,"P08_SCB_26","MBC",8,"8",2018,"2"
"3037","14004",32013769,640719,4843611,"P08_SCB_26","MBC",8,"8",2018,"2"
"3038","14007",32013772,640707,4843411,"P08_SCB_26","MBC",8,"8",2018,"2"
"3039","14020",32013785,639752,4837713,"P08_SCB_25","MBC",8,"8",2018,"2"
"3040","14022",32013787,640013,4837370,"P08_SCB_25","MBC",8,"8",2018,"2"
"3041","14023",32013788,640054,4837364,"P08_SCB_25","MBC",8,"8",2018,"2"
"3042","14024",32013789,639902,4837021,"P08_USCB_6","MBC",8,"8",2018,"2"
"3043","14026",32013791,640559,4836363,"P08_SCB_24","MBC",8,"8",2018,"2"
"3044","14027",32013792,640755,4836249,"P08_SCB_24","MBC",8,"8",2018,"2"
"3045","14028",32013793,641061,4836263,"P08_USCB_9","MBC",8,"8",2018,"2"
"3046","14029",32013794,641107,4836215,"P08_USCB_9","MBC",8,"8",2018,"2"
"3047","14030",32013795,641996,4834516,"P08_USCB_9","MBC",8,"8",2018,"2"
"3048","14032",32013797,643095,4832661,"P08_SCB_19","MBC",8,"8",2018,"2"
"3049","14033",32013798,642901,4827862,"P08_SCB_20","MBC",8,"8",2018,"2"
"3050","14035",32013800,642551,4826506,"P08_CFL_338","MBC",8,"8",2018,"2"
"3051","14041",32013806,639412,4850660,"P08_SC_14","SC",8,"8",2018,"2"
"3052","14042",32013807,640953,4849807,"P08_TSC_70","SC",8,"8",2018,"2"
"3053","14044",32013809,642259,4848970,"P08_TSC_70","SC",8,"8",2018,"2"
"3054","14046",32013811,642705,4847914,"P08_TSC_90","SC",8,"8",2018,"2"
"3055","14048",32013813,641948,4847560,"P08_CFL_353","SC",8,"8",2018,"2"
"3056","14050",32013815,643097,4847107,"P08_CFL_265","SC",8,"8",2018,"2"
"3057","14052",32013817,641512,4846761,"P08_CFL_264","SC",8,"8",2018,"2"
"3058","14055",32013826,641306,4845858,"P08_TSC_65","SC",8,"8",2018,"2"
"3059","14056",32013830,641359,4845417,"P08_SC_10","SC",8,"8",2018,"2"
"3060","14058",32013833,641859,4843909,"P08_CFL_177","SC",8,"8",2018,"2"
"3061","14059",32013834,642161,4843864,"P08_SC_11","SC",8,"8",2018,"2"
"3062","14061",32013836,640956,4842621,"P08_CFL_128","SC",8,"8",2018,"2"
"3063","14062",32013837,640844,4842518,"P08_CFL_128","SC",8,"8",2018,"2"
"3064","14063",32013838,640947,4842517,"P08_CFL_128","SC",8,"8",2018,"2"
"3065","14066",32013842,643355,4841912,"P08_TSC_49","SC",8,"8",2018,"2"
"3066","14068",32013844,641314,4841564,"P08_TSC_48","SC",8,"8",2018,"2"
"3067","14070",32013846,642401,4841161,"P08_CFL_94","SC",8,"8",2018,"2"
"3068","14071",32013847,643161,4841062,"P08_TSC_49","SC",8,"8",2018,"2"
"3069","14073",32013849,642497,4840820,"P08_CFL_94","SC",8,"8",2018,"2"
"3070","14074",32013850,642397,4840614,"P08_CFL_94","SC",8,"8",2018,"2"
"3071","14079",32013855,640257,4838606,"P08_SC_2","SC",8,"8",2018,"2"
"3072","14082",32013858,639309,4835404,"P08_CFL_21","SC",8,"8",2018,"2"
"3073","14084",32013860,642355,4834913,"P08_CFL_349","SC",8,"8",2018,"1"
"3074","14085",32013861,642758,4834918,"P08_CFL_349","SC",8,"8",2018,"1"
"3075","14086",32013862,641954,4834711,"P08_CFL_349","SC",8,"8",2018,"2"
"3076","14087",32013863,642002,4834704,"P08_CFL_349","SC",8,"8",2018,"2"
"3077","14091",32013867,638256,4857523,"P08_CFL_334","BWC",8,"8",2018,"2"
"3078","14092",32013868,638610,4857465,"P08_CFL_335","BWC",8,"8",2018,"2"
"3079","14093",32013869,638900,4857160,"P08_CFL_335","BWC",8,"8",2018,"2"
"3080","14094",32013870,638759,4856965,"P08_CFL_335","BWC",8,"8",2018,"2"
"3081","14095",32013871,638703,4856954,"P08_CFL_335","BWC",8,"8",2018,"2"
"3082","14097",32013873,638611,4856412,"P08_CFL_325","BWC",8,"8",2018,"2"
"3083","14100",32013877,638207,4851167,"","BWC",8,"8",2018,"2"
"3084","14101",32013878,638406,4850812,"P08_CFL_348","BWC",8,"8",2018,"2"
"3085","14102",32013880,638854,4850660,"P08_CFL_348","BWC",8,"8",2018,"2"
"3086","14103",32013881,638100,4850408,"P08_CFL_348","BWC",8,"8",2018,"2"
"3087","14104",32013882,639153,4850360,"P08_CFL_348","BWC",8,"8",2018,"2"
"3088","14105",32013883,638252,4849912,"P08_CFL_348","BWC",8,"8",2018,"2"
"3089","14106",32013884,641747,4849061,"P08_CFL_352","BWC",8,"8",2018,"2"
"3090","14107",32013885,639305,4848816,"P08_CFL_356","BWC",8,"8",2018,"2"
"3091","14109",32013887,639308,4848616,"P08_CFL_357","BWC",8,"8",2018,"2"
"3092","14110",32013888,639559,4848512,"P08_CFL_359","BWC",8,"8",2018,"2"
"3093","14111",32013889,639151,4848461,"P08_CFL_357","BWC",8,"8",2018,"2"
"3094","14112",32013890,642300,4848217,"P08_CFL_283","BWC",8,"8",2018,"2"
"3095","14113",32013891,644202,4845761,"P08_CFL_238","BWC",8,"8",2018,"2"
"3096","14114",32013892,644155,4845622,"P08_CFL_238","BWC",8,"8",2018,"2"
"3097","14115",32013893,641362,4845619,"P08_CFL_221","BWC",8,"8",2018,"2"
"3098","14116",32013894,641913,4845609,"P08_CFL_216","BWC",8,"8",2018,"2"
"3099","14117",32013895,644361,4845506,"P08_CFL_238","BWC",8,"8",2018,"2"
"3100","14118",32013896,643505,4845521,"P08_CFL_210","BWC",8,"8",2018,"2"
"3101","14119",32013897,641261,4845361,"P08_TSC_64","BWC",8,"8",2018,"2"
"3102","14120",32013898,639350,4845362,"P08_CFL_224","BWC",8,"8",2018,"2"
"3103","14121",32013899,642953,4845313,"P08_CFL_206","BWC",8,"8",2018,"2"
"3104","14122",32013901,639303,4845212,"P08_CFL_224","BWC",8,"8",2018,"2"
"3105","14123",32013903,639506,4844959,"P08_CFL_224","BWC",8,"8",2018,"2"
"3106","14124",32013904,642350,4844868,"P08_CFL_212","BWC",8,"8",2018,"2"
"3107","14125",32013909,639050,4844611,"P08_CFL_224","BWC",8,"8",2018,"2"
"3108","14126",32013910,639252,4844511,"P08_CFL_224","BWC",8,"8",2018,"2"
"3109","14127",32013911,642010,4844409,"P08_CFL_228","BWC",8,"8",2018,"2"
"3110","14128",32013912,641805,4844262,"P08_CFL_228","BWC",8,"8",2018,"2"
"3111","14129",32013913,643410,4844217,"P08_CFL_179","BWC",8,"8",2018,"2"
"3112","14131",32013916,639106,4844107,"P08_CFL_224","BWC",8,"8",2018,"2"
"3113","14132",32013917,639707,4844114,"P08_CFL_224","BWC",8,"8",2018,"2"
"3114","14133",32013918,639694,4844006,"P08_CFL_224","BWC",8,"8",2018,"2"
"3115","14134",32013919,639203,4843958,"P08_CFL_224","BWC",8,"8",2018,"2"
"3116","14135",32013920,639711,4843855,"P08_CFL_224","BWC",8,"8",2018,"2"
"3117","14136",32013921,639412,4843805,"P08_CFL_224","BWC",8,"8",2018,"2"
"3118","14137",32013922,639502,4843701,"P08_CFL_224","BWC",8,"8",2018,"2"
"3119","14138",32013923,643749,4843607,"P08_CFL_179","BWC",8,"8",2018,"2"
"3120","14139",32013924,639301,4843559,"P08_CFL_224","BWC",8,"8",2018,"2"
"3121","14140",32013925,639905,4843564,"P08_CFL_224","BWC",8,"8",2018,"2"
"3122","14141",32013926,639562,4843454,"P08_CFL_224","BWC",8,"8",2018,"2"
"3123","14143",32013928,639711,4843409,"P08_CFL_224","BWC",8,"8",2018,"2"
"3124","14144",32013929,639860,4843414,"P08_CFL_224","BWC",8,"8",2018,"2"
"3125","14145",32013930,639812,4843305,"P08_CFL_224","BWC",8,"8",2018,"2"
"3126","14146",32013931,639400,4842716,"P08_CFL_224","BWC",8,"8",2018,"2"
"3127","14147",32013932,639456,4842568,"P08_CFL_224","BWC",8,"8",2018,"2"
"3128","14148",32013933,639654,4842463,"P08_CFL_224","BWC",8,"8",2018,"2"
"3129","14149",32013934,639153,4842412,"P08_CFL_224","BWC",8,"8",2018,"2"
"3130","14150",32013935,643100,4842260,"P08_CFL_159","BWC",8,"8",2018,"2"
"3131","14151",32013936,641402,4842105,"P08_CFL_126","BWC",8,"8",2018,"2"
"3132","14152",32013937,642904,4842072,"P08_CFL_159","BWC",8,"8",2018,"2"
"3133","14153",32013938,640701,4841917,"P08_CFL_128","BWC",8,"8",2018,"2"
"3134","14154",32013939,643855,4841812,"P08_CFL_119","BWC",8,"8",2018,"2"
"3135","14155",32013940,643002,4841758,"P08_CFL_159","BWC",8,"8",2018,"2"
"3136","14156",32013941,644261,4841758,"P08_CFL_119","BWC",8,"8",2018,"2"
"3137","14157",32013942,642305,4841715,"P08_CFL_122","BWC",8,"8",2018,"2"
"3138","14158",32013943,643553,4841461,"P08_CFL_119","BWC",8,"8",2018,"2"
"3139","14159",32013944,643704,4841415,"P08_CFL_119","BWC",8,"8",2018,"2"
"3140","14160",32013945,641156,4841321,"P08_CFL_102","BWC",8,"8",2018,"2"
"3141","14161",32013946,640708,4841261,"P08_CFL_96","BWC",8,"8",2018,"2"
"3142","14162",32013947,641649,4841165,"P08_CFL_94","BWC",8,"8",2018,"2"
"3143","14163",32013948,643257,4841164,"P08_CFL_119","BWC",8,"8",2018,"2"
"3144","14164",32013949,643812,4841113,"P08_CFL_119","BWC",8,"8",2018,"2"
"3145","14165",32013950,643852,4840953,"P08_CFL_119","BWC",8,"8",2018,"2"
"3146","14166",32013951,643907,4840957,"P08_CFL_119","BWC",8,"8",2018,"2"
"3147","14167",32013952,641648,4840863,"P08_SC_11","BWC",8,"8",2018,"2"
"3148","14168",32013953,643604,4840813,"P08_CFL_119","BWC",8,"8",2018,"2"
"3149","14169",32013954,643153,4840706,"P08_CFL_78","BWC",8,"8",2018,"2"
"3150","14171",32013956,641165,4840317,"P08_CFL_343","BWC",8,"8",2018,"2"
"3151","14172",32013957,641453,4840219,"P08_TSC_43","BWC",8,"8",2018,"2"
"3152","14173",32013958,642657,4840107,"P08_SC_11","BWC",8,"8",2018,"2"
"3153","14174",32013959,642257,4840061,"P08_CFL_343","BWC",8,"8",2018,"2"
"3154","14175",32013960,641215,4839859,"P08_CFL_343","BWC",8,"8",2018,"2"
"3155","14176",32013961,641196,4839518,"P08_CFL_343","BWC",8,"8",2018,"2"
"3156","14177",32013962,640608,4839269,"P08_CFL_45","BWC",8,"8",2018,"2"
"3157","14179",32013964,639900,4838916,"P08_CFL_41","BWC",8,"8",2018,"2"
"3158","14180",32013965,640502,4838801,"P08_CFL_42","BWC",8,"8",2018,"2"
"3159","14181",32013966,640353,4838315,"P08_CFL_36","BWC",8,"8",2018,"2"
"3160","14182",32013967,640167,4838104,"P08_SC_2","BWC",8,"8",2018,"1"
"3161","14183",32013969,639705,4836759,"P08_CFL_337","BWC",8,"8",2018,"2"
"3162","14184",32013970,639756,4836618,"P08_CFL_337","BWC",8,"8",2018,"2"
"3163","14185",32013971,639401,4836306,"P08_CFL_23","BWC",8,"8",2018,"2"
"3164","14186",32013972,640605,4835918,"P08_CFL_337","BWC",8,"8",2018,"2"
"3165","14187",32013973,639501,4835916,"P08_CFL_23","BWC",8,"8",2018,"2"
"3166","14188",32013974,640557,4835460,"P08_CFL_337","BWC",8,"8",2018,"2"
"3167","14189",32013975,643058,4826058,"P08_CFL_1","BWC",8,"8",2018,"2"
"3168","14190",32013976,643553,4840602,"P08_CFL_119","IMP",8,"8",2018,"2"
"3169","14191",32013977,643460,4840411,"P08_CFL_343","IMP",8,"8",2018,"2"
"3170","14192",32013978,643450,4840359,"P08_CFL_343","IMP",8,"8",2018,"2"
"3171","14193",32013979,643604,4840250,"P08_CFL_343","IMP",8,"8",2018,"2"
"3172","14194",32013980,641998,4840163,"P08_CFL_66","IMP",8,"8",2018,"2"
"3173","14195",32013981,641955,4840115,"P08_TSC_31","IMP",8,"8",2018,"2"
"3174","14196",32013982,643454,4840113,"P08_CFL_343","IMP",8,"8",2018,"2"
"3175","14198",32013984,643003,4840070,"P08_CFL_343","IMP",8,"8",2018,"2"
"3176","14200",32013986,643252,4839972,"P08_TSC_29","IMP",8,"8",2018,"1"
"3177","14201",32013987,643409,4839967,"P08_CFL_343","IMP",8,"8",2018,"2"
"3178","14202",32013988,641860,4839908,"P08_TSC_31","IMP",8,"8",2018,"2"
"3179","14203",32013989,642209,4839666,"P08_CFL_343","IMP",8,"8",2018,"2"
"3180","14205",32013991,643608,4839616,"P08_CFL_343","IMP",8,"8",2018,"1"
"3181","14206",32013992,642307,4839412,"P08_CFL_343","IMP",8,"8",2018,"2"
"3182","14207",32013993,643008,4839120,"P08_CFL_343","IMP",8,"8",2018,"2"
"3183","14208",32013995,640896,4838758,"P08_CFL_343","IMP",8,"8",2018,"2"
"3184","14209",32013996,641209,4838718,"P08_CFL_343","IMP",8,"8",2018,"2"
"3185","14210",32014000,640951,4838605,"P08_CFL_343","IMP",8,"8",2018,"2"
"3186","14211",32014003,641102,4838313,"P08_CFL_343","IMP",8,"8",2018,"2"
"3187","14212",32014006,641608,4838119,"P08_CFL_343","IMP",8,"8",2018,"1"
"3188","14213",32014007,640605,4838013,"P08_CFL_343","IMP",8,"8",2018,"2"
"3189","14214",32014008,641250,4838008,"P08_CFL_343","IMP",8,"8",2018,"2"
"3190","14215",32014010,642411,4837960,"P08_CFL_343","IMP",8,"8",2018,"2"
"3191","14216",32014011,640561,4837762,"P08_CFL_343","IMP",8,"8",2018,"2"
"3192","14217",32014012,642303,4837721,"P08_CFL_343","IMP",8,"8",2018,"1"
"3193","14218",32014013,641157,4837665,"P08_CFL_343","IMP",8,"8",2018,"2"
"3194","14219",32014014,642308,4837559,"P08_CFL_343","IMP",8,"8",2018,"1"
"3195","14220",32014015,641212,4837461,"P08_CFL_343","IMP",8,"8",2018,"2"
"3196","14221",32014016,640556,4837264,"P08_CFL_343","IMP",8,"8",2018,"2"
"3197","14222",32014017,641603,4837272,"P08_CFL_343","IMP",8,"8",2018,"2"
"3198","14223",32014018,641657,4837272,"P08_CFL_343","IMP",8,"8",2018,"2"
"3199","14224",32014019,640451,4837115,"P08_CFL_343","IMP",8,"8",2018,"2"
"3200","14225",32014020,640456,4837068,"P08_CFL_343","IMP",8,"8",2018,"2"
"3201","14226",32014021,641608,4837019,"P08_CFL_343","IMP",8,"8",2018,"2"
"3202","14227",32014022,643008,4837020,"P08_CFL_27","IMP",8,"8",2018,"2"
"3203","14228",32014023,640805,4836862,"P08_CFL_343","IMP",8,"8",2018,"2"
"3204","14229",32014024,641402,4836772,"P08_CFL_343","IMP",8,"8",2018,"2"
"3205","1423",31005299,540030,4936359,"P04_SC_8","SC",4,"U4",2002,"2"
"3206","14230",32014025,640657,4836716,"P08_CFL_343","IMP",8,"8",2018,"2"
"3207","14231",32014026,640303,4836715,"P08_CFL_343","IMP",8,"8",2018,"2"
"3208","14232",32014027,642410,4836709,"P08_CFL_343","IMP",8,"8",2018,"2"
"3209","14233",32014028,642962,4836716,"P08_CFL_27","IMP",8,"8",2018,"2"
"3210","14234",32014029,641464,4836612,"P08_CFL_343","IMP",8,"8",2018,"2"
"3211","14235",32014030,642807,4836468,"P08_CFL_27","IMP",8,"8",2018,"2"
"3212","14236",32014031,642656,4836417,"P08_CFL_27","IMP",8,"8",2018,"2"
"3213","14237",32014032,643064,4836066,"P08_CFL_27","IMP",8,"8",2018,"2"
"3214","14238",32014033,643205,4835964,"P08_CFL_27","IMP",8,"8",2018,"2"
"3215","14240",32014035,643052,4835763,"P08_CFL_27","IMP",8,"8",2018,"2"
"3216","14241",32014036,640760,4835563,"P08_CFL_337","IMP",8,"8",2018,"2"
"3217","14242",32014037,643203,4835566,"P08_CFL_27","IMP",8,"8",2018,"2"
"3218","14243",32014038,641155,4835522,"P08_CFL_337","IMP",8,"8",2018,"2"
"3219","14244",32014039,642161,4835104,"P08_CFL_349","IMP",8,"8",2018,"1"
"3220","14245",32014040,640401,4834957,"P08_CFL_337","IMP",8,"8",2018,"2"
"3221","14246",32014041,640105,4834917,"P08_CFL_337","IMP",8,"8",2018,"2"
"3222","14247",32014042,641010,4834919,"P08_CFL_337","IMP",8,"8",2018,"2"
"3223","14248",32014043,641362,4834863,"P08_CFL_342","IMP",8,"8",2018,"2"
"3224","14249",32014044,641462,4834865,"P08_CFL_342","IMP",8,"8",2018,"2"
"3225","14251",32014046,640954,4834553,"P08_CFL_337","IMP",8,"8",2018,"2"
"3226","14252",32014047,640055,4834455,"P08_SC_1","IMP",8,"8",2018,"2"
"3227","14253",32014048,640355,4834406,"P08_CFL_337","IMP",8,"8",2018,"2"
"3228","14254",32014049,641204,4834405,"P08_CFL_342","IMP",8,"8",2018,"2"
"3229","14255",32014050,642457,4834359,"P08_CFL_349","IMP",8,"8",2018,"1"
"3230","14256",32014051,641299,4834259,"P08_CFL_342","IMP",8,"8",2018,"2"
"3231","14257",32014052,639806,4834260,"P08_CFL_350","IMP",8,"8",2018,"2"
"3232","14258",32014053,642701,4834201,"P08_CFL_349","IMP",8,"8",2018,"1"
"3233","14259",32014054,639408,4834160,"P08_CFL_18","IMP",8,"8",2018,"2"
"3234","14260",32014055,642751,4834165,"P08_CFL_349","IMP",8,"8",2018,"2"
"3235","14261",32014056,639443,4834119,"P08_CFL_18","IMP",8,"8",2018,"2"
"3236","14262",32014057,641700,4834064,"P08_CFL_342","IMP",8,"8",2018,"2"
"3237","14263",32014058,641110,4834015,"P08_CFL_342","IMP",8,"8",2018,"2"
"3238","14265",32014060,641701,4833860,"P08_CFL_342","IMP",8,"8",2018,"2"
"3239","14266",32014061,640315,4833806,"P08_TSC_20","IMP",8,"8",2018,"2"
"3240","14267",32014062,640609,4833812,"P08_CFL_342","IMP",8,"8",2018,"2"
"3241","14269",32014064,640001,4833763,"P08_CFL_15","IMP",8,"8",2018,"2"
"3242","14272",32014067,641600,4833565,"P08_CFL_342","IMP",8,"8",2018,"2"
"3243","14273",32014068,642016,4833564,"P08_CFL_342","IMP",8,"8",2018,"1"
"3244","14274",32014069,641158,4833508,"P08_CFL_342","IMP",8,"8",2018,"2"
"3245","14276",32014071,641204,4833452,"P08_CFL_342","IMP",8,"8",2018,"1"
"3246","14277",32014072,642806,4833402,"P08_CFL_349","IMP",8,"8",2018,"2"
"3247","14278",32014073,643351,4833263,"P08_CFL_349","IMP",8,"8",2018,"2"
"3248","14279",32014074,640746,4833269,"P08_CFL_342","IMP",8,"8",2018,"2"
"3249","14281",32014076,641008,4833207,"P08_CFL_342","IMP",8,"8",2018,"2"
"3250","14283",32014078,640863,4833161,"P08_CFL_342","IMP",8,"8",2018,"2"
"3251","14284",32014079,642250,4833162,"P08_CFL_342","IMP",8,"8",2018,"2"
"3252","14285",32014080,642956,4833122,"P08_CFL_349","IMP",8,"8",2018,"2"
"3253","14286",32014081,642751,4833057,"P08_CFL_349","IMP",8,"8",2018,"2"
"3254","14287",32014082,641404,4832955,"P08_CFL_342","IMP",8,"8",2018,"1"
"3255","14288",32014083,643056,4832865,"P08_CFL_349","IMP",8,"8",2018,"2"
"3256","14289",32014084,640711,4832804,"P08_CFL_342","IMP",8,"8",2018,"2"
"3257","14290",32014085,640859,4832809,"P08_CFL_342","IMP",8,"8",2018,"1"
"3258","14292",32014087,642494,4832660,"P08_CFL_342","IMP",8,"8",2018,"2"
"3259","14293",32014088,640407,4832619,"P08_CFL_7","IMP",8,"8",2018,"2"
"3260","14294",32014089,641609,4832566,"P08_CFL_342","IMP",8,"8",2018,"2"
"3261","14295",32014090,641459,4832510,"P08_CFL_342","IMP",8,"8",2018,"2"
"3262","14296",32014091,639614,4832397,"P08_CFL_17","IMP",8,"8",2018,"2"
"3263","14297",32014092,641663,4832417,"P08_CFL_342","IMP",8,"8",2018,"1"
"3264","14298",32014093,639410,4832363,"P08_TSC_18","IMP",8,"8",2018,"2"
"3265","14299",32014094,642450,4832309,"P08_CFL_342","IMP",8,"8",2018,"2"
"3266","14300",32014095,639412,4832264,"P08_TSC_18","IMP",8,"8",2018,"2"
"3267","14301",32014096,642047,4832266,"P08_CFL_342","IMP",8,"8",2018,"2"
"3268","14302",32014097,640505,4832163,"P08_CFL_342","IMP",8,"8",2018,"2"
"3269","14304",32014099,641796,4831910,"P08_CFL_342","IMP",8,"8",2018,"2"
"3270","14305",32014100,640655,4831716,"P08_CFL_342","IMP",8,"8",2018,"1"
"3271","14306",32014101,642004,4831607,"P08_CFL_342","IMP",8,"8",2018,"1"
"3272","14307",32014102,642452,4831609,"P08_CFL_342","IMP",8,"8",2018,"2"
"3273","14308",32014103,641350,4831465,"P08_CFL_342","IMP",8,"8",2018,"2"
"3274","14310",32014105,640061,4831417,"P08_CFL_342","IMP",8,"8",2018,"2"
"3275","14311",32014106,641104,4831262,"P08_CFL_342","IMP",8,"8",2018,"2"
"3276","14312",32014107,641751,4831249,"P08_CFL_342","IMP",8,"8",2018,"2"
"3277","14313",32014108,640401,4831169,"P08_CFL_342","IMP",8,"8",2018,"2"
"3278","14314",32014109,639856,4831119,"P08_CFL_342","IMP",8,"8",2018,"2"
"3279","14315",32014110,641652,4831110,"P08_CFL_342","IMP",8,"8",2018,"2"
"3280","14316",32014111,642806,4831107,"P08_CFL_342","IMP",8,"8",2018,"2"
"3281","14317",32014112,640003,4831057,"P08_CFL_342","IMP",8,"8",2018,"2"
"3282","14318",32014113,640050,4831057,"P08_CFL_342","IMP",8,"8",2018,"2"
"3283","14320",32014115,642915,4831065,"P08_CFL_342","IMP",8,"8",2018,"2"
"3284","14323",32014118,641555,4830806,"P08_CFL_342","IMP",8,"8",2018,"2"
"3285","14324",32014119,641601,4830807,"P08_CFL_342","IMP",8,"8",2018,"2"
"3286","14325",32014120,642655,4830815,"P08_CFL_342","IMP",8,"8",2018,"2"
"3287","14326",32014121,642053,4830721,"P08_CFL_342","IMP",8,"8",2018,"2"
"3288","14327",32014122,640057,4830669,"P08_CFL_342","IMP",8,"8",2018,"2"
"3289","14328",32014123,643155,4830662,"P08_CFL_342","IMP",8,"8",2018,"2"
"3290","14329",32014124,639955,4830613,"P08_CFL_342","IMP",8,"8",2018,"2"
"3291","1433",31005309,542981,4934859,"P04_SC_8","SC",4,"U4",2002,"2"
"3292","14330",32014125,642248,4830515,"P08_CFL_342","IMP",8,"8",2018,"2"
"3293","14331",32014126,641863,4830463,"P08_CFL_342","IMP",8,"8",2018,"2"
"3294","14333",32014128,640306,4830260,"P08_CFL_342","IMP",8,"8",2018,"2"
"3295","14334",32014129,641312,4830263,"P08_CFL_342","IMP",8,"8",2018,"2"
"3296","14335",32014130,641958,4830260,"P08_CFL_342","IMP",8,"8",2018,"2"
"3297","14336",32014131,642559,4830266,"P08_CFL_342","IMP",8,"8",2018,"1"
"3298","14337",32014132,642006,4830160,"P08_CFL_342","IMP",8,"8",2018,"1"
"3299","14338",32014133,642253,4830111,"P08_CFL_342","IMP",8,"8",2018,"2"
"3300","14339",32014134,642468,4830118,"P08_CFL_342","IMP",8,"8",2018,"1"
"3301","14340",32014135,639702,4830061,"P08_CFL_340","IMP",8,"8",2018,"2"
"3302","14341",32014136,640203,4830067,"P08_CFL_342","IMP",8,"8",2018,"2"
"3303","14342",32014137,643402,4830071,"P08_CFL_339","IMP",8,"8",2018,"2"
"3304","14343",32014138,640500,4830017,"P08_CFL_342","IMP",8,"8",2018,"2"
"3305","14344",32014139,641558,4830012,"P08_CFL_342","IMP",8,"8",2018,"2"
"3306","14345",32014140,640553,4829865,"P08_CFL_342","IMP",8,"8",2018,"2"
"3307","14346",32014141,640258,4829812,"P08_CFL_342","IMP",8,"8",2018,"2"
"3308","14347",32014142,640303,4829752,"P08_CFL_342","IMP",8,"8",2018,"2"
"3309","14348",32014143,640706,4829718,"P08_CFL_342","IMP",8,"8",2018,"2"
"3310","14349",32014144,642551,4829662,"P08_CFL_342","IMP",8,"8",2018,"2"
"3311","1435",31005371,564474,4922311,"P04_CFL_104","BWC",4,"U4",2002,"2"
"3312","14350",32014145,640956,4829514,"P08_CFL_342","IMP",8,"8",2018,"2"
"3313","14351",32014146,641357,4829461,"P08_CFL_342","IMP",8,"8",2018,"2"
"3314","14352",32014147,641753,4829315,"P08_CFL_342","IMP",8,"8",2018,"1"
"3315","14353",32014148,640508,4829261,"P08_CFL_340","IMP",8,"8",2018,"2"
"3316","14354",32014149,641056,4829214,"P08_CFL_342","IMP",8,"8",2018,"2"
"3317","14355",32014150,641459,4828959,"P08_CFL_342","IMP",8,"8",2018,"2"
"3318","14356",32014151,641556,4828957,"P08_CFL_342","IMP",8,"8",2018,"2"
"3319","14357",32014152,642104,4828953,"P08_CFL_342","IMP",8,"8",2018,"2"
"3320","14358",32014153,640709,4828863,"P08_CFL_340","IMP",8,"8",2018,"2"
"3321","14359",32014154,641552,4828794,"P08_CFL_342","IMP",8,"8",2018,"1"
"3322","1436",31005372,564528,4922213,"P04_CFL_104","BWC",4,"U4",2002,"2"
"3323","14360",32014155,642560,4828569,"P08_CFL_342","IMP",8,"8",2018,"1"
"3324","14361",32014156,641251,4828212,"P08_CFL_340","IMP",8,"8",2018,"2"
"3325","14362",32014157,642603,4828216,"P08_CFL_342","IMP",8,"8",2018,"2"
"3326","14363",32014158,641905,4828109,"P08_CFL_342","IMP",8,"8",2018,"1"
"3327","14364",32014159,642157,4828106,"P08_CFL_342","IMP",8,"8",2018,"2"
"3328","14372",32014187,639811,4852065,"P08_SCB_29","MBC",8,"8",2019,"1"
"3329","14373",32014188,639604,4851509,"P08_SCB_29","MBC",8,"8",2019,"1"
"3330","1438",31005377,536282,4936057,"P04_CFL_274","BWC",4,"U4",2002,"2"
"3331","1439",31005378,536228,4935958,"P04_CFL_274","BWC",4,"U4",2002,"2"
"3332","14393",32014208,640705,4844521,"P08_SCB_26","MBC",8,"8",2019,"2"
"3333","1440",31005379,536429,4935606,"P04_CFL_274","BWC",4,"U4",2002,"2"
"3334","14401",32014216,640754,4843560,"P08_SCB_26","MBC",8,"8",2019,"2"
"3335","14408",32014223,639755,4840171,"P08_SCB_25","MBC",8,"8",2019,"2"
"3336","14409",32014224,639794,4840163,"P08_SCB_25","MBC",8,"8",2019,"2"
"3337","1441",31005380,555924,4924653,"P04_CFL_100","BWC",4,"U4",2002,"2"
"3338","14414",32014229,639261,4838763,"P08_SCB_22","MBC",8,"8",2019,"2"
"3339","14417",32014233,640006,4837509,"P08_SCB_25","MBC",8,"8",2019,"2"
"3340","14418",32014234,640300,4836606,"P08_SCB_24","MBC",8,"8",2019,"2"
"3341","14419",32014235,640507,4836406,"P08_SCB_24","MBC",8,"8",2019,"2"
"3342","14420",32014236,640752,4836254,"P08_SCB_24","MBC",8,"8",2019,"2"
"3343","14421",32014237,640653,4836216,"P08_SCB_24","MBC",8,"8",2019,"1"
"3344","14424",32014241,641553,4835412,"P08_SCB_21","MBC",8,"8",2019,"2"
"3345","14425",32014242,641605,4835204,"P08_SCB_21","MBC",8,"8",2019,"2"
"3346","14426",32014243,641605,4834767,"P08_USCB_5","MBC",8,"8",2019,"2"
"3347","14430",32014247,643169,4832605,"P08_USCB_3","MBC",8,"8",2019,"2"
"3348","14431",32014248,643202,4832513,"P08_USCB_3","MBC",8,"8",2019,"2"
"3349","14432",32014249,642555,4826621,"P08_CFL_338","MBC",8,"8",2019,"2"
"3350","14433",32014250,642661,4826401,"P08_SC_1","MBC",8,"8",2019,"2"
"3351","14435",32014253,638810,4856511,"P08_TSC_91","SC",8,"8",2019,"2"
"3352","14444",32014262,641352,4848871,"P08_SC_13","SC",8,"8",2019,"2"
"3353","14448",32014266,641511,4847505,"P08_CFL_274","SC",8,"8",2019,"2"
"3354","14456",32014274,641397,4846112,"P08_CFL_247","SC",8,"8",2019,"2"
"3355","14457",32014275,643858,4845867,"P08_TSC_84","SC",8,"8",2019,"2"
"3356","14458",32014277,642961,4845616,"P08_TSC_86","SC",8,"8",2019,"2"
"3357","14462",32014282,640956,4844469,"P08_CFL_180","SC",8,"8",2019,"2"
"3358","14464",32014284,641700,4844217,"P08_TSC_59","SC",8,"8",2019,"2"
"3359","14465",32014285,640961,4844168,"P08_CFL_175","SC",8,"8",2019,"2"
"3360","14467",32014288,642166,4843866,"P08_SC_11","SC",8,"8",2019,"2"
"3361","14472",32014294,642253,4842186,"P08_SC_11","SC",8,"8",2019,"2"
"3362","14473",32014295,641251,4842118,"P08_SC_9","SC",8,"8",2019,"2"
"3363","14477",32014300,643299,4841157,"P08_CFL_119","SC",8,"8",2019,"2"
"3364","14478",32014301,640552,4841115,"P08_SC_5","SC",8,"8",2019,"2"
"3365","14479",32014302,640555,4840812,"P08_TSC_40","SC",8,"8",2019,"2"
"3366","14480",32014303,643310,4840666,"P08_CFL_78","SC",8,"8",2019,"2"
"3367","14483",32014306,640007,4838264,"P08_SC_2","SC",8,"8",2019,"2"
"3368","14484",32014307,639355,4836807,"P08_CFL_337","SC",8,"8",2019,"1"
"3369","14487",32014310,639610,4835312,"P08_SC_1","SC",8,"8",2019,"2"
"3370","14491",32014314,642651,4833256,"P08_CFL_349","SC",8,"8",2019,"1"
"3371","14493",32014316,638305,4858662,"P08_CFL_335","BWC",8,"8",2019,"2"
"3372","14494",32014317,638705,4856220,"P08_CFL_325","BWC",8,"8",2019,"2"
"3373","14495",32014318,639202,4855715,"P08_CFL_321","BWC",8,"8",2019,"2"
"3374","14496",32014319,638853,4855352,"P08_CFL_316","BWC",8,"8",2019,"2"
"3375","14498",32014321,638359,4851065,"P08_CFL_348","BWC",8,"8",2019,"2"
"3376","14499",32014322,638756,4851060,"P08_CFL_348","BWC",8,"8",2019,"2"
"3377","14500",32014323,638610,4850558,"P08_CFL_348","BWC",8,"8",2019,"2"
"3378","14501",32014324,638208,4850514,"P08_CFL_348","BWC",8,"8",2019,"2"
"3379","14502",32014325,639112,4850454,"P08_CFL_348","BWC",8,"8",2019,"2"
"3380","14503",32014326,639012,4850315,"P08_CFL_348","BWC",8,"8",2019,"2"
"3381","14504",32014327,639303,4849968,"P08_CFL_295","BWC",8,"8",2019,"2"
"3382","14506",32014329,639854,4848612,"P08_CFL_291","BWC",8,"8",2019,"2"
"3383","14507",32014331,642349,4848306,"P08_CFL_283","BWC",8,"8",2019,"2"
"3384","14509",32014333,640858,4847910,"P08_CFL_291","BWC",8,"8",2019,"2"
"3385","14510",32014334,642947,4847556,"P08_SC_11","BWC",8,"8",2019,"2"
"3386","14511",32014335,640309,4847461,"P08_CFL_365","BWC",8,"8",2019,"2"
"3387","14512",32014336,642357,4847419,"P08_CFL_276","BWC",8,"8",2019,"2"
"3388","14513",32014337,643157,4846871,"P08_CFL_259","BWC",8,"8",2019,"2"
"3389","14514",32014338,641614,4846619,"P08_CFL_254","BWC",8,"8",2019,"2"
"3390","14515",32014339,642501,4846116,"P08_CFL_232","BWC",8,"8",2019,"2"
"3391","14516",32014342,639107,4845663,"P08_CFL_224","BWC",8,"8",2019,"2"
"3392","14517",32014344,641913,4845465,"P08_CFL_209","BWC",8,"8",2019,"2"
"3393","14518",32014348,639449,4845256,"P08_CFL_224","BWC",8,"8",2019,"2"
"3394","14519",32014350,641154,4845115,"P08_TSC_64","BWC",8,"8",2019,"2"
"3395","1452",31005393,542524,4936107,"P04_CFL_67","BWC",4,"U4",2002,"2"
"3396","14520",32014351,639900,4845116,"P08_CFL_224","BWC",8,"8",2019,"2"
"3397","14522",32014355,639505,4844722,"P08_CFL_224","BWC",8,"8",2019,"2"
"3398","14523",32014356,639657,4844662,"P08_CFL_224","BWC",8,"8",2019,"2"
"3399","14524",32014358,641754,4844562,"P08_CFL_228","BWC",8,"8",2019,"2"
"3400","14525",32014360,639252,4844415,"P08_CFL_224","BWC",8,"8",2019,"2"
"3401","14526",32014361,642400,4844060,"P08_CFL_182","BWC",8,"8",2019,"2"
"3402","14527",32014362,639203,4844015,"P08_CFL_224","BWC",8,"8",2019,"2"
"3403","14528",32014363,643352,4843962,"P08_CFL_179","BWC",8,"8",2019,"2"
"3404","14529",32014364,639954,4843963,"P08_CFL_224","BWC",8,"8",2019,"2"
"3405","14530",32014365,640003,4843859,"P08_CFL_224","BWC",8,"8",2019,"2"
"3406","14531",32014366,643261,4843707,"P08_CFL_179","BWC",8,"8",2019,"2"
"3407","14533",32014369,644462,4843665,"P08_CFL_162","BWC",8,"8",2019,"2"
"3408","14534",32014370,642052,4843652,"P08_SC_11","BWC",8,"8",2019,"2"
"3409","14535",32014371,644710,4843515,"P08_CFL_162","BWC",8,"8",2019,"2"
"3410","14536",32014372,639709,4843306,"P08_CFL_224","BWC",8,"8",2019,"2"
"3411","14537",32014374,639401,4843208,"P08_CFL_224","BWC",8,"8",2019,"2"
"3412","14539",32014376,639613,4842613,"P08_CFL_224","BWC",8,"8",2019,"2"
"3413","14540",32014378,644158,4841908,"P08_CFL_119","BWC",8,"8",2019,"2"
"3414","14541",32014379,642809,4841864,"P08_CFL_159","BWC",8,"8",2019,"2"
"3415","14542",32014380,640855,4841871,"P08_CFL_128","BWC",8,"8",2019,"2"
"3416","14543",32014381,641460,4841856,"P08_CFL_114","BWC",8,"8",2019,"2"
"3417","14545",32014383,644108,4841611,"P08_CFL_119","BWC",8,"8",2019,"2"
"3418","14546",32014384,641355,4841613,"P08_CFL_114","BWC",8,"8",2019,"2"
"3419","14547",32014385,641553,4841462,"P08_CFL_111","BWC",8,"8",2019,"2"
"3420","14548",32014386,644109,4841415,"P08_CFL_119","BWC",8,"8",2019,"2"
"3421","14549",32014387,641257,4841368,"P08_CFL_104","BWC",8,"8",2019,"2"
"3422","14551",32014389,642351,4841216,"P08_CFL_94","BWC",8,"8",2019,"2"
"3423","14553",32014391,643761,4841165,"P08_CFL_119","BWC",8,"8",2019,"2"
"3424","14554",32014392,641657,4841118,"P08_CFL_94","BWC",8,"8",2019,"2"
"3425","14555",32014393,640905,4841103,"P08_CFL_93","BWC",8,"8",2019,"2"
"3426","14557",32014395,643905,4841011,"P08_CFL_119","BWC",8,"8",2019,"2"
"3427","14558",32014396,642656,4840959,"P08_CFL_92","BWC",8,"8",2019,"2"
"3428","14559",32014397,642502,4840920,"P08_CFL_94","BWC",8,"8",2019,"2"
"3429","14560",32014398,641951,4840759,"P08_CFL_94","BWC",8,"8",2019,"2"
"3430","14561",32014400,642206,4840657,"P08_CFL_94","BWC",8,"8",2019,"2"
"3431","14562",32014401,642107,4840613,"P08_CFL_73","BWC",8,"8",2019,"2"
"3432","14565",32014404,639851,4840314,"P08_CFL_70","BWC",8,"8",2019,"2"
"3433","14566",32014405,642855,4840271,"P08_CFL_80","BWC",8,"8",2019,"2"
"3434","14567",32014406,640402,4839566,"P08_TSC_44","BWC",8,"8",2019,"2"
"3435","14568",32014407,640604,4839570,"P08_CFL_58","BWC",8,"8",2019,"2"
"3436","14569",32014408,640405,4838807,"P08_CFL_42","BWC",8,"8",2019,"2"
"3437","14570",32014409,640565,4838812,"P08_TSC_27","BWC",8,"8",2019,"2"
"3438","14571",32014410,640408,4838711,"P08_CFL_42","BWC",8,"8",2019,"2"
"3439","14572",32014411,639909,4838110,"P08_CFL_35","BWC",8,"8",2019,"2"
"3440","14574",32014413,638956,4837764,"P08_CFL_344","BWC",8,"8",2019,"2"
"3441","14576",32014415,639705,4836262,"P08_CFL_337","BWC",8,"8",2019,"2"
"3442","14577",32014416,639956,4836267,"P08_CFL_337","BWC",8,"8",2019,"2"
"3443","14579",32014418,640552,4835910,"P08_CFL_337","BWC",8,"8",2019,"2"
"3444","14580",32014419,640657,4835761,"P08_CFL_337","BWC",8,"8",2019,"2"
"3445","14581",32014420,640248,4835716,"P08_CFL_337","BWC",8,"8",2019,"2"
"3446","14582",32014421,640459,4835670,"P08_CFL_337","BWC",8,"8",2019,"2"
"3447","14583",32014422,639862,4835312,"P08_CFL_337","BWC",8,"8",2019,"2"
"3448","14584",32014423,639458,4835169,"P08_CFL_20","BWC",8,"8",2019,"2"
"3449","14585",32014424,639252,4834656,"P08_CFL_18","BWC",8,"8",2019,"2"
"3450","14586",32014425,639458,4834509,"P08_CFL_18","BWC",8,"8",2019,"2"
"3451","14587",32014426,643654,4840210,"P08_CFL_343","IMP",8,"8",2019,"2"
"3452","14588",32014427,642953,4840162,"P08_CFL_343","IMP",8,"8",2019,"2"
"3453","14590",32014429,643608,4840004,"P08_CFL_343","IMP",8,"8",2019,"2"
"3454","14592",32014431,642813,4839816,"P08_CFL_343","IMP",8,"8",2019,"2"
"3455","14593",32014432,641406,4839667,"P08_CFL_343","IMP",8,"8",2019,"1"
"3456","14595",32014434,643259,4839419,"P08_CFL_343","IMP",8,"8",2019,"2"
"3457","14596",32014435,643407,4839367,"P08_CFL_343","IMP",8,"8",2019,"2"
"3458","14597",32014436,643056,4839261,"P08_CFL_343","IMP",8,"8",2019,"2"
"3459","14598",32014437,641611,4839158,"P08_CFL_343","IMP",8,"8",2019,"2"
"3460","14599",32014438,641409,4839124,"P08_CFL_343","IMP",8,"8",2019,"1"
"3461","146",31002098,536228,4936019,"P04_CFL_274","BWC",4,"U4",1998,"2"
"3462","14601",32014440,642807,4839070,"P08_CFL_343","IMP",8,"8",2019,"1"
"3463","14603",32014442,643198,4839015,"P08_CFL_343","IMP",8,"8",2019,"1"
"3464","14605",32014444,643403,4838804,"P08_CFL_343","IMP",8,"8",2019,"2"
"3465","14607",32014446,642006,4838515,"P08_CFL_343","IMP",8,"8",2019,"2"
"3466","14608",32014447,643459,4838460,"P08_CFL_343","IMP",8,"8",2019,"2"
"3467","14609",32014448,640712,4838465,"P08_CFL_343","IMP",8,"8",2019,"2"
"3468","14610",32014449,640961,4838462,"P08_CFL_343","IMP",8,"8",2019,"1"
"3469","14611",32014450,641960,4838469,"P08_CFL_343","IMP",8,"8",2019,"2"
"3470","14613",32014452,641209,4838066,"P08_CFL_343","IMP",8,"8",2019,"2"
"3471","14614",32014453,641700,4838006,"P08_CFL_343","IMP",8,"8",2019,"2"
"3472","14615",32014454,642107,4838006,"P08_CFL_343","IMP",8,"8",2019,"2"
"3473","14616",32014455,641300,4837866,"P08_CFL_343","IMP",8,"8",2019,"2"
"3474","14617",32014456,643361,4837861,"P08_CFL_343","IMP",8,"8",2019,"2"
"3475","14618",32014457,641504,4837812,"P08_CFL_343","IMP",8,"8",2019,"2"
"3476","14619",32014458,641706,4837771,"P08_CFL_343","IMP",8,"8",2019,"2"
"3477","14620",32014459,640556,4837519,"P08_CFL_343","IMP",8,"8",2019,"2"
"3478","14621",32014460,641499,4837256,"P08_CFL_343","IMP",8,"8",2019,"2"
"3479","14623",32014462,641851,4837166,"P08_CFL_343","IMP",8,"8",2019,"2"
"3480","14624",32014463,643206,4837165,"P08_CFL_27","IMP",8,"8",2019,"2"
"3481","14625",32014464,641204,4837064,"P08_CFL_343","IMP",8,"8",2019,"1"
"3482","14626",32014465,641800,4837061,"P08_CFL_343","IMP",8,"8",2019,"2"
"3483","14627",32014466,643304,4837062,"P08_CFL_27","IMP",8,"8",2019,"2"
"3484","14628",32014467,641152,4837013,"P08_CFL_343","IMP",8,"8",2019,"2"
"3485","14629",32014468,640254,4836965,"P08_CFL_343","IMP",8,"8",2019,"2"
"3486","14630",32014469,643252,4836909,"P08_CFL_27","IMP",8,"8",2019,"2"
"3487","14632",32014471,640557,4836796,"P08_CFL_343","IMP",8,"8",2019,"2"
"3488","14633",32014472,641104,4836820,"P08_CFL_343","IMP",8,"8",2019,"2"
"3489","14634",32014473,640358,4836766,"P08_CFL_343","IMP",8,"8",2019,"2"
"3490","14635",32014474,641702,4836764,"P08_CFL_343","IMP",8,"8",2019,"1"
"3491","14636",32014475,642557,4836715,"P08_CFL_27","IMP",8,"8",2019,"2"
"3492","14637",32014476,640408,4836671,"P08_CFL_343","IMP",8,"8",2019,"2"
"3493","14638",32014477,640900,4836611,"P08_CFL_343","IMP",8,"8",2019,"1"
"3494","14639",32014478,640808,4836412,"P08_CFL_343","IMP",8,"8",2019,"2"
"3495","14640",32014479,641755,4836362,"P08_CFL_343","IMP",8,"8",2019,"1"
"3496","14641",32014480,642859,4836263,"P08_CFL_27","IMP",8,"8",2019,"2"
"3497","14642",32014481,643198,4836211,"P08_CFL_27","IMP",8,"8",2019,"2"
"3498","14644",32014483,641653,4836161,"P08_CFL_343","IMP",8,"8",2019,"2"
"3499","14645",32014484,643151,4835970,"P08_CFL_27","IMP",8,"8",2019,"2"
"3500","14646",32014485,642697,4835716,"P08_CFL_27","IMP",8,"8",2019,"2"
"3501","14647",32014487,641004,4835617,"P08_CFL_337","IMP",8,"8",2019,"2"
"3502","14648",32014488,642105,4835618,"P08_CFL_343","IMP",8,"8",2019,"1"
"3503","14649",32014489,642257,4835607,"P08_CFL_27","IMP",8,"8",2019,"2"
"3504","14650",32014490,642750,4835616,"P08_CFL_27","IMP",8,"8",2019,"2"
"3505","14651",32014491,641006,4835511,"P08_CFL_337","IMP",8,"8",2019,"2"
"3506","14652",32014492,641000,4835467,"P08_CFL_337","IMP",8,"8",2019,"2"
"3507","14653",32014493,641053,4835461,"P08_CFL_337","IMP",8,"8",2019,"2"
"3508","14654",32014494,641012,4835370,"P08_CFL_337","IMP",8,"8",2019,"2"
"3509","14656",32014496,641505,4835167,"P08_CFL_342","IMP",8,"8",2019,"2"
"3510","14658",32014498,641310,4835070,"P08_CFL_342","IMP",8,"8",2019,"2"
"3511","14659",32014499,640399,4834960,"P08_CFL_337","IMP",8,"8",2019,"2"
"3512","14660",32014500,640607,4834866,"P08_CFL_337","IMP",8,"8",2019,"2"
"3513","14662",32014502,642657,4834663,"P08_CFL_349","IMP",8,"8",2019,"2"
"3514","14663",32014503,642904,4834663,"P08_CFL_349","IMP",8,"8",2019,"2"
"3515","14664",32014504,641551,4834618,"P08_CFL_342","IMP",8,"8",2019,"2"
"3516","14665",32014505,640704,4834562,"P08_CFL_337","IMP",8,"8",2019,"2"
"3517","14666",32014506,642562,4834312,"P08_CFL_349","IMP",8,"8",2019,"1"
"3518","14667",32014507,640611,4834256,"P08_CFL_342","IMP",8,"8",2019,"2"
"3519","14668",32014508,641051,4834207,"P08_CFL_342","IMP",8,"8",2019,"2"
"3520","14669",32014509,642760,4834215,"P08_CFL_349","IMP",8,"8",2019,"2"
"3521","14671",32014511,639505,4833870,"P08_CFL_17","IMP",8,"8",2019,"2"
"3522","14672",32014512,641007,4833853,"P08_CFL_342","IMP",8,"8",2019,"2"
"3523","14673",32014513,642960,4833868,"P08_CFL_349","IMP",8,"8",2019,"2"
"3524","14674",32014514,642851,4833713,"P08_CFL_349","IMP",8,"8",2019,"2"
"3525","14675",32014515,640753,4833658,"P08_CFL_342","IMP",8,"8",2019,"2"
"3526","14677",32014517,641907,4833516,"P08_CFL_342","IMP",8,"8",2019,"2"
"3527","14679",32014519,642708,4833459,"P08_CFL_349","IMP",8,"8",2019,"2"
"3528","14680",32014520,643257,4833362,"P08_CFL_349","IMP",8,"8",2019,"2"
"3529","14681",32014521,641546,4833366,"P08_CFL_342","IMP",8,"8",2019,"2"
"3530","14683",32014523,642160,4833364,"P08_CFL_342","IMP",8,"8",2019,"2"
"3531","14685",32014525,642961,4833318,"P08_CFL_349","IMP",8,"8",2019,"2"
"3532","14686",32014526,639252,4833216,"P08_CFL_17","IMP",8,"8",2019,"2"
"3533","14687",32014527,643202,4833213,"P08_CFL_349","IMP",8,"8",2019,"2"
"3534","14688",32014528,642202,4833210,"P08_CFL_342","IMP",8,"8",2019,"2"
"3535","14689",32014529,640356,4833120,"P08_CFL_7","IMP",8,"8",2019,"2"
"3536","14690",32014530,640956,4833064,"P08_CFL_342","IMP",8,"8",2019,"2"
"3537","14691",32014531,642002,4833018,"P08_CFL_342","IMP",8,"8",2019,"2"
"3538","14692",32014532,639754,4832959,"P08_CFL_17","IMP",8,"8",2019,"2"
"3539","14693",32014533,641906,4832969,"P08_CFL_342","IMP",8,"8",2019,"2"
"3540","14694",32014534,639402,4832914,"P08_CFL_17","IMP",8,"8",2019,"2"
"3541","14695",32014535,640849,4832913,"P08_CFL_342","IMP",8,"8",2019,"2"
"3542","14696",32014536,641904,4832917,"P08_CFL_342","IMP",8,"8",2019,"2"
"3543","14697",32014538,639500,4832858,"P08_CFL_17","IMP",8,"8",2019,"2"
"3544","14699",32014540,641699,4832866,"P08_CFL_342","IMP",8,"8",2019,"2"
"3545","14700",32014541,641904,4832866,"P08_CFL_342","IMP",8,"8",2019,"2"
"3546","14701",32014542,640306,4832767,"P08_CFL_7","IMP",8,"8",2019,"2"
"3547","14702",32014544,642499,4832708,"P08_CFL_342","IMP",8,"8",2019,"2"
"3548","14703",32014545,640013,4832358,"P08_TSC_19","IMP",8,"8",2019,"2"
"3549","14704",32014546,639408,4832222,"P08_TSC_18","IMP",8,"8",2019,"2"
"3550","14705",32014547,641305,4832161,"P08_CFL_342","IMP",8,"8",2019,"2"
"3551","14706",32014548,640398,4832014,"P08_CFL_342","IMP",8,"8",2019,"2"
"3552","14707",32014549,640409,4831957,"P08_CFL_342","IMP",8,"8",2019,"2"
"3553","14709",32014553,642303,4831763,"P08_CFL_342","IMP",8,"8",2019,"2"
"3554","14710",32014555,641652,4831654,"P08_CFL_342","IMP",8,"8",2019,"2"
"3555","14711",32014556,640255,4831619,"P08_CFL_342","IMP",8,"8",2019,"2"
"3556","14713",32014558,642106,4831552,"P08_CFL_342","IMP",8,"8",2019,"2"
"3557","14714",32014559,641512,4831512,"P08_CFL_342","IMP",8,"8",2019,"2"
"3558","14715",32014561,640055,4831359,"P08_CFL_342","IMP",8,"8",2019,"2"
"3559","14716",32014562,640208,4831263,"P08_CFL_342","IMP",8,"8",2019,"2"
"3560","14717",32014563,639856,4831054,"P08_SC_1","IMP",8,"8",2019,"2"
"3561","14718",32014565,642406,4830863,"P08_CFL_342","IMP",8,"8",2019,"2"
"3562","14719",32014566,641804,4830816,"P08_CFL_342","IMP",8,"8",2019,"2"
"3563","14721",32014570,641107,4830722,"P08_CFL_342","IMP",8,"8",2019,"2"
"3564","14722",32014571,639902,4830664,"P08_CFL_342","IMP",8,"8",2019,"2"
"3565","14723",32014572,641802,4830665,"P08_CFL_342","IMP",8,"8",2019,"1"
"3566","14724",32014573,642251,4830607,"P08_CFL_342","IMP",8,"8",2019,"1"
"3567","14725",32014574,642408,4830606,"P08_CFL_342","IMP",8,"8",2019,"2"
"3568","14726",32014575,640054,4830457,"P08_CFL_342","IMP",8,"8",2019,"2"
"3569","14727",32014577,642603,4830366,"P08_CFL_342","IMP",8,"8",2019,"2"
"3570","14728",32014579,640011,4830315,"P08_CFL_342","IMP",8,"8",2019,"2"
"3571","14729",32014581,641347,4830263,"P08_CFL_342","IMP",8,"8",2019,"2"
"3572","14732",32014584,640199,4830059,"P08_CFL_342","IMP",8,"8",2019,"2"
"3573","14733",32014585,641011,4829913,"P08_CFL_342","IMP",8,"8",2019,"2"
"3574","14734",32014586,640504,4829765,"P08_CFL_342","IMP",8,"8",2019,"2"
"3575","14735",32014587,639801,4829758,"P08_CFL_340","IMP",8,"8",2019,"2"
"3576","14736",32014588,641703,4829561,"P08_CFL_342","IMP",8,"8",2019,"2"
"3577","14737",32014589,640607,4829515,"P08_CFL_342","IMP",8,"8",2019,"1"
"3578","14738",32014590,642305,4829412,"P08_CFL_342","IMP",8,"8",2019,"1"
"3579","14739",32014592,641858,4829315,"P08_CFL_342","IMP",8,"8",2019,"2"
"3580","14742",32014595,641903,4829061,"P08_CFL_342","IMP",8,"8",2019,"1"
"3581","14743",32014596,643453,4829015,"P08_CFL_339","IMP",8,"8",2019,"2"
"3582","14744",32014597,642709,4828960,"P08_CFL_342","IMP",8,"8",2019,"2"
"3583","14745",32014598,641912,4828906,"P08_CFL_342","IMP",8,"8",2019,"2"
"3584","14746",32014599,640798,4828859,"P08_CFL_340","IMP",8,"8",2019,"2"
"3585","14747",32014600,641103,4828652,"P08_CFL_340","IMP",8,"8",2019,"2"
"3586","14748",32014601,641708,4828509,"P08_CFL_342","IMP",8,"8",2019,"2"
"3587","14749",32014602,642208,4828364,"P08_CFL_342","IMP",8,"8",2019,"2"
"3588","14750",32014603,642856,4828311,"P08_CFL_342","IMP",8,"8",2019,"1"
"3589","14751",32014604,642056,4828213,"P08_CFL_342","IMP",8,"8",2019,"2"
"3590","14752",32014605,642812,4828110,"P08_CFL_342","IMP",8,"8",2019,"1"
"3591","14753",32014606,642408,4828059,"P08_CFL_342","IMP",8,"8",2019,"1"
"3592","14754",32014607,641205,4828022,"P08_CFL_340","IMP",8,"8",2019,"2"
"3593","14755",32014608,642260,4827903,"P08_CFL_342","IMP",8,"8",2019,"2"
"3594","14757",32014610,641354,4827913,"P08_CFL_340","IMP",8,"8",2019,"2"
"3595","14772",33001622,729711,4671498,"P13_SC_13","SC",13,"13",1998,"2"
"3596","14779",33001632,719058,4676908,"P13_CFL_150","BWC",13,"13",1998,"2"
"3597","14790",33001645,713614,4680148,"P13_SCB_42","MBC",13,"13",1998,"2"
"3598","14791",33001656,733412,4665253,"P13_CFL_102","BWC",13,"13",1998,"2"
"3599","14798",33001668,734011,4665945,"P13_CFL_108","BWC",13,"13",1998,"2"
"3600","148",31002100,536467,4935654,"P04_CFL_274","BWC",4,"U4",1998,"2"
"3601","1480",31005421,540028,4936755,"P04_CFL_61","BWC",4,"U4",2002,"2"
"3602","14800",33001670,734069,4665078,"P13_TSC_47","BWC",13,"13",1998,"2"
"3603","14802",33001672,733664,4662246,"P13_CFL_78","SC",13,"13",1998,"2"
"3604","14803",33001673,733651,4662418,"P13_CFL_78","BWC",13,"13",1998,"2"
"3605","14804",33001674,733511,4662747,"P13_CFL_86","BWC",13,"13",1998,"2"
"3606","14805",33001683,726127,4671881,"P13_CFL_205","BWC",13,"13",1998,"2"
"3607","14806",33001684,725762,4670753,"P13_CFL_128","BWC",13,"13",1998,"2"
"3608","14807",33001685,726265,4670505,"P13_CFL_128","BWC",13,"13",1998,"2"
"3609","14808",33001686,726307,4670098,"P13_CFL_128","BWC",13,"13",1998,"2"
"3610","14809",33001687,726358,4670011,"P13_CFL_128","BWC",13,"13",1998,"2"
"3611","14810",33001688,726461,4669906,"P13_CFL_128","BWC",13,"13",1998,"2"
"3612","14811",33001689,726808,4670306,"P13_CFL_128","BWC",13,"13",1998,"2"
"3613","14812",33001690,726755,4670188,"P13_CFL_128","BWC",13,"13",1998,"2"
"3614","14813",33001692,727108,4671148,"P13_CFL_128","BWC",13,"13",1998,"2"
"3615","14816",33001695,727309,4670807,"P13_CFL_128","BWC",13,"13",1998,"2"
"3616","14817",33001696,727555,4670242,"P13_CFL_128","BWC",13,"13",1998,"2"
"3617","14818",33001697,728050,4670311,"P13_TSC_37","SC",13,"13",1998,"2"
"3618","14826",33001712,732643,4664498,"P13_CFL_97","BWC",13,"13",1998,"2"
"3619","14827",33001713,732470,4664275,"P13_CFL_97","BWC",13,"13",1998,"2"
"3620","14828",33001714,733050,4664119,"P13_CFL_97","BWC",13,"13",1998,"2"
"3621","14829",33001715,733262,4664001,"P13_CFL_97","BWC",13,"13",1998,"2"
"3622","14830",33001716,733010,4663987,"P13_CFL_97","BWC",13,"13",1998,"2"
"3623","14831",33001717,732842,4663898,"P13_CFL_97","BWC",13,"13",1998,"2"
"3624","14832",33001718,732761,4663707,"P13_CFL_97","BWC",13,"13",1998,"2"
"3625","14834",33001720,733161,4663245,"P13_CFL_97","BWC",13,"13",1998,"2"
"3626","14835",33001721,732902,4663218,"P13_CFL_97","BWC",13,"13",1998,"2"
"3627","14838",33001724,732367,4662949,"P13_CFL_97","BWC",13,"13",1998,"2"
"3628","14840",33001726,732924,4662399,"P13_CFL_97","BWC",13,"13",1998,"2"
"3629","14843",33001735,729458,4670096,"P13_CFL_121","BWC",13,"13",1998,"2"
"3630","14848",33001740,733156,4668409,"P13_CFL_201","BWC",13,"13",1998,"2"
"3631","14850",33001742,733995,4668201,"P13_CFL_123","BWC",13,"13",1998,"2"
"3632","14859",33001751,732616,4668893,"P13_CFL_123","BWC",13,"13",1998,"2"
"3633","14860",33001752,733171,4668938,"P13_CFL_123","BWC",13,"13",1998,"2"
"3634","14861",33001753,733268,4668890,"P13_CFL_123","BWC",13,"13",1998,"2"
"3635","14862",33001754,733565,4669058,"P13_CFL_123","BWC",13,"13",1998,"2"
"3636","14863",33001755,733654,4668947,"P13_CFL_123","BWC",13,"13",1998,"2"
"3637","14864",33001756,733362,4668989,"P13_CFL_123","BWC",13,"13",1998,"2"
"3638","14865",33001757,733156,4669197,"P13_CFL_123","BWC",13,"13",1998,"2"
"3639","14866",33001758,733501,4669447,"P13_CFL_123","BWC",13,"13",1998,"2"
"3640","14867",33001759,733459,4669497,"P13_CFL_123","BWC",13,"13",1998,"2"
"3641","14868",33001760,733300,4669716,"P13_CFL_123","BWC",13,"13",1998,"2"
"3642","14873",33001766,734844,4662610,"P13_CFL_82","BWC",13,"13",1998,"2"
"3643","14874",33001768,735444,4659306,"P13_TSC_33","BWC",13,"13",1998,"2"
"3644","14875",33001769,735413,4659443,"P13_CFL_65","BWC",13,"13",1998,"2"
"3645","14876",33001770,735160,4659528,"P13_CFL_66","BWC",13,"13",1998,"2"
"3646","14885",33001780,736311,4657664,"P13_TSC_29","SC",13,"13",1998,"2"
"3647","14886",33001781,736585,4657503,"P13_TSC_29","SC",13,"13",1998,"2"
"3648","14888",33001783,736956,4656667,"P13_CFL_57","BWC",13,"13",1998,"2"
"3649","14891",33001787,737713,4655649,"P13_CFL_56","BWC",13,"13",1998,"2"
"3650","14892",33001789,736614,4658114,"P13_CFL_70","BWC",13,"13",1998,"2"
"3651","14893",33001790,736758,4658234,"P13_CFL_70","BWC",13,"13",1998,"2"
"3652","14894",33001791,735788,4658401,"P13_CFL_70","BWC",13,"13",1998,"2"
"3653","14895",33001792,735993,4658645,"P13_CFL_70","BWC",13,"13",1998,"2"
"3654","14896",33001796,735663,4658514,"P13_CFL_70","BWC",13,"13",1998,"2"
"3655","14897",33001797,736258,4658759,"P13_CFL_70","BWC",13,"13",1998,"2"
"3656","14898",33001798,736383,4659232,"P13_CFL_70","BWC",13,"13",1998,"2"
"3657","149",31002101,536477,4935559,"P04_CFL_274","BWC",4,"U4",1998,"2"
"3658","14900",33001800,736457,4659512,"P13_CFL_70","BWC",13,"13",1998,"2"
"3659","14901",33001801,736354,4659548,"P13_CFL_70","BWC",13,"13",1998,"2"
"3660","14902",33001802,735712,4660203,"P13_CFL_70","BWC",13,"13",1998,"2"
"3661","14903",33001803,735752,4660017,"P13_CFL_70","BWC",13,"13",1998,"2"
"3662","14904",33001804,735857,4660385,"P13_CFL_70","BWC",13,"13",1998,"2"
"3663","14905",33001805,735763,4660501,"P13_CFL_70","BWC",13,"13",1998,"2"
"3664","14906",33001806,735818,4660846,"P13_CFL_70","BWC",13,"13",1998,"2"
"3665","14910",33001810,733853,4659709,"P13_CFL_69","BWC",13,"13",1998,"2"
"3666","14915",33001815,734556,4657604,"P13_SC_4","SC",13,"13",1998,"2"
"3667","14929",33001830,736508,4652689,"P13_SCB_31","MBC",13,"13",1998,"2"
"3668","14934",33001835,736501,4652008,"P13_SCB_31","MBC",13,"13",1998,"2"
"3669","14935",33001836,736593,4652006,"P13_SCB_31","MBC",13,"13",1998,"2"
"3670","14937",33001838,737214,4660653,"P13_CFL_70","BWC",13,"13",1998,"2"
"3671","14938",33001839,737472,4660857,"P13_CFL_70","BWC",13,"13",1998,"2"
"3672","14939",33001840,737767,4660544,"P13_CFL_70","BWC",13,"13",1998,"2"
"3673","14945",33001846,737365,4660047,"P13_CFL_70","BWC",13,"13",1998,"2"
"3674","14946",33001847,736953,4659713,"P13_CFL_70","BWC",13,"13",1998,"2"
"3675","14948",33001849,738224,4659735,"P13_CFL_70","BWC",13,"13",1998,"2"
"3676","14949",33001850,738310,4659538,"P13_CFL_70","BWC",13,"13",1998,"2"
"3677","14951",33001852,737656,4659106,"P13_CFL_70","BWC",13,"13",1998,"2"
"3678","14952",33001853,737616,4659002,"P13_CFL_70","BWC",13,"13",1998,"2"
"3679","14954",33001855,737206,4659110,"P13_CFL_70","BWC",13,"13",1998,"2"
"3680","14955",33001856,737157,4658802,"P13_CFL_70","BWC",13,"13",1998,"2"
"3681","14956",33001857,738359,4658749,"P13_CFL_70","BWC",13,"13",1998,"2"
"3682","14957",33001858,738208,4658291,"P13_CFL_70","BWC",13,"13",1998,"2"
"3683","14959",33001860,737197,4658364,"P13_CFL_70","BWC",13,"13",1998,"2"
"3684","1496",31005439,539931,4935559,"P04_CFL_72","BWC",4,"U4",2002,"2"
"3685","14960",33001861,737457,4658198,"P13_CFL_70","BWC",13,"13",1998,"2"
"3686","14961",33001862,737657,4658050,"P13_CFL_70","BWC",13,"13",1998,"2"
"3687","14962",33001863,737508,4657698,"P13_CFL_70","BWC",13,"13",1998,"1"
"3688","14964",33001865,737506,4656610,"P13_CFL_70","BWC",13,"13",1998,"2"
"3689","14965",33001866,737514,4656455,"P13_CFL_70","BWC",13,"13",1998,"2"
"3690","14966",33001867,737550,4656241,"P13_CFL_70","BWC",13,"13",1998,"2"
"3691","14967",33001868,735610,4656038,"P13_SC_4","SC",13,"13",1998,"2"
"3692","14968",33001869,735352,4655506,"P13_TSC_27","BWC",13,"13",1998,"2"
"3693","14970",33001872,735594,4654997,"P13_CFL_43","SC",13,"13",1998,"2"
"3694","14971",33001873,735859,4654936,"P13_CFL_42","SC",13,"13",1998,"2"
"3695","14974",33001877,735811,4654448,"P13_TSC_27","BWC",13,"13",1998,"2"
"3696","14978",33001881,736097,4653006,"P13_CFL_24","SC",13,"13",1998,"2"
"3697","14981",33001884,735798,4652800,"P13_TSC_27","IMP",13,"13",1998,"2"
"3698","14985",33001888,734892,4652200,"P13_CFL_20","BWC",13,"13",1998,"2"
"3699","14993",33001896,735273,4650301,"P13_CFL_9","IMP",13,"13",1998,"2"
"3700","14994",33001897,734853,4650058,"P13_TSC_27","IMP",13,"13",1998,"2"
"3701","14996",33001899,734959,4649513,"P13_CFL_9","IMP",13,"13",1998,"2"
"3702","14997",33001900,734707,4649171,"P13_TSC_27","IMP",13,"13",1998,"2"
"3703","14998",33001902,735514,4648843,"P13_CFL_199","IMP",13,"13",1998,"2"
"3704","1500",31005443,535375,4938054,"P04_CFL_52","BWC",4,"U4",2002,"2"
"3705","1501",31005444,535678,4937856,"P04_SC_8","BWC",4,"U4",2002,"2"
"3706","1502",31005445,538432,4936605,"P04_CFL_60","BWC",4,"U4",2002,"2"
"3707","15020",33001929,737117,4651004,"P13_CFL_10","IMP",13,"13",1998,"2"
"3708","15022",33001931,737039,4650867,"P13_CFL_200","IMP",13,"13",1998,"2"
"3709","15024",33001933,736044,4649538,"P13_CFL_200","IMP",13,"13",1998,"2"
"3710","15025",33001934,736292,4649110,"P13_CFL_200","IMP",13,"13",1998,"1"
"3711","15026",33001935,736018,4649105,"P13_CFL_200","IMP",13,"13",1998,"2"
"3712","15027",33001936,735813,4649040,"P13_CFL_200","IMP",13,"13",1998,"2"
"3713","15028",33001937,735938,4648820,"P13_CFL_200","IMP",13,"13",1998,"2"
"3714","15029",33001938,736104,4648581,"P13_CFL_200","IMP",13,"13",1998,"2"
"3715","1503",31005446,538629,4936608,"P04_CFL_60","BWC",4,"U4",2002,"2"
"3716","15030",33001939,735954,4648555,"P13_CFL_200","IMP",13,"13",1998,"1"
"3717","15031",33001940,735760,4648662,"P13_CFL_200","IMP",13,"13",1998,"2"
"3718","15032",33001941,735402,4648622,"P13_CFL_199","IMP",13,"13",1998,"2"
"3719","15033",33001942,735500,4648532,"P13_CFL_199","IMP",13,"13",1998,"2"
"3720","15034",33001943,735331,4648660,"P13_CFL_199","IMP",13,"13",1998,"2"
"3721","15035",33001944,735160,4648598,"P13_USCB_20","MBC",13,"13",1998,"1"
"3722","15038",33001948,736255,4647892,"P13_CFL_200","IMP",13,"13",1998,"2"
"3723","15039",33001949,735806,4647804,"P13_CFL_200","IMP",13,"13",1998,"2"
"3724","15041",33001951,735855,4647635,"P13_CFL_200","IMP",13,"13",1998,"2"
"3725","15047",33001958,735871,4646591,"P13_SC_1","MBC",13,"13",1998,"2"
"3726","15049",33001960,734159,4650840,"P13_CFL_6","IMP",13,"13",1998,"2"
"3727","15050",33001961,733965,4650921,"P13_CFL_6","IMP",13,"13",1998,"2"
"3728","15051",33001962,733908,4650006,"P13_CFL_6","IMP",13,"13",1998,"2"
"3729","15052",33001963,733954,4649455,"P13_CFL_6","IMP",13,"13",1998,"2"
"3730","15053",33001964,733930,4649399,"P13_CFL_6","IMP",13,"13",1998,"2"
"3731","15054",33001965,733769,4649332,"P13_CFL_6","IMP",13,"13",1998,"2"
"3732","15057",33001970,734571,4648103,"P13_CFL_198","IMP",13,"13",1998,"2"
"3733","15058",33001971,734350,4647686,"P13_CFL_198","IMP",13,"13",1998,"2"
"3734","15059",33001972,734021,4647806,"P13_CFL_198","IMP",13,"13",1998,"2"
"3735","1506",31005449,542929,4936259,"P04_CFL_67","BWC",4,"U4",2002,"2"
"3736","15060",33001973,733956,4647790,"P13_CFL_198","IMP",13,"13",1998,"2"
"3737","15061",33001974,733603,4647692,"P13_CFL_198","IMP",13,"13",1998,"2"
"3738","15062",33001975,733751,4647664,"P13_CFL_198","IMP",13,"13",1998,"2"
"3739","15064",33001977,734001,4646682,"P13_CFL_198","IMP",13,"13",1998,"2"
"3740","15067",33001980,736756,4649694,"P13_CFL_200","IMP",13,"13",1998,"2"
"3741","15068",33001981,736568,4649779,"P13_CFL_200","IMP",13,"13",1998,"2"
"3742","15077",33001990,738758,4649196,"P13_CFL_200","IMP",13,"13",1998,"2"
"3743","1508",31005452,542829,4935908,"P04_CFL_67","BWC",4,"U4",2002,"2"
"3744","15080",33001993,737607,4649113,"P13_CFL_200","IMP",13,"13",1998,"2"
"3745","15084",33001997,737742,4648756,"P13_CFL_200","IMP",13,"13",1998,"2"
"3746","15087",33002000,737556,4648456,"P13_CFL_200","IMP",13,"13",1998,"1"
"3747","15089",33002002,737649,4648456,"P13_CFL_200","IMP",13,"13",1998,"2"
"3748","15090",33002003,736999,4648744,"P13_TSC_24","IMP",13,"13",1998,"2"
"3749","15092",33002005,739410,4646972,"P13_CFL_3","BWC",13,"13",1998,"2"
"3750","15093",33002006,739147,4647207,"P13_CFL_3","BWC",13,"13",1998,"2"
"3751","15094",33002007,739401,4647238,"P13_CFL_3","BWC",13,"13",1998,"2"
"3752","15095",33002008,738659,4644602,"P13_CFL_200","BWC",13,"13",1998,"2"
"3753","15096",33002009,738672,4644445,"P13_CFL_200","BWC",13,"13",1998,"2"
"3754","15097",33002010,738558,4645927,"P13_CFL_2","BWC",13,"13",1998,"2"
"3755","15098",33002011,738651,4645775,"P13_CFL_2","BWC",13,"13",1998,"2"
"3756","15099",33002012,738269,4644570,"P13_CFL_200","IMP",13,"13",1998,"2"
"3757","151",31002103,579185,4917709,"P04_CFL_19","BWC",4,"L4",1998,"2"
"3758","15100",33002013,738148,4644414,"P13_CFL_200","IMP",13,"13",1998,"2"
"3759","15101",33002014,738067,4643850,"P13_CFL_200","IMP",13,"13",1998,"2"
"3760","15102",33002015,738233,4643512,"P13_CFL_200","IMP",13,"13",1998,"2"
"3761","15103",33002016,737844,4643301,"P13_CFL_200","IMP",13,"13",1998,"2"
"3762","15104",33002017,737712,4643397,"P13_CFL_200","IMP",13,"13",1998,"2"
"3763","15105",33002018,737791,4643499,"P13_CFL_200","IMP",13,"13",1998,"2"
"3764","15106",33002019,737138,4648482,"P13_TSC_24","IMP",13,"13",1998,"2"
"3765","15114",33002027,738413,4647960,"P13_CFL_200","IMP",13,"13",1998,"2"
"3766","15119",33002032,738302,4647146,"P13_CFL_200","IMP",13,"13",1998,"2"
"3767","15120",33002033,738299,4646843,"P13_CFL_200","IMP",13,"13",1998,"2"
"3768","15136",33002049,736709,4646292,"P13_CFL_200","IMP",13,"13",1998,"2"
"3769","15138",33002051,737416,4646408,"P13_CFL_200","IMP",13,"13",1998,"1"
"3770","1514",31005458,544130,4934209,"P04_CFL_15","BWC",4,"U4",2002,"2"
"3771","15143",33002056,737970,4645752,"P13_CFL_200","IMP",13,"13",1998,"2"
"3772","15144",33002057,738149,4645759,"P13_CFL_200","IMP",13,"13",1998,"2"
"3773","15145",33002058,737443,4643043,"P13_CFL_200","IMP",13,"13",1998,"2"
"3774","15146",33002059,737355,4643150,"P13_CFL_200","IMP",13,"13",1998,"2"
"3775","15147",33002060,736892,4643202,"P13_CFL_200","IMP",13,"13",1998,"2"
"3776","15148",33002061,737651,4643694,"P13_CFL_200","IMP",13,"13",1998,"2"
"3777","15149",33002062,737909,4644405,"P13_CFL_200","IMP",13,"13",1998,"2"
"3778","1515",31005459,544681,4933702,"P04_CFL_15","BWC",4,"U4",2002,"2"
"3779","15150",33002063,737629,4644424,"P13_CFL_200","IMP",13,"13",1998,"2"
"3780","15151",33002064,737752,4644541,"P13_CFL_200","IMP",13,"13",1998,"2"
"3781","15152",33002065,737752,4644811,"P13_CFL_200","IMP",13,"13",1998,"2"
"3782","15153",33002066,738004,4645142,"P13_CFL_200","IMP",13,"13",1998,"2"
"3783","15154",33002067,738053,4645296,"P13_CFL_200","IMP",13,"13",1998,"2"
"3784","15155",33002068,734370,4642606,"P13_CFL_198","IMP",13,"13",1998,"2"
"3785","15156",33002069,734407,4642852,"P13_CFL_198","IMP",13,"13",1998,"2"
"3786","15157",33002070,734308,4642962,"P13_CFL_198","IMP",13,"13",1998,"2"
"3787","15159",33002072,734813,4642917,"P13_CFL_198","IMP",13,"13",1998,"2"
"3788","1516",31005460,545179,4933555,"P04_CFL_15","BWC",4,"U4",2002,"2"
"3789","15162",33002075,734013,4643381,"P13_CFL_198","IMP",13,"13",1998,"2"
"3790","15163",33002076,734562,4643606,"P13_CFL_198","IMP",13,"13",1998,"2"
"3791","15164",33002077,733762,4645182,"P13_CFL_198","IMP",13,"13",1998,"2"
"3792","15165",33002078,734008,4646351,"P13_CFL_198","IMP",13,"13",1998,"2"
"3793","15166",33002079,734157,4646247,"P13_CFL_198","IMP",13,"13",1998,"2"
"3794","15167",33002080,734193,4646415,"P13_CFL_198","IMP",13,"13",1998,"2"
"3795","15171",33002084,737455,4642941,"P13_CFL_200","IMP",13,"13",1998,"2"
"3796","15179",33002092,734046,4645694,"P13_CFL_198","IMP",13,"13",1998,"1"
"3797","15184",33002097,734354,4644347,"P13_CFL_198","IMP",13,"13",1998,"1"
"3798","15185",33002098,734598,4644155,"P13_CFL_198","IMP",13,"13",1998,"2"
"3799","15186",33002099,734664,4643996,"P13_CFL_198","IMP",13,"13",1998,"2"
"3800","15187",33002100,734754,4643951,"P13_CFL_198","IMP",13,"13",1998,"2"
"3801","15188",33002101,735213,4643710,"P13_CFL_198","IMP",13,"13",1998,"2"
"3802","15189",33002102,735210,4643585,"P13_CFL_198","IMP",13,"13",1998,"2"
"3803","15195",33002109,735256,4643296,"P13_CFL_198","IMP",13,"13",1998,"2"
"3804","152",31002104,578380,4917603,"P04_TSC_36","BWC",4,"L4",1998,"2"
"3805","15218",33002134,735621,4645090,"P13_CFL_198","IMP",13,"13",1998,"2"
"3806","15219",33002135,734910,4645133,"P13_CFL_198","IMP",13,"13",1998,"2"
"3807","1522",31005467,539730,4935960,"P04_TSC_11","BWC",4,"U4",2002,"2"
"3808","15223",33002139,734253,4650296,"P13_CFL_6","IMP",13,"13",1998,"2"
"3809","15224",33002140,734512,4650446,"P13_CFL_6","IMP",13,"13",1998,"2"
"3810","15225",33002142,734158,4649847,"P13_CFL_6","IMP",13,"13",1998,"2"
"3811","15269",33002513,732961,4662188,"P13_CFL_97","BWC",13,"13",1999,"2"
"3812","1527",31005472,575278,4918955,"P04_CFL_130","BWC",4,"L4",2002,"2"
"3813","15270",33002514,733197,4662120,"P13_CFL_97","BWC",13,"13",1999,"2"
"3814","15271",33002516,732600,4664090,"P13_CFL_97","BWC",13,"13",1999,"2"
"3815","15272",33002517,732643,4664214,"P13_CFL_97","BWC",13,"13",1999,"2"
"3816","15273",33002518,732657,4664365,"P13_CFL_97","BWC",13,"13",1999,"2"
"3817","15274",33002519,732801,4664153,"P13_CFL_97","BWC",13,"13",1999,"2"
"3818","15275",33002520,733005,4664649,"P13_CFL_97","BWC",13,"13",1999,"2"
"3819","15279",33002524,734027,4660304,"P13_CFL_69","BWC",13,"13",1999,"2"
"3820","1528",31005473,575230,4918905,"P04_TSC_36","BWC",4,"L4",2002,"2"
"3821","15286",33002533,735004,4662618,"P13_CFL_82","BWC",13,"13",1999,"2"
"3822","15289",33002536,734705,4662237,"P13_CFL_82","BWC",13,"13",1999,"2"
"3823","1529",31005474,574982,4917708,"P04_TSC_36","BWC",4,"L4",2002,"2"
"3824","15291",33002539,735455,4661442,"P13_CFL_73","BWC",13,"13",1999,"2"
"3825","15292",33002541,735309,4659454,"P13_CFL_66","BWC",13,"13",1999,"2"
"3826","15294",33002543,735448,4658967,"P13_TSC_33","SC",13,"13",1999,"2"
"3827","1530",31005475,579180,4915108,"P04_CFL_19","BWC",4,"L4",2002,"2"
"3828","15302",33002551,735967,4655755,"P13_SC_4","MBC",13,"13",1999,"2"
"3829","15303",33002552,735406,4656544,"P13_CFL_58","BWC",13,"13",1999,"2"
"3830","15309",33002559,735555,4655643,"P13_TSC_27","SC",13,"13",1999,"2"
"3831","1531",31005476,579176,4914954,"P04_CFL_19","BWC",4,"L4",2002,"2"
"3832","15316",33002566,736673,4652739,"P13_SCB_31","MBC",13,"13",1999,"2"
"3833","1532",31005477,571780,4918863,"P04_CFL_20","BWC",4,"L4",2002,"2"
"3834","15320",33002570,736714,4652165,"P13_SCB_31","MBC",13,"13",1999,"2"
"3835","15321",33002571,736557,4651913,"P13_SCB_31","MBC",13,"13",1999,"2"
"3836","15322",33002572,736002,4651317,"P13_CFL_14","IMP",13,"13",1999,"2"
"3837","15323",33002573,735811,4651449,"P13_CFL_14","IMP",13,"13",1999,"2"
"3838","15325",33002575,735941,4651944,"P13_CFL_14","IMP",13,"13",1999,"2"
"3839","15326",33002576,735859,4652104,"P13_CFL_19","IMP",13,"13",1999,"2"
"3840","15327",33002577,735598,4652095,"P13_TSC_27","IMP",13,"13",1999,"2"
"3841","1533",31005478,571731,4918306,"P04_CFL_20","BWC",4,"L4",2002,"2"
"3842","15339",33002589,735907,4654110,"P13_TSC_27","SC",13,"13",1999,"2"
"3843","1534",31005479,571931,4919007,"P04_CFL_20","BWC",4,"L4",2002,"2"
"3844","15341",33002591,736241,4653379,"P13_TSC_27","SC",13,"13",1999,"2"
"3845","15342",33002592,737469,4653052,"P13_CFL_23","BWC",13,"13",1999,"2"
"3846","15345",33002595,737671,4653642,"P13_SC_2","BWC",13,"13",1999,"2"
"3847","15348",33002598,736866,4654259,"P13_SCB_45","MBC",13,"13",1999,"2"
"3848","1535",31005480,572184,4918360,"P04_CFL_20","BWC",4,"L4",2002,"2"
"3849","15352",33002602,736409,4656163,"P13_SCB_45","MBC",13,"13",1999,"2"
"3850","15353",33002603,736687,4657506,"P13_TSC_29","SC",13,"13",1999,"2"
"3851","15354",33002605,736976,4656468,"P13_CFL_57","BWC",13,"13",1999,"2"
"3852","15355",33002606,736505,4656561,"P13_SC_2","SC",13,"13",1999,"2"
"3853","15359",33002610,737470,4655861,"P13_CFL_56","BWC",13,"13",1999,"2"
"3854","1536",31005481,571483,4918405,"P04_CFL_20","BWC",4,"L4",2002,"2"
"3855","15360",33002611,736539,4658804,"P13_CFL_70","BWC",13,"13",1999,"2"
"3856","15361",33002613,736059,4659034,"P13_CFL_70","BWC",13,"13",1999,"2"
"3857","15362",33002614,736269,4659133,"P13_CFL_70","BWC",13,"13",1999,"2"
"3858","15363",33002615,736516,4659347,"P13_CFL_70","BWC",13,"13",1999,"2"
"3859","15364",33002616,736604,4659452,"P13_CFL_70","BWC",13,"13",1999,"2"
"3860","15365",33002617,736290,4659659,"P13_CFL_70","BWC",13,"13",1999,"2"
"3861","15366",33002618,736256,4659688,"P13_CFL_70","BWC",13,"13",1999,"2"
"3862","15367",33002619,736175,4659746,"P13_CFL_70","BWC",13,"13",1999,"2"
"3863","15368",33002620,736217,4659911,"P13_CFL_70","BWC",13,"13",1999,"2"
"3864","15369",33002621,735806,4659905,"P13_CFL_70","BWC",13,"13",1999,"2"
"3865","1537",31005482,571828,4918507,"P04_CFL_20","BWC",4,"L4",2002,"2"
"3866","15370",33002622,735852,4660004,"P13_CFL_70","BWC",13,"13",1999,"2"
"3867","15371",33002623,736467,4661106,"","BWC",13,"13",1999,"2"
"3868","15372",33002624,735996,4660302,"P13_CFL_70","BWC",13,"13",1999,"2"
"3869","15373",33002625,735874,4660955,"P13_CFL_70","BWC",13,"13",1999,"2"
"3870","15376",33002628,737894,4655560,"P13_CFL_56","BWC",13,"13",1999,"1"
"3871","15377",33002629,738067,4655509,"P13_CFL_56","BWC",13,"13",1999,"1"
"3872","15378",33002630,737515,4655455,"P13_CFL_55","BWC",13,"13",1999,"2"
"3873","15379",33002631,737600,4655233,"P13_CFL_55","BWC",13,"13",1999,"2"
"3874","1538",31005483,571379,4918905,"P04_CFL_20","BWC",4,"L4",2002,"2"
"3875","15380",33002632,737149,4655260,"P13_CFL_55","BWC",13,"13",1999,"2"
"3876","15381",33002633,737255,4655256,"P13_CFL_55","BWC",13,"13",1999,"2"
"3877","15383",33002652,737466,4656610,"P13_CFL_70","BWC",13,"13",1999,"2"
"3878","15385",33002654,735906,4657862,"P13_CFL_70","BWC",13,"13",1999,"2"
"3879","15386",33002655,735795,4658093,"P13_CFL_70","BWC",13,"13",1999,"2"
"3880","15387",33002656,735713,4658043,"P13_CFL_70","BWC",13,"13",1999,"2"
"3881","15388",33002657,735659,4658258,"P13_CFL_70","BWC",13,"13",1999,"2"
"3882","15389",33002658,735720,4658501,"P13_CFL_70","BWC",13,"13",1999,"2"
"3883","1539",31005484,579581,4911754,"P04_CFL_44","BWC",4,"L4",2002,"2"
"3884","15390",33002659,735819,4658445,"P13_CFL_70","BWC",13,"13",1999,"2"
"3885","15391",33002660,736306,4658289,"P13_CFL_70","BWC",13,"13",1999,"2"
"3886","15392",33002661,736169,4658256,"P13_CFL_70","BWC",13,"13",1999,"2"
"3887","15393",33002662,736366,4658391,"P13_CFL_70","BWC",13,"13",1999,"2"
"3888","15394",33002663,736561,4658238,"P13_CFL_70","BWC",13,"13",1999,"2"
"3889","15395",33002664,737213,4659297,"P13_CFL_70","BWC",13,"13",1999,"2"
"3890","15396",33002665,738207,4659655,"P13_CFL_70","BWC",13,"13",1999,"2"
"3891","15397",33002666,737951,4659713,"P13_CFL_70","BWC",13,"13",1999,"2"
"3892","15398",33002667,737406,4659603,"P13_CFL_70","BWC",13,"13",1999,"2"
"3893","15399",33002668,737304,4659452,"P13_CFL_70","BWC",13,"13",1999,"2"
"3894","1540",31005485,577778,4916805,"P04_CFL_271","BWC",4,"L4",2002,"2"
"3895","15400",33002669,736910,4659359,"P13_CFL_70","BWC",13,"13",1999,"2"
"3896","15401",33002670,737009,4659798,"P13_CFL_70","BWC",13,"13",1999,"2"
"3897","15402",33002671,737511,4659713,"P13_CFL_70","BWC",13,"13",1999,"2"
"3898","15403",33002672,737654,4659802,"P13_CFL_70","BWC",13,"13",1999,"2"
"3899","15404",33002673,738152,4659906,"P13_CFL_70","BWC",13,"13",1999,"1"
"3900","15405",33002674,737664,4660051,"P13_CFL_70","BWC",13,"13",1999,"2"
"3901","15406",33002675,737215,4660296,"P13_CFL_70","BWC",13,"13",1999,"2"
"3902","15407",33002676,737499,4660311,"P13_CFL_70","BWC",13,"13",1999,"2"
"3903","15408",33002677,737614,4660741,"P13_CFL_70","BWC",13,"13",1999,"2"
"3904","1541",31005486,582635,4914153,"P04_TSC_34","BWC",4,"L4",2002,"2"
"3905","15410",33002679,736103,4649204,"P13_CFL_200","IMP",13,"13",1999,"2"
"3906","15413",33002682,736577,4649653,"P13_CFL_200","IMP",13,"13",1999,"1"
"3907","15414",33002683,736308,4649701,"P13_CFL_200","IMP",13,"13",1999,"2"
"3908","15415",33002684,736216,4649754,"P13_CFL_200","IMP",13,"13",1999,"2"
"3909","15416",33002685,736458,4649952,"P13_CFL_200","IMP",13,"13",1999,"2"
"3910","15419",33002688,736509,4650158,"P13_CFL_200","IMP",13,"13",1999,"2"
"3911","1542",31005487,582632,4913554,"P04_CFL_264","BWC",4,"L4",2002,"2"
"3912","15422",33002691,737022,4650902,"P13_CFL_200","IMP",13,"13",1999,"2"
"3913","15427",33002696,738050,4651156,"P13_SC_2","IMP",13,"13",1999,"2"
"3914","1543",31005488,582683,4913556,"P04_CFL_264","BWC",4,"L4",2002,"2"
"3915","15433",33002702,738354,4656554,"P13_CFL_70","BWC",13,"13",1999,"2"
"3916","15436",33002705,737560,4658050,"P13_CFL_70","BWC",13,"13",1999,"2"
"3917","15437",33002706,737909,4658107,"P13_CFL_70","BWC",13,"13",1999,"2"
"3918","15438",33002707,738254,4658150,"P13_CFL_70","BWC",13,"13",1999,"2"
"3919","1544",31005489,582680,4913456,"P04_CFL_264","BWC",4,"L4",2002,"1"
"3920","15441",33002710,738303,4658749,"P13_CFL_70","BWC",13,"13",1999,"2"
"3921","1545",31005490,582729,4913307,"P04_CFL_264","BWC",4,"L4",2002,"2"
"3922","15451",33002720,732955,4669906,"P13_CFL_123","BWC",13,"13",1999,"2"
"3923","15452",33002721,733063,4669698,"P13_CFL_123","BWC",13,"13",1999,"2"
"3924","1546",31005491,585228,4911410,"P04_CFL_269","BWC",4,"L4",2002,"2"
"3925","15461",33002730,734071,4668156,"P13_CFL_123","BWC",13,"13",1999,"2"
"3926","15467",33002740,732101,4668709,"P13_CFL_123","BWC",13,"13",1999,"2"
"3927","1547",31005492,584178,4911253,"P04_CFL_254","BWC",4,"L4",2002,"2"
"3928","15471",33002747,737605,4650942,"P13_CFL_200","IMP",13,"13",1999,"2"
"3929","15473",33002749,737356,4650464,"P13_CFL_200","IMP",13,"13",1999,"2"
"3930","15477",33002753,737758,4650208,"P13_CFL_200","IMP",13,"13",1999,"2"
"3931","15478",33002754,737868,4650102,"P13_CFL_200","IMP",13,"13",1999,"2"
"3932","1548",31005493,584336,4910953,"P04_TSC_31","BWC",4,"L4",2002,"2"
"3933","15485",33002761,737706,4649353,"P13_CFL_200","IMP",13,"13",1999,"2"
"3934","15489",33002765,738460,4649060,"P13_CFL_200","IMP",13,"13",1999,"2"
"3935","1549",31005494,584631,4910958,"P04_CFL_268","BWC",4,"L4",2002,"2"
"3936","15492",33002768,737666,4648710,"P13_CFL_200","IMP",13,"13",1999,"2"
"3937","15493",33002769,737804,4648646,"P13_CFL_200","IMP",13,"13",1999,"2"
"3938","15498",33002774,737713,4648556,"P13_CFL_200","IMP",13,"13",1999,"2"
"3939","155",31002107,571985,4918416,"P04_CFL_20","BWC",4,"L4",1998,"2"
"3940","1550",31005495,584528,4910753,"P04_TSC_31","BWC",4,"L4",2002,"2"
"3941","15508",33002784,736563,4648198,"P13_CFL_200","IMP",13,"13",1999,"2"
"3942","1552",31005497,585475,4910358,"P04_CFL_251","BWC",4,"L4",2002,"2"
"3943","15526",33002802,729854,4669342,"P13_CFL_204","BWC",13,"13",1999,"2"
"3944","15528",33002804,729014,4669634,"P13_CFL_120","BWC",13,"13",1999,"2"
"3945","15529",33002805,726917,4671299,"P13_CFL_128","BWC",13,"13",1999,"2"
"3946","1553",31005498,579577,4917507,"P04_CFL_19","BWC",4,"L4",2002,"2"
"3947","15530",33002806,727504,4670558,"P13_CFL_128","BWC",13,"13",1999,"2"
"3948","15531",33002807,727618,4670356,"P13_CFL_128","BWC",13,"13",1999,"2"
"3949","15532",33002808,727696,4670297,"P13_CFL_128","BWC",13,"13",1999,"2"
"3950","15533",33002809,727702,4670092,"P13_CFL_128","BWC",13,"13",1999,"2"
"3951","15534",33002810,727654,4670052,"P13_CFL_128","BWC",13,"13",1999,"2"
"3952","15535",33002811,726601,4670553,"P13_CFL_128","BWC",13,"13",1999,"2"
"3953","15536",33002812,726660,4670747,"P13_CFL_128","BWC",13,"13",1999,"2"
"3954","15537",33002813,726339,4670850,"P13_CFL_128","BWC",13,"13",1999,"2"
"3955","15538",33002814,726452,4670640,"P13_CFL_128","BWC",13,"13",1999,"2"
"3956","15539",33002815,726318,4670594,"P13_CFL_128","BWC",13,"13",1999,"2"
"3957","1554",31005499,579825,4917201,"P04_CFL_19","BWC",4,"L4",2002,"2"
"3958","15540",33002816,726054,4669993,"P13_CFL_128","BWC",13,"13",1999,"2"
"3959","15541",33002817,726006,4670142,"P13_CFL_128","BWC",13,"13",1999,"2"
"3960","15542",33002818,725790,4670361,"P13_CFL_128","BWC",13,"13",1999,"2"
"3961","15545",33002821,720968,4674154,"P13_CFL_143","BWC",13,"13",1999,"2"
"3962","15551",33002827,734312,4646657,"P13_CFL_198","IMP",13,"13",1999,"2"
"3963","15552",33002828,734058,4646900,"P13_CFL_198","IMP",13,"13",1999,"1"
"3964","15553",33002829,734163,4647046,"P13_CFL_198","IMP",13,"13",1999,"2"
"3965","15554",33002830,734514,4647346,"P13_CFL_198","IMP",13,"13",1999,"2"
"3966","15555",33002831,734266,4647507,"P13_CFL_198","IMP",13,"13",1999,"2"
"3967","15556",33002832,733954,4647755,"P13_CFL_198","IMP",13,"13",1999,"2"
"3968","15557",33002833,733719,4647799,"P13_CFL_198","IMP",13,"13",1999,"2"
"3969","15558",33002834,734014,4647902,"P13_CFL_198","IMP",13,"13",1999,"2"
"3970","15559",33002835,734361,4647889,"P13_CFL_198","IMP",13,"13",1999,"2"
"3971","1556",31005501,579925,4917013,"P04_CFL_19","BWC",4,"L4",2002,"2"
"3972","15560",33002836,734210,4648151,"P13_CFL_198","IMP",13,"13",1999,"2"
"3973","15561",33002837,734259,4648600,"P13_CFL_6","IMP",13,"13",1999,"2"
"3974","15562",33002838,734113,4648637,"P13_CFL_6","IMP",13,"13",1999,"2"
"3975","15563",33002839,734258,4649247,"P13_CFL_6","IMP",13,"13",1999,"2"
"3976","15564",33002840,734505,4649396,"P13_CFL_6","IMP",13,"13",1999,"2"
"3977","15565",33002841,734661,4649393,"P13_TSC_27","SC",13,"13",1999,"2"
"3978","15566",33002844,735159,4649794,"P13_USCB_4","MBC",13,"13",1999,"2"
"3979","15567",33002845,734057,4650848,"P13_CFL_6","IMP",13,"13",1999,"2"
"3980","15568",33002846,734006,4650656,"P13_CFL_6","IMP",13,"13",1999,"2"
"3981","15569",33002847,734048,4650160,"P13_CFL_6","IMP",13,"13",1999,"2"
"3982","15570",33002848,733708,4649852,"P13_CFL_6","IMP",13,"13",1999,"2"
"3983","15571",33002849,733907,4649850,"P13_CFL_6","IMP",13,"13",1999,"2"
"3984","15572",33002850,733669,4649708,"P13_CFL_6","IMP",13,"13",1999,"2"
"3985","15573",33002851,733510,4649508,"P13_CFL_6","IMP",13,"13",1999,"2"
"3986","15574",33002852,733715,4649302,"P13_CFL_6","IMP",13,"13",1999,"2"
"3987","1558",31005503,579779,4916852,"P04_CFL_19","BWC",4,"L4",2002,"2"
"3988","1559",31005504,580777,4916860,"P04_CFL_19","BWC",4,"L4",2002,"2"
"3989","156",31002109,572181,4918457,"P04_CFL_20","BWC",4,"L4",1998,"2"
"3990","1560",31005505,579429,4916661,"P04_CFL_19","BWC",4,"L4",2002,"2"
"3991","15603",33002881,735498,4648996,"P13_CFL_199","IMP",13,"13",1999,"2"
"3992","15604",33002882,735254,4648861,"P13_USCB_20","MBC",13,"13",1999,"2"
"3993","15605",33002883,734909,4648903,"P13_USCB_4","IMP",13,"13",1999,"2"
"3994","1561",31005506,580880,4916656,"P04_CFL_19","BWC",4,"L4",2002,"2"
"3995","15610",33002888,735406,4648352,"P13_CFL_199","IMP",13,"13",1999,"2"
"3996","15611",33002889,735705,4648343,"P13_CFL_200","IMP",13,"13",1999,"2"
"3997","15612",33002890,735958,4648594,"P13_CFL_200","IMP",13,"13",1999,"2"
"3998","15614",33002892,735893,4648102,"P13_CFL_200","IMP",13,"13",1999,"1"
"3999","15615",33002893,735903,4648057,"P13_CFL_200","IMP",13,"13",1999,"2"
"4000","15617",33002895,735307,4647857,"P13_CFL_199","IMP",13,"13",1999,"2"
"4001","15618",33002896,735403,4647748,"P13_CFL_199","IMP",13,"13",1999,"2"
"4002","15619",33002897,734811,4647952,"P13_CFL_198","IMP",13,"13",1999,"2"
"4003","1562",31005507,579529,4916606,"P04_CFL_19","BWC",4,"L4",2002,"1"
"4004","15633",33002911,735558,4644839,"P13_CFL_198","IMP",13,"13",1999,"1"
"4005","15634",33002912,735212,4643996,"P13_CFL_198","IMP",13,"13",1999,"2"
"4006","15636",33002914,738611,4645255,"P13_CFL_2","BWC",13,"13",1999,"2"
"4007","15637",33002915,738558,4645197,"P13_CFL_2","BWC",13,"13",1999,"2"
"4008","15638",33002916,738814,4644747,"P13_CFL_3","BWC",13,"13",1999,"2"
"4009","15639",33002917,739096,4645049,"P13_CFL_3","BWC",13,"13",1999,"2"
"4010","15640",33002918,739411,4646954,"P13_CFL_3","BWC",13,"13",1999,"2"
"4011","15641",33002919,737816,4643293,"P13_CFL_200","IMP",13,"13",1999,"2"
"4012","15642",33002921,737457,4642899,"P13_CFL_200","IMP",13,"13",1999,"2"
"4013","15643",33002922,737307,4643411,"P13_CFL_200","IMP",13,"13",1999,"2"
"4014","15644",33002924,737257,4643512,"P13_CFL_200","IMP",13,"13",1999,"2"
"4015","15645",33002925,737322,4643636,"P13_CFL_200","IMP",13,"13",1999,"2"
"4016","15647",33002927,734564,4642500,"P13_CFL_198","IMP",13,"13",1999,"2"
"4017","15648",33002928,734603,4642552,"P13_CFL_198","IMP",13,"13",1999,"2"
"4018","15649",33002929,734409,4642602,"P13_CFL_198","IMP",13,"13",1999,"2"
"4019","1565",31005510,581133,4916414,"P04_CFL_19","BWC",4,"L4",2002,"2"
"4020","15650",33002930,734310,4642904,"P13_CFL_198","IMP",13,"13",1999,"2"
"4021","15663",33002943,737858,4644747,"P13_CFL_200","IMP",13,"13",1999,"2"
"4022","15665",33002945,737500,4644397,"P13_CFL_200","IMP",13,"13",1999,"1"
"4023","15666",33002946,737355,4644253,"P13_TSC_23","IMP",13,"13",1999,"2"
"4024","15670",33002950,736611,4643344,"P13_TSC_23","IMP",13,"13",1999,"2"
"4025","15671",33002951,736662,4643233,"P13_CFL_200","IMP",13,"13",1999,"2"
"4026","15672",33002952,736704,4642800,"P13_CFL_200","IMP",13,"13",1999,"2"
"4027","15673",33002953,736414,4642753,"P13_CFL_200","IMP",13,"13",1999,"2"
"4028","15678",33002958,735802,4646993,"P13_SC_1","IMP",13,"13",1999,"1"
"4029","15679",33002959,736617,4646845,"P13_CFL_200","IMP",13,"13",1999,"2"
"4030","1568",31005513,580231,4916254,"P04_CFL_19","BWC",4,"L4",2002,"1"
"4031","15686",33002966,737262,4647006,"P13_CFL_200","IMP",13,"13",1999,"2"
"4032","15688",33002968,738159,4647159,"P13_CFL_200","IMP",13,"13",1999,"2"
"4033","1569",31005514,580585,4916202,"P04_CFL_19","BWC",4,"L4",2002,"2"
"4034","15693",33002973,737409,4646159,"P13_CFL_200","IMP",13,"13",1999,"2"
"4035","15695",33002975,737353,4645844,"P13_CFL_200","IMP",13,"13",1999,"2"
"4036","157",31002110,571725,4918619,"P04_CFL_20","BWC",4,"L4",1998,"2"
"4037","15700",33002980,738108,4645653,"P13_CFL_200","IMP",13,"13",1999,"2"
"4038","15703",33002983,736708,4646655,"P13_CFL_200","IMP",13,"13",1999,"2"
"4039","15711",33002991,735456,4645200,"P13_CFL_198","IMP",13,"13",1999,"1"
"4040","15712",33002992,735005,4645050,"P13_CFL_198","IMP",13,"13",1999,"1"
"4041","15714",33002994,735310,4643601,"P13_CFL_198","IMP",13,"13",1999,"1"
"4042","15715",33002995,735103,4643456,"P13_CFL_198","IMP",13,"13",1999,"1"
"4043","15716",33002996,735149,4643343,"P13_CFL_198","IMP",13,"13",1999,"1"
"4044","15717",33002997,734959,4643439,"P13_CFL_198","IMP",13,"13",1999,"1"
"4045","15718",33002998,734808,4642964,"P13_CFL_198","IMP",13,"13",1999,"1"
"4046","1572",31005517,581432,4916015,"P04_CFL_19","BWC",4,"L4",2002,"2"
"4047","15720",33003000,734566,4643286,"P13_TSC_21","IMP",13,"13",1999,"2"
"4048","15721",33003001,734665,4643463,"P13_CFL_198","IMP",13,"13",1999,"2"
"4049","15723",33003003,734399,4643813,"P13_CFL_198","IMP",13,"13",1999,"2"
"4050","15725",33003005,734447,4644312,"P13_CFL_198","IMP",13,"13",1999,"1"
"4051","15726",33003006,734647,4644607,"P13_CFL_198","IMP",13,"13",1999,"1"
"4052","15733",33003013,734165,4647400,"P13_CFL_198","IMP",13,"13",1999,"2"
"4053","15734",33003014,738628,4657241,"","BWC",13,"13",1999,"2"
"4054","1574",31005519,580281,4915857,"P04_CFL_19","BWC",4,"L4",2002,"1"
"4055","1575",31005520,581634,4915854,"P04_CFL_19","BWC",4,"L4",2002,"2"
"4056","1576",31005521,579181,4915810,"P04_TSC_25","BWC",4,"L4",2002,"2"
"4057","1577",31005522,581040,4915661,"P04_CFL_19","BWC",4,"L4",2002,"1"
"4058","1578",31005523,581390,4915557,"P04_CFL_19","BWC",4,"L4",2002,"2"
"4059","15796",33003333,732750,4668104,"P13_CFL_201","SC",13,"13",2000,"2"
"4060","158",31002111,571431,4918862,"","BWC",4,"L4",1998,"2"
"4061","1580",31005525,581137,4915303,"P04_CFL_19","BWC",4,"L4",2002,"2"
"4062","1581",31005526,580030,4915262,"P04_CFL_19","BWC",4,"L4",2002,"2"
"4063","15817",33003360,731906,4668752,"P13_CFL_123","BWC",13,"13",2000,"2"
"4064","15818",33003361,731814,4668950,"P13_CFL_123","BWC",13,"13",2000,"2"
"4065","15820",33003363,732212,4669100,"P13_CFL_123","BWC",13,"13",2000,"2"
"4066","15821",33003364,731368,4669495,"P13_CFL_123","BWC",13,"13",2000,"2"
"4067","15824",33003367,733446,4669436,"P13_CFL_123","BWC",13,"13",2000,"2"
"4068","15825",33003368,733260,4669233,"P13_CFL_123","BWC",13,"13",2000,"2"
"4069","15826",33003369,733173,4668953,"P13_CFL_123","BWC",13,"13",2000,"2"
"4070","15827",33003370,732968,4668894,"P13_CFL_123","BWC",13,"13",2000,"2"
"4071","15832",33003375,726403,4670903,"P13_CFL_128","BWC",13,"13",2000,"2"
"4072","15833",33003376,726058,4670161,"P13_CFL_128","BWC",13,"13",2000,"2"
"4073","15834",33003377,726408,4670294,"P13_CFL_128","BWC",13,"13",2000,"2"
"4074","15835",33003378,726600,4670254,"P13_CFL_128","BWC",13,"13",2000,"2"
"4075","15837",33003380,727461,4670343,"P13_CFL_128","BWC",13,"13",2000,"2"
"4076","15839",33003382,727253,4671105,"P13_CFL_128","BWC",13,"13",2000,"2"
"4077","15840",33003383,726659,4671250,"","BWC",13,"13",2000,"2"
"4078","15843",33003388,729821,4669349,"P13_CFL_204","BWC",13,"13",2000,"2"
"4079","15845",33003390,729443,4669786,"P13_CFL_121","BWC",13,"13",2000,"2"
"4080","15849",33003394,729152,4670557,"P13_CFL_121","BWC",13,"13",2000,"2"
"4081","1585",31005530,580328,4915156,"P04_CFL_19","BWC",4,"L4",2002,"2"
"4082","15850",33003395,729502,4670449,"P13_CFL_121","BWC",13,"13",2000,"2"
"4083","15852",33003399,734073,4668095,"P13_CFL_123","BWC",13,"13",2000,"2"
"4084","15853",33003400,733568,4669205,"P13_CFL_123","BWC",13,"13",2000,"2"
"4085","15854",33003401,733660,4668957,"P13_CFL_123","BWC",13,"13",2000,"2"
"4086","15858",33003406,733418,4668241,"P13_CFL_201","SC",13,"13",2000,"2"
"4087","1586",31005531,580384,4915160,"P04_CFL_19","BWC",4,"L4",2002,"2"
"4088","15862",33003410,733371,4662587,"P13_CFL_86","BWC",13,"13",2000,"2"
"4089","15864",33003424,733815,4659948,"P13_CFL_69","BWC",13,"13",2000,"2"
"4090","1587",31005532,580630,4915063,"P04_CFL_19","BWC",4,"L4",2002,"2"
"4091","15870",33003431,732808,4663857,"P13_CFL_97","BWC",13,"13",2000,"2"
"4092","15871",33003432,732958,4663885,"P13_CFL_97","BWC",13,"13",2000,"2"
"4093","15872",33003433,732764,4664003,"P13_CFL_97","BWC",13,"13",2000,"2"
"4094","15873",33003434,733099,4664652,"P13_CFL_97","BWC",13,"13",2000,"2"
"4095","15874",33003435,733002,4665106,"P13_CFL_97","BWC",13,"13",2000,"2"
"4096","15875",33003436,732853,4664697,"P13_CFL_97","BWC",13,"13",2000,"2"
"4097","15877",33003438,732956,4663260,"P13_CFL_97","BWC",13,"13",2000,"2"
"4098","15879",33003440,732514,4662986,"P13_CFL_97","BWC",13,"13",2000,"2"
"4099","1588",31005533,580936,4915056,"P04_CFL_19","BWC",4,"L4",2002,"2"
"4100","15880",33003441,732507,4662783,"P13_CFL_97","BWC",13,"13",2000,"2"
"4101","15885",33003446,734992,4659737,"P13_TSC_32","SC",13,"13",2000,"2"
"4102","1589",31005534,579528,4914953,"P04_CFL_19","BWC",4,"L4",2002,"2"
"4103","15894",33003455,734953,4662595,"P13_CFL_82","BWC",13,"13",2000,"2"
"4104","15895",33003456,734721,4661753,"P13_CFL_82","BWC",13,"13",2000,"2"
"4105","15899",33003460,736497,4657585,"P13_TSC_29","SC",13,"13",2000,"2"
"4106","159",31002112,582579,4913508,"P04_CFL_264","BWC",4,"L4",1998,"2"
"4107","1590",31005535,580131,4914912,"P04_CFL_19","BWC",4,"L4",2002,"2"
"4108","15900",33003462,736631,4656800,"P13_TSC_51","SC",13,"13",2000,"2"
"4109","15901",33003463,737054,4656755,"P13_CFL_60","BWC",13,"13",2000,"2"
"4110","15904",33003466,736310,4656356,"P13_SCB_45","MBC",13,"13",2000,"2"
"4111","15906",33003468,735513,4656355,"P13_CFL_58","BWC",13,"13",2000,"2"
"4112","15907",33003469,735515,4656483,"P13_CFL_58","BWC",13,"13",2000,"2"
"4113","15908",33003470,735266,4656706,"P13_CFL_58","BWC",13,"13",2000,"2"
"4114","15916",33003478,734103,4650297,"P13_CFL_6","IMP",13,"13",2000,"2"
"4115","15917",33003479,734204,4649499,"P13_CFL_6","IMP",13,"13",2000,"2"
"4116","15918",33003480,734304,4649700,"P13_CFL_6","IMP",13,"13",2000,"2"
"4117","15919",33003481,734104,4648355,"P13_CFL_198","IMP",13,"13",2000,"2"
"4118","15920",33003482,734214,4648553,"P13_CFL_6","IMP",13,"13",2000,"2"
"4119","15921",33003483,734318,4648847,"P13_CFL_6","IMP",13,"13",2000,"2"
"4120","15923",33003485,733827,4650150,"P13_CFL_6","IMP",13,"13",2000,"2"
"4121","15924",33003486,733955,4649700,"P13_CFL_6","IMP",13,"13",2000,"2"
"4122","15925",33003487,733848,4649453,"P13_CFL_6","IMP",13,"13",2000,"2"
"4123","15927",33003489,734613,4649401,"P13_CFL_6","IMP",13,"13",2000,"2"
"4124","15931",33003493,734666,4647621,"P13_CFL_198","IMP",13,"13",2000,"2"
"4125","15932",33003494,734315,4647690,"P13_CFL_198","IMP",13,"13",2000,"2"
"4126","15933",33003495,734150,4647799,"P13_CFL_198","IMP",13,"13",2000,"2"
"4127","15935",33003497,734052,4650463,"P13_CFL_6","IMP",13,"13",2000,"2"
"4128","15936",33003498,733908,4650009,"P13_CFL_6","IMP",13,"13",2000,"2"
"4129","15941",33003503,737610,4648710,"P13_CFL_200","IMP",13,"13",2000,"2"
"4130","15947",33003509,736200,4649004,"P13_CFL_200","IMP",13,"13",2000,"2"
"4131","15948",33003510,736361,4648856,"P13_CFL_200","IMP",13,"13",2000,"1"
"4132","15949",33003511,735964,4648938,"P13_CFL_200","IMP",13,"13",2000,"2"
"4133","1595",31005540,581679,4914414,"P04_CFL_19","BWC",4,"L4",2002,"1"
"4134","15950",33003512,736200,4648464,"P13_CFL_200","IMP",13,"13",2000,"1"
"4135","15951",33003513,736238,4648272,"P13_CFL_200","IMP",13,"13",2000,"1"
"4136","15952",33003514,735962,4648121,"P13_CFL_200","IMP",13,"13",2000,"2"
"4137","15953",33003515,736121,4648296,"P13_CFL_200","IMP",13,"13",2000,"2"
"4138","15954",33003516,735708,4648299,"P13_CFL_200","IMP",13,"13",2000,"2"
"4139","15955",33003517,735818,4649106,"P13_CFL_200","IMP",13,"13",2000,"2"
"4140","1596",31005541,581830,4914410,"P04_CFL_19","BWC",4,"L4",2002,"2"
"4141","15965",33003527,735458,4647199,"P13_CFL_199","MBC",13,"13",2000,"2"
"4142","15966",33003528,735798,4647071,"P13_CFL_200","IMP",13,"13",2000,"1"
"4143","15967",33003529,736109,4646990,"P13_CFL_200","IMP",13,"13",2000,"1"
"4144","15968",33003530,736267,4647157,"P13_CFL_200","IMP",13,"13",2000,"2"
"4145","1597",31005542,582134,4914407,"P04_CFL_19","BWC",4,"L4",2002,"2"
"4146","15973",33003535,735214,4647897,"P13_USCB_20","MBC",13,"13",2000,"1"
"4147","15974",33003536,735153,4648567,"P13_USCB_20","MBC",13,"13",2000,"2"
"4148","15975",33003537,735414,4648535,"P13_CFL_199","IMP",13,"13",2000,"2"
"4149","15976",33003538,735347,4648992,"P13_USCB_20","IMP",13,"13",2000,"2"
"4150","1598",31005543,581180,4914308,"P04_CFL_19","BWC",4,"L4",2002,"2"
"4151","15981",33003543,735550,4645091,"P13_CFL_198","IMP",13,"13",2000,"1"
"4152","1599",31005544,582133,4914307,"P04_CFL_19","BWC",4,"L4",2002,"1"
"4153","15995",33003557,735239,4643543,"P13_CFL_198","IMP",13,"13",2000,"1"
"4154","160",31002113,582685,4913368,"P04_CFL_264","BWC",4,"L4",1998,"2"
"4155","1600",31005545,582339,4914315,"P04_TSC_34","BWC",4,"L4",2002,"1"
"4156","16001",33003563,734715,4644861,"P13_CFL_198","IMP",13,"13",2000,"1"
"4157","16002",33003564,734468,4644545,"P13_CFL_198","IMP",13,"13",2000,"1"
"4158","16006",33003568,734305,4644206,"P13_CFL_198","IMP",13,"13",2000,"1"
"4159","16007",33003569,734553,4644160,"P13_CFL_198","IMP",13,"13",2000,"1"
"4160","16008",33003570,734904,4643995,"P13_CFL_198","IMP",13,"13",2000,"1"
"4161","16009",33003571,734758,4643601,"P13_CFL_198","IMP",13,"13",2000,"2"
"4162","16010",33003572,734657,4643703,"P13_CFL_198","IMP",13,"13",2000,"1"
"4163","16013",33003575,734186,4643203,"P13_CFL_198","IMP",13,"13",2000,"1"
"4164","16016",33003578,734214,4642847,"P13_CFL_198","IMP",13,"13",2000,"2"
"4165","16018",33003580,734394,4643004,"P13_CFL_198","IMP",13,"13",2000,"1"
"4166","16019",33003581,734565,4642666,"P13_CFL_198","IMP",13,"13",2000,"2"
"4167","16022",33003584,734163,4646504,"P13_CFL_198","IMP",13,"13",2000,"2"
"4168","16027",33003589,734249,4646848,"P13_CFL_198","IMP",13,"13",2000,"2"
"4169","16028",33003590,734045,4646793,"P13_CFL_198","IMP",13,"13",2000,"2"
"4170","1603",31005548,579525,4912805,"P04_CFL_44","BWC",4,"L4",2002,"2"
"4171","16031",33003593,734452,4647397,"P13_CFL_198","IMP",13,"13",2000,"2"
"4172","16032",33003594,733965,4647193,"P13_CFL_198","IMP",13,"13",2000,"2"
"4173","16033",33003595,733562,4647229,"P13_CFL_198","IMP",13,"13",2000,"2"
"4174","1604",31005549,580126,4912804,"P04_CFL_44","BWC",4,"L4",2002,"2"
"4175","16045",33003607,738153,4650999,"P13_SC_2","IMP",13,"13",2000,"2"
"4176","16047",33003609,738212,4650511,"P13_CFL_200","IMP",13,"13",2000,"2"
"4177","1605",31005550,580124,4912661,"P04_CFL_44","BWC",4,"L4",2002,"2"
"4178","16053",33003615,737643,4649867,"P13_CFL_200","IMP",13,"13",2000,"2"
"4179","16054",33003616,737704,4649803,"P13_CFL_200","IMP",13,"13",2000,"2"
"4180","16056",33003618,737858,4650007,"P13_CFL_200","IMP",13,"13",2000,"2"
"4181","1606",31005551,580777,4912505,"P04_CFL_44","BWC",4,"L4",2002,"2"
"4182","16069",33003631,736451,4649459,"P13_CFL_200","IMP",13,"13",2000,"2"
"4183","1607",31005552,579371,4912410,"P04_CFL_44","BWC",4,"L4",2002,"2"
"4184","16070",33003632,736380,4649873,"P13_CFL_200","IMP",13,"13",2000,"1"
"4185","16071",33003633,736374,4649994,"P13_CFL_200","IMP",13,"13",2000,"2"
"4186","16079",33003641,736669,4650556,"P13_CFL_200","IMP",13,"13",2000,"2"
"4187","1608",31005553,579526,4912405,"P04_CFL_44","BWC",4,"L4",2002,"2"
"4188","16080",33003642,736456,4650602,"P13_CFL_10","IMP",13,"13",2000,"2"
"4189","16082",33003644,736814,4650861,"P13_CFL_10","IMP",13,"13",2000,"2"
"4190","16083",33003645,736419,4650805,"P13_SCB_44","MBC",13,"13",2000,"2"
"4191","1609",31005554,579726,4912361,"P04_CFL_44","BWC",4,"L4",2002,"2"
"4192","16090",33003652,737228,4645445,"P13_CFL_200","IMP",13,"13",2000,"1"
"4193","16096",33003658,737259,4645707,"P13_CFL_200","IMP",13,"13",2000,"1"
"4194","161",31002114,582529,4913316,"P04_CFL_264","BWC",4,"L4",1998,"2"
"4195","1610",31005555,579876,4912314,"P04_CFL_44","BWC",4,"L4",2002,"2"
"4196","16108",33003670,738308,4646858,"P13_CFL_200","IMP",13,"13",2000,"2"
"4197","16109",33003671,738120,4646613,"P13_CFL_200","IMP",13,"13",2000,"2"
"4198","1611",31005556,580179,4912112,"P04_CFL_44","BWC",4,"L4",2002,"2"
"4199","16111",33003673,738042,4646173,"P13_CFL_200","IMP",13,"13",2000,"2"
"4200","16113",33003675,737936,4645560,"P13_CFL_200","IMP",13,"13",2000,"2"
"4201","16114",33003676,738229,4645350,"P13_CFL_200","IMP",13,"13",2000,"2"
"4202","16115",33003677,738417,4644364,"P13_CFL_200","IMP",13,"13",2000,"2"
"4203","16116",33003678,738388,4644550,"P13_CFL_200","IMP",13,"13",2000,"2"
"4204","16117",33003679,738161,4644441,"P13_CFL_200","IMP",13,"13",2000,"2"
"4205","16118",33003680,738113,4644454,"P13_CFL_200","IMP",13,"13",2000,"2"
"4206","16119",33003681,738555,4644946,"P13_CFL_2","BWC",13,"13",2000,"2"
"4207","1612",31005561,584435,4909456,"P04_CFL_240","BWC",4,"L4",2002,"2"
"4208","16120",33003682,737927,4644453,"P13_CFL_200","IMP",13,"13",2000,"2"
"4209","16121",33003683,737803,4644449,"P13_CFL_200","IMP",13,"13",2000,"2"
"4210","16122",33003684,738073,4644762,"P13_CFL_200","IMP",13,"13",2000,"2"
"4211","16123",33003686,739410,4648098,"P13_CFL_3","BWC",13,"13",2000,"2"
"4212","16124",33003687,739462,4648093,"P13_CFL_3","BWC",13,"13",2000,"2"
"4213","16125",33003688,739209,4647246,"P13_CFL_3","BWC",13,"13",2000,"2"
"4214","16126",33003689,739512,4647141,"P13_CFL_3","BWC",13,"13",2000,"2"
"4215","16127",33003690,739375,4645954,"P13_CFL_3","BWC",13,"13",2000,"2"
"4216","16128",33003691,739358,4645836,"P13_CFL_3","BWC",13,"13",2000,"2"
"4217","16129",33003692,739158,4645418,"P13_CFL_3","BWC",13,"13",2000,"2"
"4218","1613",31005562,584279,4909259,"P04_CFL_240","BWC",4,"L4",2002,"2"
"4219","16130",33003693,738959,4644894,"P13_CFL_3","BWC",13,"13",2000,"2"
"4220","16131",33003694,738709,4644663,"P13_CFL_3","BWC",13,"13",2000,"2"
"4221","16132",33003695,738604,4644555,"P13_CFL_200","BWC",13,"13",2000,"2"
"4222","16133",33003696,737853,4644292,"P13_CFL_200","IMP",13,"13",2000,"2"
"4223","16134",33003697,737557,4644144,"P13_CFL_200","IMP",13,"13",2000,"2"
"4224","16139",33003702,737157,4643757,"P13_CFL_200","IMP",13,"13",2000,"1"
"4225","1614",31005563,584031,4909056,"P04_CFL_240","BWC",4,"L4",2002,"1"
"4226","16141",33003704,736510,4642555,"P13_CFL_200","IMP",13,"13",2000,"2"
"4227","16142",33003705,737816,4643008,"P13_CFL_200","IMP",13,"13",2000,"2"
"4228","16143",33003707,737701,4643156,"P13_CFL_200","IMP",13,"13",2000,"2"
"4229","16144",33003708,737211,4643359,"P13_CFL_200","IMP",13,"13",2000,"2"
"4230","16145",33003709,737106,4643246,"P13_CFL_200","IMP",13,"13",2000,"2"
"4231","16146",33003710,737246,4643585,"P13_CFL_200","IMP",13,"13",2000,"2"
"4232","16147",33003711,737366,4643767,"P13_CFL_200","IMP",13,"13",2000,"1"
"4233","16148",33003712,737507,4643355,"P13_CFL_200","IMP",13,"13",2000,"2"
"4234","16149",33003713,737803,4643597,"P13_CFL_200","IMP",13,"13",2000,"2"
"4235","1615",31005564,584681,4909060,"P04_CFL_240","BWC",4,"L4",2002,"2"
"4236","16150",33003714,737855,4643998,"P13_CFL_200","IMP",13,"13",2000,"2"
"4237","16151",33003715,738211,4644151,"P13_CFL_200","IMP",13,"13",2000,"2"
"4238","16158",33003723,735362,4653482,"P13_CFL_29","BWC",13,"13",2000,"2"
"4239","1616",31005565,584280,4908961,"P04_CFL_240","BWC",4,"L4",2002,"2"
"4240","16161",33003726,735063,4652190,"P13_CFL_20","BWC",13,"13",2000,"2"
"4241","16162",33003727,735202,4651658,"P13_CFL_20","BWC",13,"13",2000,"2"
"4242","16166",33003731,736159,4651965,"P13_SCB_31","MBC",13,"13",2000,"2"
"4243","16167",33003732,736468,4651945,"P13_SCB_31","MBC",13,"13",2000,"2"
"4244","16168",33003733,736520,4651955,"P13_SCB_31","MBC",13,"13",2000,"2"
"4245","16169",33003734,736668,4652167,"P13_SCB_31","MBC",13,"13",2000,"2"
"4246","1617",31005566,584680,4908960,"P04_CFL_240","BWC",4,"L4",2002,"2"
"4247","16173",33003738,736526,4652751,"P13_SCB_31","MBC",13,"13",2000,"2"
"4248","16177",33003742,737505,4652902,"P13_CFL_23","BWC",13,"13",2000,"2"
"4249","16178",33003743,737565,4652890,"P13_CFL_23","BWC",13,"13",2000,"1"
"4250","1618",31005567,584330,4908858,"P04_CFL_240","BWC",4,"L4",2002,"2"
"4251","16181",33003746,737302,4653108,"P13_CFL_21","BWC",13,"13",2000,"2"
"4252","16186",33003751,737451,4655255,"P13_CFL_55","BWC",13,"13",2000,"2"
"4253","16194",33003759,735652,4655199,"P13_TSC_27","SC",13,"13",2000,"2"
"4254","16200",33003766,738225,4656366,"P13_CFL_70","BWC",13,"13",2000,"2"
"4255","16201",33003767,737641,4656245,"P13_CFL_70","BWC",13,"13",2000,"2"
"4256","16202",33003768,737411,4656758,"P13_CFL_70","BWC",13,"13",2000,"2"
"4257","16203",33003769,737699,4656728,"P13_CFL_70","BWC",13,"13",2000,"2"
"4258","16204",33003770,737507,4657264,"P13_CFL_70","BWC",13,"13",2000,"2"
"4259","16205",33003772,737357,4657402,"P13_CFL_70","BWC",13,"13",2000,"2"
"4260","16206",33003773,737880,4657275,"P13_CFL_70","BWC",13,"13",2000,"2"
"4261","16207",33003774,737907,4656924,"P13_CFL_70","BWC",13,"13",2000,"2"
"4262","16208",33003775,737829,4656842,"P13_CFL_70","BWC",13,"13",2000,"2"
"4263","16209",33003776,737858,4656785,"P13_CFL_70","BWC",13,"13",2000,"2"
"4264","1621",31005570,584532,4908657,"P04_CFL_240","BWC",4,"L4",2002,"2"
"4265","16210",33003777,737910,4656598,"P13_CFL_70","BWC",13,"13",2000,"2"
"4266","16211",33003778,736863,4657857,"P13_CFL_70","BWC",13,"13",2000,"2"
"4267","16212",33003779,736801,4658068,"P13_CFL_70","BWC",13,"13",2000,"2"
"4268","16213",33003780,736715,4658009,"P13_CFL_70","BWC",13,"13",2000,"2"
"4269","16214",33003781,736460,4657859,"P13_CFL_70","BWC",13,"13",2000,"2"
"4270","16215",33003782,736360,4657964,"P13_CFL_70","BWC",13,"13",2000,"2"
"4271","16216",33003783,736049,4657931,"P13_CFL_70","BWC",13,"13",2000,"2"
"4272","16217",33003784,735757,4658443,"P13_CFL_70","BWC",13,"13",2000,"2"
"4273","16218",33003786,736056,4658547,"P13_CFL_70","BWC",13,"13",2000,"2"
"4274","16219",33003787,736357,4658750,"P13_CFL_70","BWC",13,"13",2000,"2"
"4275","1622",31005571,584675,4908656,"P04_CFL_240","BWC",4,"L4",2002,"2"
"4276","16220",33003788,736462,4658599,"P13_CFL_70","BWC",13,"13",2000,"2"
"4277","16221",33003789,736365,4658657,"P13_CFL_70","BWC",13,"13",2000,"2"
"4278","16222",33003790,736362,4658859,"P13_CFL_70","BWC",13,"13",2000,"2"
"4279","16223",33003793,736246,4659407,"P13_CFL_70","BWC",13,"13",2000,"2"
"4280","16224",33003794,736549,4659649,"P13_CFL_70","BWC",13,"13",2000,"2"
"4281","16225",33003795,736056,4659800,"P13_CFL_70","BWC",13,"13",2000,"2"
"4282","16226",33003796,736105,4659849,"P13_CFL_70","BWC",13,"13",2000,"2"
"4283","16227",33003797,736151,4661073,"P13_CFL_70","BWC",13,"13",2000,"2"
"4284","16228",33003798,735907,4660959,"P13_CFL_70","BWC",13,"13",2000,"2"
"4285","16229",33003800,735655,4660441,"P13_CFL_70","BWC",13,"13",2000,"2"
"4286","1623",31005572,584880,4908655,"P04_CFL_240","BWC",4,"L4",2002,"2"
"4287","16230",33003801,735859,4660406,"P13_CFL_70","BWC",13,"13",2000,"2"
"4288","16231",33003802,735957,4660412,"P13_CFL_70","BWC",13,"13",2000,"2"
"4289","16232",33003803,735903,4660316,"P13_CFL_70","BWC",13,"13",2000,"2"
"4290","16233",33003804,736530,4660276,"P13_CFL_70","BWC",13,"13",2000,"2"
"4291","16234",33003805,736562,4660148,"P13_CFL_70","BWC",13,"13",2000,"2"
"4292","16235",33003806,736615,4660741,"P13_CFL_70","BWC",13,"13",2000,"2"
"4293","16236",33003807,737040,4660101,"P13_CFL_70","BWC",13,"13",2000,"2"
"4294","16237",33003808,737259,4660505,"P13_CFL_70","BWC",13,"13",2000,"2"
"4295","16238",33003809,737573,4660250,"P13_CFL_70","BWC",13,"13",2000,"2"
"4296","16239",33003810,737561,4660060,"P13_CFL_70","BWC",13,"13",2000,"2"
"4297","16240",33003811,737374,4659847,"P13_CFL_70","BWC",13,"13",2000,"2"
"4298","16241",33003812,737405,4659852,"P13_CFL_70","BWC",13,"13",2000,"2"
"4299","16242",33003813,737407,4659746,"P13_CFL_70","BWC",13,"13",2000,"2"
"4300","16243",33003814,737607,4659845,"P13_CFL_70","BWC",13,"13",2000,"2"
"4301","16244",33003815,737763,4659854,"P13_CFL_70","BWC",13,"13",2000,"2"
"4302","16245",33003816,738148,4659802,"P13_CFL_70","BWC",13,"13",2000,"2"
"4303","16246",33003817,737656,4659754,"P13_CFL_70","BWC",13,"13",2000,"2"
"4304","16247",33003818,737552,4659701,"P13_CFL_70","BWC",13,"13",2000,"2"
"4305","16248",33003819,737260,4659451,"P13_CFL_70","BWC",13,"13",2000,"2"
"4306","16249",33003820,737009,4659156,"P13_CFL_70","BWC",13,"13",2000,"2"
"4307","16250",33003821,737608,4658953,"P13_CFL_70","BWC",13,"13",2000,"2"
"4308","16251",33003822,737861,4658900,"P13_CFL_70","BWC",13,"13",2000,"2"
"4309","16252",33003823,738066,4658945,"P13_CFL_70","BWC",13,"13",2000,"2"
"4310","16253",33003824,738321,4658849,"P13_CFL_70","BWC",13,"13",2000,"2"
"4311","16254",33003825,738558,4658998,"P13_CFL_70","BWC",13,"13",2000,"2"
"4312","16255",33003826,738657,4658908,"P13_CFL_70","BWC",13,"13",2000,"2"
"4313","16256",33003827,738158,4658597,"P13_CFL_70","BWC",13,"13",2000,"2"
"4314","16257",33003828,737552,4658508,"P13_CFL_70","BWC",13,"13",2000,"2"
"4315","16258",33003829,737306,4658695,"P13_CFL_70","BWC",13,"13",2000,"2"
"4316","16259",33003830,737312,4658597,"P13_CFL_70","BWC",13,"13",2000,"2"
"4317","16260",33003831,737357,4658508,"P13_CFL_70","BWC",13,"13",2000,"2"
"4318","16261",33003832,738333,4658206,"P13_CFL_70","BWC",13,"13",2000,"2"
"4319","16262",33003833,737606,4658009,"P13_CFL_70","BWC",13,"13",2000,"2"
"4320","16263",33003834,737564,4657791,"P13_CFL_70","BWC",13,"13",2000,"2"
"4321","16264",33003835,737771,4657716,"P13_CFL_70","BWC",13,"13",2000,"2"
"4322","16265",33003836,738075,4657953,"P13_CFL_70","BWC",13,"13",2000,"2"
"4323","16266",33003837,738104,4657738,"P13_CFL_70","BWC",13,"13",2000,"2"
"4324","16267",33003838,738266,4657706,"P13_CFL_70","BWC",13,"13",2000,"2"
"4325","16268",33003839,738717,4649609,"","BWC",13,"13",2000,"2"
"4326","1627",31005576,577675,4916406,"P04_CFL_271","BWC",4,"L4",2002,"2"
"4327","16285",33004054,733362,4665305,"P13_CFL_102","BWC",13,"13",2001,"2"
"4328","16286",33004055,733104,4665748,"P13_TSC_48","SC",13,"13",2001,"2"
"4329","1629",31005578,580229,4914353,"P04_CFL_19","BWC",4,"L4",2002,"2"
"4330","16292",33004064,733509,4662700,"P13_CFL_86","BWC",13,"13",2001,"2"
"4331","16298",33004076,732760,4663951,"P13_CFL_97","BWC",13,"13",2001,"2"
"4332","16299",33004077,733558,4664253,"P13_CFL_97","BWC",13,"13",2001,"2"
"4333","1630",31005579,578975,4914203,"P04_CFL_42","BWC",4,"L4",2002,"2"
"4334","16301",33004080,733055,4662597,"P13_CFL_97","BWC",13,"13",2001,"2"
"4335","16306",33004085,734606,4661898,"P13_CFL_82","BWC",13,"13",2001,"2"
"4336","1631",31005580,580083,4914109,"P04_CFL_260","BWC",4,"L4",2002,"2"
"4337","1632",31005581,579479,4913958,"P04_CFL_42","BWC",4,"L4",2002,"2"
"4338","16327",33004110,716003,4679291,"P13_CFL_178","BWC",13,"13",2001,"2"
"4339","1633",31005582,580528,4913955,"P04_CFL_260","BWC",4,"L4",2002,"2"
"4340","16331",33004114,732156,4669200,"P13_CFL_123","BWC",13,"13",2001,"2"
"4341","1634",31005583,581727,4913558,"P04_CFL_260","BWC",4,"L4",2002,"2"
"4342","16340",33004123,732158,4669398,"P13_CFL_123","BWC",13,"13",2001,"2"
"4343","16342",33004126,732160,4668794,"P13_CFL_123","BWC",13,"13",2001,"2"
"4344","16343",33004127,732205,4668747,"P13_CFL_123","BWC",13,"13",2001,"2"
"4345","16344",33004128,732957,4668952,"P13_CFL_123","BWC",13,"13",2001,"2"
"4346","16345",33004129,733107,4669097,"P13_CFL_123","BWC",13,"13",2001,"2"
"4347","16347",33004131,733607,4669007,"P13_CFL_123","BWC",13,"13",2001,"2"
"4348","1635",31005584,582580,4913408,"P04_CFL_264","BWC",4,"L4",2002,"2"
"4349","16353",33004137,734209,4668451,"P13_CFL_123","BWC",13,"13",2001,"2"
"4350","16354",33004138,734361,4668548,"P13_CFL_123","BWC",13,"13",2001,"2"
"4351","16355",33004139,733754,4668350,"P13_CFL_123","BWC",13,"13",2001,"2"
"4352","16357",33004141,727657,4670699,"P13_CFL_128","BWC",13,"13",2001,"2"
"4353","16359",33004144,727610,4670052,"P13_CFL_128","BWC",13,"13",2001,"2"
"4354","1636",31005585,579578,4913206,"P04_TSC_38","BWC",4,"L4",2002,"2"
"4355","16360",33004145,726856,4670046,"P13_CFL_128","BWC",13,"13",2001,"2"
"4356","16361",33004150,726059,4670699,"P13_CFL_128","BWC",13,"13",2001,"2"
"4357","16362",33004151,726206,4670600,"P13_CFL_128","BWC",13,"13",2001,"2"
"4358","16363",33004152,726405,4670454,"P13_CFL_128","BWC",13,"13",2001,"2"
"4359","16364",33004153,726707,4670751,"P13_CFL_128","BWC",13,"13",2001,"2"
"4360","16365",33004154,726957,4670451,"P13_CFL_128","BWC",13,"13",2001,"2"
"4361","16367",33004156,729754,4669254,"P13_TSC_37","BWC",13,"13",2001,"2"
"4362","1637",31005587,583127,4912752,"P04_SC_33","BWC",4,"L4",2002,"2"
"4363","1638",31005588,583630,4912558,"P04_CFL_258","BWC",4,"L4",2002,"2"
"4364","16390",33004182,729304,4671704,"P13_SC_13","SC",13,"13",2001,"2"
"4365","16399",33004192,735859,4657352,"P13_USCB_22","MBC",13,"13",2001,"2"
"4366","164",31002118,584385,4911358,"P04_CFL_268","BWC",4,"L4",1998,"2"
"4367","1640",31005590,583534,4912202,"P04_CFL_257","BWC",4,"L4",2002,"2"
"4368","16402",33004196,735456,4656299,"P13_CFL_58","BWC",13,"13",2001,"2"
"4369","16404",33004198,734904,4656451,"P13_SC_4","SC",13,"13",2001,"2"
"4370","16407",33004201,734107,4659102,"P13_CFL_64","BWC",13,"13",2001,"2"
"4371","16408",33004202,734259,4658852,"P13_CFL_64","BWC",13,"13",2001,"2"
"4372","16409",33004203,734209,4658797,"P13_SC_5","SC",13,"13",2001,"2"
"4373","16419",33004213,737709,4656600,"P13_CFL_70","BWC",13,"13",2001,"2"
"4374","1642",31005592,584378,4911660,"P04_CFL_250","BWC",4,"L4",2002,"2"
"4375","16420",33004214,737956,4656552,"P13_CFL_70","BWC",13,"13",2001,"2"
"4376","16421",33004215,737957,4656501,"P13_CFL_70","BWC",13,"13",2001,"2"
"4377","16422",33004216,738157,4656506,"P13_CFL_70","BWC",13,"13",2001,"2"
"4378","16423",33004217,738211,4656100,"P13_CFL_56","BWC",13,"13",2001,"2"
"4379","16424",33004218,738005,4655950,"P13_CFL_56","BWC",13,"13",2001,"2"
"4380","16425",33004219,738458,4656747,"P13_CFL_70","BWC",13,"13",2001,"2"
"4381","16426",33004220,737559,4656397,"P13_CFL_70","BWC",13,"13",2001,"2"
"4382","16427",33004221,737511,4657653,"P13_CFL_70","BWC",13,"13",2001,"2"
"4383","16428",33004222,737411,4657356,"P13_CFL_70","BWC",13,"13",2001,"2"
"4384","16429",33004223,737708,4657398,"P13_CFL_70","BWC",13,"13",2001,"2"
"4385","1643",31005593,584780,4911658,"P04_CFL_269","BWC",4,"L4",2002,"2"
"4386","16430",33004224,737810,4657251,"P13_CFL_70","BWC",13,"13",2001,"2"
"4387","16431",33004225,737709,4657104,"P13_CFL_70","BWC",13,"13",2001,"2"
"4388","16432",33004226,738308,4658502,"P13_CFL_70","BWC",13,"13",2001,"2"
"4389","16433",33004227,738405,4658550,"P13_CFL_70","BWC",13,"13",2001,"2"
"4390","16434",33004228,738511,4658449,"P13_CFL_70","BWC",13,"13",2001,"2"
"4391","16435",33004229,738507,4658298,"P13_CFL_70","BWC",13,"13",2001,"2"
"4392","16436",33004230,738157,4658152,"P13_CFL_70","BWC",13,"13",2001,"2"
"4393","16437",33004231,738108,4658151,"P13_CFL_70","BWC",13,"13",2001,"2"
"4394","16438",33004232,738059,4658152,"P13_CFL_70","BWC",13,"13",2001,"2"
"4395","16439",33004233,737705,4657948,"P13_CFL_70","BWC",13,"13",2001,"2"
"4396","1644",31005594,584781,4911560,"P04_CFL_269","BWC",4,"L4",2002,"2"
"4397","16440",33004234,737160,4657803,"P13_CFL_70","BWC",13,"13",2001,"2"
"4398","16441",33004235,737258,4658750,"P13_CFL_70","BWC",13,"13",2001,"2"
"4399","16442",33004236,737260,4658651,"P13_CFL_70","BWC",13,"13",2001,"2"
"4400","16443",33004237,737358,4658451,"P13_CFL_70","BWC",13,"13",2001,"2"
"4401","16444",33004238,737856,4658502,"P13_CFL_70","BWC",13,"13",2001,"2"
"4402","1645",31005595,583981,4911510,"P04_CFL_254","BWC",4,"L4",2002,"2"
"4403","16462",33004272,737304,4655852,"P13_CFL_56","BWC",13,"13",2001,"2"
"4404","16463",33004274,737158,4656000,"P13_CFL_56","BWC",13,"13",2001,"2"
"4405","16464",33004276,737106,4656749,"P13_CFL_60","BWC",13,"13",2001,"2"
"4406","16465",33004277,736359,4656904,"P13_TSC_28","SC",13,"13",2001,"2"
"4407","16469",33004281,736907,4659250,"P13_CFL_70","BWC",13,"13",2001,"2"
"4408","16470",33004282,737007,4660356,"P13_CFL_70","BWC",13,"13",2001,"2"
"4409","16471",33004283,737158,4660252,"P13_CFL_70","BWC",13,"13",2001,"2"
"4410","16472",33004284,737509,4660499,"P13_CFL_70","BWC",13,"13",2001,"2"
"4411","16473",33004285,737508,4660700,"P13_CFL_70","BWC",13,"13",2001,"2"
"4412","16474",33004286,737710,4660400,"P13_CFL_70","BWC",13,"13",2001,"2"
"4413","16475",33004287,737410,4659904,"P13_CFL_70","BWC",13,"13",2001,"2"
"4414","16476",33004288,737759,4659752,"P13_CFL_70","BWC",13,"13",2001,"2"
"4415","16477",33004289,737860,4659551,"P13_CFL_70","BWC",13,"13",2001,"2"
"4416","16478",33004290,737810,4659351,"P13_CFL_70","BWC",13,"13",2001,"2"
"4417","16479",33004291,738108,4659197,"P13_CFL_70","BWC",13,"13",2001,"2"
"4418","1648",31005598,584830,4911404,"P04_CFL_269","BWC",4,"L4",2002,"2"
"4419","16480",33004292,737660,4659297,"P13_CFL_70","BWC",13,"13",2001,"2"
"4420","16481",33004293,737512,4659449,"P13_CFL_70","BWC",13,"13",2001,"2"
"4421","16482",33004294,737511,4659351,"P13_CFL_70","BWC",13,"13",2001,"2"
"4422","16483",33004295,737507,4659051,"P13_CFL_70","BWC",13,"13",2001,"2"
"4423","16484",33004297,735907,4657999,"P13_CFL_70","BWC",13,"13",2001,"2"
"4424","16485",33004298,736007,4658398,"P13_CFL_70","BWC",13,"13",2001,"2"
"4425","16486",33004299,736458,4658551,"P13_CFL_70","BWC",13,"13",2001,"2"
"4426","16487",33004300,735958,4659802,"P13_CFL_70","BWC",13,"13",2001,"2"
"4427","16488",33004301,736355,4659751,"P13_CFL_70","BWC",13,"13",2001,"2"
"4428","16489",33004302,736607,4659597,"P13_CFL_70","BWC",13,"13",2001,"2"
"4429","16490",33004303,736564,4660000,"P13_CFL_70","BWC",13,"13",2001,"2"
"4430","16491",33004304,735961,4660047,"P13_CFL_70","BWC",13,"13",2001,"2"
"4431","16492",33004305,735705,4660201,"P13_CFL_70","BWC",13,"13",2001,"2"
"4432","16493",33004306,735914,4660251,"P13_CFL_70","BWC",13,"13",2001,"2"
"4433","16494",33004307,736107,4660251,"P13_CFL_70","BWC",13,"13",2001,"2"
"4434","16496",33004309,736306,4660349,"P13_CFL_70","BWC",13,"13",2001,"2"
"4435","16497",33004310,736208,4660394,"P13_CFL_70","BWC",13,"13",2001,"2"
"4436","16498",33004311,736054,4660591,"P13_CFL_70","BWC",13,"13",2001,"2"
"4437","16499",33004312,735853,4660604,"P13_CFL_70","BWC",13,"13",2001,"2"
"4438","16500",33004313,736661,4660603,"P13_CFL_70","BWC",13,"13",2001,"2"
"4439","16501",33004314,736606,4660854,"P13_CFL_70","BWC",13,"13",2001,"2"
"4440","16502",33004315,736949,4655350,"P13_CFL_55","BWC",13,"13",2001,"2"
"4441","16503",33004316,737061,4655101,"P13_CFL_55","BWC",13,"13",2001,"2"
"4442","16504",33004317,737260,4654842,"P13_CFL_55","BWC",13,"13",2001,"2"
"4443","16506",33004319,737500,4655097,"P13_CFL_55","BWC",13,"13",2001,"2"
"4444","16507",33004320,737010,4654900,"P13_SCB_45","BWC",13,"13",2001,"2"
"4445","16510",33004324,736209,4657701,"P13_TSC_29","SC",13,"13",2001,"2"
"4446","16511",33004325,736458,4658956,"P13_CFL_70","BWC",13,"13",2001,"2"
"4447","16512",33004326,736313,4659206,"P13_CFL_70","BWC",13,"13",2001,"2"
"4448","16513",33004327,736360,4658906,"P13_CFL_70","BWC",13,"13",2001,"2"
"4449","16514",33004328,736006,4659050,"P13_CFL_70","BWC",13,"13",2001,"2"
"4450","16518",33004334,737361,4653501,"P13_CFL_30","BWC",13,"13",2001,"2"
"4451","16519",33004335,737504,4653401,"P13_CFL_25","BWC",13,"13",2001,"2"
"4452","1652",31005602,585431,4910954,"P04_CFL_251","BWC",4,"L4",2002,"2"
"4453","16520",33004336,737305,4653052,"P13_TSC_25","BWC",13,"13",2001,"2"
"4454","16522",33004338,737408,4652599,"P13_CFL_23","BWC",13,"13",2001,"2"
"4455","16525",33004341,736706,4653002,"P13_SCB_31","MBC",13,"13",2001,"2"
"4456","1653",31005603,585585,4910958,"P04_CFL_251","BWC",4,"L4",2002,"2"
"4457","16530",33004346,736258,4653798,"P13_CFL_31","SC",13,"13",2001,"2"
"4458","16536",33004352,736115,4654805,"P13_TSC_27","SC",13,"13",2001,"2"
"4459","16539",33004355,736103,4655098,"P13_USCB_5","SC",13,"13",2001,"2"
"4460","1654",31005604,584933,4910905,"P04_CFL_270","BWC",4,"L4",2002,"2"
"4461","16540",33004356,735807,4654400,"P13_TSC_27","BWC",13,"13",2001,"2"
"4462","16541",33004357,735754,4655048,"P13_TSC_27","SC",13,"13",2001,"2"
"4463","16542",33004358,735605,4654951,"P13_TSC_27","SC",13,"13",2001,"2"
"4464","16546",33004362,736952,4649946,"P13_TSC_24","IMP",13,"13",2001,"2"
"4465","1655",31005606,585386,4909161,"P04_SC_4","BWC",4,"L4",2002,"2"
"4466","1656",31005607,579881,4917905,"P04_CFL_19","BWC",4,"L4",2002,"2"
"4467","16565",33004381,737303,4650803,"P13_CFL_200","IMP",13,"13",2001,"2"
"4468","16575",33004391,736211,4650153,"P13_CFL_200","IMP",13,"13",2001,"2"
"4469","1658",31005609,579679,4917710,"P04_CFL_19","BWC",4,"L4",2002,"2"
"4470","16580",33004396,736563,4649653,"P13_CFL_200","IMP",13,"13",2001,"2"
"4471","16590",33004406,738712,4648751,"P13_CFL_200","IMP",13,"13",2001,"2"
"4472","16591",33004407,739057,4648202,"P13_CFL_3","BWC",13,"13",2001,"2"
"4473","1660",31005611,579726,4917560,"P04_CFL_19","BWC",4,"L4",2002,"2"
"4474","16605",33004422,736707,4642698,"P13_CFL_200","IMP",13,"13",2001,"2"
"4475","16606",33004423,736859,4642703,"P13_CFL_200","IMP",13,"13",2001,"2"
"4476","16607",33004424,737254,4642802,"P13_CFL_200","IMP",13,"13",2001,"2"
"4477","16608",33004425,737659,4642798,"P13_CFL_200","IMP",13,"13",2001,"2"
"4478","16609",33004426,737403,4643150,"P13_CFL_200","IMP",13,"13",2001,"2"
"4479","1661",31005612,578829,4917255,"P04_CFL_19","BWC",4,"L4",2002,"2"
"4480","16610",33004427,737257,4643148,"P13_CFL_200","IMP",13,"13",2001,"2"
"4481","16611",33004428,737210,4643354,"P13_CFL_200","IMP",13,"13",2001,"2"
"4482","16612",33004429,737508,4643356,"P13_CFL_200","IMP",13,"13",2001,"2"
"4483","16613",33004430,737760,4643404,"P13_CFL_200","IMP",13,"13",2001,"2"
"4484","16614",33004431,738058,4643798,"P13_CFL_200","IMP",13,"13",2001,"2"
"4485","16615",33004432,737956,4643847,"P13_CFL_200","IMP",13,"13",2001,"2"
"4486","16616",33004433,737958,4643951,"P13_CFL_200","IMP",13,"13",2001,"2"
"4487","16617",33004434,738107,4644001,"P13_CFL_200","IMP",13,"13",2001,"2"
"4488","16618",33004435,738410,4645247,"P13_CFL_2","BWC",13,"13",2001,"2"
"4489","16619",33004436,738601,4645097,"P13_CFL_2","BWC",13,"13",2001,"2"
"4490","16620",33004437,738457,4644953,"P13_CFL_2","BWC",13,"13",2001,"2"
"4491","16621",33004438,739057,4644899,"P13_CFL_3","BWC",13,"13",2001,"2"
"4492","16622",33004439,739407,4646599,"P13_CFL_3","BWC",13,"13",2001,"2"
"4493","16623",33004440,739356,4647808,"P13_CFL_3","BWC",13,"13",2001,"2"
"4494","16624",33004441,739312,4647858,"P13_CFL_3","BWC",13,"13",2001,"2"
"4495","16625",33004442,739210,4648251,"P13_CFL_3","BWC",13,"13",2001,"2"
"4496","16626",33004446,734507,4650552,"P13_CFL_6","IMP",13,"13",2001,"2"
"4497","16627",33004447,734107,4649704,"P13_CFL_6","IMP",13,"13",2001,"2"
"4498","16628",33004448,734007,4649742,"P13_CFL_6","IMP",13,"13",2001,"2"
"4499","16629",33004449,734106,4649803,"P13_CFL_6","IMP",13,"13",2001,"2"
"4500","1663",31005614,580427,4917016,"P04_CFL_19","BWC",4,"L4",2002,"2"
"4501","16630",33004450,733959,4649900,"P13_CFL_6","IMP",13,"13",2001,"2"
"4502","16631",33004451,734159,4650999,"P13_CFL_6","IMP",13,"13",2001,"2"
"4503","16632",33004452,734114,4650701,"P13_CFL_6","IMP",13,"13",2001,"2"
"4504","16633",33004453,733551,4649348,"P13_CFL_6","IMP",13,"13",2001,"2"
"4505","16635",33004456,734208,4648601,"P13_CFL_6","IMP",13,"13",2001,"2"
"4506","16636",33004457,734214,4647996,"P13_CFL_198","IMP",13,"13",2001,"2"
"4507","16637",33004458,733657,4648202,"P13_CFL_198","IMP",13,"13",2001,"2"
"4508","16638",33004459,733707,4648142,"P13_CFL_198","IMP",13,"13",2001,"2"
"4509","16639",33004460,733960,4647651,"P13_CFL_198","IMP",13,"13",2001,"2"
"4510","1664",31005615,580229,4916848,"P04_CFL_19","BWC",4,"L4",2002,"2"
"4511","16640",33004461,733502,4647551,"P13_CFL_198","IMP",13,"13",2001,"2"
"4512","16641",33004462,733757,4647319,"P13_CFL_198","IMP",13,"13",2001,"2"
"4513","16643",33004464,733962,4646555,"P13_CFL_198","IMP",13,"13",2001,"2"
"4514","16647",33004468,734397,4646896,"P13_CFL_198","IMP",13,"13",2001,"2"
"4515","16648",33004469,734412,4647405,"P13_CFL_198","IMP",13,"13",2001,"2"
"4516","16649",33004470,734653,4647508,"P13_CFL_198","IMP",13,"13",2001,"2"
"4517","1665",31005616,579378,4916761,"P04_CFL_19","BWC",4,"L4",2002,"2"
"4518","16651",33004472,734504,4648097,"P13_CFL_198","IMP",13,"13",2001,"2"
"4519","16654",33004475,734256,4649250,"P13_CFL_6","IMP",13,"13",2001,"2"
"4520","16655",33004476,734154,4649550,"P13_CFL_6","IMP",13,"13",2001,"2"
"4521","16658",33004480,736354,4651749,"P13_SCB_31","MBC",13,"13",2001,"2"
"4522","16659",33004481,736507,4651898,"P13_SCB_31","MBC",13,"13",2001,"2"
"4523","1666",31005617,580431,4916758,"P04_CFL_19","BWC",4,"L4",2002,"2"
"4524","16660",33004482,736555,4652048,"P13_SCB_31","MBC",13,"13",2001,"2"
"4525","16663",33004485,734559,4649600,"P13_CFL_6","IMP",13,"13",2001,"2"
"4526","16665",33004488,735410,4650652,"P13_CFL_9","IMP",13,"13",2001,"2"
"4527","16668",33004491,735308,4652151,"P13_TSC_27","BWC",13,"13",2001,"2"
"4528","16671",33004495,735258,4653351,"P13_CFL_29","BWC",13,"13",2001,"2"
"4529","16674",33004498,736107,4653195,"P13_TSC_27","SC",13,"13",2001,"2"
"4530","16678",33004502,735308,4652502,"P13_CFL_22","BWC",13,"13",2001,"2"
"4531","1668",31005619,578428,4916560,"P04_CFL_19","BWC",4,"L4",2002,"2"
"4532","16681",33004505,735312,4650103,"P13_CFL_9","IMP",13,"13",2001,"2"
"4533","16683",33004507,735108,4649699,"P13_CFL_9","IMP",13,"13",2001,"2"
"4534","16686",33004510,735409,4648946,"P13_CFL_199","IMP",13,"13",2001,"2"
"4535","16687",33004511,735463,4648402,"P13_CFL_199","IMP",13,"13",2001,"2"
"4536","16689",33004513,735411,4648197,"P13_CFL_199","IMP",13,"13",2001,"2"
"4537","1669",31005620,578393,4916510,"P04_CFL_19","BWC",4,"L4",2002,"2"
"4538","16690",33004514,735259,4648352,"P13_CFL_199","MBC",13,"13",2001,"2"
"4539","16692",33004517,733808,4644505,"P13_CFL_198","IMP",13,"13",2001,"2"
"4540","16696",33004521,734556,4643898,"P13_CFL_198","IMP",13,"13",2001,"2"
"4541","16697",33004522,734617,4643743,"P13_CFL_198","IMP",13,"13",2001,"2"
"4542","16698",33004523,734564,4643696,"P13_CFL_198","IMP",13,"13",2001,"1"
"4543","16699",33004524,734755,4643653,"P13_CFL_198","IMP",13,"13",2001,"2"
"4544","167",31002121,585329,4910610,"P04_CFL_251","BWC",4,"L4",1998,"2"
"4545","16700",33004525,734964,4643647,"P13_CFL_198","IMP",13,"13",2001,"2"
"4546","16701",33004526,734260,4642999,"P13_CFL_198","IMP",13,"13",2001,"2"
"4547","16702",33004527,734308,4642649,"P13_CFL_198","IMP",13,"13",2001,"2"
"4548","16703",33004528,734658,4642851,"P13_CFL_198","IMP",13,"13",2001,"2"
"4549","16708",33004534,735414,4642949,"P13_CFL_198","IMP",13,"13",2001,"2"
"4550","16709",33004535,735200,4643602,"P13_CFL_198","IMP",13,"13",2001,"2"
"4551","1671",31005622,580035,4916158,"P04_CFL_19","BWC",4,"L4",2002,"2"
"4552","16711",33004537,734860,4644095,"P13_CFL_198","IMP",13,"13",2001,"2"
"4553","16712",33004538,734556,4644544,"P13_CFL_198","IMP",13,"13",2001,"2"
"4554","16713",33004539,734605,4644699,"P13_CFL_198","IMP",13,"13",2001,"2"
"4555","1672",31005623,578882,4916059,"P04_CFL_19","BWC",4,"L4",2002,"2"
"4556","1673",31005624,579179,4916059,"P04_CFL_19","BWC",4,"L4",2002,"2"
"4557","16735",33004561,735553,4644699,"P13_CFL_198","IMP",13,"13",2001,"1"
"4558","16736",33004562,735063,4644952,"P13_CFL_198","IMP",13,"13",2001,"2"
"4559","16738",33004564,735405,4645202,"P13_CFL_198","IMP",13,"13",2001,"1"
"4560","16739",33004565,735363,4645298,"P13_CFL_198","IMP",13,"13",2001,"1"
"4561","1674",31005625,579080,4916003,"P04_CFL_19","BWC",4,"L4",2002,"2"
"4562","16740",33004566,735018,4645350,"P13_CFL_198","IMP",13,"13",2001,"1"
"4563","16741",33004567,734856,4645393,"P13_CFL_198","IMP",13,"13",2001,"2"
"4564","16747",33004573,735953,4648152,"P13_CFL_200","IMP",13,"13",2001,"2"
"4565","16748",33004574,736201,4648603,"P13_CFL_200","IMP",13,"13",2001,"1"
"4566","16749",33004575,736461,4648358,"P13_CFL_200","IMP",13,"13",2001,"1"
"4567","1675",31005626,578334,4915900,"P04_CFL_19","BWC",4,"L4",2002,"2"
"4568","16750",33004576,736405,4648304,"P13_CFL_200","IMP",13,"13",2001,"1"
"4569","1676",31005627,578975,4915907,"P04_CFL_19","BWC",4,"L4",2002,"2"
"4570","16766",33004592,737464,4646496,"P13_CFL_200","IMP",13,"13",2001,"1"
"4571","16767",33004593,737456,4646644,"P13_CFL_200","IMP",13,"13",2001,"1"
"4572","16768",33004594,738160,4646800,"P13_CFL_200","IMP",13,"13",2001,"2"
"4573","1677",31005628,579534,4915704,"P04_TSC_25","BWC",4,"L4",2002,"2"
"4574","16770",33004596,738058,4646398,"P13_CFL_200","IMP",13,"13",2001,"2"
"4575","16771",33004597,737859,4645256,"P13_CFL_200","IMP",13,"13",2001,"2"
"4576","16772",33004598,738108,4644951,"P13_CFL_200","IMP",13,"13",2001,"2"
"4577","16773",33004599,737805,4644653,"P13_CFL_200","IMP",13,"13",2001,"2"
"4578","1678",31005629,578480,4915611,"P04_CFL_19","BWC",4,"L4",2002,"2"
"4579","16783",33004609,736210,4646655,"P13_CFL_200","IMP",13,"13",2001,"1"
"4580","16786",33004612,735910,4647059,"P13_CFL_200","IMP",13,"13",2001,"2"
"4581","16788",33004614,735507,4648003,"P13_CFL_199","IMP",13,"13",2001,"2"
"4582","16789",33004615,735258,4648101,"P13_CFL_199","MBC",13,"13",2001,"2"
"4583","1679",31005632,582224,4915253,"P04_CFL_19","BWC",4,"L4",2002,"2"
"4584","16790",33004616,735210,4648105,"P13_USCB_20","MBC",13,"13",2001,"2"
"4585","16791",33004617,738859,4649801,"","BWC",13,"13",2001,"2"
"4586","16792",33004618,738756,4649897,"","BWC",13,"13",2001,"2"
"4587","168",31002122,577379,4917007,"P04_CFL_162","BWC",4,"L4",1998,"2"
"4588","1680",31005633,579381,4914955,"P04_CFL_19","BWC",4,"L4",2002,"2"
"4589","1681",31005634,580728,4914861,"P04_CFL_19","BWC",4,"L4",2002,"2"
"4590","16825",33005130,736553,4652697,"P13_SCB_31","MBC",13,"13",2002,"2"
"4591","16829",33005134,736559,4652100,"P13_SCB_31","MBC",13,"13",2002,"2"
"4592","1683",31005636,580178,4914608,"P04_CFL_19","BWC",4,"L4",2002,"2"
"4593","16832",33005137,736358,4650750,"P13_SCB_44","MBC",13,"13",2002,"2"
"4594","16833",33005138,736110,4650348,"P13_SCB_44","MBC",13,"13",2002,"2"
"4595","16839",33005144,735561,4646998,"P13_CFL_199","MBC",13,"13",2002,"2"
"4596","1684",31005637,580983,4914510,"P04_CFL_19","BWC",4,"L4",2002,"2"
"4597","1685",31005638,580681,4914462,"P04_CFL_19","BWC",4,"L4",2002,"2"
"4598","1686",31005639,581225,4914158,"P04_CFL_19","BWC",4,"L4",2002,"2"
"4599","16864",33005170,733814,4661847,"P13_USCB_8","SC",13,"13",2002,"2"
"4600","1687",31005640,579580,4913107,"P04_TSC_38","BWC",4,"L4",2002,"2"
"4601","1688",31005641,579733,4913064,"P04_CFL_44","BWC",4,"L4",2002,"2"
"4602","1689",31005642,580777,4912012,"P04_CFL_44","BWC",4,"L4",2002,"2"
"4603","16899",33005205,734958,4663250,"P13_CFL_84","SC",13,"13",2002,"2"
"4604","1690",31005643,579985,4911963,"P04_CFL_44","BWC",4,"L4",2002,"2"
"4605","1691",31005644,580529,4911955,"P04_CFL_44","BWC",4,"L4",2002,"2"
"4606","16910",33005217,735405,4659304,"P13_TSC_33","SC",13,"13",2002,"2"
"4607","16914",33005221,735461,4658301,"P13_SCB_46","SC",13,"13",2002,"2"
"4608","16915",33005222,736212,4657701,"P13_TSC_29","SC",13,"13",2002,"2"
"4609","16918",33005226,736209,4657251,"P13_TSC_28","SC",13,"13",2002,"2"
"4610","1692",31005645,580330,4911856,"P04_CFL_44","BWC",4,"L4",2002,"2"
"4611","16920",33005228,735561,4656652,"P13_SC_3","SC",13,"13",2002,"2"
"4612","16925",33005233,735057,4655503,"P13_TSC_27","SC",13,"13",2002,"2"
"4613","16926",33005234,733405,4668242,"P13_CFL_201","SC",13,"13",2002,"2"
"4614","16927",33005235,733458,4668248,"P13_CFL_201","SC",13,"13",2002,"2"
"4615","1693",31005646,580831,4911715,"P04_CFL_44","BWC",4,"L4",2002,"2"
"4616","16931",33005239,739261,4648549,"","BWC",13,"13",2002,"2"
"4617","16937",33005245,737559,4653203,"P13_CFL_25","BWC",13,"13",2002,"2"
"4618","16938",33005246,737509,4652852,"P13_CFL_23","BWC",13,"13",2002,"2"
"4619","16939",33005247,734758,4651958,"P13_CFL_20","BWC",13,"13",2002,"2"
"4620","16943",33005251,739457,4647351,"P13_CFL_3","BWC",13,"13",2002,"2"
"4621","16946",33005255,734358,4665202,"P13_CFL_116","BWC",13,"13",2002,"2"
"4622","16947",33005257,735210,4652499,"P13_CFL_22","BWC",13,"13",2002,"2"
"4623","16948",33005258,739106,4648100,"P13_CFL_3","BWC",13,"13",2002,"2"
"4624","1695",31005650,584229,4908355,"P04_CFL_240","BWC",4,"L4",2002,"2"
"4625","16950",33005261,736014,4659600,"P13_CFL_70","BWC",13,"13",2002,"2"
"4626","16951",33005262,736310,4659152,"P13_CFL_70","BWC",13,"13",2002,"2"
"4627","16952",33005263,736407,4658847,"P13_CFL_70","BWC",13,"13",2002,"2"
"4628","16954",33005265,735960,4659354,"P13_CFL_70","BWC",13,"13",2002,"2"
"4629","16955",33005266,735606,4658549,"P13_CFL_70","BWC",13,"13",2002,"2"
"4630","16956",33005267,735710,4658546,"P13_CFL_70","BWC",13,"13",2002,"2"
"4631","16958",33005269,732461,4664398,"P13_CFL_97","BWC",13,"13",2002,"2"
"4632","16960",33005271,731904,4669903,"P13_CFL_203","BWC",13,"13",2002,"2"
"4633","16961",33005272,733055,4669851,"P13_CFL_123","BWC",13,"13",2002,"2"
"4634","16965",33005276,732705,4669048,"P13_CFL_123","BWC",13,"13",2002,"2"
"4635","16966",33005277,732309,4668993,"P13_CFL_123","BWC",13,"13",2002,"2"
"4636","16968",33005279,731904,4668846,"P13_CFL_123","BWC",13,"13",2002,"2"
"4637","16969",33005280,732865,4664846,"P13_CFL_97","BWC",13,"13",2002,"2"
"4638","16970",33005281,733155,4664400,"P13_CFL_97","BWC",13,"13",2002,"2"
"4639","16971",33005283,738610,4644601,"P13_CFL_200","BWC",13,"13",2002,"2"
"4640","16974",33005286,735455,4656450,"P13_CFL_58","BWC",13,"13",2002,"2"
"4641","16976",33005288,734705,4661700,"P13_CFL_82","BWC",13,"13",2002,"2"
"4642","16980",33005292,736806,4656096,"P13_CFL_55","BWC",13,"13",2002,"2"
"4643","16987",33005299,737505,4655399,"P13_CFL_55","BWC",13,"13",2002,"2"
"4644","16995",33005307,735862,4660652,"P13_CFL_70","BWC",13,"13",2002,"2"
"4645","16996",33005308,736859,4660652,"P13_CFL_70","BWC",13,"13",2002,"2"
"4646","16997",33005309,737758,4660548,"P13_CFL_70","BWC",13,"13",2002,"2"
"4647","16998",33005310,736460,4660248,"P13_CFL_70","BWC",13,"13",2002,"2"
"4648","16999",33005311,736204,4660194,"P13_CFL_70","BWC",13,"13",2002,"2"
"4649","170",31002126,577734,4916105,"P04_TSC_36","BWC",4,"L4",1998,"2"
"4650","17000",33005312,736108,4660154,"P13_CFL_70","BWC",13,"13",2002,"2"
"4651","17001",33005313,736365,4660050,"P13_CFL_70","BWC",13,"13",2002,"2"
"4652","17002",33005314,736205,4660005,"P13_CFL_70","BWC",13,"13",2002,"2"
"4653","17003",33005315,736605,4660001,"P13_CFL_70","BWC",13,"13",2002,"2"
"4654","17004",33005316,736507,4659950,"P13_CFL_70","BWC",13,"13",2002,"2"
"4655","17005",33005317,736755,4659900,"P13_CFL_70","BWC",13,"13",2002,"2"
"4656","17006",33005318,737064,4659855,"P13_CFL_70","BWC",13,"13",2002,"2"
"4657","17007",33005319,736757,4659605,"P13_CFL_70","BWC",13,"13",2002,"2"
"4658","17008",33005320,736407,4658449,"P13_CFL_70","BWC",13,"13",2002,"2"
"4659","17009",33005321,736860,4658199,"P13_CFL_70","BWC",13,"13",2002,"2"
"4660","17010",33005322,736261,4658100,"P13_CFL_70","BWC",13,"13",2002,"2"
"4661","17011",33005323,736356,4658102,"P13_CFL_70","BWC",13,"13",2002,"2"
"4662","17012",33005324,736361,4657896,"P13_CFL_70","BWC",13,"13",2002,"2"
"4663","17013",33005325,737955,4660252,"P13_CFL_70","BWC",13,"13",2002,"2"
"4664","17014",33005326,737954,4659996,"P13_CFL_70","BWC",13,"13",2002,"2"
"4665","17015",33005327,738108,4659846,"P13_CFL_70","BWC",13,"13",2002,"2"
"4666","17016",33005328,737161,4659704,"P13_CFL_70","BWC",13,"13",2002,"2"
"4667","17017",33005329,738207,4659594,"P13_CFL_70","BWC",13,"13",2002,"2"
"4668","17018",33005330,737406,4659554,"P13_CFL_70","BWC",13,"13",2002,"2"
"4669","17019",33005331,737807,4659502,"P13_CFL_70","BWC",13,"13",2002,"2"
"4670","17020",33005332,737462,4659349,"P13_CFL_70","BWC",13,"13",2002,"2"
"4671","17021",33005333,737657,4659153,"P13_CFL_70","BWC",13,"13",2002,"2"
"4672","17022",33005334,737958,4659153,"P13_CFL_70","BWC",13,"13",2002,"2"
"4673","17023",33005335,737153,4658797,"P13_CFL_70","BWC",13,"13",2002,"2"
"4674","17024",33005336,737957,4658400,"P13_CFL_70","BWC",13,"13",2002,"2"
"4675","17025",33005337,737955,4658151,"P13_CFL_70","BWC",13,"13",2002,"2"
"4676","17026",33005338,737656,4658096,"P13_CFL_70","BWC",13,"13",2002,"2"
"4677","17027",33005339,737361,4657953,"P13_CFL_70","BWC",13,"13",2002,"2"
"4678","17028",33005340,738059,4657957,"P13_CFL_70","BWC",13,"13",2002,"2"
"4679","17029",33005341,737354,4657903,"P13_CFL_70","BWC",13,"13",2002,"2"
"4680","17030",33005342,737958,4657846,"P13_CFL_70","BWC",13,"13",2002,"2"
"4681","17031",33005343,738158,4657749,"P13_CFL_70","BWC",13,"13",2002,"2"
"4682","17032",33005344,738160,4657598,"P13_CFL_70","BWC",13,"13",2002,"2"
"4683","17033",33005345,737953,4657050,"P13_CFL_70","BWC",13,"13",2002,"2"
"4684","17034",33005346,737914,4656700,"P13_CFL_70","BWC",13,"13",2002,"2"
"4685","17035",33005347,737706,4656604,"P13_CFL_70","BWC",13,"13",2002,"2"
"4686","17036",33005348,737763,4656601,"P13_CFL_70","BWC",13,"13",2002,"2"
"4687","17037",33005349,727308,4670850,"P13_CFL_128","BWC",13,"13",2002,"2"
"4688","17038",33005350,725910,4670653,"P13_CFL_128","BWC",13,"13",2002,"2"
"4689","17039",33005351,726457,4670600,"P13_CFL_128","BWC",13,"13",2002,"2"
"4690","17041",33005353,725812,4670447,"P13_CFL_128","BWC",13,"13",2002,"2"
"4691","17042",33005354,726553,4670450,"P13_CFL_128","BWC",13,"13",2002,"2"
"4692","17043",33005355,726861,4670402,"P13_CFL_128","BWC",13,"13",2002,"2"
"4693","17044",33005356,726005,4670295,"P13_CFL_128","BWC",13,"13",2002,"2"
"4694","17045",33005357,726312,4670294,"P13_CFL_128","BWC",13,"13",2002,"2"
"4695","17046",33005358,727357,4670299,"P13_CFL_128","BWC",13,"13",2002,"2"
"4696","17047",33005359,727759,4670202,"P13_CFL_128","BWC",13,"13",2002,"2"
"4697","17048",33005360,727108,4670151,"P13_CFL_128","BWC",13,"13",2002,"2"
"4698","17049",33005361,726057,4670099,"P13_CFL_128","BWC",13,"13",2002,"2"
"4699","17050",33005362,733408,4669500,"P13_CFL_123","BWC",13,"13",2002,"2"
"4700","17051",33005363,733404,4669298,"P13_CFL_123","BWC",13,"13",2002,"2"
"4701","17054",33005366,733914,4668298,"P13_CFL_123","BWC",13,"13",2002,"2"
"4702","17056",33005368,732707,4663946,"P13_CFL_97","BWC",13,"13",2002,"2"
"4703","17057",33005369,732711,4663903,"P13_CFL_97","BWC",13,"13",2002,"2"
"4704","17058",33005370,733009,4662958,"P13_CFL_97","BWC",13,"13",2002,"2"
"4705","17064",33005376,735256,4656801,"P13_CFL_58","BWC",13,"13",2002,"2"
"4706","17065",33005377,735260,4656506,"P13_CFL_58","BWC",13,"13",2002,"2"
"4707","17066",33005378,726212,4671950,"P13_CFL_205","BWC",13,"13",2002,"2"
"4708","17071",33005383,716407,4679146,"P13_CFL_178","BWC",13,"13",2002,"2"
"4709","17075",33005387,720508,4674750,"P13_TSC_38","BWC",13,"13",2002,"2"
"4710","17076",33005388,720355,4674250,"P13_CFL_143","BWC",13,"13",2002,"2"
"4711","17082",33005394,733356,4662801,"P13_CFL_86","BWC",13,"13",2002,"2"
"4712","17083",33005395,734703,4662348,"P13_CFL_82","BWC",13,"13",2002,"2"
"4713","17087",33005399,737562,4655658,"P13_SC_2","BWC",13,"13",2002,"2"
"4714","17090",33005402,735561,4654506,"P13_CFL_39","BWC",13,"13",2002,"2"
"4715","17094",33005406,735258,4652701,"P13_CFL_22","BWC",13,"13",2002,"2"
"4716","17096",33005408,737009,4651748,"P13_CFL_16","BWC",13,"13",2002,"2"
"4717","17097",33005409,737163,4660953,"P13_CFL_70","BWC",13,"13",2002,"2"
"4718","17098",33005410,736260,4660846,"P13_CFL_70","BWC",13,"13",2002,"2"
"4719","17099",33005411,736557,4660857,"P13_CFL_70","BWC",13,"13",2002,"2"
"4720","171",31002127,577284,4916063,"P04_CFL_202","BWC",4,"L4",1998,"2"
"4721","17100",33005412,735557,4660253,"P13_CFL_70","BWC",13,"13",2002,"2"
"4722","17101",33005413,738210,4659748,"P13_CFL_70","BWC",13,"13",2002,"2"
"4723","17102",33005414,737008,4658895,"P13_CFL_70","BWC",13,"13",2002,"2"
"4724","17103",33005415,737362,4657197,"P13_CFL_70","BWC",13,"13",2002,"2"
"4725","17104",33005416,737610,4657048,"P13_CFL_70","BWC",13,"13",2002,"2"
"4726","17105",33005417,726712,4671045,"P13_CFL_128","BWC",13,"13",2002,"2"
"4727","17107",33005419,725902,4670848,"P13_CFL_128","BWC",13,"13",2002,"2"
"4728","17112",33005424,726511,4669953,"P13_CFL_128","BWC",13,"13",2002,"2"
"4729","17114",33005426,733307,4669299,"P13_CFL_123","BWC",13,"13",2002,"2"
"4730","17115",33005427,733054,4669198,"P13_CFL_123","BWC",13,"13",2002,"2"
"4731","17116",33005428,732863,4668604,"P13_CFL_123","BWC",13,"13",2002,"2"
"4732","17117",33005429,733359,4668601,"P13_CFL_123","BWC",13,"13",2002,"2"
"4733","17118",33005430,733860,4668253,"P13_CFL_123","BWC",13,"13",2002,"2"
"4734","17119",33005431,733803,4668145,"P13_CFL_201","BWC",13,"13",2002,"2"
"4735","17121",33005433,733210,4663398,"P13_CFL_97","BWC",13,"13",2002,"2"
"4736","17122",33005434,732759,4663146,"P13_CFL_97","BWC",13,"13",2002,"2"
"4737","17123",33005435,732510,4662749,"P13_CFL_97","BWC",13,"13",2002,"2"
"4738","17125",33005437,732860,4662403,"P13_CFL_97","BWC",13,"13",2002,"2"
"4739","17127",33005439,738457,4644291,"P13_CFL_200","IMP",13,"13",2002,"2"
"4740","17128",33005440,737559,4652604,"P13_CFL_23","IMP",13,"13",2002,"2"
"4741","17131",33005443,734306,4650899,"P13_CFL_6","IMP",13,"13",2002,"2"
"4742","17132",33005444,734108,4650654,"P13_CFL_6","IMP",13,"13",2002,"2"
"4743","17133",33005445,733854,4650349,"P13_CFL_6","IMP",13,"13",2002,"2"
"4744","17137",33005449,733860,4650046,"P13_CFL_6","IMP",13,"13",2002,"2"
"4745","17138",33005450,737657,4649952,"P13_CFL_200","IMP",13,"13",2002,"2"
"4746","17140",33005452,733660,4649605,"P13_CFL_6","IMP",13,"13",2002,"2"
"4747","17141",33005453,737307,4649597,"P13_CFL_200","IMP",13,"13",2002,"2"
"4748","17143",33005455,734059,4649547,"P13_CFL_6","IMP",13,"13",2002,"2"
"4749","17144",33005456,734259,4649549,"P13_CFL_6","IMP",13,"13",2002,"2"
"4750","17154",33005467,738655,4648652,"P13_CFL_200","IMP",13,"13",2002,"2"
"4751","17159",33005472,738658,4648400,"P13_CFL_200","IMP",13,"13",2002,"2"
"4752","17160",33005473,737706,4648158,"P13_CFL_200","IMP",13,"13",2002,"2"
"4753","17168",33005481,738109,4646549,"P13_CFL_200","IMP",13,"13",2002,"2"
"4754","17169",33005482,738110,4646399,"P13_CFL_200","IMP",13,"13",2002,"2"
"4755","17170",33005483,738104,4646201,"P13_CFL_200","IMP",13,"13",2002,"2"
"4756","17171",33005484,737858,4644897,"P13_CFL_200","IMP",13,"13",2002,"2"
"4757","17172",33005485,737857,4644305,"P13_CFL_200","IMP",13,"13",2002,"2"
"4758","17173",33005486,738011,4643953,"P13_CFL_200","IMP",13,"13",2002,"2"
"4759","17177",33005490,734059,4643351,"P13_CFL_198","IMP",13,"13",2002,"2"
"4760","17178",33005491,737256,4643000,"P13_CFL_200","IMP",13,"13",2002,"2"
"4761","17179",33005492,734509,4642596,"P13_CFL_198","IMP",13,"13",2002,"2"
"4762","17180",33005493,734711,4642548,"P13_CFL_198","IMP",13,"13",2002,"2"
"4763","17181",33005494,734804,4642554,"P13_CFL_198","IMP",13,"13",2002,"2"
"4764","17182",33005495,738206,4646398,"P13_CFL_200","IMP",13,"13",2002,"2"
"4765","17183",33005496,733908,4643498,"P13_CFL_198","IMP",13,"13",2002,"2"
"4766","17184",33005497,737656,4643347,"P13_CFL_200","IMP",13,"13",2002,"2"
"4767","17185",33005498,737956,4642951,"P13_CFL_200","IMP",13,"13",2002,"2"
"4768","17186",33005499,737158,4642847,"P13_CFL_200","IMP",13,"13",2002,"2"
"4769","17187",33005501,737855,4644104,"P13_CFL_200","IMP",13,"13",2002,"2"
"4770","17193",33005507,736202,4652751,"P13_CFL_24","IMP",13,"13",2002,"2"
"4771","17198",33005512,737408,4652301,"P13_CFL_21","IMP",13,"13",2002,"2"
"4772","172",31002128,577729,4915609,"P04_CFL_209","BWC",4,"L4",1998,"2"
"4773","17200",33005514,735860,4651704,"P13_CFL_14","IMP",13,"13",2002,"2"
"4774","17204",33005518,736457,4650752,"P13_CFL_10","IMP",13,"13",2002,"2"
"4775","17206",33005520,734909,4650502,"P13_CFL_6","IMP",13,"13",2002,"2"
"4776","17209",33005523,736504,4650053,"P13_CFL_200","IMP",13,"13",2002,"2"
"4777","17210",33005524,736454,4649950,"P13_CFL_200","IMP",13,"13",2002,"2"
"4778","17211",33005525,736556,4649950,"P13_CFL_200","IMP",13,"13",2002,"1"
"4779","17212",33005526,736405,4649903,"P13_CFL_200","IMP",13,"13",2002,"2"
"4780","17215",33005529,736059,4649600,"P13_CFL_200","IMP",13,"13",2002,"2"
"4781","17216",33005530,736258,4649545,"P13_CFL_200","IMP",13,"13",2002,"2"
"4782","17218",33005532,734964,4649494,"P13_CFL_9","IMP",13,"13",2002,"1"
"4783","17219",33005533,734457,4649350,"P13_CFL_6","IMP",13,"13",2002,"2"
"4784","17220",33005534,734506,4649348,"P13_CFL_6","IMP",13,"13",2002,"2"
"4785","17221",33005535,736361,4649353,"P13_CFL_200","IMP",13,"13",2002,"2"
"4786","17222",33005536,735909,4649247,"P13_CFL_200","IMP",13,"13",2002,"2"
"4787","17223",33005537,734810,4648997,"P13_CFL_4","IMP",13,"13",2002,"2"
"4788","17224",33005538,735762,4648802,"P13_CFL_200","IMP",13,"13",2002,"2"
"4789","17225",33005539,735809,4648601,"P13_CFL_200","IMP",13,"13",2002,"2"
"4790","17226",33005540,736359,4648454,"P13_CFL_200","IMP",13,"13",2002,"1"
"4791","17228",33005542,733861,4648298,"P13_CFL_198","IMP",13,"13",2002,"2"
"4792","17229",33005543,736508,4648100,"P13_CFL_200","IMP",13,"13",2002,"1"
"4793","1723",31006719,572228,4918207,"P04_USCB_13","MBC",4,"L4",2004,"2"
"4794","17231",33005545,735858,4648050,"P13_CFL_200","IMP",13,"13",2002,"2"
"4795","17232",33005546,735408,4648003,"P13_CFL_199","IMP",13,"13",2002,"2"
"4796","17233",33005547,735309,4647898,"P13_CFL_199","IMP",13,"13",2002,"1"
"4797","17235",33005549,733609,4647847,"P13_CFL_198","IMP",13,"13",2002,"2"
"4798","17237",33005551,736260,4647650,"P13_CFL_200","IMP",13,"13",2002,"2"
"4799","17238",33005552,734407,4647597,"P13_CFL_198","IMP",13,"13",2002,"2"
"4800","17239",33005553,736107,4647549,"P13_CFL_200","IMP",13,"13",2002,"1"
"4801","1724",31006720,572283,4918108,"P04_USCB_13","MBC",4,"L4",2004,"1"
"4802","17241",33005555,735904,4647498,"P13_CFL_200","IMP",13,"13",2002,"2"
"4803","17243",33005557,733758,4647298,"P13_CFL_198","IMP",13,"13",2002,"2"
"4804","17246",33005560,735966,4647156,"P13_CFL_200","IMP",13,"13",2002,"1"
"4805","17247",33005561,734562,4647096,"P13_CFL_198","IMP",13,"13",2002,"1"
"4806","17249",33005563,734410,4647054,"P13_CFL_198","IMP",13,"13",2002,"2"
"4807","17250",33005564,736159,4647048,"P13_CFL_200","IMP",13,"13",2002,"2"
"4808","17257",33005571,733704,4646597,"P13_CFL_198","IMP",13,"13",2002,"2"
"4809","17268",33005582,734100,4646102,"P13_CFL_198","IMP",13,"13",2002,"2"
"4810","1727",31006723,575781,4916053,"P04_SCB_22","MBC",4,"L4",2004,"2"
"4811","17285",33005599,737758,4645256,"P13_CFL_200","IMP",13,"13",2002,"2"
"4812","17287",33005601,733861,4645152,"P13_CFL_198","IMP",13,"13",2002,"2"
"4813","1729",31006725,578429,4914408,"P04_SCB_21","MBC",4,"L4",2004,"2"
"4814","17290",33005604,733858,4644949,"P13_CFL_198","IMP",13,"13",2002,"2"
"4815","17296",33005610,734755,4644552,"P13_CFL_198","IMP",13,"13",2002,"1"
"4816","17297",33005611,735111,4644452,"P13_CFL_198","IMP",13,"13",2002,"1"
"4817","17298",33005612,735911,4644397,"P13_CFL_198","IMP",13,"13",2002,"2"
"4818","173",31002129,576478,4914557,"P04_CFL_39","BWC",4,"L4",1998,"2"
"4819","17301",33005615,735258,4644301,"P13_CFL_198","IMP",13,"13",2002,"2"
"4820","17302",33005616,734658,4644252,"P13_CFL_198","IMP",13,"13",2002,"2"
"4821","17303",33005617,737403,4644050,"P13_CFL_200","IMP",13,"13",2002,"2"
"4822","17304",33005618,734864,4643855,"P13_CFL_198","IMP",13,"13",2002,"2"
"4823","17305",33005619,737206,4643855,"P13_CFL_200","IMP",13,"13",2002,"2"
"4824","17306",33005620,737312,4643853,"P13_CFL_200","IMP",13,"13",2002,"2"
"4825","17307",33005621,734761,4643802,"P13_CFL_198","IMP",13,"13",2002,"2"
"4826","17308",33005622,737504,4643805,"P13_CFL_200","IMP",13,"13",2002,"2"
"4827","17309",33005623,734813,4643694,"P13_CFL_198","IMP",13,"13",2002,"1"
"4828","17310",33005624,737552,4643644,"P13_CFL_200","IMP",13,"13",2002,"2"
"4829","17315",33005629,734906,4643544,"P13_CFL_198","IMP",13,"13",2002,"1"
"4830","17316",33005630,734812,4643497,"P13_CFL_198","IMP",13,"13",2002,"1"
"4831","17318",33005632,735055,4643448,"P13_CFL_198","IMP",13,"13",2002,"2"
"4832","17319",33005633,736558,4643106,"P13_CFL_200","IMP",13,"13",2002,"2"
"4833","17321",33005635,736510,4642897,"P13_CFL_200","IMP",13,"13",2002,"2"
"4834","17322",33005636,736454,4642548,"P13_CFL_200","IMP",13,"13",2002,"2"
"4835","17323",33005637,735656,4651203,"P13_CFL_9","IMP",13,"13",2002,"2"
"4836","17324",33005638,735107,4650904,"P13_TSC_27","IMP",13,"13",2002,"2"
"4837","17325",33005639,734911,4650701,"P13_CFL_6","IMP",13,"13",2002,"2"
"4838","17326",33005640,735158,4649911,"P13_CFL_9","IMP",13,"13",2002,"2"
"4839","17327",33005641,735110,4649608,"P13_USCB_4","IMP",13,"13",2002,"2"
"4840","17328",33005642,734360,4648702,"P13_CFL_6","IMP",13,"13",2002,"2"
"4841","17329",33005643,734608,4648546,"P13_CFL_6","IMP",13,"13",2002,"2"
"4842","17330",33005644,733609,4646796,"P13_CFL_198","IMP",13,"13",2002,"2"
"4843","17331",33005645,733606,4646751,"P13_CFL_198","IMP",13,"13",2002,"2"
"4844","17332",33005646,733711,4645849,"P13_CFL_198","IMP",13,"13",2002,"2"
"4845","17333",33005647,733757,4645101,"P13_CFL_198","IMP",13,"13",2002,"2"
"4846","17334",33005648,736411,4643047,"P13_CFL_200","IMP",13,"13",2002,"2"
"4847","17365",33006694,736705,4653103,"P13_SCB_31","MBC",13,"13",2004,"1"
"4848","17367",33006696,736705,4653054,"P13_SCB_31","MBC",13,"13",2004,"1"
"4849","1737",31006733,583329,4911309,"P04_SCB_21","MBC",4,"L4",2004,"2"
"4850","17370",33006699,736698,4652401,"P13_SCB_31","MBC",13,"13",2004,"1"
"4851","17371",33006700,736610,4652050,"P13_SCB_31","MBC",13,"13",2004,"2"
"4852","17372",33006701,736453,4651903,"P13_SCB_31","MBC",13,"13",2004,"2"
"4853","17375",33006704,735157,4648509,"P13_USCB_20","MBC",13,"13",2004,"2"
"4854","17376",33006705,735152,4648350,"P13_USCB_20","MBC",13,"13",2004,"2"
"4855","174",31002130,580730,4914162,"P04_CFL_19","BWC",4,"L4",1998,"2"
"4856","17401",33006730,734904,4665049,"P13_USCB_23","MBC",13,"13",2004,"2"
"4857","17412",33006742,736314,4650654,"P13_SCB_44","MBC",13,"13",2004,"2"
"4858","17418",33006748,736406,4653753,"P13_SCB_31","SC",13,"13",2004,"2"
"4859","17454",33006785,734510,4657773,"P13_SC_4","SC",13,"13",2004,"1"
"4860","17458",33006789,734204,4658750,"P13_SC_5","SC",13,"13",2004,"2"
"4861","17473",33006806,735155,4659352,"P13_SC_6","SC",13,"13",2004,"1"
"4862","17477",33006811,736954,4657605,"P13_TSC_50","SC",13,"13",2004,"2"
"4863","17479",33006813,737060,4656652,"P13_TSC_29","SC",13,"13",2004,"2"
"4864","17484",33006819,736312,4654351,"P13_TSC_27","SC",13,"13",2004,"2"
"4865","17485",33006820,736156,4653450,"P13_CFL_31","SC",13,"13",2004,"2"
"4866","17486",33006821,736210,4653449,"P13_CFL_31","SC",13,"13",2004,"2"
"4867","17487",33006822,737563,4655051,"P13_CFL_55","BWC",13,"13",2004,"2"
"4868","17488",33006823,735362,4652205,"P13_TSC_27","BWC",13,"13",2004,"2"
"4869","17489",33006824,739360,4645897,"P13_CFL_3","BWC",13,"13",2004,"2"
"4870","17490",33006825,733963,4665899,"P13_CFL_108","BWC",13,"13",2004,"2"
"4871","17491",33006826,734155,4665746,"P13_CFL_116","BWC",13,"13",2004,"2"
"4872","17495",33006831,739302,4646696,"P13_CFL_3","BWC",13,"13",2004,"2"
"4873","17496",33006832,739310,4646198,"P13_CFL_3","BWC",13,"13",2004,"2"
"4874","17497",33006833,738507,4643001,"P13_CFL_1","BWC",13,"13",2004,"2"
"4875","17498",33006834,735908,4659656,"P13_CFL_70","BWC",13,"13",2004,"2"
"4876","17499",33006835,736556,4659146,"P13_CFL_70","BWC",13,"13",2004,"2"
"4877","175",31002131,582336,4913951,"P04_CFL_264","BWC",4,"L4",1998,"2"
"4878","17500",33006836,736511,4659105,"P13_CFL_70","BWC",13,"13",2004,"2"
"4879","17501",33006837,736407,4658945,"P13_CFL_70","BWC",13,"13",2004,"2"
"4880","17502",33006838,735802,4659352,"P13_CFL_70","BWC",13,"13",2004,"2"
"4881","17503",33006839,735661,4659152,"P13_CFL_70","BWC",13,"13",2004,"2"
"4882","17504",33006840,732314,4668746,"P13_CFL_123","BWC",13,"13",2004,"2"
"4883","17506",33006842,732048,4669902,"P13_CFL_203","BWC",13,"13",2004,"2"
"4884","17508",33006845,731956,4669351,"P13_CFL_123","BWC",13,"13",2004,"2"
"4885","17511",33006848,732307,4668945,"P13_CFL_123","BWC",13,"13",2004,"2"
"4886","17514",33006851,733061,4664703,"P13_CFL_97","BWC",13,"13",2004,"2"
"4887","17515",33006852,738907,4645654,"P13_CFL_3","BWC",13,"13",2004,"2"
"4888","17516",33006853,738915,4645554,"P13_CFL_3","BWC",13,"13",2004,"2"
"4889","17517",33006854,738559,4644550,"P13_CFL_200","BWC",13,"13",2004,"2"
"4890","17521",33006858,735406,4656502,"P13_CFL_58","BWC",13,"13",2004,"2"
"4891","17522",33006859,734759,4661745,"P13_CFL_82","BWC",13,"13",2004,"2"
"4892","17523",33006860,734859,4661753,"P13_CFL_82","BWC",13,"13",2004,"2"
"4893","17524",33006861,734857,4661651,"P13_CFL_82","BWC",13,"13",2004,"2"
"4894","1753",31006751,582982,4912459,"P04_SCB_25","MBC",4,"L4",2004,"1"
"4895","17530",33006867,736861,4656450,"P13_SC_2","BWC",13,"13",2004,"2"
"4896","17532",33006869,737359,4655402,"P13_CFL_55","BWC",13,"13",2004,"2"
"4897","17534",33006871,737209,4655300,"P13_CFL_55","BWC",13,"13",2004,"1"
"4898","17547",33006884,737210,4653503,"P13_CFL_30","BWC",13,"13",2004,"2"
"4899","17551",33006888,735408,4652594,"P13_CFL_22","BWC",13,"13",2004,"2"
"4900","17552",33006889,737019,4651703,"P13_CFL_16","BWC",13,"13",2004,"2"
"4901","17553",33006890,735809,4660905,"P13_CFL_70","BWC",13,"13",2004,"2"
"4902","17554",33006891,735854,4660703,"P13_CFL_70","BWC",13,"13",2004,"2"
"4903","17555",33006892,737253,4660703,"P13_CFL_70","BWC",13,"13",2004,"2"
"4904","17556",33006893,736658,4660648,"P13_CFL_70","BWC",13,"13",2004,"2"
"4905","17557",33006894,737508,4660646,"P13_CFL_70","BWC",13,"13",2004,"2"
"4906","17558",33006895,736711,4660602,"P13_CFL_70","BWC",13,"13",2004,"2"
"4907","17559",33006896,736760,4660602,"P13_CFL_70","BWC",13,"13",2004,"2"
"4908","17560",33006897,735853,4660552,"P13_CFL_70","BWC",13,"13",2004,"2"
"4909","17561",33006898,736014,4660497,"P13_CFL_70","BWC",13,"13",2004,"2"
"4910","17562",33006899,737306,4660500,"P13_CFL_70","BWC",13,"13",2004,"2"
"4911","17563",33006900,736054,4660401,"P13_CFL_70","BWC",13,"13",2004,"2"
"4912","17564",33006901,735766,4660348,"P13_CFL_70","BWC",13,"13",2004,"2"
"4913","17565",33006902,737258,4660252,"P13_CFL_70","BWC",13,"13",2004,"2"
"4914","17566",33006903,737452,4660253,"P13_CFL_70","BWC",13,"13",2004,"2"
"4915","17567",33006904,737759,4660197,"P13_CFL_70","BWC",13,"13",2004,"2"
"4916","17568",33006905,736256,4660154,"P13_CFL_70","BWC",13,"13",2004,"2"
"4917","17569",33006906,737061,4660102,"P13_CFL_70","BWC",13,"13",2004,"2"
"4918","17570",33006907,735756,4660052,"P13_CFL_70","BWC",13,"13",2004,"2"
"4919","17571",33006908,736016,4660060,"P13_CFL_70","BWC",13,"13",2004,"2"
"4920","17572",33006909,736711,4660047,"P13_CFL_70","BWC",13,"13",2004,"2"
"4921","17573",33006910,737463,4660050,"P13_CFL_70","BWC",13,"13",2004,"2"
"4922","17574",33006911,735912,4660002,"P13_CFL_70","BWC",13,"13",2004,"2"
"4923","17575",33006912,736916,4659995,"P13_CFL_70","BWC",13,"13",2004,"2"
"4924","17576",33006913,735961,4659905,"P13_CFL_70","BWC",13,"13",2004,"2"
"4925","17577",33006914,736763,4659603,"P13_CFL_70","BWC",13,"13",2004,"2"
"4926","17578",33006915,736358,4658453,"P13_CFL_70","BWC",13,"13",2004,"2"
"4927","17579",33006916,736157,4658400,"P13_CFL_70","BWC",13,"13",2004,"2"
"4928","17580",33006917,736364,4658348,"P13_CFL_70","BWC",13,"13",2004,"2"
"4929","17581",33006918,736705,4658353,"P13_CFL_70","BWC",13,"13",2004,"2"
"4930","17582",33006919,736505,4658301,"P13_CFL_70","BWC",13,"13",2004,"2"
"4931","17583",33006920,735757,4658246,"P13_CFL_70","BWC",13,"13",2004,"2"
"4932","17584",33006921,736553,4658199,"P13_CFL_70","BWC",13,"13",2004,"2"
"4933","17585",33006922,736011,4658148,"P13_CFL_70","BWC",13,"13",2004,"2"
"4934","17586",33006923,736604,4658045,"P13_CFL_70","BWC",13,"13",2004,"2"
"4935","17587",33006924,737960,4660244,"P13_CFL_70","BWC",13,"13",2004,"2"
"4936","17588",33006925,737857,4660098,"P13_CFL_70","BWC",13,"13",2004,"2"
"4937","17589",33006926,738060,4659502,"P13_CFL_70","BWC",13,"13",2004,"2"
"4938","17590",33006927,737507,4659352,"P13_CFL_70","BWC",13,"13",2004,"2"
"4939","17591",33006928,737459,4659251,"P13_CFL_70","BWC",13,"13",2004,"2"
"4940","17592",33006929,737962,4659155,"P13_CFL_70","BWC",13,"13",2004,"2"
"4941","17593",33006930,737761,4659054,"P13_CFL_70","BWC",13,"13",2004,"2"
"4942","17594",33006931,737712,4659001,"P13_CFL_70","BWC",13,"13",2004,"2"
"4943","17595",33006932,737611,4658901,"P13_CFL_70","BWC",13,"13",2004,"2"
"4944","17596",33006933,737658,4658858,"P13_CFL_70","BWC",13,"13",2004,"2"
"4945","17597",33006934,738109,4658542,"P13_CFL_70","BWC",13,"13",2004,"2"
"4946","17598",33006935,737912,4658295,"P13_CFL_70","BWC",13,"13",2004,"2"
"4947","17599",33006936,738355,4658203,"P13_CFL_70","BWC",13,"13",2004,"2"
"4948","176",31002132,582482,4913956,"P04_CFL_264","BWC",4,"L4",1998,"2"
"4949","17600",33006937,737356,4658054,"P13_CFL_70","BWC",13,"13",2004,"2"
"4950","17601",33006938,737962,4658046,"P13_CFL_70","BWC",13,"13",2004,"2"
"4951","17602",33006939,737457,4657950,"P13_CFL_70","BWC",13,"13",2004,"2"
"4952","17603",33006940,737460,4657794,"P13_CFL_70","BWC",13,"13",2004,"2"
"4953","17604",33006941,737706,4657797,"P13_CFL_70","BWC",13,"13",2004,"2"
"4954","17605",33006942,737710,4657694,"P13_CFL_70","BWC",13,"13",2004,"2"
"4955","17606",33006943,737759,4657704,"P13_CFL_70","BWC",13,"13",2004,"2"
"4956","17607",33006944,737807,4657650,"P13_CFL_70","BWC",13,"13",2004,"2"
"4957","17608",33006945,737456,4657449,"P13_CFL_70","BWC",13,"13",2004,"2"
"4958","17609",33006946,738463,4657148,"","BWC",13,"13",2004,"2"
"4959","1761",31006759,544779,4934759,"P04_TSC_12","SC",4,"U4",2004,"2"
"4960","17610",33006947,738060,4656950,"P13_CFL_70","BWC",13,"13",2004,"2"
"4961","17611",33006948,738309,4656850,"P13_CFL_70","BWC",13,"13",2004,"2"
"4962","17612",33006949,738158,4656802,"P13_CFL_70","BWC",13,"13",2004,"2"
"4963","17613",33006950,738057,4656501,"P13_CFL_70","BWC",13,"13",2004,"2"
"4964","17614",33006951,738257,4656447,"P13_CFL_70","BWC",13,"13",2004,"2"
"4965","17615",33006952,726605,4670701,"P13_CFL_128","BWC",13,"13",2004,"2"
"4966","17616",33006953,726558,4670655,"P13_CFL_128","BWC",13,"13",2004,"2"
"4967","17617",33006954,726708,4670599,"P13_CFL_128","BWC",13,"13",2004,"2"
"4968","17618",33006955,726609,4670402,"P13_CFL_128","BWC",13,"13",2004,"2"
"4969","17619",33006956,727811,4670354,"P13_CFL_128","BWC",13,"13",2004,"2"
"4970","17622",33006959,726409,4669852,"P13_CFL_128","BWC",13,"13",2004,"2"
"4971","17624",33006961,733508,4669403,"P13_CFL_123","BWC",13,"13",2004,"2"
"4972","17625",33006962,733504,4669153,"P13_CFL_123","BWC",13,"13",2004,"2"
"4973","17627",33006964,733357,4668799,"P13_CFL_123","BWC",13,"13",2004,"2"
"4974","17629",33006966,732608,4663954,"P13_CFL_97","BWC",13,"13",2004,"2"
"4975","17630",33006967,732758,4662946,"P13_CFL_97","BWC",13,"13",2004,"2"
"4976","17631",33006968,733064,4662596,"P13_CFL_97","BWC",13,"13",2004,"2"
"4977","17632",33006969,732959,4662302,"P13_CFL_97","BWC",13,"13",2004,"2"
"4978","17634",33006971,714461,4681549,"P13_TSC_41","BWC",13,"13",2004,"2"
"4979","17640",33006977,718356,4677295,"P13_TSC_39","BWC",13,"13",2004,"2"
"4980","17643",33006980,735260,4656899,"P13_CFL_58","BWC",13,"13",2004,"2"
"4981","17644",33006981,735512,4656146,"P13_CFL_58","BWC",13,"13",2004,"2"
"4982","17646",33006983,713806,4680951,"P13_TSC_39","BWC",13,"13",2004,"2"
"4983","17647",33006984,726110,4672048,"P13_CFL_205","BWC",13,"13",2004,"2"
"4984","17648",33006985,726163,4671946,"P13_CFL_205","BWC",13,"13",2004,"2"
"4985","17650",33006987,730264,4668951,"P13_CFL_204","BWC",13,"13",2004,"2"
"4986","17655",33006995,729110,4669598,"P13_TSC_37","BWC",13,"13",2004,"2"
"4987","17656",33006996,733158,4668451,"P13_CFL_201","BWC",13,"13",2004,"2"
"4988","17659",33007001,733608,4662752,"P13_TSC_47","BWC",13,"13",2004,"2"
"4989","17660",33007002,734658,4662347,"P13_CFL_82","BWC",13,"13",2004,"2"
"4990","17661",33007003,734612,4662195,"P13_CFL_82","BWC",13,"13",2004,"2"
"4991","17662",33007004,735361,4661349,"P13_CFL_73","BWC",13,"13",2004,"2"
"4992","17663",33007005,735363,4661246,"P13_CFL_73","BWC",13,"13",2004,"2"
"4993","17665",33007007,735403,4659349,"P13_TSC_33","BWC",13,"13",2004,"2"
"4994","17666",33007008,737513,4655749,"P13_CFL_56","BWC",13,"13",2004,"2"
"4995","17667",33007009,736905,4655703,"P13_CFL_55","BWC",13,"13",2004,"2"
"4996","17670",33007012,736056,4654051,"P13_CFL_36","BWC",13,"13",2004,"2"
"4997","17673",33007015,738761,4649895,"","BWC",13,"13",2004,"2"
"4998","17674",33007016,735757,4661106,"P13_CFL_70","BWC",13,"13",2004,"2"
"4999","17675",33007017,735813,4661104,"P13_CFL_70","BWC",13,"13",2004,"2"
"5000","17676",33007018,736654,4658698,"P13_CFL_70","BWC",13,"13",2004,"2"
"5001","17677",33007019,736752,4658501,"P13_CFL_70","BWC",13,"13",2004,"2"
"5002","17678",33007020,736909,4658198,"P13_CFL_70","BWC",13,"13",2004,"2"
"5003","17679",33007021,738206,4659750,"P13_CFL_70","BWC",13,"13",2004,"2"
"5004","17680",33007022,738312,4659449,"P13_CFL_70","BWC",13,"13",2004,"2"
"5005","17681",33007023,737005,4658902,"P13_CFL_70","BWC",13,"13",2004,"2"
"5006","17682",33007024,738651,4658800,"P13_CFL_70","BWC",13,"13",2004,"2"
"5007","17683",33007025,737357,4657192,"P13_CFL_70","BWC",13,"13",2004,"2"
"5008","17684",33007026,738260,4657050,"P13_CFL_70","BWC",13,"13",2004,"2"
"5009","17685",33007027,738506,4656798,"P13_CFL_70","BWC",13,"13",2004,"2"
"5010","17686",33007028,726958,4671049,"P13_CFL_128","BWC",13,"13",2004,"2"
"5011","17687",33007029,725758,4670751,"P13_CFL_128","BWC",13,"13",2004,"2"
"5012","17691",33007034,729906,4669493,"P13_CFL_204","BWC",13,"13",2004,"2"
"5013","17692",33007035,730057,4669402,"P13_CFL_121","BWC",13,"13",2004,"2"
"5014","17693",33007036,732856,4668597,"P13_CFL_123","BWC",13,"13",2004,"2"
"5015","17695",33007040,732705,4663249,"P13_CFL_97","BWC",13,"13",2004,"2"
"5016","17696",33007041,732507,4662805,"P13_CFL_97","BWC",13,"13",2004,"2"
"5017","17697",33007042,733261,4662351,"P13_CFL_97","BWC",13,"13",2004,"2"
"5018","17698",33007044,738457,4644400,"P13_CFL_200","IMP",13,"13",2004,"2"
"5019","177",31002133,582525,4913912,"P04_CFL_264","BWC",4,"L4",1998,"2"
"5020","17700",33007046,737506,4652449,"P13_CFL_23","IMP",13,"13",2004,"2"
"5021","17701",33007047,737458,4652204,"P13_CFL_21","IMP",13,"13",2004,"2"
"5022","17703",33007049,734311,4650945,"P13_CFL_6","IMP",13,"13",2004,"2"
"5023","17704",33007050,734854,4650650,"P13_CFL_6","IMP",13,"13",2004,"2"
"5024","17705",33007051,737357,4650396,"P13_CFL_200","IMP",13,"13",2004,"2"
"5025","17706",33007054,733866,4650094,"P13_CFL_6","IMP",13,"13",2004,"2"
"5026","17708",33007056,737601,4649942,"P13_CFL_200","IMP",13,"13",2004,"2"
"5027","17710",33007059,737457,4649799,"P13_CFL_200","IMP",13,"13",2004,"2"
"5028","17712",33007061,737263,4649646,"P13_CFL_200","IMP",13,"13",2004,"1"
"5029","17713",33007062,734259,4649605,"P13_CFL_6","IMP",13,"13",2004,"2"
"5030","17715",33007064,733564,4649554,"P13_CFL_6","IMP",13,"13",2004,"2"
"5031","17716",33007065,737509,4649552,"P13_CFL_200","IMP",13,"13",2004,"2"
"5032","17718",33007067,734057,4649509,"P13_CFL_6","IMP",13,"13",2004,"2"
"5033","17719",33007068,738608,4649501,"P13_CFL_200","IMP",13,"13",2004,"2"
"5034","17721",33007070,733809,4649354,"P13_CFL_6","IMP",13,"13",2004,"2"
"5035","17723",33007072,737510,4649252,"P13_CFL_200","IMP",13,"13",2004,"2"
"5036","17724",33007073,737500,4649152,"P13_CFL_200","IMP",13,"13",2004,"1"
"5037","17725",33007074,738657,4649101,"P13_CFL_200","IMP",13,"13",2004,"2"
"5038","17729",33007078,737662,4648709,"P13_CFL_200","IMP",13,"13",2004,"1"
"5039","17736",33007085,737613,4648453,"P13_CFL_200","IMP",13,"13",2004,"2"
"5040","17740",33007089,737063,4647995,"P13_CFL_200","IMP",13,"13",2004,"2"
"5041","17743",33007092,738108,4646298,"P13_CFL_200","IMP",13,"13",2004,"2"
"5042","17744",33007093,738002,4646205,"P13_CFL_200","IMP",13,"13",2004,"2"
"5043","17745",33007094,738010,4645346,"P13_CFL_200","IMP",13,"13",2004,"2"
"5044","17746",33007095,737958,4645202,"P13_CFL_200","IMP",13,"13",2004,"2"
"5045","17747",33007096,738109,4645000,"P13_CFL_200","IMP",13,"13",2004,"2"
"5046","17748",33007097,738410,4644405,"P13_CFL_200","IMP",13,"13",2004,"2"
"5047","17749",33007098,737860,4644149,"P13_CFL_200","IMP",13,"13",2004,"2"
"5048","17753",33007102,737608,4643548,"P13_CFL_200","IMP",13,"13",2004,"2"
"5049","17755",33007104,738110,4643451,"P13_CFL_200","IMP",13,"13",2004,"2"
"5050","17757",33007106,737759,4643405,"P13_CFL_200","IMP",13,"13",2004,"2"
"5051","17758",33007107,737260,4643299,"P13_CFL_200","IMP",13,"13",2004,"2"
"5052","17759",33007108,737207,4642855,"P13_CFL_200","IMP",13,"13",2004,"2"
"5053","17760",33007109,734409,4650948,"P13_CFL_6","IMP",13,"13",2004,"2"
"5054","17761",33007111,733660,4649205,"P13_CFL_6","IMP",13,"13",2004,"2"
"5055","17762",33007112,738806,4648842,"P13_CFL_200","IMP",13,"13",2004,"2"
"5056","17763",33007113,738312,4646755,"P13_CFL_200","IMP",13,"13",2004,"2"
"5057","17764",33007114,734063,4643098,"P13_CFL_198","IMP",13,"13",2004,"2"
"5058","17765",33007115,738260,4644655,"P13_CFL_200","IMP",13,"13",2004,"2"
"5059","17766",33007116,737956,4644553,"P13_CFL_200","IMP",13,"13",2004,"2"
"5060","17767",33007117,737808,4643999,"P13_CFL_200","IMP",13,"13",2004,"2"
"5061","17782",33007132,735557,4651150,"P13_CFL_9","IMP",13,"13",2004,"2"
"5062","17785",33007135,737010,4650781,"P13_CFL_200","IMP",13,"13",2004,"2"
"5063","17786",33007136,736507,4650753,"P13_CFL_10","IMP",13,"13",2004,"2"
"5064","17793",33007143,736512,4650353,"P13_CFL_200","IMP",13,"13",2004,"2"
"5065","17794",33007144,736607,4650348,"P13_CFL_200","IMP",13,"13",2004,"2"
"5066","17796",33007146,735459,4650254,"P13_CFL_9","IMP",13,"13",2004,"2"
"5067","178",31002134,582631,4913874,"P04_CFL_276","BWC",4,"L4",1998,"2"
"5068","17800",33007150,735160,4650052,"P13_CFL_9","IMP",13,"13",2004,"2"
"5069","17802",33007152,736607,4650004,"P13_CFL_200","IMP",13,"13",2004,"2"
"5070","17806",33007156,736204,4649801,"P13_CFL_200","IMP",13,"13",2004,"2"
"5071","17807",33007157,736508,4649749,"P13_CFL_200","IMP",13,"13",2004,"2"
"5072","17811",33007161,736561,4649501,"P13_CFL_200","IMP",13,"13",2004,"1"
"5073","17812",33007162,736407,4649454,"P13_CFL_200","IMP",13,"13",2004,"2"
"5074","17813",33007163,736603,4649305,"P13_CFL_200","IMP",13,"13",2004,"1"
"5075","17814",33007164,734708,4649199,"P13_TSC_27","IMP",13,"13",2004,"2"
"5076","17815",33007165,735965,4649202,"P13_CFL_200","IMP",13,"13",2004,"2"
"5077","17816",33007166,735757,4649057,"P13_CFL_200","IMP",13,"13",2004,"2"
"5078","17817",33007167,734562,4648899,"P13_TSC_27","IMP",13,"13",2004,"1"
"5079","17818",33007168,735910,4648758,"P13_CFL_200","IMP",13,"13",2004,"2"
"5080","17819",33007169,736361,4648754,"P13_CFL_200","IMP",13,"13",2004,"1"
"5081","17820",33007170,736512,4648755,"P13_CFL_200","IMP",13,"13",2004,"1"
"5082","17821",33007171,736315,4648552,"P13_CFL_200","IMP",13,"13",2004,"1"
"5083","17822",33007172,734508,4648401,"P13_CFL_6","IMP",13,"13",2004,"2"
"5084","17823",33007173,734210,4648298,"P13_CFL_198","IMP",13,"13",2004,"2"
"5085","17824",33007174,734261,4648251,"P13_CFL_198","IMP",13,"13",2004,"2"
"5086","17825",33007175,734506,4648247,"P13_CFL_198","IMP",13,"13",2004,"2"
"5087","17826",33007176,734101,4648206,"P13_CFL_198","IMP",13,"13",2004,"2"
"5088","17827",33007177,734806,4648203,"P13_CFL_198","IMP",13,"13",2004,"2"
"5089","17829",33007179,735299,4648158,"P13_CFL_199","IMP",13,"13",2004,"2"
"5090","17830",33007180,734356,4647953,"P13_CFL_198","IMP",13,"13",2004,"2"
"5091","17831",33007181,734758,4647949,"P13_CFL_198","IMP",13,"13",2004,"2"
"5092","17832",33007182,734404,4647899,"P13_CFL_198","IMP",13,"13",2004,"2"
"5093","17834",33007184,734809,4647856,"P13_CFL_198","IMP",13,"13",2004,"2"
"5094","17835",33007185,735404,4647801,"P13_CFL_199","IMP",13,"13",2004,"1"
"5095","17836",33007186,735400,4647750,"P13_CFL_199","IMP",13,"13",2004,"1"
"5096","17837",33007187,733906,4647599,"P13_CFL_198","IMP",13,"13",2004,"2"
"5097","17838",33007188,736257,4647588,"P13_CFL_200","IMP",13,"13",2004,"2"
"5098","17840",33007190,735906,4647452,"P13_CFL_200","IMP",13,"13",2004,"2"
"5099","17841",33007191,734008,4647403,"P13_CFL_198","IMP",13,"13",2004,"2"
"5100","17842",33007192,733912,4647253,"P13_CFL_198","IMP",13,"13",2004,"2"
"5101","17843",33007193,736057,4647196,"P13_CFL_200","IMP",13,"13",2004,"2"
"5102","17844",33007194,734053,4647137,"P13_CFL_198","IMP",13,"13",2004,"2"
"5103","17847",33007197,734159,4646854,"P13_CFL_198","IMP",13,"13",2004,"2"
"5104","17858",33007208,733706,4646602,"P13_CFL_198","IMP",13,"13",2004,"2"
"5105","17860",33007210,733860,4646552,"P13_CFL_198","IMP",13,"13",2004,"1"
"5106","17866",33007216,734206,4646349,"P13_CFL_198","IMP",13,"13",2004,"2"
"5107","17876",33007227,734057,4645901,"P13_CFL_198","IMP",13,"13",2004,"2"
"5108","17879",33007230,734058,4645801,"P13_CFL_198","IMP",13,"13",2004,"2"
"5109","17881",33007232,735562,4645552,"P13_CFL_198","IMP",13,"13",2004,"1"
"5110","17883",33007234,735612,4645407,"P13_CFL_198","IMP",13,"13",2004,"1"
"5111","17886",33007237,737811,4645348,"P13_CFL_200","IMP",13,"13",2004,"2"
"5112","17890",33007241,735656,4645002,"P13_CFL_198","IMP",13,"13",2004,"1"
"5113","17891",33007242,735607,4644952,"P13_CFL_198","IMP",13,"13",2004,"1"
"5114","17892",33007243,734857,4644903,"P13_CFL_198","IMP",13,"13",2004,"1"
"5115","17898",33007249,735212,4644497,"P13_CFL_198","IMP",13,"13",2004,"2"
"5116","179",31002135,580875,4913814,"P04_CFL_260","BWC",4,"L4",1998,"2"
"5117","17904",33007255,735204,4644346,"P13_CFL_198","IMP",13,"13",2004,"2"
"5118","17910",33007261,734706,4644099,"P13_CFL_198","IMP",13,"13",2004,"1"
"5119","17913",33007264,734757,4643848,"P13_CFL_198","IMP",13,"13",2004,"2"
"5120","17915",33007266,737461,4643799,"P13_CFL_200","IMP",13,"13",2004,"2"
"5121","17916",33007267,734859,4643700,"P13_CFL_198","IMP",13,"13",2004,"2"
"5122","17917",33007268,737453,4643653,"P13_CFL_200","IMP",13,"13",2004,"2"
"5123","17918",33007269,735104,4643601,"P13_CFL_198","IMP",13,"13",2004,"2"
"5124","1792",31006793,543728,4935209,"","SC",4,"U4",2004,"2"
"5125","17920",33007271,736454,4642898,"P13_CFL_200","IMP",13,"13",2004,"2"
"5126","17921",33007272,736860,4651449,"P13_CFL_10","IMP",13,"13",2004,"2"
"5127","17923",33007274,738161,4650900,"P13_CFL_200","IMP",13,"13",2004,"1"
"5128","17924",33007275,736607,4650852,"P13_CFL_10","IMP",13,"13",2004,"1"
"5129","17926",33007277,733658,4648150,"P13_CFL_198","IMP",13,"13",2004,"2"
"5130","17927",33007278,733558,4646849,"P13_CFL_198","IMP",13,"13",2004,"2"
"5131","17928",33007279,733708,4644950,"P13_CFL_198","IMP",13,"13",2004,"2"
"5132","1797",31006862,536078,4935705,"P04_CFL_274","BWC",4,"U4",2004,"2"
"5133","17971",33007356,736505,4652807,"P13_SCB_31","MBC",13,"13",2005,"2"
"5134","17973",33007358,736554,4652256,"P13_SCB_31","MBC",13,"13",2005,"2"
"5135","17974",33007359,736550,4652208,"P13_SCB_31","MBC",13,"13",2005,"2"
"5136","17975",33007360,736448,4652155,"P13_SCB_31","MBC",13,"13",2005,"2"
"5137","17976",33007361,736156,4652057,"P13_SCB_31","MBC",13,"13",2005,"2"
"5138","17980",33007365,735158,4648660,"P13_USCB_20","MBC",13,"13",2005,"2"
"5139","17981",33007366,735211,4648548,"P13_USCB_20","MBC",13,"13",2005,"2"
"5140","1799",31006864,536079,4935658,"P04_CFL_274","BWC",4,"U4",2004,"2"
"5141","18",31001770,583476,4911116,"P04_SCB_21","MBC",4,"L4",1998,"2"
"5142","180",31002137,582590,4913800,"P04_CFL_264","BWC",4,"L4",1998,"2"
"5143","1800",31006865,536330,4935555,"P04_CFL_274","BWC",4,"U4",2004,"2"
"5144","18003",33007388,736419,4656153,"P13_SCB_45","MBC",13,"13",2005,"2"
"5145","18004",33007389,735922,4656056,"P13_SC_3","MBC",13,"13",2005,"2"
"5146","18007",33007392,736360,4653048,"P13_SCB_31","MBC",13,"13",2005,"2"
"5147","1801",31006866,536478,4935558,"P04_CFL_274","BWC",4,"U4",2004,"2"
"5148","1802",31006867,555934,4924710,"P04_CFL_100","BWC",4,"U4",2004,"2"
"5149","18025",33007410,729612,4671546,"P13_SC_13","SC",13,"13",2005,"2"
"5150","18028",33007413,734519,4657757,"P13_SC_4","SC",13,"13",2005,"1"
"5151","18029",33007414,734769,4657309,"P13_SC_4","SC",13,"13",2005,"2"
"5152","18030",33007415,734763,4657099,"P13_SC_4","SC",13,"13",2005,"2"
"5153","18034",33007420,721010,4674595,"P13_SC_14","SC",13,"13",2005,"2"
"5154","18045",33007431,736272,4657753,"P13_TSC_29","SC",13,"13",2005,"2"
"5155","18046",33007432,737168,4657296,"P13_TSC_50","SC",13,"13",2005,"2"
"5156","18047",33007433,736667,4656755,"P13_TSC_51","SC",13,"13",2005,"2"
"5157","18058",33007444,737511,4653013,"P13_CFL_23","BWC",13,"13",2005,"2"
"5158","18061",33007447,734267,4664652,"P13_CFL_116","BWC",13,"13",2005,"2"
"5159","18063",33007449,739509,4647253,"P13_CFL_3","BWC",13,"13",2005,"2"
"5160","18064",33007450,739443,4646150,"P13_CFL_3","BWC",13,"13",2005,"2"
"5161","18065",33007451,738011,4655997,"P13_CFL_56","BWC",13,"13",2005,"2"
"5162","18066",33007452,736368,4659603,"P13_CFL_70","BWC",13,"13",2005,"2"
"5163","18067",33007453,736471,4659201,"P13_CFL_70","BWC",13,"13",2005,"2"
"5164","18068",33007455,732571,4664247,"P13_CFL_97","BWC",13,"13",2005,"2"
"5165","18069",33007456,733068,4669899,"P13_CFL_123","BWC",13,"13",2005,"2"
"5166","18070",33007457,733066,4669350,"P13_CFL_123","BWC",13,"13",2005,"2"
"5167","18071",33007458,732917,4664654,"P13_CFL_97","BWC",13,"13",2005,"2"
"5168","18072",33007459,739105,4645053,"P13_CFL_3","BWC",13,"13",2005,"2"
"5169","18073",33007460,738711,4644705,"P13_CFL_3","BWC",13,"13",2005,"2"
"5170","18079",33007467,735164,4662299,"P13_CFL_82","BWC",13,"13",2005,"2"
"5171","18080",33007468,735021,4661405,"P13_CFL_82","BWC",13,"13",2005,"2"
"5172","18081",33007469,735023,4661105,"P13_CFL_82","BWC",13,"13",2005,"2"
"5173","18085",33007473,737464,4655309,"P13_CFL_55","BWC",13,"13",2005,"2"
"5174","18086",33007474,737110,4655196,"P13_CFL_55","BWC",13,"13",2005,"2"
"5175","18088",33007476,737462,4654353,"P13_CFL_38","BWC",13,"13",2005,"2"
"5176","18091",33007479,737167,4660907,"P13_CFL_70","BWC",13,"13",2005,"2"
"5177","18092",33007480,736315,4660854,"P13_CFL_70","BWC",13,"13",2005,"2"
"5178","18093",33007481,735763,4660656,"P13_CFL_70","BWC",13,"13",2005,"2"
"5179","18094",33007482,736819,4660248,"P13_CFL_70","BWC",13,"13",2005,"2"
"5180","18095",33007483,736922,4660151,"P13_CFL_70","BWC",13,"13",2005,"2"
"5181","18096",33007484,737127,4660149,"P13_CFL_70","BWC",13,"13",2005,"2"
"5182","18097",33007485,736394,4660102,"P13_CFL_70","BWC",13,"13",2005,"2"
"5183","18098",33007486,737020,4660093,"P13_CFL_70","BWC",13,"13",2005,"2"
"5184","18099",33007487,736817,4659948,"P13_CFL_70","BWC",13,"13",2005,"2"
"5185","181",31002138,581328,4913758,"P04_CFL_260","BWC",4,"L4",1998,"2"
"5186","18100",33007488,736522,4659755,"P13_CFL_70","BWC",13,"13",2005,"2"
"5187","18101",33007489,736859,4659612,"P13_CFL_70","BWC",13,"13",2005,"2"
"5188","18102",33007490,736465,4658544,"P13_CFL_70","BWC",13,"13",2005,"2"
"5189","18103",33007491,736467,4658453,"P13_CFL_70","BWC",13,"13",2005,"2"
"5190","18104",33007492,735812,4658303,"P13_CFL_70","BWC",13,"13",2005,"2"
"5191","18105",33007493,736162,4658248,"P13_CFL_70","BWC",13,"13",2005,"2"
"5192","18106",33007494,736619,4658154,"P13_CFL_70","BWC",13,"13",2005,"2"
"5193","18107",33007495,736703,4658046,"P13_CFL_70","BWC",13,"13",2005,"2"
"5194","18108",33007496,735921,4657999,"P13_CFL_70","BWC",13,"13",2005,"2"
"5195","18109",33007497,737521,4659705,"P13_CFL_70","BWC",13,"13",2005,"2"
"5196","18110",33007498,738111,4659698,"P13_CFL_70","BWC",13,"13",2005,"2"
"5197","18111",33007499,737070,4659653,"P13_CFL_70","BWC",13,"13",2005,"2"
"5198","18112",33007500,737819,4659509,"P13_CFL_70","BWC",13,"13",2005,"2"
"5199","18113",33007501,736915,4659448,"P13_CFL_70","BWC",13,"13",2005,"2"
"5200","18114",33007503,738119,4659196,"P13_CFL_70","BWC",13,"13",2005,"2"
"5201","18115",33007504,738167,4659160,"P13_CFL_70","BWC",13,"13",2005,"2"
"5202","18116",33007505,738062,4658954,"P13_CFL_70","BWC",13,"13",2005,"2"
"5203","18117",33007506,737519,4658251,"P13_CFL_70","BWC",13,"13",2005,"2"
"5204","18118",33007507,738163,4658199,"P13_CFL_70","BWC",13,"13",2005,"2"
"5205","18119",33007508,737964,4658004,"P13_CFL_70","BWC",13,"13",2005,"2"
"5206","1812",31006882,539630,4935506,"P04_CFL_72","BWC",4,"U4",2004,"2"
"5207","18120",33007509,737661,4656844,"P13_CFL_70","BWC",13,"13",2005,"2"
"5208","18121",33007510,738217,4656502,"P13_CFL_70","BWC",13,"13",2005,"2"
"5209","18122",33007511,737562,4656395,"P13_CFL_70","BWC",13,"13",2005,"2"
"5210","18123",33007512,726224,4670796,"P13_CFL_128","BWC",13,"13",2005,"2"
"5211","18124",33007513,726766,4670448,"P13_CFL_128","BWC",13,"13",2005,"2"
"5212","18125",33007514,726169,4670344,"P13_CFL_128","BWC",13,"13",2005,"2"
"5213","18126",33007515,726616,4670346,"P13_CFL_128","BWC",13,"13",2005,"2"
"5214","18127",33007516,727472,4670250,"P13_CFL_128","BWC",13,"13",2005,"2"
"5215","18129",33007518,727823,4670099,"P13_CFL_128","BWC",13,"13",2005,"2"
"5216","18130",33007519,732725,4668845,"P13_CFL_123","BWC",13,"13",2005,"2"
"5217","18131",33007520,733562,4668705,"P13_CFL_123","BWC",13,"13",2005,"2"
"5218","18132",33007521,733767,4668352,"P13_CFL_123","BWC",13,"13",2005,"2"
"5219","18134",33007523,732916,4663955,"P13_CFL_97","BWC",13,"13",2005,"2"
"5220","18135",33007524,732818,4663751,"P13_CFL_97","BWC",13,"13",2005,"2"
"5221","18136",33007525,732912,4662357,"P13_CFL_97","BWC",13,"13",2005,"2"
"5222","18143",33007532,735518,4656350,"P13_CFL_58","BWC",13,"13",2005,"2"
"5223","18147",33007536,716313,4679354,"P13_CFL_178","BWC",13,"13",2005,"2"
"5224","18148",33007538,717413,4677148,"P13_TSC_44","BWC",13,"13",2005,"2"
"5225","18154",33007544,733169,4666146,"P13_CFL_111","BWC",13,"13",2005,"2"
"5226","18155",33007545,735168,4662101,"P13_CFL_82","BWC",13,"13",2005,"2"
"5227","18157",33007547,734164,4659151,"P13_CFL_64","BWC",13,"13",2005,"2"
"5228","18158",33007548,737711,4655493,"P13_CFL_56","BWC",13,"13",2005,"2"
"5229","18159",33007549,735573,4654553,"P13_CFL_39","BWC",13,"13",2005,"2"
"5230","18160",33007550,735403,4652850,"P13_CFL_22","BWC",13,"13",2005,"2"
"5231","18161",33007551,736317,4660949,"P13_CFL_70","BWC",13,"13",2005,"2"
"5232","18162",33007552,738464,4658802,"P13_CFL_70","BWC",13,"13",2005,"2"
"5233","18163",33007553,727357,4670950,"P13_CFL_128","BWC",13,"13",2005,"2"
"5234","18164",33007554,729174,4670549,"P13_CFL_121","BWC",13,"13",2005,"2"
"5235","18165",33007555,729518,4670444,"P13_CFL_121","BWC",13,"13",2005,"2"
"5236","18166",33007556,726967,4670354,"P13_CFL_128","BWC",13,"13",2005,"2"
"5237","18167",33007557,729567,4669704,"P13_CFL_121","BWC",13,"13",2005,"2"
"5238","18169",33007559,730063,4669595,"P13_CFL_121","BWC",13,"13",2005,"2"
"5239","18170",33007560,732620,4663697,"P13_CFL_97","BWC",13,"13",2005,"2"
"5240","18171",33007561,733066,4663699,"P13_CFL_97","BWC",13,"13",2005,"2"
"5241","18172",33007562,732920,4663399,"P13_CFL_97","BWC",13,"13",2005,"2"
"5242","18173",33007563,733070,4662899,"P13_CFL_97","BWC",13,"13",2005,"2"
"5243","18174",33007564,734058,4650902,"P13_CFL_6","IMP",13,"13",2005,"2"
"5244","18175",33007565,734856,4650605,"P13_CFL_6","IMP",13,"13",2005,"2"
"5245","18176",33007566,733907,4650408,"P13_CFL_6","IMP",13,"13",2005,"2"
"5246","18177",33007567,734008,4650403,"P13_CFL_6","IMP",13,"13",2005,"2"
"5247","18179",33007569,737399,4650157,"P13_CFL_200","IMP",13,"13",2005,"2"
"5248","18180",33007571,737048,4649948,"P13_CFL_200","IMP",13,"13",2005,"2"
"5249","18181",33007572,733858,4649854,"P13_CFL_6","IMP",13,"13",2005,"2"
"5250","18182",33007573,734208,4649841,"P13_CFL_6","IMP",13,"13",2005,"2"
"5251","18184",33007575,737656,4649847,"P13_CFL_200","IMP",13,"13",2005,"2"
"5252","18185",33007576,737063,4649809,"P13_CFL_200","IMP",13,"13",2005,"2"
"5253","18186",33007577,733859,4649753,"P13_CFL_6","IMP",13,"13",2005,"2"
"5254","18192",33007583,738700,4649355,"P13_CFL_200","IMP",13,"13",2005,"2"
"5255","18193",33007584,734057,4649256,"P13_CFL_6","IMP",13,"13",2005,"2"
"5256","18195",33007586,734204,4649152,"P13_CFL_6","IMP",13,"13",2005,"2"
"5257","18196",33007587,737858,4649114,"P13_CFL_200","IMP",13,"13",2005,"2"
"5258","18197",33007588,737156,4649058,"P13_CFL_200","IMP",13,"13",2005,"2"
"5259","18198",33007589,737854,4649013,"P13_CFL_200","IMP",13,"13",2005,"2"
"5260","18199",33007590,734003,4648959,"P13_CFL_6","IMP",13,"13",2005,"2"
"5261","182",31002139,582687,4913759,"P04_CFL_264","BWC",4,"L4",1998,"2"
"5262","18201",33007592,737649,4648858,"P13_CFL_200","IMP",13,"13",2005,"2"
"5263","18207",33007598,737601,4648155,"P13_CFL_200","IMP",13,"13",2005,"1"
"5264","18208",33007599,736853,4648056,"P13_CFL_200","IMP",13,"13",2005,"2"
"5265","18209",33007600,737701,4648049,"P13_CFL_200","IMP",13,"13",2005,"1"
"5266","18210",33007601,736760,4647702,"P13_CFL_200","IMP",13,"13",2005,"1"
"5267","18211",33007602,737363,4646896,"P13_CFL_200","IMP",13,"13",2005,"2"
"5268","18212",33007603,738059,4645611,"P13_CFL_200","IMP",13,"13",2005,"2"
"5269","18213",33007604,738056,4645108,"P13_CFL_200","IMP",13,"13",2005,"2"
"5270","18214",33007605,738055,4644659,"P13_CFL_200","IMP",13,"13",2005,"2"
"5271","18215",33007606,737903,4644348,"P13_CFL_200","IMP",13,"13",2005,"2"
"5272","18216",33007607,733956,4643857,"P13_CFL_198","IMP",13,"13",2005,"2"
"5273","18217",33007608,734053,4643707,"P13_CFL_198","IMP",13,"13",2005,"2"
"5274","18218",33007609,738013,4643710,"P13_CFL_200","IMP",13,"13",2005,"2"
"5275","18219",33007610,738054,4643655,"P13_CFL_200","IMP",13,"13",2005,"2"
"5276","18220",33007611,737500,4643553,"P13_CFL_200","IMP",13,"13",2005,"2"
"5277","18221",33007612,734605,4643054,"P13_CFL_198","IMP",13,"13",2005,"2"
"5278","18222",33007613,734603,4642998,"P13_CFL_198","IMP",13,"13",2005,"2"
"5279","18223",33007614,734504,4642949,"P13_CFL_198","IMP",13,"13",2005,"2"
"5280","18224",33007615,734557,4642807,"P13_CFL_198","IMP",13,"13",2005,"2"
"5281","18225",33007616,738055,4645910,"P13_CFL_200","IMP",13,"13",2005,"2"
"5282","18226",33007617,738058,4644211,"P13_CFL_200","IMP",13,"13",2005,"2"
"5283","18227",33007618,738210,4643448,"P13_CFL_200","IMP",13,"13",2005,"2"
"5284","18231",33007622,736156,4652798,"P13_CFL_24","IMP",13,"13",2005,"2"
"5285","18232",33007623,736051,4651951,"P13_CFL_14","IMP",13,"13",2005,"2"
"5286","18234",33007625,736066,4651652,"P13_CFL_14","IMP",13,"13",2005,"2"
"5287","18235",33007626,737302,4651557,"P13_CFL_16","IMP",13,"13",2005,"2"
"5288","18238",33007629,737502,4650902,"P13_CFL_200","IMP",13,"13",2005,"2"
"5289","18239",33007630,737897,4650854,"P13_CFL_200","IMP",13,"13",2005,"2"
"5290","18240",33007631,736457,4650454,"P13_CFL_200","IMP",13,"13",2005,"2"
"5291","18243",33007634,738207,4650395,"P13_CFL_200","IMP",13,"13",2005,"2"
"5292","18244",33007635,736162,4650256,"P13_CFL_200","IMP",13,"13",2005,"2"
"5293","18247",33007638,736507,4650157,"P13_CFL_200","IMP",13,"13",2005,"2"
"5294","1825",31006896,542833,4935310,"P04_CFL_67","BWC",4,"U4",2004,"2"
"5295","18252",33007643,736462,4649407,"P13_CFL_200","IMP",13,"13",2005,"2"
"5296","18253",33007644,736413,4649257,"P13_CFL_200","IMP",13,"13",2005,"2"
"5297","18254",33007645,735458,4649101,"P13_CFL_199","IMP",13,"13",2005,"2"
"5298","18255",33007646,735759,4649100,"P13_CFL_200","IMP",13,"13",2005,"2"
"5299","18256",33007647,735306,4648949,"P13_USCB_20","IMP",13,"13",2005,"2"
"5300","18257",33007648,736062,4648745,"P13_CFL_200","IMP",13,"13",2005,"2"
"5301","18258",33007649,736013,4648699,"P13_CFL_200","IMP",13,"13",2005,"2"
"5302","18260",33007651,735349,4648456,"P13_CFL_199","IMP",13,"13",2005,"2"
"5303","18261",33007652,736408,4648209,"P13_CFL_200","IMP",13,"13",2005,"2"
"5304","18262",33007653,736050,4648148,"P13_CFL_200","IMP",13,"13",2005,"2"
"5305","18263",33007654,734654,4648104,"P13_CFL_198","IMP",13,"13",2005,"2"
"5306","18264",33007655,736606,4648101,"P13_CFL_200","IMP",13,"13",2005,"1"
"5307","18266",33007657,734051,4648050,"P13_CFL_198","IMP",13,"13",2005,"2"
"5308","18267",33007658,736057,4647853,"P13_CFL_200","IMP",13,"13",2005,"2"
"5309","18268",33007659,734453,4647802,"P13_CFL_198","IMP",13,"13",2005,"2"
"5310","18269",33007660,736308,4647598,"P13_CFL_200","IMP",13,"13",2005,"2"
"5311","18270",33007661,736711,4647549,"P13_CFL_200","IMP",13,"13",2005,"1"
"5312","18272",33007663,735503,4647500,"P13_CFL_199","IMP",13,"13",2005,"2"
"5313","18273",33007664,734454,4647358,"P13_CFL_198","IMP",13,"13",2005,"2"
"5314","18274",33007665,735759,4647303,"P13_SC_1","IMP",13,"13",2005,"1"
"5315","18275",33007666,734005,4647205,"P13_CFL_198","IMP",13,"13",2005,"2"
"5316","18277",33007668,734507,4647052,"P13_CFL_198","IMP",13,"13",2005,"2"
"5317","18279",33007670,734707,4646959,"P13_CFL_198","IMP",13,"13",2005,"1"
"5318","1828",31006899,544675,4934207,"P04_CFL_15","BWC",4,"U4",2004,"2"
"5319","18280",33007671,735855,4646953,"P13_CFL_200","IMP",13,"13",2005,"1"
"5320","18281",33007672,734262,4646853,"P13_CFL_198","IMP",13,"13",2005,"2"
"5321","18285",33007676,734263,4646650,"P13_CFL_198","IMP",13,"13",2005,"2"
"5322","18286",33007677,736152,4646602,"P13_CFL_200","IMP",13,"13",2005,"2"
"5323","18291",33007682,733801,4646304,"P13_CFL_198","IMP",13,"13",2005,"2"
"5324","18293",33007684,736605,4646301,"P13_CFL_200","IMP",13,"13",2005,"2"
"5325","18295",33007686,736401,4646201,"P13_CFL_200","IMP",13,"13",2005,"1"
"5326","183",31002140,581332,4913701,"P04_CFL_260","BWC",4,"L4",1998,"2"
"5327","18302",33007693,737906,4645652,"P13_CFL_200","IMP",13,"13",2005,"2"
"5328","18304",33007695,735647,4645508,"P13_CFL_198","IMP",13,"13",2005,"1"
"5329","18308",33007699,734846,4645299,"P13_CFL_198","IMP",13,"13",2005,"1"
"5330","18309",33007700,733904,4645206,"P13_CFL_198","IMP",13,"13",2005,"2"
"5331","18314",33007705,735006,4644952,"P13_CFL_198","IMP",13,"13",2005,"2"
"5332","18316",33007707,734759,4644901,"P13_CFL_198","IMP",13,"13",2005,"2"
"5333","18321",33007712,734853,4644505,"P13_CFL_198","IMP",13,"13",2005,"2"
"5334","18322",33007713,735703,4644505,"P13_CFL_198","IMP",13,"13",2005,"2"
"5335","18324",33007715,737507,4644402,"P13_CFL_200","IMP",13,"13",2005,"1"
"5336","18325",33007716,737808,4644247,"P13_CFL_200","IMP",13,"13",2005,"2"
"5337","18326",33007717,735057,4644199,"P13_CFL_198","IMP",13,"13",2005,"2"
"5338","18327",33007718,735103,4644153,"P13_CFL_198","IMP",13,"13",2005,"2"
"5339","18329",33007720,734899,4644103,"P13_CFL_198","IMP",13,"13",2005,"2"
"5340","1833",31006904,544329,4934002,"P04_CFL_15","BWC",4,"U4",2004,"2"
"5341","18330",33007721,737608,4644098,"P13_CFL_200","IMP",13,"13",2005,"2"
"5342","18331",33007722,737706,4644105,"P13_CFL_200","IMP",13,"13",2005,"2"
"5343","18332",33007723,737602,4644006,"P13_CFL_200","IMP",13,"13",2005,"2"
"5344","18333",33007724,737309,4643945,"P13_CFL_200","IMP",13,"13",2005,"1"
"5345","18334",33007725,734806,4643854,"P13_CFL_198","IMP",13,"13",2005,"2"
"5346","18335",33007726,737263,4643756,"P13_CFL_200","IMP",13,"13",2005,"1"
"5347","18336",33007727,735005,4643698,"P13_CFL_198","IMP",13,"13",2005,"2"
"5348","18337",33007728,735059,4643498,"P13_CFL_198","IMP",13,"13",2005,"2"
"5349","18338",33007729,735408,4643500,"P13_CFL_198","IMP",13,"13",2005,"2"
"5350","18342",33007733,736558,4643109,"P13_CFL_200","IMP",13,"13",2005,"2"
"5351","18344",33007735,735160,4649910,"P13_CFL_9","IMP",13,"13",2005,"2"
"5352","18345",33007736,735103,4649856,"P13_CFL_9","IMP",13,"13",2005,"2"
"5353","18346",33007737,733459,4647410,"P13_CFL_198","IMP",13,"13",2005,"2"
"5354","18347",33007738,736160,4642551,"P13_CFL_200","IMP",13,"13",2005,"2"
"5355","18371",33007789,736458,4653651,"P13_SCB_31","MBC",13,"13",2006,"2"
"5356","18375",33007793,736608,4652698,"P13_SCB_31","MBC",13,"13",2006,"2"
"5357","18376",33007794,736359,4652650,"P13_SCB_31","MBC",13,"13",2006,"2"
"5358","18377",33007795,736457,4652652,"P13_SCB_31","MBC",13,"13",2006,"2"
"5359","18378",33007796,736611,4652447,"P13_SCB_31","MBC",13,"13",2006,"2"
"5360","18380",33007798,736609,4652352,"P13_SCB_31","MBC",13,"13",2006,"2"
"5361","18381",33007799,736410,4652107,"P13_SCB_31","MBC",13,"13",2006,"2"
"5362","18385",33007803,735156,4649701,"P13_USCB_4","MBC",13,"13",2006,"1"
"5363","18390",33007808,735212,4648654,"P13_USCB_20","MBC",13,"13",2006,"2"
"5364","18391",33007809,735207,4647855,"P13_USCB_20","MBC",13,"13",2006,"2"
"5365","184",31002141,579680,4913355,"P04_CFL_230","BWC",4,"L4",1998,"2"
"5366","18400",33007818,736159,4650298,"P13_CFL_200","MBC",13,"13",2006,"2"
"5367","18403",33007821,719356,4675512,"P13_SCB_40","MBC",13,"13",2006,"2"
"5368","18409",33007827,729806,4671245,"P13_SCB_49","MBC",13,"13",2006,"2"
"5369","18411",33007829,730355,4670951,"P13_USCB_25","MBC",13,"13",2006,"2"
"5370","18413",33007832,734903,4665102,"P13_USCB_23","MBC",13,"13",2006,"2"
"5371","18420",33007839,736411,4653204,"P13_SCB_31","MBC",13,"13",2006,"2"
"5372","18421",33007840,736656,4653053,"P13_SCB_31","MBC",13,"13",2006,"2"
"5373","18427",33007846,735813,4651854,"P13_CFL_19","SC",13,"13",2006,"2"
"5374","18455",33007874,732907,4667806,"P13_USCB_24","SC",13,"13",2006,"2"
"5375","18458",33007877,735509,4659099,"P13_TSC_33","SC",13,"13",2006,"2"
"5376","18459",33007878,735458,4658951,"P13_TSC_33","SC",13,"13",2006,"2"
"5377","18461",33007880,736509,4657751,"P13_TSC_29","SC",13,"13",2006,"2"
"5378","18463",33007882,736710,4657351,"P13_TSC_29","SC",13,"13",2006,"2"
"5379","18465",33007884,735610,4656460,"P13_SC_3","SC",13,"13",2006,"2"
"5380","1847",31006918,539685,4936708,"P04_CFL_61","BWC",4,"U4",2004,"2"
"5381","18470",33007889,735559,4655550,"P13_CFL_52","SC",13,"13",2006,"2"
"5382","18472",33007891,736004,4654655,"P13_TSC_27","SC",13,"13",2006,"2"
"5383","18473",33007892,736357,4653601,"P13_TSC_27","SC",13,"13",2006,"2"
"5384","18475",33007894,732307,4664346,"P13_TSC_49","BWC",13,"13",2006,"2"
"5385","18478",33007897,735257,4652149,"P13_CFL_22","BWC",13,"13",2006,"2"
"5386","18479",33007898,734007,4665655,"P13_CFL_108","BWC",13,"13",2006,"2"
"5387","18480",33007899,739409,4647698,"P13_CFL_3","BWC",13,"13",2006,"2"
"5388","18481",33007900,739359,4646753,"P13_CFL_3","BWC",13,"13",2006,"2"
"5389","18482",33007901,738505,4643049,"P13_CFL_1","BWC",13,"13",2006,"2"
"5390","18483",33007902,737855,4655500,"P13_CFL_56","BWC",13,"13",2006,"2"
"5391","18484",33007903,736516,4658791,"P13_CFL_70","BWC",13,"13",2006,"2"
"5392","18485",33007905,735857,4658947,"P13_CFL_70","BWC",13,"13",2006,"2"
"5393","18486",33007906,732606,4664251,"P13_CFL_97","BWC",13,"13",2006,"2"
"5394","18487",33007907,732659,4664200,"P13_CFL_97","BWC",13,"13",2006,"2"
"5395","18488",33007908,732707,4664150,"P13_CFL_97","BWC",13,"13",2006,"2"
"5396","18492",33007912,737505,4655245,"P13_CFL_55","BWC",13,"13",2006,"2"
"5397","18493",33007913,737160,4655155,"P13_CFL_55","BWC",13,"13",2006,"2"
"5398","18496",33007916,736056,4653649,"P13_CFL_36","BWC",13,"13",2006,"2"
"5399","18498",33007918,735408,4652904,"P13_CFL_22","BWC",13,"13",2006,"2"
"5400","18499",33007919,735415,4652652,"P13_CFL_22","BWC",13,"13",2006,"2"
"5401","185",31002142,582981,4913306,"P04_CFL_242","BWC",4,"L4",1998,"2"
"5402","18500",33007920,735759,4661049,"P13_CFL_70","BWC",13,"13",2006,"2"
"5403","18501",33007921,736760,4660904,"P13_CFL_70","BWC",13,"13",2006,"2"
"5404","18502",33007922,737558,4660699,"P13_CFL_70","BWC",13,"13",2006,"2"
"5405","18504",33007924,737158,4660402,"P13_CFL_70","BWC",13,"13",2006,"2"
"5406","18505",33007925,736859,4660347,"P13_CFL_70","BWC",13,"13",2006,"2"
"5407","18506",33007926,736858,4660203,"P13_CFL_70","BWC",13,"13",2006,"2"
"5408","18507",33007927,735809,4660152,"P13_CFL_70","BWC",13,"13",2006,"2"
"5409","18508",33007928,736208,4660149,"P13_CFL_70","BWC",13,"13",2006,"2"
"5410","18509",33007929,736856,4659951,"P13_CFL_70","BWC",13,"13",2006,"2"
"5411","18510",33007930,737206,4659852,"P13_CFL_70","BWC",13,"13",2006,"2"
"5412","18511",33007931,736258,4659803,"P13_CFL_70","BWC",13,"13",2006,"2"
"5413","18512",33007932,736809,4659749,"P13_CFL_70","BWC",13,"13",2006,"2"
"5414","18513",33007933,736078,4658527,"P13_CFL_70","BWC",13,"13",2006,"2"
"5415","18514",33007934,736657,4658549,"P13_CFL_70","BWC",13,"13",2006,"2"
"5416","18515",33007935,736209,4658202,"P13_CFL_70","BWC",13,"13",2006,"2"
"5417","18516",33007936,735858,4658051,"P13_CFL_70","BWC",13,"13",2006,"2"
"5418","18517",33007937,736709,4658050,"P13_CFL_70","BWC",13,"13",2006,"2"
"5419","18518",33007938,736609,4657900,"P13_CFL_70","BWC",13,"13",2006,"2"
"5420","18519",33007939,737558,4659801,"P13_CFL_70","BWC",13,"13",2006,"2"
"5421","18520",33007940,737958,4659802,"P13_CFL_70","BWC",13,"13",2006,"2"
"5422","18521",33007941,737657,4659404,"P13_CFL_70","BWC",13,"13",2006,"2"
"5423","18522",33007942,737760,4659300,"P13_CFL_70","BWC",13,"13",2006,"2"
"5424","18523",33007943,737710,4658552,"P13_CFL_70","BWC",13,"13",2006,"2"
"5425","18524",33007944,737510,4658253,"P13_CFL_70","BWC",13,"13",2006,"2"
"5426","18525",33007945,737908,4658096,"P13_CFL_70","BWC",13,"13",2006,"2"
"5427","18526",33007946,738108,4657900,"P13_CFL_70","BWC",13,"13",2006,"2"
"5428","18527",33007947,737509,4657853,"P13_CFL_70","BWC",13,"13",2006,"2"
"5429","18528",33007949,737757,4657598,"P13_CFL_70","BWC",13,"13",2006,"2"
"5430","18529",33007950,737517,4657553,"P13_CFL_70","BWC",13,"13",2006,"2"
"5431","18530",33007951,737806,4657448,"P13_CFL_70","BWC",13,"13",2006,"2"
"5432","18531",33007952,738209,4656909,"P13_CFL_70","BWC",13,"13",2006,"2"
"5433","18532",33007953,737407,4656604,"P13_CFL_70","BWC",13,"13",2006,"2"
"5434","18533",33007954,738107,4656552,"P13_CFL_70","BWC",13,"13",2006,"2"
"5435","18534",33007955,737804,4656447,"P13_CFL_70","BWC",13,"13",2006,"2"
"5436","18535",33007956,738004,4656348,"P13_CFL_70","BWC",13,"13",2006,"2"
"5437","18536",33007957,725860,4670601,"P13_CFL_128","BWC",13,"13",2006,"2"
"5438","18537",33007958,726159,4670604,"P13_CFL_128","BWC",13,"13",2006,"2"
"5439","18538",33007959,726109,4670547,"P13_CFL_128","BWC",13,"13",2006,"2"
"5440","18539",33007960,727455,4670304,"P13_CFL_128","BWC",13,"13",2006,"2"
"5441","18540",33007961,726761,4670199,"P13_CFL_128","BWC",13,"13",2006,"2"
"5442","18541",33007962,726008,4670056,"P13_CFL_128","BWC",13,"13",2006,"2"
"5443","18542",33007963,727857,4670048,"P13_CFL_128","BWC",13,"13",2006,"2"
"5444","18544",33007965,732907,4668902,"P13_CFL_123","BWC",13,"13",2006,"2"
"5445","18549",33007970,732856,4663252,"P13_CFL_97","BWC",13,"13",2006,"2"
"5446","1855",31006927,539027,4936009,"P04_TSC_11","BWC",4,"U4",2004,"2"
"5447","18550",33007971,732410,4663103,"P13_CFL_97","BWC",13,"13",2006,"2"
"5448","18551",33007973,732755,4662502,"P13_CFL_97","BWC",13,"13",2006,"2"
"5449","18552",33007974,732959,4662249,"P13_CFL_97","BWC",13,"13",2006,"2"
"5450","18554",33007976,716058,4679001,"P13_TSC_39","BWC",13,"13",2006,"2"
"5451","18560",33007983,716908,4677800,"P13_CFL_154","BWC",13,"13",2006,"2"
"5452","18565",33007988,735058,4661502,"P13_CFL_82","BWC",13,"13",2006,"2"
"5453","18567",33007991,735451,4659363,"P13_CFL_65","BWC",13,"13",2006,"2"
"5454","18569",33007993,736812,4656203,"P13_SC_2","BWC",13,"13",2006,"2"
"5455","18570",33007994,736909,4655752,"P13_CFL_55","BWC",13,"13",2006,"2"
"5456","18571",33007995,736958,4655603,"P13_CFL_55","BWC",13,"13",2006,"2"
"5457","18572",33007996,737706,4655600,"P13_CFL_56","BWC",13,"13",2006,"2"
"5458","18573",33007997,736961,4655343,"P13_CFL_55","BWC",13,"13",2006,"2"
"5459","18575",33007999,735812,4653899,"P13_TSC_27","BWC",13,"13",2006,"2"
"5460","18576",33008000,735257,4653150,"P13_TSC_55","BWC",13,"13",2006,"2"
"5461","18578",33008002,736857,4659400,"P13_CFL_70","BWC",13,"13",2006,"2"
"5462","18579",33008003,738657,4658603,"P13_CFL_70","BWC",13,"13",2006,"2"
"5463","18580",33008004,727007,4671200,"P13_CFL_128","BWC",13,"13",2006,"2"
"5464","18581",33008005,728456,4670803,"P13_CFL_121","BWC",13,"13",2006,"2"
"5465","18582",33008006,729559,4670400,"P13_CFL_121","BWC",13,"13",2006,"2"
"5466","18584",33008008,726457,4669908,"P13_CFL_128","BWC",13,"13",2006,"2"
"5467","18585",33008009,733559,4668101,"P13_CFL_201","BWC",13,"13",2006,"2"
"5468","18586",33008010,734257,4667905,"P13_CFL_123","BWC",13,"13",2006,"2"
"5469","18587",33008011,732860,4663299,"P13_CFL_97","BWC",13,"13",2006,"2"
"5470","18588",33008012,732405,4663000,"P13_CFL_97","BWC",13,"13",2006,"2"
"5471","18589",33008013,733008,4662101,"P13_CFL_97","BWC",13,"13",2006,"2"
"5472","18590",33008014,737557,4652300,"P13_CFL_23","IMP",13,"13",2006,"2"
"5473","18592",33008016,734225,4650853,"P13_CFL_6","IMP",13,"13",2006,"2"
"5474","18593",33008017,734157,4650801,"P13_CFL_6","IMP",13,"13",2006,"2"
"5475","18594",33008018,734238,4650581,"P13_CFL_6","IMP",13,"13",2006,"2"
"5476","18595",33008019,734168,4650451,"P13_CFL_6","IMP",13,"13",2006,"2"
"5477","18596",33008020,737610,4650095,"P13_CFL_200","IMP",13,"13",2006,"2"
"5478","18597",33008021,733706,4650001,"P13_CFL_6","IMP",13,"13",2006,"2"
"5479","18598",33008022,733906,4650000,"P13_CFL_6","IMP",13,"13",2006,"2"
"5480","18599",33008023,734119,4649530,"P13_CFL_6","IMP",13,"13",2006,"2"
"5481","186",31002143,582878,4913255,"P04_CFL_242","BWC",4,"L4",1998,"2"
"5482","18600",33008024,737152,4649651,"P13_CFL_200","IMP",13,"13",2006,"2"
"5483","18601",33008025,737451,4649555,"P13_CFL_200","IMP",13,"13",2006,"2"
"5484","18602",33008026,737956,4649451,"P13_CFL_200","IMP",13,"13",2006,"2"
"5485","18603",33008027,734303,4649177,"P13_CFL_6","IMP",13,"13",2006,"2"
"5486","18604",33008028,738005,4649345,"P13_CFL_200","IMP",13,"13",2006,"2"
"5487","18605",33008029,733958,4649248,"P13_CFL_6","IMP",13,"13",2006,"2"
"5488","18606",33008030,737454,4649255,"P13_CFL_200","IMP",13,"13",2006,"2"
"5489","18607",33008031,733834,4649195,"P13_CFL_6","IMP",13,"13",2006,"2"
"5490","18608",33008032,738708,4649202,"P13_CFL_200","IMP",13,"13",2006,"2"
"5491","18609",33008033,737461,4649153,"P13_CFL_200","IMP",13,"13",2006,"2"
"5492","18610",33008034,737508,4649151,"P13_CFL_200","IMP",13,"13",2006,"2"
"5493","18611",33008035,737100,4648849,"P13_CFL_200","IMP",13,"13",2006,"2"
"5494","18613",33008037,737254,4648809,"P13_CFL_200","IMP",13,"13",2006,"2"
"5495","18615",33008039,737658,4648747,"P13_CFL_200","IMP",13,"13",2006,"2"
"5496","18617",33008041,736658,4648504,"P13_CFL_200","IMP",13,"13",2006,"2"
"5497","18618",33008042,737356,4648506,"P13_CFL_200","IMP",13,"13",2006,"2"
"5498","18620",33008044,737206,4647749,"P13_CFL_200","IMP",13,"13",2006,"2"
"5499","18621",33008045,737610,4647751,"P13_CFL_200","IMP",13,"13",2006,"1"
"5500","18624",33008048,738156,4646551,"P13_CFL_200","IMP",13,"13",2006,"2"
"5501","18625",33008049,737956,4644845,"P13_CFL_200","IMP",13,"13",2006,"2"
"5502","18626",33008050,737959,4644752,"P13_CFL_200","IMP",13,"13",2006,"2"
"5503","18627",33008051,737918,4644612,"P13_CFL_200","IMP",13,"13",2006,"2"
"5504","18628",33008052,733962,4644003,"P13_CFL_198","IMP",13,"13",2006,"2"
"5505","18629",33008053,734007,4643849,"P13_CFL_198","IMP",13,"13",2006,"2"
"5506","18630",33008054,737759,4643602,"P13_CFL_200","IMP",13,"13",2006,"2"
"5507","18631",33008055,737957,4643553,"P13_CFL_200","IMP",13,"13",2006,"2"
"5508","18632",33008056,734108,4643153,"P13_CFL_198","IMP",13,"13",2006,"2"
"5509","18633",33008057,734856,4643003,"P13_CFL_198","IMP",13,"13",2006,"2"
"5510","18635",33008059,737409,4642946,"P13_CFL_200","IMP",13,"13",2006,"2"
"5511","18636",33008060,737306,4642849,"P13_CFL_200","IMP",13,"13",2006,"2"
"5512","18638",33008062,734563,4642451,"P13_CFL_198","IMP",13,"13",2006,"2"
"5513","18639",33008063,738254,4645553,"P13_CFL_200","IMP",13,"13",2006,"2"
"5514","18640",33008064,737957,4644198,"P13_CFL_200","IMP",13,"13",2006,"2"
"5515","18641",33008065,734054,4643301,"P13_CFL_198","IMP",13,"13",2006,"2"
"5516","18642",33008066,738256,4644699,"P13_CFL_200","IMP",13,"13",2006,"2"
"5517","18643",33008067,737958,4644502,"P13_CFL_200","IMP",13,"13",2006,"2"
"5518","18644",33008068,738306,4647896,"P13_TSC_23","IMP",13,"13",2006,"2"
"5519","18647",33008071,735963,4652201,"P13_CFL_19","IMP",13,"13",2006,"2"
"5520","18649",33008073,735606,4651152,"P13_CFL_9","IMP",13,"13",2006,"2"
"5521","18650",33008074,735803,4651143,"P13_CFL_14","IMP",13,"13",2006,"2"
"5522","18651",33008075,737807,4651057,"P13_TSC_25","IMP",13,"13",2006,"2"
"5523","18652",33008076,735509,4650801,"P13_CFL_9","IMP",13,"13",2006,"2"
"5524","18655",33008079,736657,4650703,"P13_CFL_10","IMP",13,"13",2006,"2"
"5525","18656",33008080,736507,4650553,"P13_CFL_10","IMP",13,"13",2006,"2"
"5526","18657",33008081,738205,4650504,"P13_CFL_200","IMP",13,"13",2006,"2"
"5527","18658",33008082,738257,4650455,"P13_CFL_200","IMP",13,"13",2006,"2"
"5528","18660",33008084,737808,4650252,"P13_CFL_200","IMP",13,"13",2006,"2"
"5529","18662",33008086,735262,4650001,"P13_CFL_9","IMP",13,"13",2006,"2"
"5530","18663",33008087,736159,4649901,"P13_CFL_200","IMP",13,"13",2006,"2"
"5531","18665",33008089,736610,4649202,"P13_CFL_200","IMP",13,"13",2006,"2"
"5532","18666",33008090,736557,4649149,"P13_CFL_200","IMP",13,"13",2006,"2"
"5533","18667",33008091,736407,4648999,"P13_CFL_200","IMP",13,"13",2006,"2"
"5534","18668",33008092,734258,4648900,"P13_CFL_6","IMP",13,"13",2006,"2"
"5535","18669",33008093,736608,4648699,"P13_CFL_200","IMP",13,"13",2006,"2"
"5536","18670",33008094,734357,4648600,"P13_CFL_6","IMP",13,"13",2006,"2"
"5537","18671",33008095,735309,4648603,"P13_CFL_199","IMP",13,"13",2006,"2"
"5538","18672",33008096,736207,4648550,"P13_CFL_200","IMP",13,"13",2006,"2"
"5539","18673",33008097,736356,4648552,"P13_CFL_200","IMP",13,"13",2006,"2"
"5540","18675",33008099,736256,4648452,"P13_CFL_200","IMP",13,"13",2006,"2"
"5541","18676",33008100,734458,4648401,"P13_CFL_6","IMP",13,"13",2006,"2"
"5542","18677",33008101,733856,4648201,"P13_CFL_198","IMP",13,"13",2006,"2"
"5543","18678",33008102,733903,4648196,"P13_CFL_198","IMP",13,"13",2006,"2"
"5544","18679",33008103,736106,4648202,"P13_CFL_200","IMP",13,"13",2006,"2"
"5545","1868",31006940,543034,4936511,"P04_CFL_67","BWC",4,"U4",2004,"2"
"5546","18681",33008105,736309,4648052,"P13_CFL_200","IMP",13,"13",2006,"2"
"5547","18682",33008106,733656,4648000,"P13_CFL_198","IMP",13,"13",2006,"2"
"5548","18683",33008107,736060,4647998,"P13_CFL_200","IMP",13,"13",2006,"2"
"5549","18684",33008108,733557,4647951,"P13_CFL_198","IMP",13,"13",2006,"2"
"5550","18685",33008109,734008,4647949,"P13_CFL_198","IMP",13,"13",2006,"2"
"5551","18686",33008110,736307,4647953,"P13_CFL_200","IMP",13,"13",2006,"2"
"5552","18687",33008111,734205,4647802,"P13_CFL_198","IMP",13,"13",2006,"2"
"5553","18688",33008112,735957,4647751,"P13_CFL_200","IMP",13,"13",2006,"2"
"5554","18689",33008113,734356,4647554,"P13_CFL_198","IMP",13,"13",2006,"2"
"5555","1869",31006941,541875,4936207,"P04_CFL_67","BWC",4,"U4",2004,"2"
"5556","18690",33008114,735560,4647454,"P13_CFL_199","IMP",13,"13",2006,"2"
"5557","18691",33008115,735956,4647398,"P13_CFL_200","IMP",13,"13",2006,"2"
"5558","18692",33008116,733807,4647253,"P13_CFL_198","IMP",13,"13",2006,"2"
"5559","18694",33008118,734007,4647151,"P13_CFL_198","IMP",13,"13",2006,"2"
"5560","18695",33008119,736163,4647147,"P13_CFL_200","IMP",13,"13",2006,"2"
"5561","18696",33008120,736155,4647056,"P13_CFL_200","IMP",13,"13",2006,"2"
"5562","18697",33008121,734006,4647001,"P13_CFL_198","IMP",13,"13",2006,"2"
"5563","18698",33008122,736358,4646997,"P13_CFL_200","IMP",13,"13",2006,"2"
"5564","18699",33008123,736507,4646948,"P13_CFL_200","IMP",13,"13",2006,"2"
"5565","187",31002144,579579,4913206,"P04_TSC_38","BWC",4,"L4",1998,"2"
"5566","18700",33008124,733603,4646898,"P13_CFL_198","IMP",13,"13",2006,"2"
"5567","18701",33008125,736011,4646907,"P13_CFL_200","IMP",13,"13",2006,"2"
"5568","18702",33008126,733805,4646801,"P13_CFL_198","IMP",13,"13",2006,"2"
"5569","18703",33008127,733913,4646800,"P13_CFL_198","IMP",13,"13",2006,"2"
"5570","18704",33008128,734455,4646804,"P13_CFL_198","IMP",13,"13",2006,"2"
"5571","18705",33008129,736559,4646800,"P13_CFL_200","IMP",13,"13",2006,"1"
"5572","18707",33008131,736009,4646754,"P13_CFL_200","IMP",13,"13",2006,"2"
"5573","18708",33008132,736455,4646753,"P13_CFL_200","IMP",13,"13",2006,"2"
"5574","18709",33008133,736360,4646606,"P13_CFL_200","IMP",13,"13",2006,"1"
"5575","1871",31006943,541977,4935607,"P04_CFL_67","BWC",4,"U4",2004,"2"
"5576","18710",33008134,733809,4646552,"P13_CFL_198","IMP",13,"13",2006,"2"
"5577","18714",33008138,733708,4646248,"P13_CFL_198","IMP",13,"13",2006,"2"
"5578","18717",33008141,736162,4646146,"P13_CFL_200","IMP",13,"13",2006,"2"
"5579","18721",33008145,736257,4645854,"P13_CFL_200","IMP",13,"13",2006,"2"
"5580","18727",33008151,736355,4645602,"P13_CFL_200","IMP",13,"13",2006,"2"
"5581","18729",33008153,733808,4645500,"P13_CFL_198","IMP",13,"13",2006,"2"
"5582","18730",33008154,736604,4645502,"P13_CFL_200","IMP",13,"13",2006,"2"
"5583","18733",33008157,736657,4645450,"P13_CFL_200","IMP",13,"13",2006,"1"
"5584","18735",33008159,734807,4645301,"P13_CFL_198","IMP",13,"13",2006,"1"
"5585","18736",33008160,734011,4645250,"P13_TSC_21","IMP",13,"13",2006,"2"
"5586","18737",33008161,735609,4645199,"P13_CFL_198","IMP",13,"13",2006,"2"
"5587","18740",33008164,737556,4644901,"P13_TSC_23","IMP",13,"13",2006,"2"
"5588","18743",33008167,734657,4644503,"P13_CFL_198","IMP",13,"13",2006,"2"
"5589","18745",33008169,735008,4644450,"P13_CFL_198","IMP",13,"13",2006,"2"
"5590","18747",33008171,737658,4644352,"P13_CFL_200","IMP",13,"13",2006,"2"
"5591","18748",33008172,737650,4644251,"P13_CFL_200","IMP",13,"13",2006,"2"
"5592","18750",33008174,737755,4644100,"P13_CFL_200","IMP",13,"13",2006,"2"
"5593","18751",33008175,734608,4644056,"P13_CFL_198","IMP",13,"13",2006,"2"
"5594","18753",33008177,734662,4643808,"P13_CFL_198","IMP",13,"13",2006,"2"
"5595","18754",33008178,734708,4643802,"P13_CFL_198","IMP",13,"13",2006,"2"
"5596","18755",33008179,737258,4643750,"P13_CFL_200","IMP",13,"13",2006,"2"
"5597","18756",33008180,737509,4643751,"P13_CFL_200","IMP",13,"13",2006,"2"
"5598","18757",33008181,734556,4643699,"P13_CFL_198","IMP",13,"13",2006,"1"
"5599","18758",33008182,734807,4643602,"P13_CFL_198","IMP",13,"13",2006,"2"
"5600","18760",33008184,736755,4643353,"P13_CFL_200","IMP",13,"13",2006,"2"
"5601","18762",33008186,735007,4649900,"P13_CFL_9","IMP",13,"13",2006,"2"
"5602","18763",33008187,735008,4649797,"P13_CFL_9","IMP",13,"13",2006,"2"
"5603","18764",33008188,733507,4647150,"P13_CFL_198","IMP",13,"13",2006,"2"
"5604","18774",33008223,719950,4675400,"P13_SCB_40","MBC",13,"13",2007,"2"
"5605","18795",33008245,736850,4654147,"P13_SCB_45","MBC",13,"13",2007,"2"
"5606","18797",33008247,736608,4653353,"P13_SCB_31","MBC",13,"13",2007,"2"
"5607","18798",33008248,736757,4652950,"P13_SCB_31","MBC",13,"13",2007,"2"
"5608","18799",33008249,736809,4652952,"P13_SCB_31","MBC",13,"13",2007,"2"
"5609","18800",33008250,736665,4652854,"P13_SCB_31","MBC",13,"13",2007,"2"
"5610","18801",33008251,736707,4652649,"P13_SCB_31","MBC",13,"13",2007,"2"
"5611","18802",33008252,736652,4652596,"P13_SCB_31","MBC",13,"13",2007,"2"
"5612","18804",33008254,736406,4652448,"P13_SCB_31","MBC",13,"13",2007,"2"
"5613","18806",33008256,736709,4652406,"P13_SCB_31","MBC",13,"13",2007,"2"
"5614","18807",33008257,736459,4652248,"P13_SCB_31","MBC",13,"13",2007,"2"
"5615","18809",33008259,736609,4652151,"P13_SCB_31","MBC",13,"13",2007,"2"
"5616","18810",33008260,736157,4652001,"P13_SCB_31","MBC",13,"13",2007,"2"
"5617","18813",33008263,735211,4647954,"P13_USCB_20","MBC",13,"13",2007,"2"
"5618","18816",33008266,735508,4647146,"P13_CFL_199","MBC",13,"13",2007,"2"
"5619","18824",33008274,715858,4677401,"P13_USCB_17","MBC",13,"13",2007,"2"
"5620","18831",33008281,732560,4667747,"P13_USCB_24","MBC",13,"13",2007,"2"
"5621","18834",33008284,733956,4662002,"P13_USCB_8","MBC",13,"13",2007,"2"
"5622","18835",33008285,734161,4660194,"P13_USCB_7","MBC",13,"13",2007,"2"
"5623","18838",33008288,736758,4655351,"P13_SCB_45","MBC",13,"13",2007,"2"
"5624","18842",33008293,736856,4652648,"P13_SCB_31","MBC",13,"13",2007,"2"
"5625","18844",33008296,727805,4670802,"P13_TSC_37","SC",13,"13",2007,"2"
"5626","18847",33008299,735166,4650445,"P13_TSC_27","SC",13,"13",2007,"2"
"5627","18864",33008316,713904,4680653,"P13_SC_20","SC",13,"13",2007,"2"
"5628","18870",33008325,734857,4659797,"P13_SCB_46","SC",13,"13",2007,"2"
"5629","18871",33008326,735460,4659249,"P13_TSC_33","SC",13,"13",2007,"2"
"5630","18872",33008327,735204,4659053,"P13_TSC_31","SC",13,"13",2007,"2"
"5631","18876",33008331,736309,4657053,"P13_TSC_28","SC",13,"13",2007,"2"
"5632","18877",33008332,736307,4656799,"P13_SC_2","SC",13,"13",2007,"2"
"5633","18878",33008333,735216,4654748,"P13_TSC_27","SC",13,"13",2007,"2"
"5634","18880",33008336,733459,4662141,"P13_CFL_97","SC",13,"13",2007,"2"
"5635","18881",33008337,735614,4656054,"P13_SC_4","SC",13,"13",2007,"2"
"5636","18882",33008338,735709,4655655,"P13_SC_4","SC",13,"13",2007,"2"
"5637","18884",33008340,735856,4654948,"P13_CFL_42","SC",13,"13",2007,"2"
"5638","18885",33008341,735854,4654455,"P13_TSC_27","SC",13,"13",2007,"2"
"5639","18886",33008342,736259,4653451,"P13_TSC_27","SC",13,"13",2007,"2"
"5640","18887",33008343,736211,4653353,"P13_TSC_27","SC",13,"13",2007,"2"
"5641","18888",33008344,738763,4649552,"","BWC",13,"13",2007,"2"
"5642","18889",33008345,739059,4649440,"","BWC",13,"13",2007,"2"
"5643","1889",31006964,578981,4915158,"P04_CFL_19","BWC",4,"L4",2004,"2"
"5644","18891",33008347,737511,4654298,"P13_CFL_38","BWC",13,"13",2007,"2"
"5645","18893",33008350,735258,4651799,"P13_TSC_27","BWC",13,"13",2007,"2"
"5646","18894",33008351,739358,4646103,"P13_CFL_3","BWC",13,"13",2007,"2"
"5647","18895",33008352,739306,4646004,"P13_CFL_3","BWC",13,"13",2007,"2"
"5648","18897",33008355,739363,4646797,"P13_CFL_3","BWC",13,"13",2007,"2"
"5649","18898",33008356,737861,4655447,"P13_CFL_56","BWC",13,"13",2007,"2"
"5650","18899",33008357,736555,4658943,"P13_CFL_70","BWC",13,"13",2007,"2"
"5651","189",31002147,583534,4913004,"P04_CFL_258","BWC",4,"L4",1998,"2"
"5652","1890",31006965,579078,4917858,"P04_CFL_19","BWC",4,"L4",2004,"2"
"5653","18900",33008358,732557,4669051,"P13_CFL_123","BWC",13,"13",2007,"2"
"5654","18901",33008359,732257,4668801,"P13_CFL_123","BWC",13,"13",2007,"2"
"5655","18902",33008360,732204,4669851,"P13_CFL_203","BWC",13,"13",2007,"2"
"5656","18903",33008362,733159,4664347,"P13_CFL_97","BWC",13,"13",2007,"2"
"5657","18904",33008363,732856,4664303,"P13_CFL_97","BWC",13,"13",2007,"2"
"5658","18905",33008364,733164,4664200,"P13_CFL_97","BWC",13,"13",2007,"2"
"5659","18906",33008365,739260,4645702,"P13_CFL_3","BWC",13,"13",2007,"2"
"5660","18907",33008366,738462,4645506,"P13_CFL_2","BWC",13,"13",2007,"2"
"5661","18908",33008367,739213,4645746,"P13_CFL_3","BWC",13,"13",2007,"2"
"5662","1891",31006966,578681,4917403,"P04_CFL_19","BWC",4,"L4",2004,"2"
"5663","18910",33008369,734860,4662095,"P13_CFL_82","BWC",13,"13",2007,"2"
"5664","18911",33008370,735004,4660909,"P13_CFL_82","BWC",13,"13",2007,"2"
"5665","18917",33008376,737259,4654506,"P13_CFL_55","BWC",13,"13",2007,"2"
"5666","18918",33008377,735509,4654401,"P13_CFL_39","BWC",13,"13",2007,"2"
"5667","18919",33008378,737160,4654351,"P13_CFL_33","BWC",13,"13",2007,"2"
"5668","18921",33008380,735456,4654053,"P13_TSC_27","BWC",13,"13",2007,"2"
"5669","18923",33008382,737407,4652547,"P13_CFL_23","BWC",13,"13",2007,"2"
"5670","18925",33008384,736959,4651600,"P13_TSC_53","BWC",13,"13",2007,"2"
"5671","18926",33008385,737258,4660645,"P13_CFL_70","BWC",13,"13",2007,"2"
"5672","18927",33008386,736264,4660553,"P13_CFL_70","BWC",13,"13",2007,"2"
"5673","18928",33008387,737606,4660500,"P13_CFL_70","BWC",13,"13",2007,"2"
"5674","18929",33008388,737612,4660450,"P13_CFL_70","BWC",13,"13",2007,"2"
"5675","1893",31006970,577077,4915705,"P04_CFL_210","BWC",4,"L4",2004,"2"
"5676","18930",33008389,737008,4659998,"P13_CFL_70","BWC",13,"13",2007,"2"
"5677","18931",33008390,737056,4659949,"P13_CFL_70","BWC",13,"13",2007,"2"
"5678","18932",33008391,736961,4659801,"P13_CFL_70","BWC",13,"13",2007,"2"
"5679","18933",33008392,736660,4658552,"P13_CFL_70","BWC",13,"13",2007,"2"
"5680","18934",33008393,736407,4658500,"P13_CFL_70","BWC",13,"13",2007,"2"
"5681","18935",33008394,735806,4658202,"P13_CFL_70","BWC",13,"13",2007,"2"
"5682","18936",33008395,737208,4659203,"P13_CFL_70","BWC",13,"13",2007,"2"
"5683","18937",33008396,737057,4659104,"P13_CFL_70","BWC",13,"13",2007,"2"
"5684","18938",33008397,737958,4658650,"P13_CFL_70","BWC",13,"13",2007,"2"
"5685","18939",33008398,737656,4658549,"P13_CFL_70","BWC",13,"13",2007,"2"
"5686","18940",33008399,738357,4658555,"P13_CFL_70","BWC",13,"13",2007,"2"
"5687","18941",33008400,738408,4658402,"P13_CFL_70","BWC",13,"13",2007,"2"
"5688","18942",33008401,737709,4658253,"P13_CFL_70","BWC",13,"13",2007,"2"
"5689","18943",33008402,737959,4658001,"P13_CFL_70","BWC",13,"13",2007,"2"
"5690","18944",33008403,737408,4657952,"P13_CFL_70","BWC",13,"13",2007,"2"
"5691","18945",33008404,738159,4657752,"P13_CFL_70","BWC",13,"13",2007,"2"
"5692","18946",33008405,737309,4657599,"P13_CFL_70","BWC",13,"13",2007,"2"
"5693","18947",33008406,737705,4657452,"P13_CFL_70","BWC",13,"13",2007,"2"
"5694","18948",33008407,737811,4656753,"P13_CFL_70","BWC",13,"13",2007,"2"
"5695","18949",33008408,737753,4656601,"P13_CFL_70","BWC",13,"13",2007,"2"
"5696","1895",31006972,572531,4918453,"P04_TSC_5","BWC",4,"L4",2004,"2"
"5697","18950",33008409,738257,4656500,"P13_CFL_70","BWC",13,"13",2007,"2"
"5698","18951",33008410,726660,4670348,"P13_CFL_128","BWC",13,"13",2007,"2"
"5699","18952",33008411,726810,4670247,"P13_CFL_128","BWC",13,"13",2007,"2"
"5700","18953",33008412,733458,4669302,"P13_CFL_123","BWC",13,"13",2007,"2"
"5701","18954",33008413,733608,4669202,"P13_CFL_123","BWC",13,"13",2007,"2"
"5702","18955",33008414,733608,4668898,"P13_CFL_123","BWC",13,"13",2007,"2"
"5703","18959",33008418,732856,4662953,"P13_CFL_97","BWC",13,"13",2007,"2"
"5704","1896",31006973,572178,4918305,"P04_CFL_20","BWC",4,"L4",2004,"2"
"5705","18960",33008419,733006,4662600,"P13_CFL_97","BWC",13,"13",2007,"2"
"5706","18961",33008420,732904,4662250,"P13_CFL_97","BWC",13,"13",2007,"2"
"5707","18962",33008421,733211,4662255,"P13_CFL_97","BWC",13,"13",2007,"2"
"5708","1897",31006974,572227,4918307,"P04_CFL_20","BWC",4,"L4",2004,"2"
"5709","18974",33008433,733812,4664948,"P13_CFL_100","BWC",13,"13",2007,"2"
"5710","18975",33008434,733656,4664850,"","BWC",13,"13",2007,"2"
"5711","18976",33008435,733866,4664850,"P13_CFL_100","BWC",13,"13",2007,"2"
"5712","18977",33008436,733856,4663851,"P13_CFL_88","BWC",13,"13",2007,"2"
"5713","18978",33008438,733509,4662500,"P13_TSC_47","BWC",13,"13",2007,"2"
"5714","18979",33008439,735357,4661351,"P13_CFL_73","BWC",13,"13",2007,"2"
"5715","18980",33008440,735057,4660951,"P13_CFL_82","BWC",13,"13",2007,"2"
"5716","18981",33008442,735310,4655697,"P13_TSC_27","BWC",13,"13",2007,"2"
"5717","18985",33008446,735648,4654000,"P13_TSC_27","BWC",13,"13",2007,"2"
"5718","18987",33008448,738809,4649848,"","BWC",13,"13",2007,"2"
"5719","18988",33008449,738756,4649750,"","BWC",13,"13",2007,"2"
"5720","18989",33008450,735804,4661102,"P13_CFL_70","BWC",13,"13",2007,"2"
"5721","18990",33008451,737158,4660950,"P13_CFL_70","BWC",13,"13",2007,"2"
"5722","18991",33008452,736961,4658050,"P13_CFL_70","BWC",13,"13",2007,"2"
"5723","18992",33008453,738103,4660097,"P13_CFL_70","BWC",13,"13",2007,"2"
"5724","18993",33008454,737459,4657106,"P13_CFL_70","BWC",13,"13",2007,"2"
"5725","18994",33008456,726861,4671204,"P13_CFL_128","BWC",13,"13",2007,"2"
"5726","18995",33008457,727266,4670803,"P13_CFL_128","BWC",13,"13",2007,"2"
"5727","18996",33008459,728504,4670395,"P13_CFL_121","BWC",13,"13",2007,"2"
"5728","18997",33008460,730156,4669649,"P13_CFL_121","BWC",13,"13",2007,"2"
"5729","18998",33008461,733608,4669548,"P13_CFL_123","BWC",13,"13",2007,"2"
"5730","18999",33008462,732607,4663601,"P13_CFL_97","BWC",13,"13",2007,"2"
"5731","190",31002148,582680,4912958,"P04_CFL_241","BWC",4,"L4",1998,"2"
"5732","19000",33008463,732616,4662601,"P13_CFL_97","BWC",13,"13",2007,"2"
"5733","19001",33008464,737558,4652347,"P13_CFL_23","IMP",13,"13",2007,"2"
"5734","19003",33008466,734861,4650597,"P13_CFL_6","IMP",13,"13",2007,"2"
"5735","19004",33008467,737512,4650595,"P13_CFL_200","IMP",13,"13",2007,"2"
"5736","19005",33008469,734107,4650447,"P13_CFL_6","IMP",13,"13",2007,"2"
"5737","19006",33008471,737415,4650198,"P13_CFL_200","IMP",13,"13",2007,"2"
"5738","19007",33008472,737317,4650150,"P13_CFL_200","IMP",13,"13",2007,"2"
"5739","19008",33008473,737408,4650149,"P13_CFL_200","IMP",13,"13",2007,"2"
"5740","19009",33008474,737515,4650145,"P13_CFL_200","IMP",13,"13",2007,"2"
"5741","19010",33008476,738013,4649651,"P13_CFL_200","IMP",13,"13",2007,"2"
"5742","19011",33008477,737359,4649602,"P13_CFL_200","IMP",13,"13",2007,"2"
"5743","19012",33008478,738159,4649552,"P13_CFL_200","IMP",13,"13",2007,"2"
"5744","19013",33008479,734106,4649501,"P13_CFL_6","IMP",13,"13",2007,"2"
"5745","19014",33008481,734102,4649201,"P13_CFL_6","IMP",13,"13",2007,"2"
"5746","19015",33008482,737553,4649153,"P13_CFL_200","IMP",13,"13",2007,"2"
"5747","19017",33008484,734205,4649045,"P13_CFL_6","IMP",13,"13",2007,"2"
"5748","19018",33008485,736709,4649047,"P13_CFL_200","IMP",13,"13",2007,"2"
"5749","19019",33008486,737506,4648850,"P13_CFL_200","IMP",13,"13",2007,"2"
"5750","19020",33008487,737911,4648653,"P13_CFL_200","IMP",13,"13",2007,"2"
"5751","19022",33008489,737760,4648199,"P13_CFL_200","IMP",13,"13",2007,"2"
"5752","19023",33008490,737607,4648054,"P13_CFL_200","IMP",13,"13",2007,"2"
"5753","19024",33008491,737660,4648049,"P13_CFL_200","IMP",13,"13",2007,"2"
"5754","19025",33008492,737610,4647797,"P13_CFL_200","IMP",13,"13",2007,"1"
"5755","19027",33008494,737659,4647747,"P13_CFL_200","IMP",13,"13",2007,"2"
"5756","19029",33008496,736953,4647295,"P13_CFL_200","IMP",13,"13",2007,"1"
"5757","1903",31006982,579531,4911810,"P04_CFL_44","BWC",4,"L4",2004,"2"
"5758","19031",33008498,737956,4645399,"P13_CFL_200","IMP",13,"13",2007,"2"
"5759","19033",33008500,737955,4643751,"P13_CFL_200","IMP",13,"13",2007,"2"
"5760","19034",33008501,734556,4643503,"P13_CFL_198","IMP",13,"13",2007,"2"
"5761","19035",33008502,737555,4643456,"P13_CFL_200","IMP",13,"13",2007,"2"
"5762","19036",33008503,734259,4643250,"P13_CFL_198","IMP",13,"13",2007,"2"
"5763","19037",33008504,737260,4642802,"P13_CFL_200","IMP",13,"13",2007,"2"
"5764","19038",33008505,734861,4642602,"P13_CFL_198","IMP",13,"13",2007,"2"
"5765","19039",33008506,735205,4642602,"P13_CFL_198","IMP",13,"13",2007,"1"
"5766","1904",31006983,579676,4911811,"P04_CFL_44","BWC",4,"L4",2004,"2"
"5767","19040",33008507,733508,4649600,"P13_CFL_6","IMP",13,"13",2007,"2"
"5768","19041",33008508,738312,4646744,"P13_CFL_200","IMP",13,"13",2007,"2"
"5769","19042",33008509,738355,4646706,"P13_CFL_200","IMP",13,"13",2007,"2"
"5770","19043",33008510,738207,4643453,"P13_CFL_200","IMP",13,"13",2007,"2"
"5771","19044",33008511,737660,4643354,"P13_CFL_200","IMP",13,"13",2007,"2"
"5772","19045",33008512,738106,4643254,"P13_CFL_200","IMP",13,"13",2007,"2"
"5773","19046",33008513,734208,4642745,"P13_CFL_198","IMP",13,"13",2007,"2"
"5774","1905",31006984,579632,4911405,"P04_CFL_44","BWC",4,"L4",2004,"2"
"5775","19054",33008521,735407,4652301,"P13_TSC_27","IMP",13,"13",2007,"2"
"5776","19055",33008522,735907,4652051,"P13_CFL_19","IMP",13,"13",2007,"2"
"5777","19056",33008523,737413,4651944,"P13_CFL_13","IMP",13,"13",2007,"2"
"5778","19057",33008524,737461,4651843,"P13_TSC_54","IMP",13,"13",2007,"2"
"5779","19058",33008525,735555,4651097,"P13_CFL_9","IMP",13,"13",2007,"2"
"5780","19059",33008526,735558,4650999,"P13_CFL_9","IMP",13,"13",2007,"2"
"5781","1906",31006985,579829,4911307,"P04_CFL_44","BWC",4,"L4",2004,"2"
"5782","19060",33008527,736560,4650997,"P13_CFL_10","IMP",13,"13",2007,"2"
"5783","19061",33008528,736863,4650902,"P13_CFL_200","IMP",13,"13",2007,"2"
"5784","19062",33008529,736652,4650547,"P13_CFL_200","IMP",13,"13",2007,"2"
"5785","19064",33008531,737710,4650250,"P13_CFL_200","IMP",13,"13",2007,"2"
"5786","19065",33008532,736207,4650201,"P13_CFL_200","IMP",13,"13",2007,"2"
"5787","19066",33008533,736209,4649998,"P13_CFL_200","IMP",13,"13",2007,"2"
"5788","19067",33008534,736761,4649951,"P13_CFL_200","IMP",13,"13",2007,"2"
"5789","19069",33008537,735406,4649154,"P13_SCB_44","IMP",13,"13",2007,"2"
"5790","19070",33008538,736405,4649053,"P13_CFL_200","IMP",13,"13",2007,"2"
"5791","19071",33008539,734855,4648998,"P13_CFL_4","IMP",13,"13",2007,"2"
"5792","19072",33008540,735504,4648902,"P13_CFL_199","IMP",13,"13",2007,"2"
"5793","19073",33008541,734312,4648849,"P13_CFL_6","IMP",13,"13",2007,"2"
"5794","19074",33008542,735507,4648850,"P13_CFL_199","IMP",13,"13",2007,"2"
"5795","19075",33008543,736610,4648847,"P13_CFL_200","IMP",13,"13",2007,"2"
"5796","19076",33008544,736461,4648749,"P13_CFL_200","IMP",13,"13",2007,"2"
"5797","19077",33008546,736005,4648402,"P13_CFL_200","IMP",13,"13",2007,"2"
"5798","19078",33008547,735905,4648255,"P13_CFL_200","IMP",13,"13",2007,"2"
"5799","19079",33008548,734810,4648151,"P13_CFL_198","IMP",13,"13",2007,"2"
"5800","1908",31006987,584331,4911057,"P04_TSC_31","BWC",4,"L4",2004,"2"
"5801","19080",33008549,734656,4648051,"P13_CFL_198","IMP",13,"13",2007,"2"
"5802","19081",33008550,733557,4647952,"P13_CFL_198","IMP",13,"13",2007,"2"
"5803","19082",33008551,734602,4647901,"P13_CFL_198","IMP",13,"13",2007,"2"
"5804","19083",33008552,735351,4647903,"P13_CFL_199","IMP",13,"13",2007,"2"
"5805","19084",33008553,735956,4647848,"P13_CFL_200","IMP",13,"13",2007,"2"
"5806","19085",33008554,733858,4647553,"P13_CFL_198","IMP",13,"13",2007,"2"
"5807","19086",33008555,734205,4647498,"P13_CFL_198","IMP",13,"13",2007,"2"
"5808","19087",33008556,736012,4647451,"P13_CFL_200","IMP",13,"13",2007,"2"
"5809","19088",33008557,733958,4647398,"P13_CFL_198","IMP",13,"13",2007,"2"
"5810","19089",33008558,734157,4647352,"P13_CFL_198","IMP",13,"13",2007,"2"
"5811","1909",31006988,584731,4911007,"P04_SC_33","BWC",4,"L4",2004,"2"
"5812","19090",33008559,733959,4647301,"P13_CFL_198","IMP",13,"13",2007,"2"
"5813","19091",33008560,736257,4647303,"P13_CFL_200","IMP",13,"13",2007,"2"
"5814","19092",33008561,735812,4647252,"P13_CFL_200","IMP",13,"13",2007,"2"
"5815","19093",33008562,737761,4647248,"P13_CFL_200","IMP",13,"13",2007,"2"
"5816","19095",33008564,734111,4647104,"P13_CFL_198","IMP",13,"13",2007,"2"
"5817","191",31002149,583676,4912911,"P04_CFL_258","BWC",4,"L4",1998,"2"
"5818","1910",31006989,585528,4910859,"P04_CFL_251","BWC",4,"L4",2004,"2"
"5819","19100",33008569,734011,4646901,"P13_CFL_198","IMP",13,"13",2007,"2"
"5820","19101",33008570,736252,4646853,"P13_CFL_200","IMP",13,"13",2007,"2"
"5821","19102",33008571,736562,4646804,"P13_CFL_200","IMP",13,"13",2007,"2"
"5822","19103",33008572,734106,4646747,"P13_CFL_198","IMP",13,"13",2007,"2"
"5823","19106",33008575,736055,4646701,"P13_CFL_200","IMP",13,"13",2007,"2"
"5824","19108",33008577,736200,4646453,"P13_CFL_200","IMP",13,"13",2007,"2"
"5825","19111",33008580,736506,4646300,"P13_CFL_200","IMP",13,"13",2007,"2"
"5826","19113",33008582,735307,4646241,"P13_CFL_198","IMP",13,"13",2007,"2"
"5827","19114",33008583,735655,4646103,"P13_CFL_198","IMP",13,"13",2007,"2"
"5828","19116",33008585,734103,4645951,"P13_CFL_198","IMP",13,"13",2007,"2"
"5829","19119",33008588,736905,4645906,"P13_CFL_200","IMP",13,"13",2007,"2"
"5830","1912",31006991,579228,4917410,"P04_CFL_19","BWC",4,"L4",2004,"2"
"5831","19122",33008591,734161,4645760,"P13_CFL_198","IMP",13,"13",2007,"2"
"5832","1913",31006992,579979,4917357,"P04_CFL_19","BWC",4,"L4",2004,"2"
"5833","19131",33008600,737807,4645351,"P13_CFL_200","IMP",13,"13",2007,"2"
"5834","19133",33008602,736557,4645247,"P13_CFL_200","IMP",13,"13",2007,"2"
"5835","19135",33008604,737009,4645150,"P13_CFL_200","IMP",13,"13",2007,"1"
"5836","19136",33008605,734760,4645098,"P13_CFL_198","IMP",13,"13",2007,"2"
"5837","19138",33008607,734809,4645051,"P13_CFL_198","IMP",13,"13",2007,"2"
"5838","1914",31006993,579731,4917309,"P04_CFL_19","BWC",4,"L4",2004,"2"
"5839","19140",33008609,733904,4644947,"P13_CFL_198","IMP",13,"13",2007,"2"
"5840","19142",33008611,734658,4644898,"P13_CFL_198","IMP",13,"13",2007,"2"
"5841","19143",33008612,735113,4644748,"P13_CFL_198","IMP",13,"13",2007,"2"
"5842","19144",33008613,737604,4644451,"P13_CFL_200","IMP",13,"13",2007,"1"
"5843","19145",33008615,734956,4644346,"P13_CFL_198","IMP",13,"13",2007,"2"
"5844","19146",33008616,734811,4644250,"P13_CFL_198","IMP",13,"13",2007,"2"
"5845","19149",33008619,734807,4644096,"P13_CFL_198","IMP",13,"13",2007,"2"
"5846","1915",31006994,580277,4917207,"P04_CFL_19","BWC",4,"L4",2004,"2"
"5847","19150",33008620,734660,4644055,"P13_CFL_198","IMP",13,"13",2007,"2"
"5848","19151",33008621,737408,4644051,"P13_CFL_200","IMP",13,"13",2007,"2"
"5849","19154",33008624,734958,4643753,"P13_CFL_198","IMP",13,"13",2007,"2"
"5850","19155",33008625,735359,4643749,"P13_CFL_198","IMP",13,"13",2007,"1"
"5851","19156",33008626,734707,4643700,"P13_CFL_198","IMP",13,"13",2007,"2"
"5852","19157",33008627,737107,4643644,"P13_CFL_200","IMP",13,"13",2007,"2"
"5853","19158",33008628,736655,4643301,"P13_CFL_200","IMP",13,"13",2007,"1"
"5854","1916",31006995,580381,4917210,"P04_CFL_19","BWC",4,"L4",2004,"2"
"5855","19161",33008631,736758,4642901,"P13_CFL_200","IMP",13,"13",2007,"2"
"5856","19162",33008632,736504,4650896,"P13_CFL_10","IMP",13,"13",2007,"2"
"5857","19164",33008634,735162,4649943,"P13_CFL_9","IMP",13,"13",2007,"2"
"5858","19166",33008636,733709,4646353,"P13_CFL_198","IMP",13,"13",2007,"2"
"5859","19167",33008637,733758,4645548,"P13_CFL_198","IMP",13,"13",2007,"2"
"5860","19168",33008638,736654,4642556,"P13_CFL_200","IMP",13,"13",2007,"2"
"5861","1917",31006996,579726,4917111,"P04_CFL_19","BWC",4,"L4",2004,"2"
"5862","1918",31006997,580081,4917059,"P04_CFL_19","BWC",4,"L4",2004,"2"
"5863","1919",31006998,579925,4917006,"P04_CFL_19","BWC",4,"L4",2004,"2"
"5864","19196",33008691,734310,4658601,"P13_USCB_7","MBC",13,"13",2008,"2"
"5865","192",31002150,583925,4912510,"P04_CFL_258","BWC",4,"L4",1998,"2"
"5866","1920",31006999,579628,4916861,"P04_CFL_19","BWC",4,"L4",2004,"2"
"5867","19202",33008697,736458,4653597,"P13_SCB_31","MBC",13,"13",2008,"2"
"5868","19209",33008704,736662,4652697,"P13_SCB_31","MBC",13,"13",2008,"2"
"5869","1921",31007000,579780,4916608,"P04_CFL_19","BWC",4,"L4",2004,"2"
"5870","19210",33008705,736506,4652551,"P13_SCB_31","MBC",13,"13",2008,"2"
"5871","19214",33008709,736455,4650949,"P13_SCB_44","MBC",13,"13",2008,"2"
"5872","19217",33008712,735311,4650006,"P13_USCB_4","MBC",13,"13",2008,"2"
"5873","1922",31007001,579229,4916559,"P04_CFL_19","BWC",4,"L4",2004,"2"
"5874","19220",33008715,735508,4647106,"P13_CFL_199","MBC",13,"13",2008,"2"
"5875","19223",33008718,735861,4643293,"P13_USCB_1","MBC",13,"13",2008,"1"
"5876","19225",33008720,734552,4665752,"P13_USCB_10","MBC",13,"13",2008,"2"
"5877","19226",33008721,734508,4665504,"","MBC",13,"13",2008,"2"
"5878","1923",31007002,579331,4916557,"P04_CFL_19","BWC",4,"L4",2004,"2"
"5879","19235",33008730,732358,4667751,"P13_USCB_24","MBC",13,"13",2008,"2"
"5880","1924",31007003,580230,4916556,"P04_CFL_19","BWC",4,"L4",2004,"2"
"5881","1925",31007004,579481,4916411,"P04_CFL_19","BWC",4,"L4",2004,"2"
"5882","19250",33008748,734657,4649403,"P13_TSC_27","SC",13,"13",2008,"2"
"5883","1926",31007005,580276,4916407,"P04_CFL_19","BWC",4,"L4",2004,"2"
"5884","19268",33008766,734757,4657103,"P13_SC_4","SC",13,"13",2008,"2"
"5885","1927",31007006,580474,4916405,"P04_CFL_19","BWC",4,"L4",2004,"1"
"5886","19270",33008768,713857,4680698,"P13_SC_20","SC",13,"13",2008,"2"
"5887","1928",31007007,580581,4916409,"P04_CFL_19","BWC",4,"L4",2004,"2"
"5888","19282",33008781,735258,4659303,"P13_TSC_33","SC",13,"13",2008,"2"
"5889","19285",33008785,736458,4656745,"P13_TSC_28","SC",13,"13",2008,"2"
"5890","19286",33008786,736508,4656698,"P13_SC_2","SC",13,"13",2008,"2"
"5891","19287",33008787,737207,4656605,"P13_TSC_50","SC",13,"13",2008,"2"
"5892","1929",31007008,581177,4916409,"P04_CFL_19","BWC",4,"L4",2004,"2"
"5893","19291",33008791,736114,4654801,"P13_TSC_27","SC",13,"13",2008,"2"
"5894","19293",33008793,736406,4653551,"P13_SCB_31","SC",13,"13",2008,"2"
"5895","19294",33008794,739108,4649350,"","BWC",13,"13",2008,"2"
"5896","19296",33008796,735007,4652197,"P13_CFL_20","BWC",13,"13",2008,"2"
"5897","19297",33008797,735304,4652054,"P13_TSC_27","BWC",13,"13",2008,"2"
"5898","19298",33008798,734805,4652004,"P13_CFL_20","BWC",13,"13",2008,"2"
"5899","19299",33008800,733957,4660101,"P13_CFL_69","BWC",13,"13",2008,"2"
"5900","1930",31007009,579983,4916357,"P04_CFL_19","BWC",4,"L4",2004,"2"
"5901","19301",33008802,734709,4651997,"P13_CFL_20","BWC",13,"13",2008,"2"
"5902","19302",33008803,739205,4648249,"P13_CFL_3","BWC",13,"13",2008,"2"
"5903","19303",33008804,739459,4647497,"P13_CFL_3","BWC",13,"13",2008,"2"
"5904","19304",33008805,739507,4647201,"P13_CFL_3","BWC",13,"13",2008,"2"
"5905","19305",33008806,736011,4659652,"P13_CFL_70","BWC",13,"13",2008,"2"
"5906","19306",33008807,732970,4664839,"P13_CFL_97","BWC",13,"13",2008,"2"
"5907","19307",33008808,732954,4664503,"P13_CFL_97","BWC",13,"13",2008,"2"
"5908","19308",33008809,732855,4664398,"P13_CFL_97","BWC",13,"13",2008,"2"
"5909","19309",33008810,739157,4645346,"P13_CFL_3","BWC",13,"13",2008,"2"
"5910","1931",31007010,580477,4916358,"P04_CFL_19","BWC",4,"L4",2004,"1"
"5911","19310",33008811,739107,4645247,"P13_CFL_3","BWC",13,"13",2008,"2"
"5912","19311",33008812,738505,4645296,"P13_CFL_2","BWC",13,"13",2008,"2"
"5913","19312",33008813,739356,4645700,"P13_CFL_3","BWC",13,"13",2008,"2"
"5914","19316",33008817,735500,4656301,"P13_CFL_58","BWC",13,"13",2008,"2"
"5915","19317",33008820,735158,4660246,"P13_CFL_82","BWC",13,"13",2008,"2"
"5916","19318",33008821,737505,4656098,"P13_CFL_56","BWC",13,"13",2008,"2"
"5917","19319",33008822,737755,4655707,"P13_CFL_56","BWC",13,"13",2008,"2"
"5918","1932",31007011,580877,4916309,"P04_CFL_19","BWC",4,"L4",2004,"2"
"5919","19320",33008823,737053,4655299,"P13_CFL_55","BWC",13,"13",2008,"2"
"5920","19325",33008828,737308,4653304,"P13_TSC_25","BWC",13,"13",2008,"1"
"5921","19326",33008829,736358,4660999,"P13_CFL_70","BWC",13,"13",2008,"2"
"5922","19327",33008830,737663,4660649,"P13_CFL_70","BWC",13,"13",2008,"2"
"5923","19328",33008831,737858,4660351,"P13_CFL_70","BWC",13,"13",2008,"2"
"5924","19329",33008832,736608,4660306,"P13_CFL_70","BWC",13,"13",2008,"2"
"5925","1933",31007012,580677,4916159,"P04_CFL_19","BWC",4,"L4",2004,"2"
"5926","19330",33008833,737059,4660246,"P13_CFL_70","BWC",13,"13",2008,"2"
"5927","19331",33008834,737510,4660252,"P13_CFL_70","BWC",13,"13",2008,"2"
"5928","19332",33008835,737007,4660202,"P13_CFL_70","BWC",13,"13",2008,"2"
"5929","19333",33008836,737107,4660202,"P13_CFL_70","BWC",13,"13",2008,"2"
"5930","19334",33008837,736759,4660148,"P13_CFL_70","BWC",13,"13",2008,"2"
"5931","19335",33008838,736060,4660002,"P13_CFL_70","BWC",13,"13",2008,"2"
"5932","19336",33008839,736308,4659900,"P13_CFL_70","BWC",13,"13",2008,"2"
"5933","19337",33008840,736411,4659599,"P13_CFL_70","BWC",13,"13",2008,"2"
"5934","19338",33008841,736457,4658353,"P13_CFL_70","BWC",13,"13",2008,"2"
"5935","19339",33008842,736705,4658103,"P13_CFL_70","BWC",13,"13",2008,"2"
"5936","1934",31007013,580326,4916111,"P04_CFL_19","BWC",4,"L4",2004,"2"
"5937","19340",33008843,735958,4657903,"P13_CFL_70","BWC",13,"13",2008,"2"
"5938","19341",33008844,737309,4659799,"P13_CFL_70","BWC",13,"13",2008,"2"
"5939","19342",33008845,737506,4659552,"P13_CFL_70","BWC",13,"13",2008,"2"
"5940","19343",33008846,737454,4659399,"P13_CFL_70","BWC",13,"13",2008,"2"
"5941","19344",33008847,737506,4659203,"P13_CFL_70","BWC",13,"13",2008,"2"
"5942","19345",33008848,737507,4659148,"P13_CFL_70","BWC",13,"13",2008,"2"
"5943","19346",33008849,738103,4658854,"P13_CFL_70","BWC",13,"13",2008,"2"
"5944","19347",33008850,737354,4658546,"P13_CFL_70","BWC",13,"13",2008,"2"
"5945","19348",33008851,737905,4658352,"P13_CFL_70","BWC",13,"13",2008,"2"
"5946","19349",33008852,737349,4658302,"P13_CFL_70","BWC",13,"13",2008,"2"
"5947","19350",33008853,738008,4658002,"P13_CFL_70","BWC",13,"13",2008,"2"
"5948","19351",33008854,737310,4657946,"P13_CFL_70","BWC",13,"13",2008,"2"
"5949","19352",33008855,737857,4657602,"P13_CFL_70","BWC",13,"13",2008,"2"
"5950","19353",33008856,738155,4657050,"P13_CFL_70","BWC",13,"13",2008,"2"
"5951","19354",33008857,737656,4656951,"P13_CFL_70","BWC",13,"13",2008,"2"
"5952","19355",33008858,737758,4656654,"P13_CFL_70","BWC",13,"13",2008,"2"
"5953","19356",33008859,737704,4656500,"P13_CFL_70","BWC",13,"13",2008,"2"
"5954","19357",33008860,737355,4656396,"P13_CFL_70","BWC",13,"13",2008,"2"
"5955","19358",33008861,737710,4656400,"P13_CFL_70","BWC",13,"13",2008,"2"
"5956","19359",33008862,738310,4656400,"P13_CFL_70","BWC",13,"13",2008,"2"
"5957","1936",31007015,579731,4915858,"P04_CFL_219","BWC",4,"L4",2004,"2"
"5958","19360",33008863,726557,4670748,"P13_CFL_128","BWC",13,"13",2008,"2"
"5959","19361",33008864,726057,4670497,"P13_CFL_128","BWC",13,"13",2008,"2"
"5960","19362",33008865,726061,4670248,"P13_CFL_128","BWC",13,"13",2008,"2"
"5961","19363",33008866,727604,4670150,"P13_CFL_128","BWC",13,"13",2008,"2"
"5962","19364",33008867,729557,4670049,"P13_CFL_121","BWC",13,"13",2008,"2"
"5963","19365",33008868,726061,4669848,"P13_CFL_128","BWC",13,"13",2008,"2"
"5964","19366",33008869,730106,4669403,"P13_CFL_121","BWC",13,"13",2008,"2"
"5965","19367",33008870,732755,4668698,"P13_CFL_123","BWC",13,"13",2008,"2"
"5966","19369",33008872,734356,4668301,"P13_CFL_123","BWC",13,"13",2008,"2"
"5967","1937",31007016,581230,4915762,"P04_CFL_19","BWC",4,"L4",2004,"2"
"5968","19370",33008873,734311,4668247,"P13_CFL_123","BWC",13,"13",2008,"2"
"5969","19372",33008875,732710,4663951,"P13_CFL_97","BWC",13,"13",2008,"2"
"5970","19373",33008876,732564,4663902,"P13_CFL_97","BWC",13,"13",2008,"2"
"5971","19374",33008877,732807,4663849,"P13_CFL_97","BWC",13,"13",2008,"2"
"5972","19375",33008878,732656,4663752,"P13_CFL_97","BWC",13,"13",2008,"2"
"5973","19376",33008879,732806,4663448,"P13_CFL_97","BWC",13,"13",2008,"2"
"5974","19377",33008880,732852,4663455,"P13_CFL_97","BWC",13,"13",2008,"2"
"5975","19378",33008881,733006,4663450,"P13_CFL_97","BWC",13,"13",2008,"2"
"5976","19379",33008882,732754,4662752,"P13_CFL_97","BWC",13,"13",2008,"2"
"5977","1938",31007017,581076,4915712,"P04_CFL_19","BWC",4,"L4",2004,"2"
"5978","19380",33008883,732960,4662650,"P13_CFL_97","BWC",13,"13",2008,"2"
"5979","19381",33008885,728408,4670002,"P13_TSC_37","BWC",13,"13",2008,"2"
"5980","19382",33008886,735559,4656305,"P13_CFL_58","BWC",13,"13",2008,"2"
"5981","19384",33008889,719557,4676599,"P13_CFL_147","BWC",13,"13",2008,"2"
"5982","19386",33008892,734662,4661452,"P13_CFL_82","BWC",13,"13",2008,"2"
"5983","19387",33008893,735407,4661450,"P13_CFL_73","BWC",13,"13",2008,"2"
"5984","19388",33008895,735253,4659493,"P13_CFL_66","BWC",13,"13",2008,"2"
"5985","19389",33008896,734151,4658952,"P13_CFL_64","BWC",13,"13",2008,"2"
"5986","1939",31007018,581637,4915705,"P04_CFL_19","BWC",4,"L4",2004,"2"
"5987","19390",33008897,737161,4656803,"P13_CFL_60","BWC",13,"13",2008,"2"
"5988","19392",33008899,736862,4660850,"P13_CFL_70","BWC",13,"13",2008,"2"
"5989","19393",33008900,736906,4660651,"P13_CFL_70","BWC",13,"13",2008,"2"
"5990","19394",33008901,735707,4660050,"P13_CFL_70","BWC",13,"13",2008,"2"
"5991","19395",33008902,735957,4657854,"P13_CFL_70","BWC",13,"13",2008,"2"
"5992","19396",33008903,738259,4657761,"P13_CFL_70","BWC",13,"13",2008,"2"
"5993","19397",33008904,738354,4656348,"P13_CFL_70","BWC",13,"13",2008,"2"
"5994","19399",33008906,726810,4670997,"P13_CFL_128","BWC",13,"13",2008,"2"
"5995","194",31002152,584179,4912408,"P04_CFL_258","BWC",4,"L4",1998,"2"
"5996","1940",31007019,581077,4915510,"P04_CFL_19","BWC",4,"L4",2004,"2"
"5997","19400",33008907,725911,4670851,"P13_CFL_128","BWC",13,"13",2008,"2"
"5998","19401",33008908,727415,4670752,"P13_CFL_128","BWC",13,"13",2008,"2"
"5999","19403",33008910,733755,4669297,"P13_CFL_123","BWC",13,"13",2008,"2"
"6000","19404",33008911,733554,4664197,"P13_CFL_97","BWC",13,"13",2008,"2"
"6001","19405",33008912,733358,4663405,"P13_CFL_97","BWC",13,"13",2008,"2"
"6002","19406",33008913,732415,4662899,"P13_CFL_97","BWC",13,"13",2008,"2"
"6003","19409",33008916,734008,4650902,"P13_CFL_6","IMP",13,"13",2008,"2"
"6004","19411",33008918,737403,4650245,"P13_CFL_200","IMP",13,"13",2008,"1"
"6005","19412",33008919,733808,4650102,"P13_CFL_6","IMP",13,"13",2008,"2"
"6006","19413",33008920,734009,4649901,"P13_CFL_6","IMP",13,"13",2008,"2"
"6007","19415",33008922,733814,4649651,"P13_CFL_6","IMP",13,"13",2008,"2"
"6008","19416",33008923,733558,4649557,"P13_CFL_6","IMP",13,"13",2008,"2"
"6009","19418",33008925,737606,4649345,"P13_CFL_200","IMP",13,"13",2008,"1"
"6010","19419",33008926,737712,4649196,"P13_CFL_200","IMP",13,"13",2008,"1"
"6011","19424",33008931,737903,4648895,"P13_CFL_200","IMP",13,"13",2008,"2"
"6012","19425",33008932,737808,4648750,"P13_CFL_200","IMP",13,"13",2008,"2"
"6013","19426",33008933,737958,4648650,"P13_CFL_200","IMP",13,"13",2008,"1"
"6014","19427",33008934,736653,4648597,"P13_CFL_200","IMP",13,"13",2008,"1"
"6015","19428",33008935,737761,4648602,"P13_CFL_200","IMP",13,"13",2008,"1"
"6016","19430",33008937,736857,4648547,"P13_CFL_200","IMP",13,"13",2008,"1"
"6017","19433",33008940,737707,4647952,"P13_CFL_200","IMP",13,"13",2008,"1"
"6018","19434",33008941,736858,4647902,"P13_CFL_200","IMP",13,"13",2008,"1"
"6019","19436",33008943,738206,4647250,"P13_CFL_200","IMP",13,"13",2008,"2"
"6020","19438",33008945,737411,4646999,"P13_CFL_200","IMP",13,"13",2008,"1"
"6021","19439",33008946,738204,4646601,"P13_CFL_200","IMP",13,"13",2008,"2"
"6022","19440",33008947,738109,4645999,"P13_CFL_200","IMP",13,"13",2008,"1"
"6023","19441",33008948,737959,4645799,"P13_CFL_200","IMP",13,"13",2008,"1"
"6024","19442",33008949,737907,4644950,"P13_CFL_200","IMP",13,"13",2008,"2"
"6025","19443",33008950,738105,4644949,"P13_CFL_200","IMP",13,"13",2008,"2"
"6026","19444",33008951,738055,4644851,"P13_CFL_200","IMP",13,"13",2008,"2"
"6027","19445",33008952,738404,4644652,"P13_CFL_200","IMP",13,"13",2008,"2"
"6028","19446",33008953,738256,4644401,"P13_CFL_200","IMP",13,"13",2008,"2"
"6029","19448",33008955,734109,4643398,"P13_CFL_198","IMP",13,"13",2008,"2"
"6030","19449",33008956,737307,4643250,"P13_CFL_200","IMP",13,"13",2008,"2"
"6031","19450",33008957,737408,4643105,"P13_CFL_200","IMP",13,"13",2008,"2"
"6032","19452",33008959,735015,4642948,"P13_CFL_198","IMP",13,"13",2008,"1"
"6033","19453",33008960,734761,4642598,"P13_CFL_198","IMP",13,"13",2008,"1"
"6034","19454",33008961,735161,4642596,"P13_CFL_198","IMP",13,"13",2008,"1"
"6035","19455",33008962,734815,4650448,"P13_CFL_6","IMP",13,"13",2008,"2"
"6036","19456",33008963,733656,4649199,"P13_CFL_6","IMP",13,"13",2008,"2"
"6037","19457",33008964,738108,4645950,"P13_CFL_200","IMP",13,"13",2008,"2"
"6038","19458",33008965,738110,4644148,"P13_CFL_200","IMP",13,"13",2008,"2"
"6039","19459",33008966,737357,4642749,"P13_CFL_200","IMP",13,"13",2008,"2"
"6040","1946",31007025,580730,4915215,"P04_CFL_19","BWC",4,"L4",2004,"2"
"6041","19464",33008971,735655,4651852,"P13_TSC_27","IMP",13,"13",2008,"2"
"6042","19467",33008974,736507,4650848,"P13_CFL_10","IMP",13,"13",2008,"2"
"6043","19469",33008976,735756,4650805,"P13_CFL_14","IMP",13,"13",2008,"2"
"6044","1947",31007026,581078,4915057,"P04_CFL_19","BWC",4,"L4",2004,"2"
"6045","19470",33008977,736861,4650597,"P13_CFL_200","IMP",13,"13",2008,"1"
"6046","19473",33008980,736758,4650449,"P13_CFL_200","IMP",13,"13",2008,"1"
"6047","19474",33008981,736560,4650353,"P13_CFL_200","IMP",13,"13",2008,"2"
"6048","19477",33008984,736159,4649950,"P13_CFL_200","IMP",13,"13",2008,"1"
"6049","19478",33008985,736209,4649799,"P13_CFL_200","IMP",13,"13",2008,"1"
"6050","1948",31007027,581830,4915058,"P04_CFL_19","BWC",4,"L4",2004,"2"
"6051","19480",33008987,738555,4649644,"P13_CFL_200","IMP",13,"13",2008,"2"
"6052","19482",33008989,736658,4649447,"P13_CFL_200","IMP",13,"13",2008,"2"
"6053","19483",33008990,734608,4649351,"P13_CFL_6","IMP",13,"13",2008,"2"
"6054","19484",33008991,734936,4649353,"P13_TSC_27","IMP",13,"13",2008,"2"
"6055","19485",33008992,736360,4649196,"P13_CFL_200","IMP",13,"13",2008,"1"
"6056","19486",33008993,734451,4649149,"P13_CFL_6","IMP",13,"13",2008,"2"
"6057","19487",33008994,736108,4649149,"P13_CFL_200","IMP",13,"13",2008,"2"
"6058","19488",33008995,736658,4648996,"P13_CFL_200","IMP",13,"13",2008,"1"
"6059","19489",33008996,735307,4648905,"P13_USCB_20","IMP",13,"13",2008,"2"
"6060","1949",31007028,580030,4915011,"P04_CFL_19","BWC",4,"L4",2004,"2"
"6061","19490",33008997,735409,4648700,"P13_CFL_199","IMP",13,"13",2008,"2"
"6062","19491",33008998,735906,4648652,"P13_CFL_200","IMP",13,"13",2008,"1"
"6063","19492",33008999,734461,4648604,"P13_CFL_6","IMP",13,"13",2008,"2"
"6064","19493",33009000,736008,4648603,"P13_CFL_200","IMP",13,"13",2008,"2"
"6065","19494",33009002,736305,4648350,"P13_CFL_200","IMP",13,"13",2008,"1"
"6066","19495",33009003,734310,4648172,"P13_CFL_198","IMP",13,"13",2008,"2"
"6067","19496",33009004,735910,4648201,"P13_CFL_200","IMP",13,"13",2008,"2"
"6068","19497",33009005,736107,4648046,"P13_CFL_200","IMP",13,"13",2008,"1"
"6069","19499",33009007,734561,4647845,"P13_CFL_198","IMP",13,"13",2008,"2"
"6070","195",31002153,583433,4912213,"P04_CFL_257","BWC",4,"L4",1998,"2"
"6071","1950",31007029,579431,4914960,"P04_CFL_19","BWC",4,"L4",2004,"2"
"6072","19500",33009008,733962,4647801,"P13_CFL_198","IMP",13,"13",2008,"2"
"6073","19501",33009009,733659,4647697,"P13_CFL_198","IMP",13,"13",2008,"2"
"6074","19506",33009014,736858,4647350,"P13_CFL_200","IMP",13,"13",2008,"1"
"6075","19508",33009016,736806,4647251,"P13_CFL_200","IMP",13,"13",2008,"1"
"6076","19510",33009018,735916,4647104,"P13_CFL_200","IMP",13,"13",2008,"2"
"6077","19512",33009020,737810,4647000,"P13_CFL_200","IMP",13,"13",2008,"1"
"6078","19514",33009022,734008,4646850,"P13_CFL_198","IMP",13,"13",2008,"2"
"6079","19515",33009023,734211,4646800,"P13_CFL_198","IMP",13,"13",2008,"2"
"6080","19521",33009029,737559,4646603,"P13_CFL_200","IMP",13,"13",2008,"1"
"6081","19522",33009030,736106,4646551,"P13_CFL_200","IMP",13,"13",2008,"1"
"6082","19523",33009031,736760,4646407,"P13_CFL_200","IMP",13,"13",2008,"1"
"6083","19525",33009033,737458,4646349,"P13_CFL_200","IMP",13,"13",2008,"1"
"6084","19526",33009034,733856,4646302,"P13_CFL_198","IMP",13,"13",2008,"2"
"6085","19528",33009036,736459,4646301,"P13_CFL_200","IMP",13,"13",2008,"1"
"6086","19529",33009037,734209,4646253,"P13_CFL_198","IMP",13,"13",2008,"1"
"6087","19530",33009038,736909,4646156,"P13_CFL_200","IMP",13,"13",2008,"1"
"6088","19533",33009041,735259,4645898,"P13_CFL_198","IMP",13,"13",2008,"1"
"6089","19538",33009046,735607,4645398,"P13_CFL_198","IMP",13,"13",2008,"1"
"6090","19539",33009047,736812,4645398,"P13_CFL_200","IMP",13,"13",2008,"1"
"6091","1954",31007033,581080,4914808,"P04_CFL_19","BWC",4,"L4",2004,"2"
"6092","19542",33009050,737003,4645294,"P13_CFL_200","IMP",13,"13",2008,"1"
"6093","19544",33009052,733905,4645201,"P13_CFL_198","IMP",13,"13",2008,"1"
"6094","19546",33009054,737855,4645148,"P13_CFL_200","IMP",13,"13",2008,"2"
"6095","19548",33009056,735408,4645099,"P13_CFL_198","IMP",13,"13",2008,"1"
"6096","19549",33009057,736561,4645094,"P13_USCB_2","IMP",13,"13",2008,"1"
"6097","19550",33009058,734808,4645051,"P13_CFL_198","IMP",13,"13",2008,"1"
"6098","19553",33009061,734407,4645001,"P13_CFL_198","IMP",13,"13",2008,"1"
"6099","19554",33009062,735757,4644948,"P13_CFL_198","IMP",13,"13",2008,"2"
"6100","19556",33009064,735159,4644899,"P13_CFL_198","IMP",13,"13",2008,"1"
"6101","19557",33009065,735005,4644847,"P13_CFL_198","IMP",13,"13",2008,"1"
"6102","19559",33009067,735012,4644744,"P13_CFL_198","IMP",13,"13",2008,"2"
"6103","19561",33009069,734857,4644600,"P13_CFL_198","IMP",13,"13",2008,"1"
"6104","19562",33009070,735110,4644595,"P13_CFL_198","IMP",13,"13",2008,"1"
"6105","19564",33009072,734408,4644506,"P13_CFL_198","IMP",13,"13",2008,"1"
"6106","19565",33009073,734506,4644498,"P13_CFL_198","IMP",13,"13",2008,"1"
"6107","19566",33009074,737659,4644300,"P13_CFL_200","IMP",13,"13",2008,"2"
"6108","19568",33009076,737707,4644100,"P13_CFL_200","IMP",13,"13",2008,"2"
"6109","19569",33009077,737253,4644002,"P13_TSC_23","IMP",13,"13",2008,"1"
"6110","19570",33009078,734857,4643951,"P13_CFL_198","IMP",13,"13",2008,"2"
"6111","19572",33009080,737352,4643701,"P13_CFL_200","IMP",13,"13",2008,"2"
"6112","19573",33009081,734960,4643650,"P13_CFL_198","IMP",13,"13",2008,"1"
"6113","19574",33009082,736856,4643200,"P13_CFL_200","IMP",13,"13",2008,"2"
"6114","19576",33009084,738305,4644104,"P13_CFL_200","IMP",13,"13",2008,"2"
"6115","19578",33009087,736509,4650899,"P13_CFL_10","IMP",13,"13",2008,"2"
"6116","1958",31007037,580729,4914709,"P04_CFL_19","BWC",4,"L4",2004,"2"
"6117","19583",33009118,717906,4676146,"P13_SCB_41","MBC",13,"13",2009,"2"
"6118","1959",31007038,580882,4914712,"P04_CFL_19","BWC",4,"L4",2004,"2"
"6119","196",31002154,583482,4912107,"P04_CFL_257","BWC",4,"L4",1998,"2"
"6120","1960",31007039,581331,4914709,"P04_CFL_19","BWC",4,"L4",2004,"2"
"6121","19600",33009136,734509,4658055,"P13_SCB_33","MBC",13,"13",2009,"2"
"6122","19608",33009144,736808,4652903,"P13_SCB_31","MBC",13,"13",2009,"2"
"6123","19609",33009145,736360,4652847,"P13_SCB_31","MBC",13,"13",2009,"2"
"6124","19610",33009146,736316,4652802,"P13_SCB_31","MBC",13,"13",2009,"2"
"6125","19611",33009147,736610,4652693,"P13_SCB_31","MBC",13,"13",2009,"2"
"6126","19612",33009148,736655,4652597,"P13_SCB_31","MBC",13,"13",2009,"2"
"6127","19613",33009149,736457,4652400,"P13_SCB_31","MBC",13,"13",2009,"2"
"6128","19615",33009151,736404,4651896,"P13_SCB_31","MBC",13,"13",2009,"2"
"6129","19616",33009152,736354,4651701,"P13_SCB_31","MBC",13,"13",2009,"1"
"6130","19619",33009155,735262,4648851,"P13_USCB_20","MBC",13,"13",2009,"2"
"6131","19620",33009156,735200,4648751,"P13_USCB_20","MBC",13,"13",2009,"2"
"6132","19621",33009157,735204,4648249,"P13_USCB_20","MBC",13,"13",2009,"2"
"6133","1963",31007042,580976,4914556,"P04_CFL_19","BWC",4,"L4",2004,"2"
"6134","19640",33009178,733214,4667850,"P13_USCB_24","MBC",13,"13",2009,"2"
"6135","1965",31007044,581532,4914407,"P04_CFL_19","BWC",4,"L4",2004,"2"
"6136","19651",33009189,736451,4653499,"P13_SCB_31","MBC",13,"13",2009,"2"
"6137","19652",33009190,736355,4653047,"P13_SCB_31","MBC",13,"13",2009,"2"
"6138","19653",33009192,736311,4650698,"P13_SCB_44","MBC",13,"13",2009,"2"
"6139","19654",33009194,733861,4661753,"P13_USCB_8","SC",13,"13",2009,"1"
"6140","1966",31007045,581826,4914359,"P04_CFL_19","BWC",4,"L4",2004,"2"
"6141","1967",31007046,581980,4914360,"P04_CFL_19","BWC",4,"L4",2004,"2"
"6142","1968",31007047,581879,4914258,"P04_CFL_19","BWC",4,"L4",2004,"2"
"6143","19680",33009221,720604,4674695,"P13_TSC_38","SC",13,"13",2009,"2"
"6144","19685",33009228,735466,4659200,"P13_TSC_33","SC",13,"13",2009,"2"
"6145","19686",33009229,733908,4659102,"P13_SC_5","SC",13,"13",2009,"2"
"6146","19687",33009230,735513,4658996,"P13_TSC_33","SC",13,"13",2009,"2"
"6147","1969",31007048,581934,4914209,"P04_CFL_19","BWC",4,"L4",2004,"2"
"6148","19691",33009235,736759,4657754,"P13_TSC_50","SC",13,"13",2009,"2"
"6149","19696",33009241,735658,4655999,"P13_SC_4","SC",13,"13",2009,"2"
"6150","19699",33009244,738351,4644853,"P13_CFL_200","BWC",13,"13",2009,"2"
"6151","197",31002155,584233,4912111,"P04_CFL_258","BWC",4,"L4",1998,"2"
"6152","1970",31007049,581979,4914110,"P04_CFL_19","BWC",4,"L4",2004,"2"
"6153","19703",33009248,734830,4652009,"P13_CFL_20","BWC",13,"13",2009,"2"
"6154","19704",33009249,739400,4648048,"P13_CFL_3","BWC",13,"13",2009,"2"
"6155","19705",33009250,738065,4655754,"P13_CFL_56","BWC",13,"13",2009,"2"
"6156","19706",33009251,735811,4659757,"P13_CFL_70","BWC",13,"13",2009,"2"
"6157","19707",33009252,736059,4659704,"P13_CFL_70","BWC",13,"13",2009,"2"
"6158","19708",33009254,736555,4658845,"P13_CFL_70","BWC",13,"13",2009,"2"
"6159","19711",33009257,735360,4656646,"P13_CFL_58","BWC",13,"13",2009,"2"
"6160","19712",33009259,735107,4662204,"P13_CFL_82","BWC",13,"13",2009,"2"
"6161","19713",33009260,734908,4660604,"P13_CFL_82","BWC",13,"13",2009,"2"
"6162","19715",33009262,737862,4655852,"P13_CFL_56","BWC",13,"13",2009,"2"
"6163","19716",33009263,735360,4655407,"P13_TSC_27","BWC",13,"13",2009,"2"
"6164","19717",33009264,737153,4655404,"P13_CFL_55","BWC",13,"13",2009,"2"
"6165","19723",33009271,736657,4660654,"P13_CFL_70","BWC",13,"13",2009,"2"
"6166","19724",33009272,735905,4660598,"P13_CFL_70","BWC",13,"13",2009,"2"
"6167","19725",33009273,737209,4660600,"P13_CFL_70","BWC",13,"13",2009,"2"
"6168","19726",33009274,736148,4660549,"P13_CFL_70","BWC",13,"13",2009,"2"
"6169","19727",33009275,736307,4660512,"P13_CFL_70","BWC",13,"13",2009,"2"
"6170","19728",33009276,736207,4660455,"P13_CFL_70","BWC",13,"13",2009,"2"
"6171","19729",33009277,737807,4660202,"P13_CFL_70","BWC",13,"13",2009,"2"
"6172","1973",31007052,580276,4912960,"P04_CFL_44","BWC",4,"L4",2004,"2"
"6173","19730",33009278,736503,4660149,"P13_CFL_70","BWC",13,"13",2009,"2"
"6174","19731",33009279,736103,4660000,"P13_CFL_70","BWC",13,"13",2009,"2"
"6175","19732",33009280,736611,4659998,"P13_CFL_70","BWC",13,"13",2009,"2"
"6176","19733",33009281,736510,4659913,"P13_CFL_70","BWC",13,"13",2009,"2"
"6177","19734",33009282,737262,4659801,"P13_CFL_70","BWC",13,"13",2009,"2"
"6178","19735",33009283,736461,4658595,"P13_CFL_70","BWC",13,"13",2009,"2"
"6179","19736",33009284,736553,4658258,"P13_CFL_70","BWC",13,"13",2009,"2"
"6180","19737",33009285,736755,4658156,"P13_CFL_70","BWC",13,"13",2009,"2"
"6181","19738",33009286,736404,4658102,"P13_CFL_70","BWC",13,"13",2009,"2"
"6182","19739",33009287,736056,4658054,"P13_CFL_70","BWC",13,"13",2009,"2"
"6183","19740",33009288,737910,4659906,"P13_CFL_70","BWC",13,"13",2009,"2"
"6184","19741",33009289,737209,4659745,"P13_CFL_70","BWC",13,"13",2009,"2"
"6185","19742",33009290,737959,4659708,"P13_CFL_70","BWC",13,"13",2009,"2"
"6186","19743",33009291,737052,4659648,"P13_CFL_70","BWC",13,"13",2009,"2"
"6187","19744",33009292,737206,4658754,"P13_CFL_70","BWC",13,"13",2009,"2"
"6188","19745",33009293,738409,4658745,"P13_CFL_70","BWC",13,"13",2009,"2"
"6189","19746",33009294,737354,4658702,"P13_CFL_70","BWC",13,"13",2009,"2"
"6190","19747",33009295,737602,4658702,"P13_CFL_70","BWC",13,"13",2009,"2"
"6191","19748",33009296,737804,4658649,"P13_CFL_70","BWC",13,"13",2009,"2"
"6192","19749",33009297,738159,4658603,"P13_CFL_70","BWC",13,"13",2009,"2"
"6193","19750",33009298,738212,4658602,"P13_CFL_70","BWC",13,"13",2009,"2"
"6194","19751",33009299,737405,4658301,"P13_CFL_70","BWC",13,"13",2009,"2"
"6195","19752",33009300,738058,4658297,"P13_CFL_70","BWC",13,"13",2009,"2"
"6196","19753",33009301,737861,4657858,"P13_CFL_70","BWC",13,"13",2009,"2"
"6197","19754",33009302,737961,4657859,"P13_CFL_70","BWC",13,"13",2009,"2"
"6198","19755",33009303,738008,4657800,"P13_CFL_70","BWC",13,"13",2009,"2"
"6199","19756",33009304,738104,4657805,"P13_CFL_70","BWC",13,"13",2009,"2"
"6200","19757",33009305,737758,4657558,"P13_CFL_70","BWC",13,"13",2009,"2"
"6201","19758",33009306,738062,4657239,"P13_CFL_70","BWC",13,"13",2009,"2"
"6202","19759",33009307,738107,4657094,"P13_CFL_70","BWC",13,"13",2009,"2"
"6203","1976",31007055,580079,4912912,"P04_CFL_44","BWC",4,"L4",2004,"2"
"6204","19760",33009308,738308,4656545,"P13_CFL_70","BWC",13,"13",2009,"2"
"6205","19761",33009309,738313,4656451,"P13_CFL_70","BWC",13,"13",2009,"2"
"6206","19762",33009310,737358,4656398,"P13_CFL_70","BWC",13,"13",2009,"2"
"6207","19763",33009311,726757,4670606,"P13_CFL_128","BWC",13,"13",2009,"2"
"6208","19764",33009312,726658,4670554,"P13_CFL_128","BWC",13,"13",2009,"2"
"6209","19765",33009313,726805,4670454,"P13_CFL_128","BWC",13,"13",2009,"2"
"6210","19766",33009314,725854,4670203,"P13_CFL_128","BWC",13,"13",2009,"2"
"6211","19767",33009315,726305,4669958,"P13_CFL_128","BWC",13,"13",2009,"2"
"6212","19768",33009316,733505,4669609,"P13_CFL_123","BWC",13,"13",2009,"2"
"6213","19769",33009317,733558,4669500,"P13_CFL_123","BWC",13,"13",2009,"2"
"6214","19770",33009318,733160,4669109,"P13_CFL_123","BWC",13,"13",2009,"2"
"6215","19775",33009323,732559,4663851,"P13_CFL_97","BWC",13,"13",2009,"2"
"6216","19776",33009324,732905,4663650,"P13_CFL_97","BWC",13,"13",2009,"2"
"6217","19777",33009325,733107,4663603,"P13_CFL_97","BWC",13,"13",2009,"2"
"6218","19778",33009326,733460,4662106,"P13_CFL_97","BWC",13,"13",2009,"2"
"6219","1978",31007057,579533,4912809,"P04_CFL_44","BWC",4,"L4",2004,"2"
"6220","19781",33009330,735563,4656250,"P13_CFL_58","BWC",13,"13",2009,"2"
"6221","19784",33009333,733058,4668450,"P13_CFL_201","BWC",13,"13",2009,"2"
"6222","19785",33009334,731757,4668300,"P13_CFL_117","BWC",13,"13",2009,"2"
"6223","19786",33009335,735514,4662707,"P13_CFL_80","BWC",13,"13",2009,"2"
"6224","19788",33009337,735105,4661351,"P13_CFL_82","BWC",13,"13",2009,"2"
"6225","19789",33009338,734856,4660799,"P13_CFL_82","BWC",13,"13",2009,"2"
"6226","19790",33009340,735206,4660349,"P13_CFL_82","BWC",13,"13",2009,"2"
"6227","19791",33009341,735510,4659343,"P13_CFL_65","BWC",13,"13",2009,"2"
"6228","19792",33009342,737900,4656145,"P13_CFL_56","BWC",13,"13",2009,"2"
"6229","19793",33009343,736963,4655304,"P13_CFL_55","BWC",13,"13",2009,"2"
"6230","19794",33009344,737156,4653807,"P13_USCB_21","BWC",13,"13",2009,"2"
"6231","19795",33009345,735361,4653452,"P13_CFL_29","BWC",13,"13",2009,"2"
"6232","19796",33009346,736808,4651603,"P13_TSC_53","BWC",13,"13",2009,"2"
"6233","19797",33009347,735605,4660197,"P13_CFL_70","BWC",13,"13",2009,"2"
"6234","19798",33009348,737955,4660350,"P13_CFL_70","BWC",13,"13",2009,"2"
"6235","19799",33009349,738651,4658603,"P13_CFL_70","BWC",13,"13",2009,"2"
"6236","198",31002156,584279,4912105,"P04_CFL_258","BWC",4,"L4",1998,"2"
"6237","1980",31007059,580483,4912753,"P04_CFL_44","BWC",4,"L4",2004,"2"
"6238","19801",33009351,737559,4656798,"P13_CFL_70","BWC",13,"13",2009,"2"
"6239","19802",33009352,737311,4656303,"P13_CFL_70","BWC",13,"13",2009,"2"
"6240","19803",33009353,726903,4671394,"P13_CFL_128","BWC",13,"13",2009,"2"
"6241","19805",33009355,728412,4671099,"P13_CFL_121","BWC",13,"13",2009,"2"
"6242","19806",33009356,727008,4670850,"P13_CFL_128","BWC",13,"13",2009,"2"
"6243","19807",33009357,729559,4670301,"P13_CFL_121","BWC",13,"13",2009,"2"
"6244","19808",33009358,729709,4670199,"P13_CFL_121","BWC",13,"13",2009,"2"
"6245","19809",33009359,729760,4669500,"P13_CFL_204","BWC",13,"13",2009,"2"
"6246","1981",31007060,580578,4912705,"P04_CFL_44","BWC",4,"L4",2004,"2"
"6247","19810",33009360,730257,4669500,"P13_CFL_121","BWC",13,"13",2009,"2"
"6248","19811",33009361,733006,4663250,"P13_CFL_97","BWC",13,"13",2009,"2"
"6249","19812",33009362,732756,4662610,"P13_CFL_97","BWC",13,"13",2009,"2"
"6250","19813",33009363,732859,4662354,"P13_CFL_97","BWC",13,"13",2009,"2"
"6251","19816",33009366,733904,4650549,"P13_CFL_6","IMP",13,"13",2009,"2"
"6252","19817",33009367,737305,4650509,"P13_CFL_200","IMP",13,"13",2009,"2"
"6253","19818",33009368,733810,4650399,"P13_CFL_6","IMP",13,"13",2009,"2"
"6254","1982",31007061,580682,4912653,"P04_CFL_44","BWC",4,"L4",2004,"2"
"6255","19820",33009371,737362,4650052,"P13_CFL_200","IMP",13,"13",2009,"2"
"6256","19821",33009374,737160,4650003,"P13_CFL_200","IMP",13,"13",2009,"1"
"6257","19822",33009375,733911,4649898,"P13_CFL_6","IMP",13,"13",2009,"2"
"6258","19823",33009376,737155,4649851,"P13_CFL_200","IMP",13,"13",2009,"2"
"6259","19824",33009377,737608,4649699,"P13_CFL_200","IMP",13,"13",2009,"2"
"6260","19825",33009378,734103,4649454,"P13_CFL_6","IMP",13,"13",2009,"2"
"6261","19826",33009379,737562,4649400,"P13_CFL_200","IMP",13,"13",2009,"1"
"6262","19827",33009380,737861,4649351,"P13_CFL_200","IMP",13,"13",2009,"2"
"6263","19829",33009382,737708,4649203,"P13_CFL_200","IMP",13,"13",2009,"1"
"6264","1983",31007062,579683,4912556,"P04_CFL_44","BWC",4,"L4",2004,"2"
"6265","19831",33009384,737302,4649098,"P13_CFL_200","IMP",13,"13",2009,"2"
"6266","19832",33009385,737710,4648999,"P13_CFL_200","IMP",13,"13",2009,"1"
"6267","19833",33009386,738052,4648904,"P13_CFL_200","IMP",13,"13",2009,"1"
"6268","19834",33009387,737650,4648849,"P13_CFL_200","IMP",13,"13",2009,"1"
"6269","19836",33009389,737957,4648752,"P13_CFL_200","IMP",13,"13",2009,"1"
"6270","19838",33009391,737901,4648651,"P13_CFL_200","IMP",13,"13",2009,"1"
"6271","19839",33009392,738060,4648595,"P13_CFL_200","IMP",13,"13",2009,"1"
"6272","1984",31007063,579683,4912505,"P04_CFL_44","BWC",4,"L4",2004,"2"
"6273","19841",33009394,738608,4648500,"P13_CFL_200","IMP",13,"13",2009,"1"
"6274","19842",33009395,738005,4648407,"P13_CFL_200","IMP",13,"13",2009,"1"
"6275","19843",33009396,737613,4648052,"P13_CFL_200","IMP",13,"13",2009,"1"
"6276","19846",33009399,737557,4647654,"P13_CFL_200","IMP",13,"13",2009,"1"
"6277","19847",33009400,737610,4647450,"P13_CFL_200","IMP",13,"13",2009,"1"
"6278","1985",31007064,580032,4912460,"P04_CFL_44","BWC",4,"L4",2004,"2"
"6279","19850",33009403,738152,4645449,"P13_CFL_200","IMP",13,"13",2009,"2"
"6280","19851",33009404,737762,4643855,"P13_CFL_200","IMP",13,"13",2009,"2"
"6281","19852",33009405,737657,4643557,"P13_CFL_200","IMP",13,"13",2009,"2"
"6282","19853",33009406,737256,4643105,"P13_CFL_200","IMP",13,"13",2009,"2"
"6283","19854",33009407,737897,4643050,"P13_CFL_200","IMP",13,"13",2009,"2"
"6284","19855",33009409,734509,4642655,"P13_CFL_198","IMP",13,"13",2009,"2"
"6285","19856",33009410,734463,4642553,"P13_CFL_198","IMP",13,"13",2009,"2"
"6286","19857",33009411,734501,4650899,"P13_CFL_6","IMP",13,"13",2009,"2"
"6287","19858",33009412,733848,4644055,"P13_CFL_198","IMP",13,"13",2009,"2"
"6288","19859",33009413,733857,4643900,"P13_CFL_198","IMP",13,"13",2009,"2"
"6289","1986",31007065,579683,4912205,"P04_CFL_44","BWC",4,"L4",2004,"2"
"6290","19860",33009414,738309,4644597,"P13_CFL_200","IMP",13,"13",2009,"2"
"6291","19864",33009418,737405,4652106,"P13_CFL_21","IMP",13,"13",2009,"2"
"6292","19865",33009419,735807,4652007,"P13_CFL_19","IMP",13,"13",2009,"2"
"6293","19866",33009420,736755,4651044,"P13_CFL_10","IMP",13,"13",2009,"2"
"6294","19869",33009423,734902,4650653,"P13_CFL_6","IMP",13,"13",2009,"2"
"6295","1987",31007066,580082,4912155,"P04_CFL_44","BWC",4,"L4",2004,"2"
"6296","19871",33009425,738206,4650499,"P13_CFL_200","IMP",13,"13",2009,"2"
"6297","19873",33009427,738159,4650353,"P13_CFL_200","IMP",13,"13",2009,"2"
"6298","19874",33009428,736257,4650307,"P13_CFL_200","IMP",13,"13",2009,"2"
"6299","19876",33009430,736755,4650198,"P13_CFL_200","IMP",13,"13",2009,"1"
"6300","1988",31007067,579782,4912006,"P04_CFL_44","BWC",4,"L4",2004,"2"
"6301","19880",33009434,738503,4649802,"P13_CFL_200","IMP",13,"13",2009,"2"
"6302","19882",33009436,736510,4649508,"P13_CFL_200","IMP",13,"13",2009,"2"
"6303","19883",33009437,736112,4649450,"P13_CFL_200","IMP",13,"13",2009,"2"
"6304","19884",33009438,736357,4649354,"P13_CFL_200","IMP",13,"13",2009,"2"
"6305","19885",33009439,736409,4648901,"P13_CFL_200","IMP",13,"13",2009,"2"
"6306","19887",33009441,735313,4648853,"P13_USCB_20","IMP",13,"13",2009,"2"
"6307","19888",33009442,736612,4648752,"P13_CFL_200","IMP",13,"13",2009,"2"
"6308","19889",33009443,734204,4648649,"P13_CFL_6","IMP",13,"13",2009,"2"
"6309","1989",31007068,584180,4909308,"P04_CFL_240","BWC",4,"L4",2004,"2"
"6310","19890",33009444,736608,4648547,"P13_CFL_200","IMP",13,"13",2009,"1"
"6311","19891",33009445,735258,4648504,"P13_CFL_199","IMP",13,"13",2009,"2"
"6312","19892",33009446,734106,4648401,"P13_CFL_198","IMP",13,"13",2009,"2"
"6313","19893",33009447,734408,4648405,"P13_CFL_6","IMP",13,"13",2009,"2"
"6314","19894",33009448,735859,4647951,"P13_CFL_200","IMP",13,"13",2009,"1"
"6315","19895",33009449,733807,4647896,"P13_CFL_198","IMP",13,"13",2009,"2"
"6316","19896",33009450,736057,4647904,"P13_CFL_200","IMP",13,"13",2009,"1"
"6317","19897",33009451,733461,4647755,"P13_CFL_198","IMP",13,"13",2009,"2"
"6318","19898",33009452,733801,4647495,"P13_CFL_198","IMP",13,"13",2009,"2"
"6319","19899",33009453,736112,4647348,"P13_CFL_200","IMP",13,"13",2009,"2"
"6320","199",31002157,583827,4911655,"P04_CFL_254","BWC",4,"L4",1998,"2"
"6321","1990",31007069,584830,4909005,"P04_CFL_240","BWC",4,"L4",2004,"2"
"6322","19900",33009454,733957,4647198,"P13_CFL_198","IMP",13,"13",2009,"2"
"6323","19902",33009456,733956,4647104,"P13_CFL_198","IMP",13,"13",2009,"2"
"6324","19903",33009457,736558,4647109,"P13_CFL_200","IMP",13,"13",2009,"2"
"6325","19904",33009458,733855,4647003,"P13_CFL_198","IMP",13,"13",2009,"2"
"6326","19905",33009459,735960,4647004,"P13_CFL_200","IMP",13,"13",2009,"1"
"6327","19906",33009460,734010,4646956,"P13_CFL_198","IMP",13,"13",2009,"2"
"6328","19907",33009461,734362,4646952,"P13_CFL_198","IMP",13,"13",2009,"2"
"6329","19908",33009462,736606,4646846,"P13_CFL_200","IMP",13,"13",2009,"1"
"6330","19909",33009463,734200,4646747,"P13_CFL_198","IMP",13,"13",2009,"2"
"6331","1991",31007070,584281,4908958,"P04_CFL_240","BWC",4,"L4",2004,"2"
"6332","19910",33009464,737759,4646751,"P13_CFL_200","IMP",13,"13",2009,"1"
"6333","19911",33009465,734258,4646700,"P13_CFL_198","IMP",13,"13",2009,"2"
"6334","19912",33009466,733856,4646602,"P13_CFL_198","IMP",13,"13",2009,"2"
"6335","19914",33009468,737553,4646499,"P13_CFL_200","IMP",13,"13",2009,"1"
"6336","19915",33009469,737555,4646403,"P13_CFL_200","IMP",13,"13",2009,"1"
"6337","19916",33009470,736362,4646254,"P13_CFL_200","IMP",13,"13",2009,"1"
"6338","19917",33009471,736505,4646153,"P13_CFL_200","IMP",13,"13",2009,"1"
"6339","19918",33009472,736856,4646150,"P13_CFL_200","IMP",13,"13",2009,"2"
"6340","19919",33009473,736959,4646157,"P13_CFL_200","IMP",13,"13",2009,"1"
"6341","1992",31007071,584676,4908912,"P04_CFL_240","BWC",4,"L4",2004,"2"
"6342","19920",33009474,734047,4646101,"P13_CFL_198","IMP",13,"13",2009,"1"
"6343","19921",33009476,736560,4646051,"P13_CFL_200","IMP",13,"13",2009,"1"
"6344","19922",33009477,733756,4646005,"P13_CFL_198","IMP",13,"13",2009,"2"
"6345","19924",33009479,736607,4645949,"P13_CFL_200","IMP",13,"13",2009,"1"
"6346","19927",33009483,733752,4645754,"P13_CFL_198","IMP",13,"13",2009,"2"
"6347","19929",33009485,736860,4645753,"P13_CFL_200","IMP",13,"13",2009,"1"
"6348","19930",33009486,737056,4645756,"P13_CFL_200","IMP",13,"13",2009,"2"
"6349","19934",33009490,735510,4645606,"P13_CFL_198","IMP",13,"13",2009,"1"
"6350","19935",33009491,737302,4645445,"P13_CFL_200","IMP",13,"13",2009,"1"
"6351","19937",33009493,736812,4645401,"P13_CFL_200","IMP",13,"13",2009,"2"
"6352","19939",33009495,735603,4645300,"P13_CFL_198","IMP",13,"13",2009,"2"
"6353","1994",31007073,584532,4908709,"P04_CFL_240","BWC",4,"L4",2004,"2"
"6354","19940",33009496,734310,4645251,"P13_CFL_198","IMP",13,"13",2009,"1"
"6355","19942",33009498,736758,4645254,"P13_CFL_200","IMP",13,"13",2009,"1"
"6356","19943",33009499,735605,4645203,"P13_CFL_198","IMP",13,"13",2009,"1"
"6357","19944",33009500,735656,4645104,"P13_CFL_198","IMP",13,"13",2009,"1"
"6358","19945",33009501,736709,4645100,"P13_CFL_200","IMP",13,"13",2009,"2"
"6359","19950",33009506,734558,4644752,"P13_CFL_198","IMP",13,"13",2009,"1"
"6360","19954",33009510,734561,4644551,"P13_CFL_198","IMP",13,"13",2009,"1"
"6361","19955",33009511,735060,4644500,"P13_CFL_198","IMP",13,"13",2009,"1"
"6362","19956",33009512,734159,4644450,"P13_TSC_21","IMP",13,"13",2009,"1"
"6363","19959",33009515,737708,4644249,"P13_CFL_200","IMP",13,"13",2009,"2"
"6364","19960",33009516,734914,4644204,"P13_CFL_198","IMP",13,"13",2009,"1"
"6365","19961",33009517,735208,4644200,"P13_CFL_198","IMP",13,"13",2009,"1"
"6366","19962",33009518,737610,4644202,"P13_CFL_200","IMP",13,"13",2009,"2"
"6367","19963",33009519,734259,4644098,"P13_CFL_198","IMP",13,"13",2009,"1"
"6368","19965",33009521,734861,4643952,"P13_CFL_198","IMP",13,"13",2009,"2"
"6369","19968",33009524,734954,4643804,"P13_CFL_198","IMP",13,"13",2009,"1"
"6370","19969",33009525,737454,4643651,"P13_CFL_200","IMP",13,"13",2009,"2"
"6371","19971",33009527,737007,4643599,"P13_CFL_200","IMP",13,"13",2009,"1"
"6372","19972",33009528,735157,4643496,"P13_CFL_198","IMP",13,"13",2009,"1"
"6373","19973",33009529,734908,4643402,"P13_CFL_198","IMP",13,"13",2009,"1"
"6374","19974",33009530,735403,4643299,"P13_CFL_198","IMP",13,"13",2009,"1"
"6375","19976",33009532,736563,4642700,"P13_CFL_200","IMP",13,"13",2009,"2"
"6376","19977",33009533,736262,4642655,"P13_CFL_200","IMP",13,"13",2009,"2"
"6377","19978",33009534,736649,4650791,"P13_CFL_10","IMP",13,"13",2009,"2"
"6378","19979",33009535,736351,4650657,"P13_SCB_44","IMP",13,"13",2009,"2"
"6379","1998",31007077,584781,4908411,"P04_CFL_240","BWC",4,"L4",2004,"2"
"6380","19980",33009536,733554,4648003,"P13_CFL_198","IMP",13,"13",2009,"2"
"6381","19981",33009537,733505,4647102,"P13_CFL_198","IMP",13,"13",2009,"2"
"6382","19982",33009538,737107,4643447,"P13_CFL_200","IMP",13,"13",2009,"2"
"6383","1999",31007078,577878,4916954,"P04_CFL_271","BWC",4,"L4",2004,"2"
"6384","200",31002158,584276,4911310,"P04_TSC_31","BWC",4,"L4",1998,"2"
"6385","20003",33009586,735889,4655966,"P13_SC_3","MBC",13,"13",2010,"2"
"6386","2001",31007080,577729,4916708,"P04_CFL_271","BWC",4,"L4",2004,"2"
"6387","20010",33009593,736889,4654422,"P13_SCB_45","MBC",13,"13",2010,"2"
"6388","20016",33009599,736787,4653015,"P13_SCB_31","MBC",13,"13",2010,"2"
"6389","20017",33009601,736339,4652719,"P13_SCB_31","MBC",13,"13",2010,"2"
"6390","20018",33009602,736334,4651971,"P13_SCB_31","MBC",13,"13",2010,"2"
"6391","20019",33009603,736343,4651923,"P13_SCB_31","MBC",13,"13",2010,"1"
"6392","2002",31007081,577778,4916657,"P04_CFL_271","BWC",4,"L4",2004,"2"
"6393","20022",33009606,736291,4650969,"P13_SCB_44","MBC",13,"13",2010,"2"
"6394","20023",33009607,735487,4650468,"P13_CFL_9","MBC",13,"13",2010,"2"
"6395","20025",33009609,735187,4648516,"P13_USCB_20","MBC",13,"13",2010,"2"
"6396","20026",33009610,735195,4648275,"P13_USCB_20","MBC",13,"13",2010,"2"
"6397","20029",33009613,736441,4644765,"P13_USCB_2","MBC",13,"13",2010,"1"
"6398","2003",31007082,577629,4916108,"P04_CFL_203","BWC",4,"L4",2004,"2"
"6399","20031",33009615,737087,4654071,"P13_USCB_21","MBC",13,"13",2010,"2"
"6400","2004",31007083,577381,4916062,"P04_CFL_202","BWC",4,"L4",2004,"2"
"6401","20043",33009634,733944,4662409,"P13_CFL_77","MBC",13,"13",2010,"2"
"6402","20048",33009643,736341,4650919,"P13_SCB_44","MBC",13,"13",2010,"2"
"6403","2005",31007085,582482,4914155,"P04_CFL_276","BWC",4,"L4",2004,"2"
"6404","20055",33009650,735788,4655814,"P13_SC_4","SC",13,"13",2010,"2"
"6405","2006",31007087,579279,4914056,"P04_CFL_42","BWC",4,"L4",2004,"2"
"6406","2007",31007088,582578,4913903,"P04_CFL_276","BWC",4,"L4",2004,"2"
"6407","20073",33009675,733884,4662167,"P13_CFL_77","SC",13,"13",2010,"2"
"6408","20077",33009686,737142,4656471,"P13_CFL_56","SC",13,"13",2010,"2"
"6409","20079",33009688,733644,4662566,"P13_CFL_78","SC",13,"13",2010,"2"
"6410","2008",31007089,579333,4913860,"P04_CFL_42","BWC",4,"L4",2004,"2"
"6411","20081",33009690,735389,4656121,"P13_SC_4","SC",13,"13",2010,"2"
"6412","20084",33009695,737441,4653816,"P13_CFL_30","BWC",13,"13",2010,"2"
"6413","20085",33009696,737444,4653773,"P13_CFL_30","BWC",13,"13",2010,"2"
"6414","20086",33009697,737442,4653564,"P13_TSC_52","BWC",13,"13",2010,"2"
"6415","20087",33009698,737441,4653071,"P13_CFL_23","BWC",13,"13",2010,"2"
"6416","20088",33009699,737489,4653064,"P13_CFL_23","BWC",13,"13",2010,"2"
"6417","20089",33009700,735295,4652469,"P13_CFL_22","BWC",13,"13",2010,"2"
"6418","2009",31007090,581478,4913860,"P04_CFL_260","BWC",4,"L4",2004,"2"
"6419","20090",33009701,739438,4647026,"P13_CFL_3","BWC",13,"13",2010,"2"
"6420","20091",33009702,737443,4654125,"P13_TSC_52","BWC",13,"13",2010,"2"
"6421","20092",33009703,739298,4646620,"P13_CFL_3","BWC",13,"13",2010,"2"
"6422","20093",33009704,738044,4655818,"P13_CFL_56","BWC",13,"13",2010,"2"
"6423","20094",33009705,737835,4655766,"P13_CFL_56","BWC",13,"13",2010,"2"
"6424","20095",33009706,737841,4655622,"P13_CFL_56","BWC",13,"13",2010,"2"
"6425","20096",33009707,738091,4655769,"P13_CFL_56","BWC",13,"13",2010,"2"
"6426","20097",33009708,735884,4659916,"P13_CFL_70","BWC",13,"13",2010,"2"
"6427","20098",33009709,735843,4659867,"P13_CFL_70","BWC",13,"13",2010,"2"
"6428","20099",33009710,732896,4665117,"P13_CFL_97","BWC",13,"13",2010,"2"
"6429","201",31002159,581380,4911065,"P04_CFL_44","BWC",4,"L4",1998,"2"
"6430","2010",31007091,581025,4913708,"P04_CFL_260","BWC",4,"L4",2004,"2"
"6431","20100",33009711,732289,4669865,"P13_CFL_203","BWC",13,"13",2010,"2"
"6432","20101",33009713,732841,4664870,"P13_CFL_97","BWC",13,"13",2010,"2"
"6433","20102",33009714,733136,4664667,"P13_CFL_97","BWC",13,"13",2010,"2"
"6434","20103",33009715,732441,4664417,"P13_CFL_97","BWC",13,"13",2010,"2"
"6435","20104",33009716,738540,4645714,"P13_CFL_2","BWC",13,"13",2010,"2"
"6436","20105",33009717,739087,4646062,"P13_CFL_3","BWC",13,"13",2010,"2"
"6437","20106",33009718,739136,4645317,"P13_CFL_3","BWC",13,"13",2010,"2"
"6438","20107",33009720,734937,4661412,"P13_CFL_82","BWC",13,"13",2010,"2"
"6439","20108",33009721,737039,4656066,"P13_SC_2","BWC",13,"13",2010,"2"
"6440","20109",33009722,736939,4655916,"P13_CFL_55","BWC",13,"13",2010,"2"
"6441","2011",31007092,582831,4913655,"P04_CFL_276","BWC",4,"L4",2004,"2"
"6442","20110",33009723,737242,4655317,"P13_CFL_55","BWC",13,"13",2010,"2"
"6443","20119",33009732,736090,4653723,"P13_CFL_36","BWC",13,"13",2010,"2"
"6444","20121",33009734,735386,4653228,"P13_CFL_22","BWC",13,"13",2010,"2"
"6445","20122",33009735,736288,4661216,"","BWC",13,"13",2010,"2"
"6446","20123",33009736,736440,4661164,"","BWC",13,"13",2010,"2"
"6447","20124",33009737,735696,4661065,"P13_CFL_70","BWC",13,"13",2010,"2"
"6448","20125",33009738,737341,4661066,"","BWC",13,"13",2010,"2"
"6449","20126",33009739,736397,4660769,"P13_CFL_70","BWC",13,"13",2010,"2"
"6450","20127",33009740,736892,4660767,"P13_CFL_70","BWC",13,"13",2010,"2"
"6451","20128",33009741,735742,4660659,"P13_CFL_70","BWC",13,"13",2010,"2"
"6452","20129",33009742,737090,4660421,"P13_CFL_70","BWC",13,"13",2010,"2"
"6453","2013",31007094,582179,4913411,"P04_CFL_264","BWC",4,"L4",2004,"2"
"6454","20130",33009743,735741,4660270,"P13_CFL_70","BWC",13,"13",2010,"2"
"6455","20131",33009745,735842,4658515,"P13_CFL_70","BWC",13,"13",2010,"2"
"6456","20132",33009746,735892,4658413,"P13_CFL_70","BWC",13,"13",2010,"2"
"6457","20133",33009747,736738,4658213,"P13_CFL_70","BWC",13,"13",2010,"2"
"6458","20134",33009748,737888,4659967,"P13_CFL_70","BWC",13,"13",2010,"2"
"6459","20135",33009749,737091,4659419,"P13_CFL_70","BWC",13,"13",2010,"2"
"6460","20136",33009751,737690,4658824,"P13_CFL_70","BWC",13,"13",2010,"2"
"6461","20137",33009752,737540,4658722,"P13_CFL_70","BWC",13,"13",2010,"2"
"6462","20138",33009753,738338,4658565,"P13_CFL_70","BWC",13,"13",2010,"2"
"6463","20139",33009754,738195,4658064,"P13_CFL_70","BWC",13,"13",2010,"2"
"6464","2014",31007096,579081,4913254,"P04_CFL_44","BWC",4,"L4",2004,"2"
"6465","20140",33009755,737437,4657915,"P13_CFL_70","BWC",13,"13",2010,"2"
"6466","20141",33009756,737946,4657274,"P13_CFL_70","BWC",13,"13",2010,"2"
"6467","20142",33009757,737891,4657219,"P13_CFL_70","BWC",13,"13",2010,"2"
"6468","20143",33009758,738242,4657065,"P13_CFL_70","BWC",13,"13",2010,"2"
"6469","20144",33009759,737494,4656672,"P13_CFL_70","BWC",13,"13",2010,"2"
"6470","20145",33009760,738045,4656565,"P13_CFL_70","BWC",13,"13",2010,"2"
"6471","20146",33009762,726545,4670762,"P13_CFL_128","BWC",13,"13",2010,"2"
"6472","20147",33009763,726496,4670709,"P13_CFL_128","BWC",13,"13",2010,"2"
"6473","20148",33009764,726342,4670611,"P13_CFL_128","BWC",13,"13",2010,"2"
"6474","20149",33009765,725789,4670516,"P13_CFL_128","BWC",13,"13",2010,"2"
"6475","20150",33009766,726401,4670420,"P13_CFL_128","BWC",13,"13",2010,"2"
"6476","20151",33009767,726742,4670368,"P13_CFL_128","BWC",13,"13",2010,"2"
"6477","20152",33009768,727644,4670368,"P13_CFL_128","BWC",13,"13",2010,"2"
"6478","20153",33009771,733695,4668920,"P13_CFL_123","BWC",13,"13",2010,"2"
"6479","20154",33009772,733339,4668769,"P13_CFL_123","BWC",13,"13",2010,"2"
"6480","20157",33009775,732991,4662808,"P13_CFL_97","BWC",13,"13",2010,"2"
"6481","20158",33009776,732946,4662613,"P13_CFL_97","BWC",13,"13",2010,"2"
"6482","20159",33009777,732993,4662569,"P13_CFL_97","BWC",13,"13",2010,"2"
"6483","2016",31007099,580228,4913161,"P04_CFL_44","BWC",4,"L4",2004,"2"
"6484","20160",33009779,715688,4680764,"P13_CFL_188","BWC",13,"13",2010,"2"
"6485","20165",33009789,731890,4668116,"P13_SC_11","BWC",13,"13",2010,"2"
"6486","20166",33009791,734736,4662667,"P13_SCB_46","BWC",13,"13",2010,"2"
"6487","20167",33009792,734786,4661372,"P13_CFL_82","BWC",13,"13",2010,"2"
"6488","20168",33009793,737142,4656313,"P13_CFL_56","BWC",13,"13",2010,"2"
"6489","20169",33009794,737937,4656211,"P13_CFL_56","BWC",13,"13",2010,"2"
"6490","2017",31007100,583030,4913107,"P04_CFL_242","BWC",4,"L4",2004,"2"
"6491","20170",33009795,737746,4656166,"P13_CFL_56","BWC",13,"13",2010,"2"
"6492","20173",33009798,735491,4655022,"P13_TSC_27","BWC",13,"13",2010,"2"
"6493","20175",33009800,737337,4661170,"","BWC",13,"13",2010,"2"
"6494","20176",33009802,737042,4659220,"P13_CFL_70","BWC",13,"13",2010,"2"
"6495","20177",33009803,738739,4658613,"P13_CFL_70","BWC",13,"13",2010,"2"
"6496","20178",33009804,737343,4657166,"P13_CFL_70","BWC",13,"13",2010,"2"
"6497","20179",33009805,737544,4656966,"P13_CFL_70","BWC",13,"13",2010,"2"
"6498","2018",31007102,583728,4912612,"P04_CFL_258","BWC",4,"L4",2004,"2"
"6499","20180",33009810,727238,4670370,"P13_CFL_128","BWC",13,"13",2010,"2"
"6500","20181",33009811,727995,4670367,"P13_TSC_37","BWC",13,"13",2010,"2"
"6501","20182",33009812,729087,4670353,"P13_CFL_121","BWC",13,"13",2010,"2"
"6502","20183",33009813,733235,4668724,"P13_CFL_123","BWC",13,"13",2010,"2"
"6503","20184",33009814,737491,4652268,"P13_TSC_25","IMP",13,"13",2010,"2"
"6504","20186",33009816,734091,4651117,"P13_CFL_6","IMP",13,"13",2010,"2"
"6505","20187",33009817,734239,4651019,"P13_CFL_6","IMP",13,"13",2010,"2"
"6506","20188",33009818,733941,4650617,"P13_CFL_6","IMP",13,"13",2010,"2"
"6507","20189",33009819,734189,4650573,"P13_CFL_6","IMP",13,"13",2010,"2"
"6508","20190",33009820,737437,4650569,"P13_CFL_200","IMP",13,"13",2010,"2"
"6509","20191",33009821,737339,4650471,"P13_CFL_200","IMP",13,"13",2010,"2"
"6510","20192",33009822,733890,4650415,"P13_CFL_6","IMP",13,"13",2010,"2"
"6511","20194",33009826,737540,4649618,"P13_CFL_200","IMP",13,"13",2010,"2"
"6512","20196",33009828,734093,4649217,"P13_CFL_6","IMP",13,"13",2010,"2"
"6513","20198",33009830,737794,4649117,"P13_CFL_200","IMP",13,"13",2010,"2"
"6514","202",31002160,584980,4910909,"P04_CFL_270","BWC",4,"L4",1998,"2"
"6515","2020",31007104,584232,4912106,"P04_CFL_258","BWC",4,"L4",2004,"2"
"6516","20200",33009832,737741,4648815,"P13_CFL_200","IMP",13,"13",2010,"2"
"6517","20201",33009833,737892,4648819,"P13_CFL_200","IMP",13,"13",2010,"1"
"6518","20202",33009834,738589,4648773,"P13_CFL_200","IMP",13,"13",2010,"2"
"6519","20204",33009836,736736,4648618,"P13_CFL_200","IMP",13,"13",2010,"2"
"6520","20206",33009838,737836,4648369,"P13_CFL_200","IMP",13,"13",2010,"2"
"6521","20207",33009839,737788,4648120,"P13_CFL_200","IMP",13,"13",2010,"2"
"6522","20208",33009840,737688,4647816,"P13_CFL_200","IMP",13,"13",2010,"1"
"6523","20210",33009842,737592,4647619,"P13_CFL_200","IMP",13,"13",2010,"2"
"6524","20211",33009843,738242,4647122,"P13_CFL_200","IMP",13,"13",2010,"2"
"6525","20212",33009844,738040,4645568,"P13_CFL_200","IMP",13,"13",2010,"2"
"6526","20213",33009845,738391,4644615,"P13_CFL_200","IMP",13,"13",2010,"2"
"6527","20216",33009848,734037,4643669,"P13_CFL_198","IMP",13,"13",2010,"2"
"6528","20217",33009849,737539,4643665,"P13_CFL_200","IMP",13,"13",2010,"2"
"6529","20218",33009850,734137,4643465,"P13_CFL_198","IMP",13,"13",2010,"2"
"6530","20219",33009851,737440,4643314,"P13_CFL_200","IMP",13,"13",2010,"2"
"6531","2022",31007106,584734,4911508,"P04_CFL_269","BWC",4,"L4",2004,"2"
"6532","20220",33009852,737443,4643218,"P13_CFL_200","IMP",13,"13",2010,"2"
"6533","20221",33009853,737540,4643212,"P13_CFL_200","IMP",13,"13",2010,"2"
"6534","20222",33009854,737540,4643062,"P13_CFL_200","IMP",13,"13",2010,"2"
"6535","20223",33009855,738438,4648320,"P13_CFL_200","IMP",13,"13",2010,"1"
"6536","20224",33009856,738340,4646467,"P13_CFL_200","IMP",13,"13",2010,"2"
"6537","20225",33009857,738094,4645970,"P13_CFL_200","IMP",13,"13",2010,"2"
"6538","20226",33009858,738438,4644822,"P13_CFL_200","IMP",13,"13",2010,"2"
"6539","20227",33009859,737630,4643581,"P13_CFL_200","IMP",13,"13",2010,"2"
"6540","20228",33009860,734042,4643272,"P13_CFL_198","IMP",13,"13",2010,"2"
"6541","20229",33009861,735090,4642714,"P13_CFL_198","IMP",13,"13",2010,"2"
"6542","20238",33009870,737389,4651867,"P13_TSC_54","IMP",13,"13",2010,"2"
"6543","2024",31007108,581227,4911203,"P04_CFL_44","BWC",4,"L4",2004,"2"
"6544","20240",33009872,735893,4651469,"P13_CFL_14","IMP",13,"13",2010,"2"
"6545","20241",33009873,736641,4650971,"P13_CFL_10","IMP",13,"13",2010,"2"
"6546","20242",33009874,737049,4650871,"P13_CFL_200","IMP",13,"13",2010,"2"
"6547","20243",33009875,737337,4650863,"P13_CFL_200","IMP",13,"13",2010,"2"
"6548","20244",33009876,735338,4650763,"P13_CFL_9","IMP",13,"13",2010,"2"
"6549","20245",33009877,736841,4650617,"P13_CFL_200","IMP",13,"13",2010,"2"
"6550","20246",33009878,735188,4650565,"P13_TSC_27","IMP",13,"13",2010,"2"
"6551","20247",33009879,736194,4650469,"P13_SCB_44","IMP",13,"13",2010,"2"
"6552","20248",33009880,735185,4650417,"P13_CFL_9","IMP",13,"13",2010,"2"
"6553","2025",31007109,585179,4911156,"P04_CFL_251","BWC",4,"L4",2004,"2"
"6554","20251",33009883,736238,4649926,"P13_CFL_200","IMP",13,"13",2010,"2"
"6555","20252",33009884,735944,4649468,"P13_CFL_200","IMP",13,"13",2010,"2"
"6556","20253",33009885,735896,4649365,"P13_CFL_200","IMP",13,"13",2010,"2"
"6557","20254",33009886,736292,4649319,"P13_CFL_200","IMP",13,"13",2010,"2"
"6558","20255",33009887,735290,4649073,"P13_USCB_20","IMP",13,"13",2010,"2"
"6559","20256",33009888,736486,4648968,"P13_CFL_200","IMP",13,"13",2010,"2"
"6560","20257",33009889,735540,4648923,"P13_CFL_199","IMP",13,"13",2010,"2"
"6561","20258",33009890,736143,4648915,"P13_CFL_200","IMP",13,"13",2010,"2"
"6562","20259",33009891,734294,4648870,"P13_CFL_6","IMP",13,"13",2010,"2"
"6563","2026",31007110,585127,4910811,"P04_CFL_251","BWC",4,"L4",2004,"2"
"6564","20260",33009892,735989,4648865,"P13_CFL_200","IMP",13,"13",2010,"2"
"6565","20261",33009894,734642,4648714,"P13_TSC_27","IMP",13,"13",2010,"2"
"6566","20263",33009896,734287,4648364,"P13_CFL_198","IMP",13,"13",2010,"2"
"6567","20264",33009897,734340,4648371,"P13_CFL_198","IMP",13,"13",2010,"2"
"6568","20265",33009898,735891,4648367,"P13_CFL_200","IMP",13,"13",2010,"2"
"6569","20266",33009899,733742,4648323,"P13_CFL_198","IMP",13,"13",2010,"2"
"6570","20267",33009901,735791,4648320,"P13_CFL_200","IMP",13,"13",2010,"2"
"6571","20268",33009902,735940,4648318,"P13_CFL_200","IMP",13,"13",2010,"2"
"6572","20269",33009903,736340,4648316,"P13_CFL_200","IMP",13,"13",2010,"2"
"6573","20271",33009905,734691,4648016,"P13_CFL_198","IMP",13,"13",2010,"2"
"6574","20272",33009906,736595,4647969,"P13_CFL_200","IMP",13,"13",2010,"2"
"6575","20273",33009907,735287,4647869,"P13_CFL_199","IMP",13,"13",2010,"2"
"6576","20274",33009908,733991,4647814,"P13_CFL_198","IMP",13,"13",2010,"2"
"6577","20275",33009909,735338,4647814,"P13_CFL_199","IMP",13,"13",2010,"2"
"6578","20276",33009910,736691,4647718,"P13_CFL_200","IMP",13,"13",2010,"2"
"6579","20277",33009911,735489,4647519,"P13_CFL_199","IMP",13,"13",2010,"2"
"6580","20278",33009912,734234,4647467,"P13_CFL_198","IMP",13,"13",2010,"2"
"6581","20279",33009913,734137,4647417,"P13_CFL_198","IMP",13,"13",2010,"2"
"6582","2028",31007112,581281,4910557,"","BWC",4,"L4",2004,"2"
"6583","20280",33009914,735537,4647418,"P13_CFL_199","IMP",13,"13",2010,"2"
"6584","20281",33009915,736137,4647316,"P13_CFL_200","IMP",13,"13",2010,"2"
"6585","20282",33009916,733687,4647170,"P13_CFL_198","IMP",13,"13",2010,"2"
"6586","20283",33009917,733643,4647118,"P13_CFL_198","IMP",13,"13",2010,"2"
"6587","20284",33009918,733744,4647117,"P13_CFL_198","IMP",13,"13",2010,"2"
"6588","20286",33009920,735990,4647067,"P13_CFL_200","IMP",13,"13",2010,"2"
"6589","20287",33009921,733636,4647018,"P13_CFL_198","IMP",13,"13",2010,"2"
"6590","20288",33009922,737686,4646974,"P13_CFL_200","IMP",13,"13",2010,"2"
"6591","20289",33009923,737693,4646918,"P13_CFL_200","IMP",13,"13",2010,"2"
"6592","2029",31007113,585078,4910307,"P04_CFL_270","BWC",4,"L4",2004,"2"
"6593","20292",33009926,734338,4646819,"P13_CFL_198","IMP",13,"13",2010,"1"
"6594","20295",33009930,736591,4646573,"P13_CFL_200","IMP",13,"13",2010,"1"
"6595","20298",33009933,733788,4646422,"P13_CFL_198","IMP",13,"13",2010,"2"
"6596","203",31002161,585633,4910411,"P04_CFL_251","BWC",4,"L4",1998,"2"
"6597","2030",31007114,579279,4917708,"P04_CFL_19","BWC",4,"L4",2004,"2"
"6598","20300",33009935,733891,4646371,"P13_TSC_21","IMP",13,"13",2010,"2"
"6599","20301",33009936,737398,4646368,"P13_CFL_200","IMP",13,"13",2010,"1"
"6600","20303",33009938,737246,4646124,"P13_CFL_200","IMP",13,"13",2010,"2"
"6601","20308",33009943,733936,4645763,"P13_CFL_198","IMP",13,"13",2010,"2"
"6602","2031",31007115,579828,4917557,"P04_CFL_19","BWC",4,"L4",2004,"2"
"6603","20311",33009946,736585,4645768,"P13_CFL_200","IMP",13,"13",2010,"2"
"6604","20312",33009947,734892,4645619,"P13_CFL_198","IMP",13,"13",2010,"1"
"6605","20318",33009953,735093,4645218,"P13_CFL_198","IMP",13,"13",2010,"1"
"6606","20319",33009954,735440,4645214,"P13_CFL_198","IMP",13,"13",2010,"2"
"6607","2032",31007116,580529,4917358,"P04_CFL_19","BWC",4,"L4",2004,"2"
"6608","20322",33009957,734542,4645064,"P13_CFL_198","IMP",13,"13",2010,"1"
"6609","20323",33009958,735590,4644915,"P13_CFL_198","IMP",13,"13",2010,"1"
"6610","20324",33009959,736980,4644869,"P13_CFL_200","IMP",13,"13",2010,"1"
"6611","20325",33009960,734237,4644621,"P13_CFL_198","IMP",13,"13",2010,"1"
"6612","20326",33009961,734593,4644568,"P13_CFL_198","IMP",13,"13",2010,"1"
"6613","20329",33009964,737740,4644480,"P13_CFL_200","IMP",13,"13",2010,"2"
"6614","2033",31007117,578928,4917309,"P04_CFL_19","BWC",4,"L4",2004,"2"
"6615","20331",33009966,737342,4644317,"P13_TSC_23","IMP",13,"13",2010,"1"
"6616","20332",33009967,737440,4644216,"P13_CFL_200","IMP",13,"13",2010,"2"
"6617","20333",33009968,734942,4644119,"P13_CFL_198","IMP",13,"13",2010,"2"
"6618","20337",33009972,734389,4643974,"P13_CFL_198","IMP",13,"13",2010,"2"
"6619","20338",33009973,734441,4643970,"P13_CFL_198","IMP",13,"13",2010,"2"
"6620","2034",31007118,579375,4917308,"P04_CFL_19","BWC",4,"L4",2004,"2"
"6621","20343",33009978,734691,4643669,"P13_CFL_198","IMP",13,"13",2010,"2"
"6622","20345",33009980,735286,4643621,"P13_CFL_198","IMP",13,"13",2010,"2"
"6623","20347",33009982,736739,4643378,"P13_CFL_200","IMP",13,"13",2010,"2"
"6624","20349",33009984,736535,4643022,"P13_CFL_200","IMP",13,"13",2010,"2"
"6625","2035",31007119,580484,4917006,"P04_CFL_19","BWC",4,"L4",2004,"2"
"6626","20350",33009985,736489,4642921,"P13_CFL_200","IMP",13,"13",2010,"2"
"6627","20351",33009987,736782,4651464,"P13_CFL_10","IMP",13,"13",2010,"2"
"6628","20352",33009988,733590,4647017,"P13_CFL_198","IMP",13,"13",2010,"2"
"6629","2036",31007120,578878,4916857,"P04_CFL_19","BWC",4,"L4",2004,"2"
"6630","2037",31007121,580581,4916808,"P04_CFL_19","BWC",4,"L4",2004,"2"
"6631","2038",31007122,580032,4916659,"P04_CFL_19","BWC",4,"L4",2004,"2"
"6632","2039",31007124,578530,4916311,"P04_CFL_19","BWC",4,"L4",2004,"2"
"6633","20391",33010052,734355,4658562,"P13_USCB_7","MBC",13,"13",2011,"2"
"6634","204",31002163,579631,4911404,"P04_CFL_44","BWC",4,"L4",1998,"2"
"6635","2040",31007125,581529,4916105,"P04_CFL_19","BWC",4,"L4",2004,"2"
"6636","20403",33010064,737106,4653850,"P13_USCB_21","MBC",13,"13",2011,"2"
"6637","20406",33010067,736808,4652948,"P13_SCB_31","MBC",13,"13",2011,"1"
"6638","20407",33010068,736807,4652756,"P13_SCB_31","MBC",13,"13",2011,"2"
"6639","20408",33010069,736658,4652698,"P13_SCB_31","MBC",13,"13",2011,"2"
"6640","2041",31007126,579384,4916054,"P04_TSC_25","BWC",4,"L4",2004,"2"
"6641","20410",33010072,736559,4652409,"P13_SCB_31","MBC",13,"13",2011,"2"
"6642","20412",33010074,736705,4652305,"P13_SCB_31","MBC",13,"13",2011,"2"
"6643","20413",33010075,736555,4652247,"P13_SCB_31","MBC",13,"13",2011,"2"
"6644","20414",33010076,736609,4652199,"P13_SCB_31","MBC",13,"13",2011,"2"
"6645","20415",33010077,736709,4652146,"P13_SCB_31","MBC",13,"13",2011,"2"
"6646","20418",33010080,736403,4650803,"P13_SCB_44","MBC",13,"13",2011,"2"
"6647","20419",33010081,736355,4650708,"P13_SCB_44","MBC",13,"13",2011,"2"
"6648","2042",31007127,578279,4915908,"P04_CFL_19","BWC",4,"L4",2004,"2"
"6649","20423",33010085,735162,4648353,"P13_USCB_20","MBC",13,"13",2011,"2"
"6650","2043",31007128,578478,4915908,"P04_CFL_19","BWC",4,"L4",2004,"2"
"6651","2044",31007129,578628,4915660,"P04_CFL_19","BWC",4,"L4",2004,"2"
"6652","20449",33010112,733407,4668247,"P13_CFL_201","SC",13,"13",2011,"2"
"6653","2045",31007131,579482,4915457,"P04_CFL_19","BWC",4,"L4",2004,"2"
"6654","20450",33010113,731810,4668143,"P13_SC_11","SC",13,"13",2011,"2"
"6655","2046",31007132,579683,4915260,"P04_CFL_19","BWC",4,"L4",2004,"2"
"6656","20461",33010126,735410,4659103,"P13_CFL_63","SC",13,"13",2011,"2"
"6657","20464",33010132,736662,4657199,"P13_TSC_51","SC",13,"13",2011,"2"
"6658","20469",33010137,735656,4655748,"P13_SC_4","SC",13,"13",2011,"2"
"6659","2047",31007133,580330,4914959,"P04_CFL_19","BWC",4,"L4",2004,"2"
"6660","20470",33010138,735601,4655113,"P13_CFL_43","SC",13,"13",2011,"2"
"6661","20471",33010139,735970,4655095,"P13_TSC_27","SC",13,"13",2011,"2"
"6662","20475",33010143,735721,4647604,"P13_CFL_200","SC",13,"13",2011,"2"
"6663","2049",31007136,579502,4914710,"P04_CFL_19","BWC",4,"L4",2004,"2"
"6664","20492",33010161,728300,4670898,"P13_CFL_121","BWC",13,"13",2011,"2"
"6665","20493",33010162,728205,4670790,"P13_CFL_121","BWC",13,"13",2011,"2"
"6666","20494",33010163,726107,4670645,"P13_CFL_128","BWC",13,"13",2011,"2"
"6667","20495",33010164,728713,4670554,"P13_CFL_121","BWC",13,"13",2011,"2"
"6668","20496",33010165,725907,4670508,"P13_CFL_128","BWC",13,"13",2011,"2"
"6669","20498",33010167,726756,4670399,"P13_CFL_128","BWC",13,"13",2011,"2"
"6670","20499",33010168,727899,4670398,"P13_CFL_128","BWC",13,"13",2011,"2"
"6671","205",31002164,579131,4916762,"P04_CFL_19","BWC",4,"L4",1998,"2"
"6672","2050",31007137,581130,4914456,"P04_CFL_19","BWC",4,"L4",2004,"2"
"6673","20500",33010169,726544,4670212,"P13_CFL_128","BWC",13,"13",2011,"2"
"6674","20501",33010170,728707,4670103,"P13_CFL_121","BWC",13,"13",2011,"2"
"6675","20502",33010171,726810,4670052,"P13_CFL_128","BWC",13,"13",2011,"2"
"6676","20503",33010172,729363,4670000,"P13_CFL_121","BWC",13,"13",2011,"2"
"6677","20504",33010173,730008,4669944,"P13_CFL_121","BWC",13,"13",2011,"2"
"6678","20505",33010174,729401,4669793,"P13_CFL_121","BWC",13,"13",2011,"2"
"6679","20506",33010175,729755,4669803,"P13_CFL_121","BWC",13,"13",2011,"2"
"6680","2051",31007138,581328,4914359,"P04_CFL_19","BWC",4,"L4",2004,"2"
"6681","20511",33010180,733308,4669395,"P13_CFL_123","BWC",13,"13",2011,"2"
"6682","20512",33010181,733662,4669260,"P13_CFL_123","BWC",13,"13",2011,"2"
"6683","20513",33010182,733612,4669200,"P13_CFL_123","BWC",13,"13",2011,"2"
"6684","20514",33010183,729956,4669092,"P13_TSC_37","BWC",13,"13",2011,"2"
"6685","20518",33010187,732009,4668754,"P13_CFL_123","BWC",13,"13",2011,"2"
"6686","2052",31007139,579577,4913109,"P04_TSC_38","BWC",4,"L4",2004,"2"
"6687","20524",33010193,734694,4667346,"","BWC",13,"13",2011,"2"
"6688","20525",33010194,733049,4664649,"P13_CFL_97","BWC",13,"13",2011,"2"
"6689","20526",33010195,733013,4663898,"P13_CFL_97","BWC",13,"13",2011,"2"
"6690","20527",33010196,732860,4663543,"P13_CFL_97","BWC",13,"13",2011,"2"
"6691","20528",33010198,732669,4663292,"P13_CFL_97","BWC",13,"13",2011,"2"
"6692","20529",33010199,733316,4663191,"P13_CFL_97","BWC",13,"13",2011,"2"
"6693","20530",33010200,732712,4663104,"P13_CFL_97","BWC",13,"13",2011,"2"
"6694","20531",33010201,733154,4662951,"P13_CFL_97","BWC",13,"13",2011,"2"
"6695","20532",33010202,733301,4662307,"P13_CFL_97","BWC",13,"13",2011,"2"
"6696","20533",33010203,735154,4662251,"P13_CFL_82","BWC",13,"13",2011,"2"
"6697","20534",33010204,735707,4660895,"P13_CFL_70","BWC",13,"13",2011,"2"
"6698","20535",33010205,737458,4660849,"P13_CFL_70","BWC",13,"13",2011,"2"
"6699","20536",33010206,734156,4660393,"P13_CFL_68","BWC",13,"13",2011,"2"
"6700","20537",33010207,737003,4660358,"P13_CFL_70","BWC",13,"13",2011,"2"
"6701","20538",33010208,735859,4660292,"P13_CFL_70","BWC",13,"13",2011,"2"
"6702","20539",33010209,737322,4660310,"P13_CFL_70","BWC",13,"13",2011,"2"
"6703","2054",31007141,580830,4912507,"P04_CFL_44","BWC",4,"L4",2004,"2"
"6704","20540",33010210,735557,4660260,"P13_CFL_70","BWC",13,"13",2011,"2"
"6705","20541",33010211,736206,4659897,"P13_CFL_70","BWC",13,"13",2011,"2"
"6706","20542",33010212,736804,4659698,"P13_CFL_70","BWC",13,"13",2011,"2"
"6707","20543",33010213,736803,4659544,"P13_CFL_70","BWC",13,"13",2011,"2"
"6708","20544",33010214,735300,4659546,"P13_CFL_66","BWC",13,"13",2011,"2"
"6709","20545",33010215,733752,4659505,"P13_CFL_69","BWC",13,"13",2011,"2"
"6710","20546",33010216,735458,4659450,"P13_CFL_65","BWC",13,"13",2011,"2"
"6711","20547",33010217,735857,4659347,"P13_CFL_70","BWC",13,"13",2011,"2"
"6712","20548",33010218,737659,4659298,"P13_CFL_70","BWC",13,"13",2011,"2"
"6713","20549",33010219,736014,4659047,"P13_CFL_70","BWC",13,"13",2011,"2"
"6714","2055",31007142,580533,4912258,"P04_CFL_44","BWC",4,"L4",2004,"2"
"6715","20550",33010220,738599,4658996,"P13_CFL_70","BWC",13,"13",2011,"2"
"6716","20551",33010221,736315,4658902,"P13_CFL_70","BWC",13,"13",2011,"2"
"6717","20552",33010222,737211,4658808,"P13_CFL_70","BWC",13,"13",2011,"2"
"6718","20553",33010223,737457,4658558,"P13_CFL_70","BWC",13,"13",2011,"2"
"6719","20554",33010224,737898,4658504,"P13_CFL_70","BWC",13,"13",2011,"2"
"6720","20555",33010225,736609,4658401,"P13_CFL_70","BWC",13,"13",2011,"2"
"6721","20556",33010226,737558,4658304,"P13_CFL_70","BWC",13,"13",2011,"2"
"6722","20557",33010227,738355,4658247,"P13_CFL_70","BWC",13,"13",2011,"2"
"6723","20558",33010228,737307,4657701,"P13_CFL_70","BWC",13,"13",2011,"2"
"6724","20559",33010229,738107,4657703,"P13_CFL_70","BWC",13,"13",2011,"2"
"6725","2056",31007143,581233,4911506,"P04_CFL_44","BWC",4,"L4",2004,"2"
"6726","20560",33010230,737512,4657596,"P13_CFL_70","BWC",13,"13",2011,"2"
"6727","20561",33010231,737369,4657507,"P13_CFL_70","BWC",13,"13",2011,"2"
"6728","20562",33010232,738259,4656955,"P13_CFL_70","BWC",13,"13",2011,"2"
"6729","20563",33010233,737363,4656708,"P13_CFL_70","BWC",13,"13",2011,"2"
"6730","20564",33010234,735359,4656600,"P13_CFL_58","BWC",13,"13",2011,"2"
"6731","20565",33010235,737358,4656605,"P13_CFL_70","BWC",13,"13",2011,"2"
"6732","20566",33010236,737462,4656408,"P13_CFL_70","BWC",13,"13",2011,"2"
"6733","20568",33010238,735559,4656303,"P13_CFL_58","BWC",13,"13",2011,"2"
"6734","20569",33010239,737307,4656100,"P13_CFL_56","BWC",13,"13",2011,"2"
"6735","2057",31007144,581378,4911505,"P04_CFL_44","BWC",4,"L4",2004,"2"
"6736","20570",33010240,737961,4656105,"P13_CFL_56","BWC",13,"13",2011,"2"
"6737","20571",33010241,737810,4656045,"P13_CFL_56","BWC",13,"13",2011,"2"
"6738","20573",33010243,737058,4655152,"P13_CFL_55","BWC",13,"13",2011,"2"
"6739","20579",33010249,736105,4653802,"P13_CFL_36","BWC",13,"13",2011,"2"
"6740","2058",31007145,583933,4909808,"P04_CFL_240","BWC",4,"L4",2004,"2"
"6741","20583",33010253,737454,4652597,"P13_CFL_23","BWC",13,"13",2011,"2"
"6742","20586",33010256,734752,4651815,"P13_CFL_20","BWC",13,"13",2011,"2"
"6743","20587",33010257,736960,4651498,"P13_CFL_10","BWC",13,"13",2011,"2"
"6744","20588",33010258,739452,4647457,"P13_CFL_3","BWC",13,"13",2011,"2"
"6745","20589",33010259,739314,4646403,"P13_CFL_3","BWC",13,"13",2011,"2"
"6746","2059",31007146,583479,4909305,"P04_CFL_240","BWC",4,"L4",2004,"2"
"6747","20590",33010260,738453,4645701,"P13_CFL_2","BWC",13,"13",2011,"2"
"6748","20591",33010261,738693,4645713,"P13_CFL_2","BWC",13,"13",2011,"2"
"6749","20592",33010262,739006,4644944,"P13_CFL_3","BWC",13,"13",2011,"2"
"6750","20593",33010263,738657,4644457,"P13_CFL_200","BWC",13,"13",2011,"2"
"6751","20595",33010265,735802,4652553,"P13_TSC_27","IMP",13,"13",2011,"2"
"6752","20596",33010266,737605,4652403,"P13_CFL_23","IMP",13,"13",2011,"2"
"6753","206",31002165,580381,4916506,"P04_CFL_19","BWC",4,"L4",1998,"2"
"6754","20600",33010270,735907,4651849,"P13_CFL_14","IMP",13,"13",2011,"2"
"6755","20603",33010273,737006,4651399,"P13_CFL_10","IMP",13,"13",2011,"2"
"6756","20604",33010274,736605,4651154,"P13_CFL_10","IMP",13,"13",2011,"2"
"6757","20605",33010275,737171,4651102,"P13_CFL_10","IMP",13,"13",2011,"2"
"6758","20607",33010277,734107,4651048,"P13_CFL_6","IMP",13,"13",2011,"2"
"6759","20608",33010278,735606,4651057,"P13_CFL_9","IMP",13,"13",2011,"2"
"6760","20610",33010280,737903,4650912,"P13_CFL_200","IMP",13,"13",2011,"1"
"6761","20611",33010281,736845,4650852,"P13_CFL_200","IMP",13,"13",2011,"2"
"6762","20612",33010282,733864,4650750,"P13_CFL_6","IMP",13,"13",2011,"2"
"6763","20613",33010283,735407,4650755,"P13_CFL_9","IMP",13,"13",2011,"2"
"6764","20614",33010284,734962,4650700,"P13_CFL_6","IMP",13,"13",2011,"2"
"6765","20615",33010285,733764,4650491,"P13_CFL_6","IMP",13,"13",2011,"2"
"6766","20617",33010287,736611,4650454,"P13_CFL_200","IMP",13,"13",2011,"2"
"6767","20618",33010288,737206,4650407,"P13_CFL_200","IMP",13,"13",2011,"1"
"6768","20619",33010290,738119,4650304,"P13_CFL_200","IMP",13,"13",2011,"2"
"6769","20620",33010291,733712,4650103,"P13_CFL_6","IMP",13,"13",2011,"2"
"6770","20621",33010292,736610,4650013,"P13_CFL_200","IMP",13,"13",2011,"2"
"6771","20623",33010294,737206,4649961,"P13_CFL_200","IMP",13,"13",2011,"1"
"6772","20625",33010296,736707,4649963,"P13_CFL_200","IMP",13,"13",2011,"2"
"6773","20626",33010297,733701,4649842,"P13_CFL_6","IMP",13,"13",2011,"2"
"6774","20627",33010298,736553,4649798,"P13_CFL_200","IMP",13,"13",2011,"1"
"6775","20628",33010299,734208,4649731,"P13_CFL_6","IMP",13,"13",2011,"2"
"6776","20632",33010303,737147,4649540,"P13_CFL_200","IMP",13,"13",2011,"1"
"6777","20633",33010304,736101,4649556,"P13_CFL_200","IMP",13,"13",2011,"1"
"6778","20634",33010305,735904,4649455,"P13_CFL_200","IMP",13,"13",2011,"2"
"6779","20635",33010306,734149,4649304,"P13_CFL_6","IMP",13,"13",2011,"2"
"6780","20636",33010307,734747,4649296,"P13_TSC_27","IMP",13,"13",2011,"1"
"6781","20637",33010308,737693,4649194,"P13_CFL_200","IMP",13,"13",2011,"1"
"6782","20639",33010310,734099,4649043,"P13_CFL_6","IMP",13,"13",2011,"2"
"6783","20640",33010311,737550,4649048,"P13_CFL_200","IMP",13,"13",2011,"2"
"6784","20641",33010312,736508,4649051,"P13_CFL_200","IMP",13,"13",2011,"2"
"6785","20642",33010313,738706,4648945,"P13_CFL_200","IMP",13,"13",2011,"2"
"6786","20644",33010315,734858,4648898,"P13_CFL_4","IMP",13,"13",2011,"2"
"6787","20647",33010318,735457,4648697,"P13_CFL_199","IMP",13,"13",2011,"2"
"6788","20648",33010319,735503,4648700,"P13_CFL_199","IMP",13,"13",2011,"2"
"6789","20649",33010320,737995,4648652,"P13_CFL_200","IMP",13,"13",2011,"1"
"6790","20652",33010323,737760,4648449,"P13_CFL_200","IMP",13,"13",2011,"2"
"6791","20654",33010325,736466,4648408,"P13_CFL_200","IMP",13,"13",2011,"2"
"6792","20656",33010327,735348,4648203,"P13_CFL_199","IMP",13,"13",2011,"2"
"6793","20657",33010328,736502,4648102,"P13_CFL_200","IMP",13,"13",2011,"1"
"6794","20658",33010329,736165,4648060,"P13_CFL_200","IMP",13,"13",2011,"1"
"6795","20660",33010331,733614,4648050,"P13_CFL_198","IMP",13,"13",2011,"2"
"6796","20661",33010332,734650,4648009,"P13_CFL_198","IMP",13,"13",2011,"2"
"6797","20663",33010335,737653,4647960,"P13_CFL_200","IMP",13,"13",2011,"1"
"6798","20664",33010336,736863,4647850,"P13_CFL_200","IMP",13,"13",2011,"1"
"6799","20665",33010337,736611,4647857,"P13_CFL_200","IMP",13,"13",2011,"1"
"6800","20666",33010338,734756,4647803,"P13_CFL_198","IMP",13,"13",2011,"2"
"6801","20667",33010339,736815,4647747,"P13_CFL_200","IMP",13,"13",2011,"1"
"6802","20668",33010340,737801,4647750,"P13_CFL_200","IMP",13,"13",2011,"1"
"6803","20669",33010341,736561,4647705,"P13_CFL_200","IMP",13,"13",2011,"2"
"6804","20670",33010342,737653,4647658,"P13_CFL_200","IMP",13,"13",2011,"1"
"6805","20671",33010343,736762,4647454,"P13_CFL_200","IMP",13,"13",2011,"1"
"6806","20672",33010344,736106,4647398,"P13_CFL_200","IMP",13,"13",2011,"2"
"6807","20673",33010345,736362,4647406,"P13_CFL_200","IMP",13,"13",2011,"1"
"6808","20674",33010346,736714,4647350,"P13_CFL_200","IMP",13,"13",2011,"1"
"6809","20675",33010347,737858,4647348,"P13_CFL_200","IMP",13,"13",2011,"1"
"6810","20676",33010348,733649,4647254,"P13_CFL_198","IMP",13,"13",2011,"2"
"6811","20677",33010349,736767,4647262,"P13_CFL_200","IMP",13,"13",2011,"1"
"6812","20678",33010350,736856,4647265,"P13_CFL_200","IMP",13,"13",2011,"1"
"6813","20679",33010351,736193,4647204,"P13_CFL_200","IMP",13,"13",2011,"1"
"6814","20680",33010352,736516,4647203,"P13_CFL_200","IMP",13,"13",2011,"1"
"6815","20681",33010353,738249,4647108,"P13_CFL_200","IMP",13,"13",2011,"2"
"6816","20683",33010355,736714,4647090,"P13_CFL_200","IMP",13,"13",2011,"1"
"6817","20684",33010356,733806,4647055,"P13_CFL_198","IMP",13,"13",2011,"2"
"6818","20688",33010360,736663,4646547,"P13_CFL_200","IMP",13,"13",2011,"1"
"6819","20689",33010361,733714,4646563,"P13_CFL_198","IMP",13,"13",2011,"2"
"6820","20690",33010362,736408,4646498,"P13_CFL_200","IMP",13,"13",2011,"1"
"6821","20691",33010363,736721,4646491,"P13_CFL_200","IMP",13,"13",2011,"1"
"6822","20693",33010365,736857,4646390,"P13_CFL_200","IMP",13,"13",2011,"2"
"6823","20695",33010367,736970,4646355,"P13_CFL_200","IMP",13,"13",2011,"1"
"6824","20696",33010368,737366,4646307,"P13_CFL_200","IMP",13,"13",2011,"1"
"6825","20702",33010374,735523,4645951,"P13_CFL_198","IMP",13,"13",2011,"1"
"6826","20703",33010375,733701,4645949,"P13_CFL_198","IMP",13,"13",2011,"2"
"6827","20704",33010376,733805,4645850,"P13_CFL_198","IMP",13,"13",2011,"1"
"6828","20706",33010378,738149,4645705,"P13_CFL_200","IMP",13,"13",2011,"2"
"6829","20708",33010380,733804,4645498,"P13_CFL_198","IMP",13,"13",2011,"1"
"6830","20709",33010381,738258,4645458,"P13_CFL_200","IMP",13,"13",2011,"2"
"6831","20711",33010383,736558,4645357,"P13_CFL_200","IMP",13,"13",2011,"1"
"6832","20712",33010384,734754,4645298,"P13_CFL_198","IMP",13,"13",2011,"2"
"6833","20713",33010385,738110,4645250,"P13_CFL_200","IMP",13,"13",2011,"2"
"6834","20714",33010386,734805,4645246,"P13_CFL_198","IMP",13,"13",2011,"2"
"6835","20716",33010388,733854,4645203,"P13_CFL_198","IMP",13,"13",2011,"2"
"6836","20718",33010390,736659,4645151,"P13_CFL_200","IMP",13,"13",2011,"1"
"6837","20721",33010393,736548,4645007,"P13_USCB_2","IMP",13,"13",2011,"1"
"6838","20725",33010397,737807,4644797,"P13_CFL_200","IMP",13,"13",2011,"2"
"6839","20726",33010398,738009,4644745,"P13_CFL_200","IMP",13,"13",2011,"2"
"6840","20727",33010399,734556,4644694,"P13_CFL_198","IMP",13,"13",2011,"1"
"6841","20736",33010408,738356,4644300,"P13_CFL_200","IMP",13,"13",2011,"2"
"6842","20737",33010409,734411,4644309,"P13_CFL_198","IMP",13,"13",2011,"1"
"6843","20738",33010410,734710,4644306,"P13_CFL_198","IMP",13,"13",2011,"1"
"6844","20739",33010411,735110,4644202,"P13_CFL_198","IMP",13,"13",2011,"1"
"6845","20741",33010413,733852,4644156,"P13_CFL_198","IMP",13,"13",2011,"2"
"6846","20743",33010415,734308,4644003,"P13_CFL_198","IMP",13,"13",2011,"1"
"6847","20744",33010416,734409,4644015,"P13_CFL_198","IMP",13,"13",2011,"1"
"6848","20747",33010419,733898,4643897,"P13_CFL_198","IMP",13,"13",2011,"2"
"6849","20749",33010421,734613,4643908,"P13_CFL_198","IMP",13,"13",2011,"1"
"6850","20750",33010422,734862,4643707,"P13_CFL_198","IMP",13,"13",2011,"1"
"6851","20751",33010423,735348,4643645,"P13_CFL_198","IMP",13,"13",2011,"2"
"6852","20753",33010425,738059,4643593,"P13_CFL_200","IMP",13,"13",2011,"2"
"6853","20754",33010426,737453,4643348,"P13_CFL_200","IMP",13,"13",2011,"2"
"6854","20755",33010427,737857,4643259,"P13_CFL_200","IMP",13,"13",2011,"2"
"6855","20757",33010429,737458,4643193,"P13_CFL_200","IMP",13,"13",2011,"2"
"6856","20759",33010431,734413,4643146,"P13_CFL_198","IMP",13,"13",2011,"1"
"6857","20760",33010432,734357,4643097,"P13_CFL_198","IMP",13,"13",2011,"2"
"6858","20761",33010433,737605,4643002,"P13_CFL_200","IMP",13,"13",2011,"2"
"6859","20764",33010436,734961,4642655,"P13_CFL_198","IMP",13,"13",2011,"1"
"6860","20766",33010438,736408,4642660,"P13_CFL_200","IMP",13,"13",2011,"2"
"6861","20788",33010485,734905,4665452,"P13_USCB_23","MBC",13,"13",2012,"1"
"6862","208",31002167,579978,4916456,"P04_CFL_19","BWC",4,"L4",1998,"2"
"6863","20804",33010501,735853,4655798,"P13_SC_4","MBC",13,"13",2012,"2"
"6864","20807",33010504,736810,4655249,"P13_SCB_45","MBC",13,"13",2012,"1"
"6865","20812",33010509,736858,4654253,"P13_SCB_45","MBC",13,"13",2012,"2"
"6866","20819",33010516,736755,4652852,"P13_SCB_31","MBC",13,"13",2012,"2"
"6867","20821",33010518,736510,4652751,"P13_SCB_31","MBC",13,"13",2012,"2"
"6868","20822",33010519,736758,4652752,"P13_SCB_31","MBC",13,"13",2012,"2"
"6869","20823",33010520,736707,4652602,"P13_SCB_31","MBC",13,"13",2012,"2"
"6870","20824",33010521,736658,4652449,"P13_SCB_31","MBC",13,"13",2012,"2"
"6871","20825",33010522,736707,4652302,"P13_SCB_31","MBC",13,"13",2012,"2"
"6872","20828",33010525,736505,4652102,"P13_SCB_31","MBC",13,"13",2012,"2"
"6873","20829",33010526,736605,4652002,"P13_SCB_31","MBC",13,"13",2012,"2"
"6874","20830",33010527,736407,4651950,"P13_SCB_31","MBC",13,"13",2012,"2"
"6875","20836",33010533,735256,4649905,"P13_USCB_4","MBC",13,"13",2012,"2"
"6876","20840",33010537,735205,4648753,"P13_USCB_20","MBC",13,"13",2012,"2"
"6877","20841",33010538,735148,4648297,"P13_USCB_20","MBC",13,"13",2012,"2"
"6878","20842",33010539,735452,4647153,"P13_CFL_199","MBC",13,"13",2012,"1"
"6879","20870",33010567,733857,4663601,"P13_CFL_87","SC",13,"13",2012,"2"
"6880","20876",33010573,735356,4659312,"P13_TSC_33","SC",13,"13",2012,"2"
"6881","20880",33010577,736660,4657300,"P13_TSC_51","SC",13,"13",2012,"2"
"6882","20881",33010578,736660,4657243,"P13_TSC_51","SC",13,"13",2012,"2"
"6883","20883",33010580,734906,4656850,"P13_SC_4","SC",13,"13",2012,"2"
"6884","20886",33010583,735257,4656250,"P13_SC_4","SC",13,"13",2012,"1"
"6885","20887",33010584,735709,4656258,"P13_SC_3","SC",13,"13",2012,"2"
"6886","20909",33010606,719654,4676451,"P13_CFL_147","BWC",13,"13",2012,"2"
"6887","20911",33010608,726204,4670794,"P13_CFL_128","BWC",13,"13",2012,"2"
"6888","20912",33010609,727505,4670757,"P13_CFL_128","BWC",13,"13",2012,"2"
"6889","20913",33010610,726960,4670454,"P13_CFL_128","BWC",13,"13",2012,"2"
"6890","20914",33010611,727553,4670449,"P13_CFL_128","BWC",13,"13",2012,"2"
"6891","20915",33010612,726459,4670294,"P13_CFL_128","BWC",13,"13",2012,"2"
"6892","20916",33010613,727459,4670301,"P13_CFL_128","BWC",13,"13",2012,"2"
"6893","20917",33010614,727754,4670257,"P13_CFL_128","BWC",13,"13",2012,"2"
"6894","20918",33010616,729415,4670099,"P13_CFL_121","BWC",13,"13",2012,"2"
"6895","20919",33010617,729654,4670053,"P13_CFL_121","BWC",13,"13",2012,"2"
"6896","20920",33010619,726457,4669997,"P13_CFL_128","BWC",13,"13",2012,"2"
"6897","20921",33010620,729107,4670003,"P13_CFL_121","BWC",13,"13",2012,"2"
"6898","20924",33010623,726404,4669799,"P13_CFL_128","BWC",13,"13",2012,"2"
"6899","20925",33010625,733603,4669497,"P13_CFL_123","BWC",13,"13",2012,"2"
"6900","20926",33010626,733108,4669349,"P13_CFL_123","BWC",13,"13",2012,"2"
"6901","20934",33010634,734346,4668303,"P13_CFL_123","BWC",13,"13",2012,"2"
"6902","20935",33010635,734605,4668254,"P13_CFL_123","BWC",13,"13",2012,"2"
"6903","2094",31007376,583981,4911064,"P04_USCB_11","MBC",4,"L4",2005,"2"
"6904","20940",33010640,732811,4663853,"P13_CFL_97","BWC",13,"13",2012,"2"
"6905","20941",33010641,733162,4663455,"P13_CFL_97","BWC",13,"13",2012,"2"
"6906","20942",33010642,732860,4663397,"P13_CFL_97","BWC",13,"13",2012,"2"
"6907","20943",33010643,733010,4662907,"P13_CFL_97","BWC",13,"13",2012,"2"
"6908","20944",33010644,732512,4662650,"P13_CFL_97","BWC",13,"13",2012,"2"
"6909","20945",33010645,732608,4662599,"P13_CFL_97","BWC",13,"13",2012,"2"
"6910","20946",33010646,733406,4662550,"P13_CFL_86","BWC",13,"13",2012,"2"
"6911","20948",33010648,734954,4662345,"P13_CFL_82","BWC",13,"13",2012,"2"
"6912","20949",33010649,732851,4662307,"P13_CFL_97","BWC",13,"13",2012,"2"
"6913","2095",31007377,583380,4910703,"P04_SCB_21","MBC",4,"L4",2005,"2"
"6914","20950",33010650,732960,4662253,"P13_CFL_97","BWC",13,"13",2012,"2"
"6915","20951",33010651,733314,4662204,"P13_CFL_97","BWC",13,"13",2012,"2"
"6916","20952",33010652,734606,4662097,"P13_CFL_82","BWC",13,"13",2012,"2"
"6917","20953",33010653,734951,4661250,"P13_CFL_82","BWC",13,"13",2012,"2"
"6918","20954",33010654,736107,4661049,"P13_CFL_70","BWC",13,"13",2012,"2"
"6919","20955",33010655,736554,4660901,"P13_CFL_70","BWC",13,"13",2012,"2"
"6920","20956",33010656,736659,4660749,"P13_CFL_70","BWC",13,"13",2012,"2"
"6921","20957",33010657,735359,4660753,"P13_CFL_73","BWC",13,"13",2012,"2"
"6922","20958",33010658,736850,4660553,"P13_CFL_70","BWC",13,"13",2012,"2"
"6923","20960",33010660,736808,4660502,"P13_CFL_70","BWC",13,"13",2012,"2"
"6924","20961",33010661,735909,4660202,"P13_CFL_70","BWC",13,"13",2012,"2"
"6925","20962",33010662,736362,4659996,"P13_CFL_70","BWC",13,"13",2012,"2"
"6926","20965",33010665,736607,4659752,"P13_CFL_70","BWC",13,"13",2012,"2"
"6927","20966",33010666,737263,4659302,"P13_CFL_70","BWC",13,"13",2012,"2"
"6928","20967",33010667,734064,4659307,"P13_CFL_64","BWC",13,"13",2012,"2"
"6929","20968",33010668,736408,4658950,"P13_CFL_70","BWC",13,"13",2012,"2"
"6930","20969",33010669,737057,4658856,"P13_CFL_70","BWC",13,"13",2012,"2"
"6931","20971",33010671,737111,4658803,"P13_CFL_70","BWC",13,"13",2012,"2"
"6932","20972",33010672,738006,4658801,"P13_CFL_70","BWC",13,"13",2012,"2"
"6933","20973",33010673,737456,4658753,"P13_CFL_70","BWC",13,"13",2012,"2"
"6934","20974",33010674,737708,4658703,"P13_CFL_70","BWC",13,"13",2012,"2"
"6935","20975",33010675,735705,4658398,"P13_CFL_70","BWC",13,"13",2012,"2"
"6936","20976",33010676,737661,4658349,"P13_CFL_70","BWC",13,"13",2012,"2"
"6937","20977",33010677,737509,4658305,"P13_CFL_70","BWC",13,"13",2012,"2"
"6938","20978",33010678,737910,4658298,"P13_CFL_70","BWC",13,"13",2012,"2"
"6939","20979",33010679,738111,4658202,"P13_CFL_70","BWC",13,"13",2012,"2"
"6940","20980",33010680,738305,4658151,"P13_CFL_70","BWC",13,"13",2012,"2"
"6941","20981",33010681,736009,4657852,"P13_CFL_70","BWC",13,"13",2012,"2"
"6942","20984",33010684,737565,4657601,"P13_CFL_70","BWC",13,"13",2012,"2"
"6943","20985",33010685,737907,4657594,"P13_CFL_70","BWC",13,"13",2012,"2"
"6944","20986",33010686,738005,4657350,"P13_CFL_70","BWC",13,"13",2012,"2"
"6945","20987",33010687,737908,4656703,"P13_CFL_70","BWC",13,"13",2012,"2"
"6946","20988",33010688,737156,4656703,"P13_CFL_60","BWC",13,"13",2012,"2"
"6947","20989",33010689,735407,4656508,"P13_CFL_58","BWC",13,"13",2012,"2"
"6948","20990",33010690,738005,4656402,"P13_CFL_70","BWC",13,"13",2012,"2"
"6949","20991",33010691,735509,4656205,"P13_CFL_58","BWC",13,"13",2012,"2"
"6950","20992",33010692,737806,4656198,"P13_CFL_56","BWC",13,"13",2012,"2"
"6951","20993",33010693,737962,4655706,"P13_CFL_56","BWC",13,"13",2012,"2"
"6952","210",31002169,579628,4916312,"P04_CFL_19","BWC",4,"L4",1998,"2"
"6953","2100",31007382,585531,4909908,"P04_SCB_24","MBC",4,"L4",2005,"2"
"6954","21004",33010705,735110,4652147,"P13_CFL_20","BWC",13,"13",2012,"2"
"6955","21006",33010707,738756,4649650,"","BWC",13,"13",2012,"2"
"6956","21007",33010708,738857,4648599,"P13_CFL_3","BWC",13,"13",2012,"2"
"6957","21009",33010710,739105,4648150,"P13_CFL_3","BWC",13,"13",2012,"2"
"6958","21010",33010711,739405,4647051,"P13_CFL_3","BWC",13,"13",2012,"2"
"6959","21011",33010712,739014,4645603,"P13_CFL_3","BWC",13,"13",2012,"2"
"6960","21012",33010713,738805,4644751,"P13_CFL_3","BWC",13,"13",2012,"2"
"6961","21013",33010714,736013,4651995,"P13_CFL_14","IMP",13,"13",2012,"2"
"6962","21015",33010716,736157,4651798,"P13_CFL_14","IMP",13,"13",2012,"1"
"6963","21018",33010719,735355,4650852,"P13_CFL_9","IMP",13,"13",2012,"2"
"6964","21019",33010720,735556,4650855,"P13_CFL_9","IMP",13,"13",2012,"2"
"6965","21020",33010721,736707,4650848,"P13_CFL_10","IMP",13,"13",2012,"2"
"6966","21021",33010722,734854,4650646,"P13_CFL_6","IMP",13,"13",2012,"2"
"6967","21024",33010725,737303,4650598,"P13_CFL_200","IMP",13,"13",2012,"2"
"6968","21025",33010727,734853,4650501,"P13_CFL_6","IMP",13,"13",2012,"2"
"6969","21026",33010729,736306,4650395,"P13_CFL_200","IMP",13,"13",2012,"2"
"6970","21027",33010730,734057,4650350,"P13_CFL_6","IMP",13,"13",2012,"2"
"6971","21028",33010731,736309,4650351,"P13_CFL_200","IMP",13,"13",2012,"2"
"6972","21029",33010732,736356,4650352,"P13_CFL_200","IMP",13,"13",2012,"2"
"6973","21033",33010737,737306,4650000,"P13_CFL_200","IMP",13,"13",2012,"2"
"6974","21035",33010739,737806,4649949,"P13_CFL_200","IMP",13,"13",2012,"1"
"6975","21036",33010740,736113,4649944,"P13_CFL_200","IMP",13,"13",2012,"2"
"6976","21038",33010742,734209,4649854,"P13_CFL_6","IMP",13,"13",2012,"2"
"6977","21040",33010744,734004,4649749,"P13_CFL_6","IMP",13,"13",2012,"2"
"6978","21041",33010745,736058,4649752,"P13_CFL_200","IMP",13,"13",2012,"1"
"6979","21043",33010747,737205,4649695,"P13_CFL_200","IMP",13,"13",2012,"1"
"6980","21044",33010748,736164,4649705,"P13_CFL_200","IMP",13,"13",2012,"2"
"6981","21046",33010750,737456,4649596,"P13_CFL_200","IMP",13,"13",2012,"2"
"6982","21048",33010752,736509,4649550,"P13_CFL_200","IMP",13,"13",2012,"2"
"6983","21050",33010754,737408,4649496,"P13_CFL_200","IMP",13,"13",2012,"2"
"6984","21051",33010755,736159,4649499,"P13_CFL_200","IMP",13,"13",2012,"2"
"6985","21052",33010756,736708,4649498,"P13_CFL_200","IMP",13,"13",2012,"1"
"6986","21053",33010757,733809,4649451,"P13_CFL_6","IMP",13,"13",2012,"2"
"6987","21055",33010759,736207,4649452,"P13_CFL_200","IMP",13,"13",2012,"2"
"6988","21057",33010761,734357,4649250,"P13_CFL_6","IMP",13,"13",2012,"2"
"6989","21058",33010762,737207,4649257,"P13_CFL_200","IMP",13,"13",2012,"1"
"6990","21059",33010763,737555,4649098,"P13_CFL_200","IMP",13,"13",2012,"1"
"6991","21060",33010764,734506,4649049,"P13_CFL_6","IMP",13,"13",2012,"2"
"6992","21061",33010765,737161,4649000,"P13_CFL_200","IMP",13,"13",2012,"1"
"6993","21063",33010767,736356,4648998,"P13_CFL_200","IMP",13,"13",2012,"2"
"6994","21064",33010768,735401,4648948,"P13_CFL_199","IMP",13,"13",2012,"2"
"6995","21065",33010769,737961,4648900,"P13_CFL_200","IMP",13,"13",2012,"2"
"6996","21066",33010770,738754,4648898,"P13_CFL_200","IMP",13,"13",2012,"2"
"6997","21067",33010771,736560,4648898,"P13_CFL_200","IMP",13,"13",2012,"1"
"6998","21068",33010772,734105,4648802,"P13_CFL_6","IMP",13,"13",2012,"2"
"6999","21069",33010773,736709,4648804,"P13_CFL_200","IMP",13,"13",2012,"1"
"7000","21070",33010774,733907,4648801,"P13_CFL_6","IMP",13,"13",2012,"2"
"7001","21072",33010776,734157,4648699,"P13_CFL_6","IMP",13,"13",2012,"2"
"7002","21073",33010777,735404,4648702,"P13_CFL_199","IMP",13,"13",2012,"2"
"7003","21074",33010778,736550,4648696,"P13_CFL_200","IMP",13,"13",2012,"2"
"7004","21075",33010779,738059,4648643,"P13_CFL_200","IMP",13,"13",2012,"1"
"7005","21077",33010781,737706,4648601,"P13_CFL_200","IMP",13,"13",2012,"2"
"7006","21078",33010782,734510,4660602,"P13_SCB_46","IMP",13,"13",2012,"2"
"7007","21080",33010784,736604,4648555,"P13_CFL_200","IMP",13,"13",2012,"1"
"7008","21081",33010785,737506,4648354,"P13_CFL_200","IMP",13,"13",2012,"1"
"7009","21086",33010790,734510,4648001,"P13_CFL_198","IMP",13,"13",2012,"2"
"7010","21087",33010791,736303,4647896,"P13_CFL_200","IMP",13,"13",2012,"2"
"7011","21088",33010792,733757,4647846,"P13_CFL_198","IMP",13,"13",2012,"2"
"7012","21089",33010793,734065,4647853,"P13_CFL_198","IMP",13,"13",2012,"2"
"7013","21091",33010795,737809,4647798,"P13_CFL_200","IMP",13,"13",2012,"1"
"7014","21092",33010796,733608,4647800,"P13_CFL_198","IMP",13,"13",2012,"2"
"7015","21093",33010797,735506,4647751,"P13_CFL_199","IMP",13,"13",2012,"2"
"7016","21094",33010798,736299,4647751,"P13_CFL_200","IMP",13,"13",2012,"2"
"7017","21096",33010800,733613,4647653,"P13_CFL_198","IMP",13,"13",2012,"2"
"7018","21097",33010801,734062,4647549,"P13_CFL_198","IMP",13,"13",2012,"2"
"7019","21099",33010803,738254,4647502,"P13_CFL_200","IMP",13,"13",2012,"2"
"7020","21100",33010804,736757,4647402,"P13_CFL_200","IMP",13,"13",2012,"1"
"7021","21101",33010805,736306,4647349,"P13_CFL_200","IMP",13,"13",2012,"1"
"7022","21102",33010806,736255,4647153,"P13_CFL_200","IMP",13,"13",2012,"1"
"7023","21104",33010808,736949,4647003,"P13_CFL_200","IMP",13,"13",2012,"1"
"7024","21105",33010809,735904,4646855,"P13_CFL_200","IMP",13,"13",2012,"1"
"7025","21106",33010810,737656,4646598,"P13_CFL_200","IMP",13,"13",2012,"2"
"7026","21107",33010811,738257,4646557,"P13_CFL_200","IMP",13,"13",2012,"2"
"7027","21109",33010813,736456,4646549,"P13_CFL_200","IMP",13,"13",2012,"1"
"7028","21111",33010815,736459,4646500,"P13_CFL_200","IMP",13,"13",2012,"2"
"7029","21112",33010816,737598,4646448,"P13_CFL_200","IMP",13,"13",2012,"1"
"7030","21113",33010817,738105,4646303,"P13_CFL_200","IMP",13,"13",2012,"2"
"7031","21116",33010820,738209,4646250,"P13_CFL_200","IMP",13,"13",2012,"2"
"7032","21117",33010821,733664,4646203,"P13_CFL_198","IMP",13,"13",2012,"2"
"7033","21118",33010822,736954,4646151,"P13_CFL_200","IMP",13,"13",2012,"1"
"7034","21124",33010828,738054,4645806,"P13_CFL_200","IMP",13,"13",2012,"2"
"7035","21129",33010833,734257,4645407,"P13_CFL_198","IMP",13,"13",2012,"2"
"7036","21130",33010834,737203,4645355,"P13_CFL_200","IMP",13,"13",2012,"1"
"7037","21132",33010836,734759,4645201,"P13_CFL_198","IMP",13,"13",2012,"1"
"7038","21133",33010837,737008,4645156,"P13_CFL_200","IMP",13,"13",2012,"1"
"7039","21134",33010838,735502,4645048,"P13_CFL_198","IMP",13,"13",2012,"2"
"7040","21137",33010841,735110,4644747,"P13_CFL_198","IMP",13,"13",2012,"1"
"7041","21138",33010842,737653,4644753,"P13_CFL_200","IMP",13,"13",2012,"1"
"7042","21139",33010843,736956,4644704,"P13_CFL_200","IMP",13,"13",2012,"1"
"7043","21140",33010844,738408,4644703,"P13_CFL_200","IMP",13,"13",2012,"2"
"7044","21142",33010846,734357,4644500,"P13_CFL_198","IMP",13,"13",2012,"2"
"7045","21144",33010848,738360,4644402,"P13_CFL_200","IMP",13,"13",2012,"2"
"7046","21145",33010849,735256,4644399,"P13_CFL_198","IMP",13,"13",2012,"1"
"7047","21146",33010850,736902,4644404,"P13_CFL_200","IMP",13,"13",2012,"1"
"7048","21147",33010851,738257,4644351,"P13_CFL_200","IMP",13,"13",2012,"2"
"7049","21149",33010853,737454,4644352,"P13_CFL_200","IMP",13,"13",2012,"1"
"7050","21152",33010856,733910,4644201,"P13_CFL_198","IMP",13,"13",2012,"2"
"7051","21154",33010858,734759,4644103,"P13_CFL_198","IMP",13,"13",2012,"1"
"7052","21155",33010859,737658,4644047,"P13_CFL_200","IMP",13,"13",2012,"2"
"7053","21156",33010860,734761,4644001,"P13_CFL_198","IMP",13,"13",2012,"1"
"7054","21157",33010861,737757,4643857,"P13_CFL_200","IMP",13,"13",2012,"2"
"7055","21158",33010862,734356,4643847,"P13_CFL_198","IMP",13,"13",2012,"1"
"7056","21159",33010863,735009,4643803,"P13_CFL_198","IMP",13,"13",2012,"1"
"7057","21161",33010865,733956,4643701,"P13_CFL_198","IMP",13,"13",2012,"2"
"7058","21162",33010866,735311,4643702,"P13_CFL_198","IMP",13,"13",2012,"1"
"7059","21164",33010868,734554,4643653,"P13_CFL_198","IMP",13,"13",2012,"2"
"7060","21166",33010870,738101,4643599,"P13_CFL_200","IMP",13,"13",2012,"2"
"7061","21168",33010872,734957,4643554,"P13_CFL_198","IMP",13,"13",2012,"1"
"7062","21169",33010873,736909,4643551,"P13_CFL_200","IMP",13,"13",2012,"2"
"7063","21170",33010874,737258,4643496,"P13_CFL_200","IMP",13,"13",2012,"2"
"7064","21171",33010875,737409,4643449,"P13_CFL_200","IMP",13,"13",2012,"2"
"7065","21173",33010877,737861,4643359,"P13_CFL_200","IMP",13,"13",2012,"2"
"7066","21174",33010878,736702,4643345,"P13_CFL_200","IMP",13,"13",2012,"1"
"7067","21177",33010881,737406,4643203,"P13_CFL_200","IMP",13,"13",2012,"2"
"7068","21180",33010884,737211,4643103,"P13_CFL_200","IMP",13,"13",2012,"2"
"7069","21181",33010885,737553,4642904,"P13_CFL_200","IMP",13,"13",2012,"2"
"7070","21182",33010886,736556,4642897,"P13_CFL_200","IMP",13,"13",2012,"2"
"7071","21183",33010887,736612,4642798,"P13_CFL_200","IMP",13,"13",2012,"2"
"7072","21220",33010955,735908,4656321,"P13_USCB_5","MBC",13,"13",2013,"1"
"7073","21226",33010963,736849,4654369,"P13_SCB_45","MBC",13,"13",2013,"2"
"7074","21237",33010974,736404,4652077,"P13_SCB_31","MBC",13,"13",2013,"1"
"7075","21243",33010980,735257,4649167,"P13_USCB_20","MBC",13,"13",2013,"1"
"7076","21244",33010981,735157,4648772,"P13_USCB_20","MBC",13,"13",2013,"2"
"7077","2126",31007455,534080,4939404,"","BWC",4,"U4",2005,"2"
"7078","21269",33011022,734310,4658971,"P13_USCB_7","SC",13,"13",2013,"2"
"7079","21271",33011025,735362,4657366,"P13_SCB_32","SC",13,"13",2013,"2"
"7080","21273",33011028,736664,4657121,"P13_TSC_51","SC",13,"13",2013,"2"
"7081","21275",33011031,735303,4656421,"P13_CFL_58","SC",13,"13",2013,"1"
"7082","21277",33011035,735457,4655866,"P13_TSC_27","SC",13,"13",2013,"2"
"7083","21293",33011061,726412,4670922,"P13_CFL_128","BWC",13,"13",2013,"2"
"7084","21294",33011062,726203,4670867,"P13_CFL_128","BWC",13,"13",2013,"2"
"7085","21295",33011064,725705,4670513,"P13_CFL_128","BWC",13,"13",2013,"2"
"7086","21296",33011065,729508,4670369,"P13_CFL_121","BWC",13,"13",2013,"2"
"7087","21297",33011066,727556,4670313,"P13_CFL_128","BWC",13,"13",2013,"2"
"7088","21298",33011067,726204,4670273,"P13_CFL_128","BWC",13,"13",2013,"2"
"7089","21299",33011068,726253,4670270,"P13_CFL_128","BWC",13,"13",2013,"2"
"7090","213",31002172,580223,4916166,"P04_CFL_19","BWC",4,"L4",1998,"2"
"7091","2130",31007459,536178,4935908,"P04_CFL_274","BWC",4,"U4",2005,"2"
"7092","21301",33011073,733303,4669813,"P13_CFL_123","BWC",13,"13",2013,"2"
"7093","21302",33011074,733408,4669773,"P13_CFL_123","BWC",13,"13",2013,"2"
"7094","21303",33011075,730108,4669769,"P13_CFL_121","BWC",13,"13",2013,"2"
"7095","21304",33011076,733610,4669567,"P13_CFL_123","BWC",13,"13",2013,"2"
"7096","21305",33011077,732002,4669415,"P13_CFL_123","BWC",13,"13",2013,"2"
"7097","21306",33011078,733257,4669415,"P13_CFL_123","BWC",13,"13",2013,"2"
"7098","21307",33011080,733712,4669359,"P13_CFL_123","BWC",13,"13",2013,"2"
"7099","21308",33011081,733660,4669313,"P13_CFL_123","BWC",13,"13",2013,"2"
"7100","21309",33011082,733657,4669265,"P13_CFL_123","BWC",13,"13",2013,"2"
"7101","2131",31007460,536285,4935906,"P04_CFL_274","BWC",4,"U4",2005,"2"
"7102","21310",33011083,733412,4669217,"P13_CFL_123","BWC",13,"13",2013,"2"
"7103","21312",33011085,734155,4668722,"P13_CFL_123","BWC",13,"13",2013,"2"
"7104","21314",33011087,733406,4668566,"P13_CFL_123","BWC",13,"13",2013,"2"
"7105","21315",33011088,733802,4668365,"P13_CFL_123","BWC",13,"13",2013,"2"
"7106","21317",33011092,732405,4664611,"P13_TSC_48","BWC",13,"13",2013,"2"
"7107","21318",33011093,733811,4664571,"P13_TSC_36","BWC",13,"13",2013,"2"
"7108","2132",31007461,536383,4935902,"P04_CFL_274","BWC",4,"U4",2005,"2"
"7109","21321",33011096,732558,4663119,"P13_CFL_97","BWC",13,"13",2013,"2"
"7110","21322",33011097,735100,4662519,"P13_CFL_82","BWC",13,"13",2013,"2"
"7111","21323",33011098,735008,4661663,"P13_CFL_82","BWC",13,"13",2013,"2"
"7112","21324",33011100,734957,4661412,"P13_CFL_82","BWC",13,"13",2013,"2"
"7113","21326",33011103,737259,4660817,"P13_CFL_70","BWC",13,"13",2013,"2"
"7114","21328",33011105,736558,4660368,"P13_CFL_70","BWC",13,"13",2013,"2"
"7115","21329",33011106,736357,4660316,"P13_CFL_70","BWC",13,"13",2013,"2"
"7116","2133",31007462,536383,4935857,"P04_CFL_274","BWC",4,"U4",2005,"2"
"7117","21330",33011107,736004,4660164,"P13_CFL_70","BWC",13,"13",2013,"2"
"7118","21331",33011108,737108,4660070,"P13_CFL_70","BWC",13,"13",2013,"2"
"7119","21332",33011109,736959,4659970,"P13_CFL_70","BWC",13,"13",2013,"2"
"7120","21333",33011110,733705,4659920,"P13_CFL_69","BWC",13,"13",2013,"2"
"7121","21334",33011111,735802,4659926,"P13_CFL_70","BWC",13,"13",2013,"2"
"7122","21335",33011112,733607,4659868,"P13_CFL_69","BWC",13,"13",2013,"2"
"7123","21336",33011113,737356,4659816,"P13_CFL_70","BWC",13,"13",2013,"2"
"7124","21337",33011114,737861,4659663,"P13_CFL_70","BWC",13,"13",2013,"2"
"7125","21338",33011115,736604,4659515,"P13_CFL_70","BWC",13,"13",2013,"2"
"7126","21339",33011116,736555,4659370,"P13_CFL_70","BWC",13,"13",2013,"2"
"7127","2134",31007463,536176,4935760,"P04_CFL_274","BWC",4,"U4",2005,"2"
"7128","21340",33011117,736458,4659119,"P13_CFL_70","BWC",13,"13",2013,"2"
"7129","21341",33011118,736250,4658917,"P13_CFL_70","BWC",13,"13",2013,"2"
"7130","21342",33011119,737559,4658916,"P13_CFL_70","BWC",13,"13",2013,"2"
"7131","21343",33011122,736209,4658765,"P13_CFL_70","BWC",13,"13",2013,"2"
"7132","21344",33011123,736355,4658666,"P13_CFL_70","BWC",13,"13",2013,"2"
"7133","21345",33011124,738263,4658466,"P13_CFL_70","BWC",13,"13",2013,"2"
"7134","21346",33011125,736655,4658367,"P13_CFL_70","BWC",13,"13",2013,"2"
"7135","21347",33011126,736263,4658270,"P13_CFL_70","BWC",13,"13",2013,"2"
"7136","21348",33011127,736359,4658218,"P13_CFL_70","BWC",13,"13",2013,"2"
"7137","21349",33011128,736111,4658169,"P13_CFL_70","BWC",13,"13",2013,"2"
"7138","2135",31007464,536229,4935762,"P04_CFL_274","BWC",4,"U4",2005,"2"
"7139","21350",33011129,736855,4658119,"P13_CFL_70","BWC",13,"13",2013,"2"
"7140","21351",33011130,737912,4658119,"P13_CFL_70","BWC",13,"13",2013,"2"
"7141","21352",33011131,737715,4658069,"P13_CFL_70","BWC",13,"13",2013,"2"
"7142","21353",33011132,737859,4657669,"P13_CFL_70","BWC",13,"13",2013,"2"
"7143","21354",33011133,737507,4657568,"P13_CFL_70","BWC",13,"13",2013,"2"
"7144","21355",33011134,737956,4657424,"P13_CFL_70","BWC",13,"13",2013,"2"
"7145","21356",33011135,738008,4657418,"P13_CFL_70","BWC",13,"13",2013,"2"
"7146","21357",33011136,737710,4657369,"P13_CFL_70","BWC",13,"13",2013,"2"
"7147","21358",33011137,737909,4657375,"P13_CFL_70","BWC",13,"13",2013,"2"
"7148","21359",33011138,738412,4657318,"","BWC",13,"13",2013,"2"
"7149","2136",31007465,536231,4935663,"P04_CFL_274","BWC",4,"U4",2005,"2"
"7150","21360",33011139,738106,4657159,"P13_CFL_70","BWC",13,"13",2013,"2"
"7151","21361",33011140,737811,4656665,"P13_CFL_70","BWC",13,"13",2013,"2"
"7152","21362",33011141,738059,4656212,"P13_CFL_56","BWC",13,"13",2013,"2"
"7153","21363",33011143,736807,4656215,"P13_SC_2","BWC",13,"13",2013,"2"
"7154","21364",33011144,737905,4655812,"P13_CFL_56","BWC",13,"13",2013,"2"
"7155","21365",33011145,737906,4655669,"P13_CFL_56","BWC",13,"13",2013,"2"
"7156","21367",33011147,737007,4655268,"P13_CFL_55","BWC",13,"13",2013,"2"
"7157","21368",33011148,737555,4655165,"P13_CFL_55","BWC",13,"13",2013,"1"
"7158","21369",33011149,737254,4655015,"P13_CFL_55","BWC",13,"13",2013,"1"
"7159","2137",31007467,536879,4937260,"P04_CFL_54","BWC",4,"U4",2005,"2"
"7160","21370",33011150,737606,4654821,"P13_CFL_40","BWC",13,"13",2013,"1"
"7161","21379",33011160,734856,4652072,"P13_CFL_20","BWC",13,"13",2013,"2"
"7162","21380",33011161,739405,4646460,"P13_CFL_3","BWC",13,"13",2013,"2"
"7163","21381",33011162,739351,4646314,"P13_CFL_3","BWC",13,"13",2013,"2"
"7164","21382",33011163,738607,4645572,"P13_CFL_2","BWC",13,"13",2013,"2"
"7165","21385",33011166,737656,4652664,"P13_CFL_23","IMP",13,"13",2013,"1"
"7166","21386",33011167,737554,4652560,"P13_CFL_23","IMP",13,"13",2013,"1"
"7167","21390",33011171,735907,4651416,"P13_CFL_14","IMP",13,"13",2013,"2"
"7168","21392",33011173,737254,4651362,"P13_CFL_16","IMP",13,"13",2013,"2"
"7169","21394",33011176,735405,4651068,"P13_TSC_27","IMP",13,"13",2013,"2"
"7170","21397",33011179,735308,4651019,"P13_TSC_27","IMP",13,"13",2013,"2"
"7171","214",31002173,579881,4916108,"P04_CFL_19","BWC",4,"L4",1998,"2"
"7172","21401",33011184,733904,4650862,"P13_CFL_6","IMP",13,"13",2013,"2"
"7173","21402",33011185,734007,4650866,"P13_CFL_6","IMP",13,"13",2013,"2"
"7174","21403",33011186,734548,4650762,"P13_CFL_6","IMP",13,"13",2013,"2"
"7175","21405",33011188,735310,4650670,"P13_CFL_9","IMP",13,"13",2013,"2"
"7176","21406",33011189,734206,4650618,"P13_CFL_6","IMP",13,"13",2013,"2"
"7177","21407",33011191,736609,4650621,"P13_CFL_10","IMP",13,"13",2013,"2"
"7178","21410",33011194,734507,4650520,"P13_CFL_6","IMP",13,"13",2013,"2"
"7179","21412",33011196,734305,4650413,"P13_CFL_6","IMP",13,"13",2013,"2"
"7180","21414",33011198,735161,4650367,"P13_TSC_27","IMP",13,"13",2013,"2"
"7181","21416",33011200,734806,4650312,"P13_CFL_6","IMP",13,"13",2013,"1"
"7182","21417",33011201,735262,4650323,"P13_CFL_9","IMP",13,"13",2013,"2"
"7183","21419",33011203,736508,4650116,"P13_CFL_200","IMP",13,"13",2013,"1"
"7184","21420",33011204,737607,4650063,"P13_CFL_200","IMP",13,"13",2013,"1"
"7185","21422",33011206,737303,4649917,"P13_CFL_200","IMP",13,"13",2013,"1"
"7186","21423",33011207,735910,4649865,"P13_SCB_44","IMP",13,"13",2013,"1"
"7187","21424",33011208,733657,4649816,"P13_CFL_6","IMP",13,"13",2013,"2"
"7188","21425",33011209,736558,4649764,"P13_CFL_200","IMP",13,"13",2013,"1"
"7189","21427",33011211,737809,4649611,"P13_CFL_200","IMP",13,"13",2013,"2"
"7190","21428",33011212,737706,4649519,"P13_CFL_200","IMP",13,"13",2013,"2"
"7191","21429",33011213,736212,4649514,"P13_CFL_200","IMP",13,"13",2013,"2"
"7192","21431",33011215,738709,4649417,"P13_CFL_200","IMP",13,"13",2013,"2"
"7193","21432",33011217,736007,4649420,"P13_CFL_200","IMP",13,"13",2013,"2"
"7194","21433",33011218,737361,4649366,"P13_CFL_200","IMP",13,"13",2013,"2"
"7195","21434",33011219,737507,4649373,"P13_CFL_200","IMP",13,"13",2013,"1"
"7196","21436",33011221,735863,4649321,"P13_CFL_200","IMP",13,"13",2013,"2"
"7197","21438",33011223,736007,4649267,"P13_CFL_200","IMP",13,"13",2013,"2"
"7198","21439",33011224,735496,4649065,"P13_CFL_199","IMP",13,"13",2013,"1"
"7199","21440",33011225,736060,4649071,"P13_CFL_200","IMP",13,"13",2013,"1"
"7200","21441",33011226,738707,4649019,"P13_CFL_200","IMP",13,"13",2013,"2"
"7201","21443",33011228,736351,4648972,"P13_CFL_200","IMP",13,"13",2013,"1"
"7202","21445",33011230,736254,4648863,"P13_CFL_200","IMP",13,"13",2013,"2"
"7203","21447",33011232,738062,4648818,"P13_CFL_200","IMP",13,"13",2013,"1"
"7204","21448",33011233,738656,4648817,"P13_CFL_200","IMP",13,"13",2013,"2"
"7205","21449",33011234,737756,4648770,"P13_CFL_200","IMP",13,"13",2013,"2"
"7206","21450",33011235,736703,4648617,"P13_CFL_200","IMP",13,"13",2013,"1"
"7207","21451",33011236,734455,4648466,"P13_CFL_6","IMP",13,"13",2013,"2"
"7208","21452",33011237,736255,4648476,"P13_CFL_200","IMP",13,"13",2013,"1"
"7209","21453",33011238,737804,4648414,"P13_CFL_200","IMP",13,"13",2013,"2"
"7210","21454",33011239,734157,4648418,"P13_CFL_6","IMP",13,"13",2013,"2"
"7211","21455",33011240,735452,4648360,"P13_CFL_199","IMP",13,"13",2013,"2"
"7212","21457",33011242,733851,4648264,"P13_CFL_198","IMP",13,"13",2013,"2"
"7213","21458",33011243,736062,4648169,"P13_CFL_200","IMP",13,"13",2013,"1"
"7214","21459",33011244,734009,4648121,"P13_CFL_198","IMP",13,"13",2013,"2"
"7215","21460",33011245,736606,4648115,"P13_CFL_200","IMP",13,"13",2013,"1"
"7216","21461",33011246,737608,4648063,"P13_CFL_200","IMP",13,"13",2013,"2"
"7217","21462",33011248,734111,4648019,"P13_CFL_198","IMP",13,"13",2013,"2"
"7218","21464",33011250,736754,4647822,"P13_CFL_200","IMP",13,"13",2013,"1"
"7219","21465",33011251,737411,4647761,"P13_CFL_200","IMP",13,"13",2013,"1"
"7220","21467",33011253,734457,4647669,"P13_CFL_198","IMP",13,"13",2013,"2"
"7221","21468",33011254,736057,4647520,"P13_CFL_200","IMP",13,"13",2013,"1"
"7222","21469",33011255,737812,4647516,"P13_CFL_200","IMP",13,"13",2013,"1"
"7223","2147",31007478,539429,4935605,"P04_CFL_72","BWC",4,"U4",2005,"2"
"7224","21470",33011256,737756,4647419,"P13_CFL_200","IMP",13,"13",2013,"1"
"7225","21473",33011259,736351,4647320,"P13_CFL_200","IMP",13,"13",2013,"1"
"7226","21474",33011260,733654,4647213,"P13_CFL_198","IMP",13,"13",2013,"2"
"7227","21475",33011261,733859,4647167,"P13_CFL_198","IMP",13,"13",2013,"2"
"7228","21477",33011263,735960,4647026,"P13_CFL_200","IMP",13,"13",2013,"2"
"7229","21478",33011264,738302,4646923,"P13_CFL_200","IMP",13,"13",2013,"2"
"7230","21479",33011265,733706,4646867,"P13_CFL_198","IMP",13,"13",2013,"2"
"7231","21482",33011268,738158,4646616,"P13_CFL_200","IMP",13,"13",2013,"2"
"7232","21483",33011269,737610,4646619,"P13_CFL_200","IMP",13,"13",2013,"1"
"7233","21485",33011271,737004,4646517,"P13_CFL_200","IMP",13,"13",2013,"2"
"7234","21486",33011272,738155,4646462,"P13_CFL_200","IMP",13,"13",2013,"2"
"7235","21488",33011274,736957,4646371,"P13_CFL_200","IMP",13,"13",2013,"1"
"7236","21489",33011275,734063,4646317,"P13_CFL_198","IMP",13,"13",2013,"1"
"7237","21490",33011276,733812,4646269,"P13_CFL_198","IMP",13,"13",2013,"1"
"7238","21491",33011277,736757,4646116,"P13_CFL_200","IMP",13,"13",2013,"1"
"7239","21493",33011279,737255,4645966,"P13_CFL_200","IMP",13,"13",2013,"1"
"7240","21494",33011280,737255,4645914,"P13_CFL_200","IMP",13,"13",2013,"1"
"7241","21498",33011284,737304,4645707,"P13_CFL_200","IMP",13,"13",2013,"1"
"7242","215",31002174,580328,4916110,"P04_CFL_19","BWC",4,"L4",1998,"1"
"7243","21500",33011286,737955,4645560,"P13_CFL_200","IMP",13,"13",2013,"2"
"7244","21501",33011287,736455,4645565,"P13_CFL_200","IMP",13,"13",2013,"1"
"7245","21502",33011288,736605,4645465,"P13_CFL_200","IMP",13,"13",2013,"1"
"7246","21503",33011289,735560,4645422,"P13_CFL_198","IMP",13,"13",2013,"1"
"7247","21504",33011290,735463,4645363,"P13_CFL_198","IMP",13,"13",2013,"1"
"7248","21505",33011291,734754,4645269,"P13_CFL_198","IMP",13,"13",2013,"1"
"7249","21508",33011294,738002,4645074,"P13_CFL_200","IMP",13,"13",2013,"2"
"7250","21510",33011296,738010,4645015,"P13_CFL_200","IMP",13,"13",2013,"2"
"7251","21511",33011297,733859,4645025,"P13_CFL_198","IMP",13,"13",2013,"1"
"7252","21514",33011300,737752,4645022,"P13_CFL_200","IMP",13,"13",2013,"2"
"7253","21515",33011301,735063,4644672,"P13_CFL_198","IMP",13,"13",2013,"1"
"7254","21523",33011309,734509,4644372,"P13_CFL_198","IMP",13,"13",2013,"1"
"7255","21524",33011310,737360,4644361,"P13_TSC_23","IMP",13,"13",2013,"1"
"7256","21526",33011312,734455,4644116,"P13_CFL_198","IMP",13,"13",2013,"1"
"7257","21527",33011313,735009,4644119,"P13_CFL_198","IMP",13,"13",2013,"1"
"7258","21528",33011314,737204,4644111,"P13_TSC_23","IMP",13,"13",2013,"1"
"7259","21530",33011317,737310,4644064,"P13_TSC_23","IMP",13,"13",2013,"2"
"7260","21532",33011319,737755,4643967,"P13_CFL_200","IMP",13,"13",2013,"2"
"7261","21534",33011321,737156,4643869,"P13_TSC_23","IMP",13,"13",2013,"2"
"7262","21537",33011324,737660,4643719,"P13_CFL_200","IMP",13,"13",2013,"2"
"7263","21539",33011326,735160,4643672,"P13_CFL_198","IMP",13,"13",2013,"1"
"7264","21541",33011328,735401,4643624,"P13_CFL_198","IMP",13,"13",2013,"1"
"7265","21543",33011330,734414,4643463,"P13_TSC_21","IMP",13,"13",2013,"1"
"7266","21544",33011331,736611,4643411,"P13_TSC_23","IMP",13,"13",2013,"2"
"7267","21545",33011332,737604,4643168,"P13_CFL_200","IMP",13,"13",2013,"2"
"7268","21546",33011333,734659,4642920,"P13_CFL_198","IMP",13,"13",2013,"1"
"7269","21547",33011334,736359,4642862,"P13_CFL_200","IMP",13,"13",2013,"2"
"7270","21550",33011337,736454,4642767,"P13_CFL_200","IMP",13,"13",2013,"2"
"7271","21551",33011338,734513,4642612,"P13_CFL_198","IMP",13,"13",2013,"2"
"7272","21594",33011406,734205,4660299,"P13_USCB_7","MBC",13,"13",2014,"1"
"7273","21598",33011410,734356,4658548,"P13_USCB_7","MBC",13,"13",2014,"1"
"7274","216",31002175,580339,4915754,"P04_CFL_19","BWC",4,"L4",1998,"2"
"7275","21616",33011428,736504,4652103,"P13_SCB_31","MBC",13,"13",2014,"2"
"7276","21623",33011435,735202,4648645,"P13_USCB_20","MBC",13,"13",2014,"2"
"7277","21624",33011436,735261,4648449,"P13_CFL_199","MBC",13,"13",2014,"2"
"7278","21625",33011437,735260,4648158,"P13_CFL_199","MBC",13,"13",2014,"1"
"7279","21658",33011470,732758,4668357,"P13_CFL_201","SC",13,"13",2014,"2"
"7280","21659",33011471,733555,4662445,"P13_TSC_47","SC",13,"13",2014,"1"
"7281","21675",33011488,736256,4653349,"P13_CFL_24","SC",13,"13",2014,"2"
"7282","21676",33011489,736103,4653100,"P13_CFL_24","SC",13,"13",2014,"1"
"7283","21692",33011505,727305,4671050,"P13_CFL_128","BWC",13,"13",2014,"2"
"7284","21694",33011507,726302,4670705,"P13_CFL_128","BWC",13,"13",2014,"2"
"7285","21695",33011508,728659,4670553,"P13_CFL_121","BWC",13,"13",2014,"2"
"7286","21696",33011509,725951,4670502,"P13_CFL_128","BWC",13,"13",2014,"2"
"7287","21697",33011510,727507,4670450,"P13_CFL_128","BWC",13,"13",2014,"2"
"7288","21698",33011511,729510,4670446,"P13_CFL_121","BWC",13,"13",2014,"2"
"7289","21699",33011512,727804,4670400,"P13_CFL_128","BWC",13,"13",2014,"2"
"7290","21700",33011514,725956,4670251,"P13_CFL_128","BWC",13,"13",2014,"2"
"7291","21701",33011515,729852,4670156,"P13_CFL_121","BWC",13,"13",2014,"2"
"7292","21703",33011517,729906,4670000,"P13_CFL_121","BWC",13,"13",2014,"2"
"7293","21704",33011518,729156,4669648,"P13_TSC_37","BWC",13,"13",2014,"2"
"7294","21705",33011519,733205,4669351,"P13_CFL_123","BWC",13,"13",2014,"2"
"7295","21706",33011520,732655,4669099,"P13_CFL_123","BWC",13,"13",2014,"2"
"7296","21712",33011526,734156,4668651,"P13_CFL_123","BWC",13,"13",2014,"2"
"7297","21717",33011532,733658,4664852,"","BWC",13,"13",2014,"2"
"7298","21718",33011533,733009,4664698,"P13_CFL_97","BWC",13,"13",2014,"2"
"7299","21719",33011535,732559,4664251,"P13_CFL_97","BWC",13,"13",2014,"2"
"7300","21720",33011536,733757,4664053,"P13_TSC_36","BWC",13,"13",2014,"2"
"7301","21721",33011537,733054,4663600,"P13_CFL_97","BWC",13,"13",2014,"2"
"7302","21722",33011538,732808,4663201,"P13_CFL_97","BWC",13,"13",2014,"2"
"7303","21724",33011540,732608,4662649,"P13_CFL_97","BWC",13,"13",2014,"2"
"7304","21725",33011541,733311,4662292,"P13_CFL_97","BWC",13,"13",2014,"2"
"7305","21727",33011544,734956,4661503,"P13_CFL_82","BWC",13,"13",2014,"2"
"7306","21728",33011545,735360,4661103,"P13_CFL_73","BWC",13,"13",2014,"2"
"7307","21729",33011546,737504,4660847,"P13_CFL_70","BWC",13,"13",2014,"2"
"7308","21732",33011549,737359,4660497,"P13_CFL_70","BWC",13,"13",2014,"2"
"7309","21733",33011550,737459,4660502,"P13_CFL_70","BWC",13,"13",2014,"2"
"7310","21734",33011551,737501,4660502,"P13_CFL_70","BWC",13,"13",2014,"2"
"7311","21735",33011552,735903,4660453,"P13_CFL_70","BWC",13,"13",2014,"2"
"7312","21736",33011553,736008,4660451,"P13_CFL_70","BWC",13,"13",2014,"2"
"7313","21738",33011555,737602,4660453,"P13_CFL_70","BWC",13,"13",2014,"2"
"7314","21740",33011557,737907,4660301,"P13_CFL_70","BWC",13,"13",2014,"2"
"7315","21741",33011558,738002,4660154,"P13_CFL_70","BWC",13,"13",2014,"2"
"7316","21742",33011559,736906,4660055,"P13_CFL_70","BWC",13,"13",2014,"2"
"7317","21743",33011560,736203,4659853,"P13_CFL_70","BWC",13,"13",2014,"2"
"7318","21744",33011561,737305,4659700,"P13_CFL_70","BWC",13,"13",2014,"2"
"7319","21745",33011562,737358,4659496,"P13_CFL_70","BWC",13,"13",2014,"2"
"7320","21746",33011563,737206,4659451,"P13_CFL_70","BWC",13,"13",2014,"2"
"7321","21747",33011564,737010,4659409,"P13_CFL_70","BWC",13,"13",2014,"2"
"7322","21748",33011565,736207,4659304,"P13_CFL_70","BWC",13,"13",2014,"2"
"7323","21749",33011566,738261,4659252,"P13_CFL_70","BWC",13,"13",2014,"2"
"7324","21750",33011567,734154,4659246,"P13_CFL_64","BWC",13,"13",2014,"2"
"7325","21751",33011568,737358,4659196,"P13_CFL_70","BWC",13,"13",2014,"2"
"7326","21752",33011569,738155,4659049,"P13_CFL_70","BWC",13,"13",2014,"2"
"7327","21754",33011571,737209,4658903,"P13_CFL_70","BWC",13,"13",2014,"2"
"7328","21755",33011572,738160,4658453,"P13_CFL_70","BWC",13,"13",2014,"2"
"7329","21756",33011573,737658,4658346,"P13_CFL_70","BWC",13,"13",2014,"2"
"7330","21757",33011574,738252,4658349,"P13_CFL_70","BWC",13,"13",2014,"2"
"7331","21758",33011575,737505,4658303,"P13_CFL_70","BWC",13,"13",2014,"2"
"7332","21759",33011576,736808,4658154,"P13_CFL_70","BWC",13,"13",2014,"2"
"7333","21760",33011577,737955,4658102,"P13_CFL_70","BWC",13,"13",2014,"2"
"7334","21761",33011578,736659,4657946,"P13_CFL_70","BWC",13,"13",2014,"2"
"7335","21762",33011579,737609,4657656,"P13_CFL_70","BWC",13,"13",2014,"2"
"7336","21763",33011580,737511,4657501,"P13_CFL_70","BWC",13,"13",2014,"2"
"7337","21764",33011581,737703,4657349,"P13_CFL_70","BWC",13,"13",2014,"2"
"7338","21765",33011582,737709,4657304,"P13_CFL_70","BWC",13,"13",2014,"2"
"7339","21766",33011583,737562,4657204,"P13_CFL_70","BWC",13,"13",2014,"2"
"7340","21767",33011584,737953,4657104,"P13_CFL_70","BWC",13,"13",2014,"2"
"7341","21768",33011585,738012,4657109,"P13_CFL_70","BWC",13,"13",2014,"2"
"7342","21769",33011586,738505,4656845,"P13_CFL_70","BWC",13,"13",2014,"2"
"7343","21770",33011587,735308,4656702,"P13_CFL_58","BWC",13,"13",2014,"2"
"7344","21771",33011588,737650,4656652,"P13_CFL_70","BWC",13,"13",2014,"2"
"7345","21772",33011589,737609,4656454,"P13_CFL_70","BWC",13,"13",2014,"2"
"7346","21773",33011590,737905,4656400,"P13_CFL_70","BWC",13,"13",2014,"2"
"7347","21774",33011591,737559,4656254,"P13_CFL_70","BWC",13,"13",2014,"2"
"7348","21775",33011592,737358,4655904,"P13_CFL_56","BWC",13,"13",2014,"2"
"7349","21777",33011594,737756,4655754,"P13_CFL_56","BWC",13,"13",2014,"2"
"7350","21787",33011604,737397,4653900,"P13_CFL_30","BWC",13,"13",2014,"1"
"7351","21788",33011605,737455,4653808,"P13_CFL_30","BWC",13,"13",2014,"2"
"7352","21790",33011607,735455,4652653,"P13_CFL_22","BWC",13,"13",2014,"1"
"7353","21791",33011608,735259,4652301,"P13_CFL_22","BWC",13,"13",2014,"2"
"7354","21793",33011610,739311,4647205,"P13_CFL_3","BWC",13,"13",2014,"2"
"7355","21794",33011611,739454,4646952,"P13_CFL_3","BWC",13,"13",2014,"2"
"7356","21795",33011612,739208,4645352,"P13_CFL_3","BWC",13,"13",2014,"2"
"7357","21796",33011613,739005,4645202,"P13_CFL_3","BWC",13,"13",2014,"2"
"7358","21801",33011619,736059,4651608,"P13_CFL_14","IMP",13,"13",2014,"2"
"7359","21809",33011628,738053,4651148,"P13_SC_2","IMP",13,"13",2014,"1"
"7360","21811",33011630,737110,4651010,"P13_CFL_10","IMP",13,"13",2014,"2"
"7361","21814",33011633,735311,4650802,"P13_CFL_9","IMP",13,"13",2014,"2"
"7362","21815",33011634,735452,4650799,"P13_CFL_9","IMP",13,"13",2014,"2"
"7363","21816",33011635,735811,4650807,"P13_CFL_14","IMP",13,"13",2014,"1"
"7364","21817",33011636,733856,4650752,"P13_CFL_6","IMP",13,"13",2014,"2"
"7365","21820",33011639,734309,4650697,"P13_CFL_6","IMP",13,"13",2014,"2"
"7366","21822",33011641,736707,4650501,"P13_CFL_200","IMP",13,"13",2014,"2"
"7367","21825",33011645,734807,4650303,"P13_CFL_6","IMP",13,"13",2014,"2"
"7368","21826",33011646,734104,4650247,"P13_CFL_6","IMP",13,"13",2014,"2"
"7369","21827",33011647,736402,4650253,"P13_CFL_200","IMP",13,"13",2014,"2"
"7370","21828",33011648,733706,4650150,"P13_CFL_6","IMP",13,"13",2014,"2"
"7371","2183",31007515,540333,4935864,"P04_CFL_72","BWC",4,"U4",2005,"2"
"7372","21830",33011650,733858,4650098,"P13_CFL_6","IMP",13,"13",2014,"2"
"7373","21831",33011651,733904,4650099,"P13_CFL_6","IMP",13,"13",2014,"2"
"7374","21832",33011652,734154,4650101,"P13_CFL_6","IMP",13,"13",2014,"2"
"7375","21833",33011653,737857,4650003,"P13_CFL_200","IMP",13,"13",2014,"1"
"7376","21834",33011654,736407,4649897,"P13_CFL_200","IMP",13,"13",2014,"1"
"7377","21835",33011655,733956,4649800,"P13_CFL_6","IMP",13,"13",2014,"2"
"7378","21836",33011656,734105,4649697,"P13_CFL_6","IMP",13,"13",2014,"2"
"7379","21837",33011657,738061,4649704,"P13_CFL_200","IMP",13,"13",2014,"1"
"7380","21838",33011658,737798,4649554,"P13_CFL_200","IMP",13,"13",2014,"1"
"7381","21840",33011660,737908,4649401,"P13_CFL_200","IMP",13,"13",2014,"1"
"7382","21842",33011662,733956,4649342,"P13_CFL_6","IMP",13,"13",2014,"2"
"7383","21843",33011663,737354,4649149,"P13_CFL_200","IMP",13,"13",2014,"1"
"7384","21844",33011664,737402,4649150,"P13_CFL_200","IMP",13,"13",2014,"1"
"7385","21846",33011666,735515,4648955,"P13_CFL_199","IMP",13,"13",2014,"1"
"7386","21847",33011667,736263,4648903,"P13_CFL_200","IMP",13,"13",2014,"1"
"7387","21852",33011672,737456,4648651,"P13_CFL_200","IMP",13,"13",2014,"1"
"7388","21853",33011673,735363,4648658,"P13_CFL_199","IMP",13,"13",2014,"2"
"7389","21854",33011674,735453,4648654,"P13_CFL_199","IMP",13,"13",2014,"1"
"7390","21855",33011675,736255,4648643,"P13_CFL_200","IMP",13,"13",2014,"1"
"7391","21857",33011677,735409,4648607,"P13_CFL_199","IMP",13,"13",2014,"1"
"7392","21858",33011678,735908,4648603,"P13_CFL_200","IMP",13,"13",2014,"1"
"7393","21859",33011679,737358,4648549,"P13_CFL_200","IMP",13,"13",2014,"1"
"7394","21860",33011680,736558,4648553,"P13_CFL_200","IMP",13,"13",2014,"1"
"7395","21861",33011681,737909,4648355,"P13_CFL_200","IMP",13,"13",2014,"1"
"7396","21862",33011682,734660,4648299,"P13_CFL_198","IMP",13,"13",2014,"1"
"7397","21863",33011683,736606,4648197,"P13_CFL_200","IMP",13,"13",2014,"1"
"7398","21864",33011684,734359,4648102,"P13_CFL_198","IMP",13,"13",2014,"2"
"7399","21865",33011685,737912,4648050,"P13_CFL_200","IMP",13,"13",2014,"1"
"7400","21866",33011686,734154,4647949,"P13_CFL_198","IMP",13,"13",2014,"2"
"7401","21867",33011687,736405,4647957,"P13_CFL_200","IMP",13,"13",2014,"1"
"7402","21868",33011688,736507,4647944,"P13_CFL_200","IMP",13,"13",2014,"1"
"7403","21869",33011689,736656,4647907,"P13_CFL_200","IMP",13,"13",2014,"1"
"7404","21870",33011690,736807,4647844,"P13_CFL_200","IMP",13,"13",2014,"1"
"7405","21871",33011691,733605,4647801,"P13_CFL_198","IMP",13,"13",2014,"2"
"7406","21872",33011692,734006,4647751,"P13_CFL_198","IMP",13,"13",2014,"2"
"7407","21874",33011694,735857,4647647,"P13_CFL_200","IMP",13,"13",2014,"1"
"7408","21875",33011695,734106,4647603,"P13_CFL_198","IMP",13,"13",2014,"2"
"7409","21876",33011696,735355,4647559,"P13_CFL_199","IMP",13,"13",2014,"1"
"7410","21877",33011697,734511,4647454,"P13_CFL_198","IMP",13,"13",2014,"2"
"7411","21878",33011698,737806,4647451,"P13_CFL_200","IMP",13,"13",2014,"1"
"7412","21879",33011699,738156,4647454,"P13_CFL_200","IMP",13,"13",2014,"1"
"7413","21880",33011700,734259,4647406,"P13_CFL_198","IMP",13,"13",2014,"2"
"7414","21881",33011701,734511,4647351,"P13_CFL_198","IMP",13,"13",2014,"2"
"7415","21883",33011703,735960,4647202,"P13_CFL_200","IMP",13,"13",2014,"2"
"7416","21884",33011704,736458,4647199,"P13_CFL_200","IMP",13,"13",2014,"1"
"7417","21885",33011705,738208,4647151,"P13_CFL_200","IMP",13,"13",2014,"2"
"7418","21886",33011706,734008,4647060,"P13_CFL_198","IMP",13,"13",2014,"2"
"7419","21888",33011708,736758,4647004,"P13_CFL_200","IMP",13,"13",2014,"1"
"7420","21889",33011709,737704,4646809,"P13_CFL_200","IMP",13,"13",2014,"1"
"7421","21890",33011710,738355,4646753,"P13_CFL_200","IMP",13,"13",2014,"2"
"7422","21891",33011711,736208,4646752,"P13_CFL_200","IMP",13,"13",2014,"1"
"7423","21892",33011712,736409,4646754,"P13_CFL_200","IMP",13,"13",2014,"1"
"7424","21893",33011713,738254,4646701,"P13_CFL_200","IMP",13,"13",2014,"2"
"7425","21896",33011716,738055,4646442,"P13_CFL_200","IMP",13,"13",2014,"1"
"7426","21899",33011719,736757,4646348,"P13_CFL_200","IMP",13,"13",2014,"1"
"7427","219",31002179,580385,4915546,"P04_CFL_19","BWC",4,"L4",1998,"2"
"7428","21901",33011721,736713,4646203,"P13_CFL_200","IMP",13,"13",2014,"1"
"7429","21909",33011729,737302,4645801,"P13_CFL_200","IMP",13,"13",2014,"1"
"7430","21912",33011732,736557,4645652,"P13_CFL_200","IMP",13,"13",2014,"1"
"7431","21914",33011734,733765,4645450,"P13_CFL_198","IMP",13,"13",2014,"1"
"7432","21916",33011737,737201,4645247,"P13_CFL_200","IMP",13,"13",2014,"1"
"7433","21918",33011739,734861,4645202,"P13_CFL_198","IMP",13,"13",2014,"1"
"7434","21919",33011740,736705,4645196,"P13_CFL_200","IMP",13,"13",2014,"1"
"7435","21920",33011741,737210,4645153,"P13_CFL_200","IMP",13,"13",2014,"1"
"7436","21921",33011742,734809,4644996,"P13_CFL_198","IMP",13,"13",2014,"1"
"7437","21924",33011745,735156,4644800,"P13_CFL_198","IMP",13,"13",2014,"1"
"7438","21925",33011746,735607,4644802,"P13_CFL_198","IMP",13,"13",2014,"1"
"7439","21926",33011747,734757,4644752,"P13_CFL_198","IMP",13,"13",2014,"1"
"7440","21927",33011748,735157,4644699,"P13_CFL_198","IMP",13,"13",2014,"1"
"7441","21928",33011749,737804,4644598,"P13_CFL_200","IMP",13,"13",2014,"2"
"7442","21931",33011752,733805,4644503,"P13_CFL_198","IMP",13,"13",2014,"2"
"7443","21932",33011753,734554,4644398,"P13_CFL_198","IMP",13,"13",2014,"1"
"7444","21935",33011756,735003,4643999,"P13_CFL_198","IMP",13,"13",2014,"1"
"7445","21936",33011757,735150,4644006,"P13_CFL_198","IMP",13,"13",2014,"1"
"7446","21939",33011760,737307,4643952,"P13_CFL_200","IMP",13,"13",2014,"2"
"7447","2194",31007527,538825,4937161,"P04_CFL_58","BWC",4,"U4",2005,"2"
"7448","21941",33011762,737606,4643802,"P13_CFL_200","IMP",13,"13",2014,"2"
"7449","21942",33011763,734656,4643749,"P13_CFL_198","IMP",13,"13",2014,"1"
"7450","21945",33011766,734754,4643602,"P13_CFL_198","IMP",13,"13",2014,"1"
"7451","21946",33011767,737157,4643600,"P13_CFL_200","IMP",13,"13",2014,"2"
"7452","21947",33011768,737813,4643547,"P13_CFL_200","IMP",13,"13",2014,"2"
"7453","21948",33011769,737904,4643549,"P13_CFL_200","IMP",13,"13",2014,"2"
"7454","21949",33011770,735004,4643559,"P13_CFL_198","IMP",13,"13",2014,"1"
"7455","21950",33011771,737055,4643555,"P13_CFL_200","IMP",13,"13",2014,"2"
"7456","21952",33011773,737206,4643451,"P13_CFL_200","IMP",13,"13",2014,"2"
"7457","21953",33011774,735009,4643452,"P13_CFL_198","IMP",13,"13",2014,"1"
"7458","21956",33011777,736707,4643305,"P13_CFL_200","IMP",13,"13",2014,"1"
"7459","21957",33011778,736758,4643250,"P13_CFL_200","IMP",13,"13",2014,"2"
"7460","21958",33011779,734203,4643201,"P13_CFL_198","IMP",13,"13",2014,"2"
"7461","21959",33011780,737206,4643201,"P13_CFL_200","IMP",13,"13",2014,"2"
"7462","21963",33011784,737009,4642700,"P13_CFL_200","IMP",13,"13",2014,"2"
"7463","21964",33011785,737160,4642701,"P13_CFL_200","IMP",13,"13",2014,"2"
"7464","21965",33011786,736900,4642653,"P13_CFL_200","IMP",13,"13",2014,"2"
"7465","21966",33011787,734506,4642606,"P13_CFL_198","IMP",13,"13",2014,"2"
"7466","21967",33011788,734749,4642606,"P13_CFL_198","IMP",13,"13",2014,"1"
"7467","2199",31007532,539227,4936302,"P04_CFL_60","BWC",4,"U4",2005,"2"
"7468","2200",31007533,542931,4936211,"P04_CFL_67","BWC",4,"U4",2005,"2"
"7469","22008",33011858,734351,4658658,"P13_USCB_7","MBC",13,"13",2015,"1"
"7470","22023",33011873,736710,4652557,"P13_SCB_31","MBC",13,"13",2015,"2"
"7471","22024",33011875,736560,4652301,"P13_SCB_31","MBC",13,"13",2015,"1"
"7472","22026",33011877,736409,4651946,"P13_SCB_31","MBC",13,"13",2015,"1"
"7473","22027",33011878,736164,4651905,"P13_SCB_31","MBC",13,"13",2015,"1"
"7474","22028",33011879,736405,4651804,"P13_SCB_31","MBC",13,"13",2015,"2"
"7475","22031",33011882,735353,4650047,"P13_USCB_4","MBC",13,"13",2015,"1"
"7476","22065",33011917,727745,4670947,"P13_TSC_37","SC",13,"13",2015,"2"
"7477","22069",33011921,733407,4664750,"P13_CFL_102","SC",13,"13",2015,"2"
"7478","22074",33011926,734055,4659894,"P13_USCB_7","SC",13,"13",2015,"2"
"7479","22075",33011927,735562,4659305,"P13_TSC_33","SC",13,"13",2015,"2"
"7480","22076",33011928,735502,4659148,"P13_TSC_33","SC",13,"13",2015,"2"
"7481","22077",33011929,735506,4659048,"P13_TSC_33","SC",13,"13",2015,"2"
"7482","22078",33011930,735461,4659001,"P13_TSC_33","SC",13,"13",2015,"2"
"7483","22083",33011938,736508,4656701,"P13_SC_2","SC",13,"13",2015,"2"
"7484","221",31002181,581137,4915418,"P04_CFL_19","BWC",4,"L4",1998,"2"
"7485","22100",33011955,727253,4670798,"P13_CFL_128","BWC",13,"13",2015,"2"
"7486","22101",33011956,727554,4670751,"P13_CFL_128","BWC",13,"13",2015,"2"
"7487","22102",33011957,727409,4670402,"P13_CFL_128","BWC",13,"13",2015,"2"
"7488","22103",33011958,726360,4670249,"P13_CFL_128","BWC",13,"13",2015,"2"
"7489","22104",33011959,726004,4670149,"P13_CFL_128","BWC",13,"13",2015,"2"
"7490","22105",33011960,727358,4670052,"P13_CFL_128","BWC",13,"13",2015,"2"
"7491","22106",33011961,728546,4669948,"P13_TSC_37","BWC",13,"13",2015,"2"
"7492","22107",33011962,726306,4669902,"P13_CFL_128","BWC",13,"13",2015,"2"
"7493","22109",33011964,730105,4669856,"P13_CFL_121","BWC",13,"13",2015,"2"
"7494","22110",33011965,729158,4669559,"P13_TSC_37","BWC",13,"13",2015,"2"
"7495","22111",33011966,733603,4669452,"P13_CFL_123","BWC",13,"13",2015,"2"
"7496","22116",33011971,733803,4669206,"P13_CFL_123","BWC",13,"13",2015,"2"
"7497","22117",33011972,732208,4669148,"P13_CFL_123","BWC",13,"13",2015,"2"
"7498","22118",33011974,733404,4669004,"P13_CFL_123","BWC",13,"13",2015,"2"
"7499","22119",33011975,733857,4669002,"P13_CFL_123","BWC",13,"13",2015,"2"
"7500","2212",31007546,574735,4918559,"P04_CFL_132","BWC",4,"L4",2005,"2"
"7501","22125",33011981,733959,4665948,"P13_CFL_108","BWC",13,"13",2015,"2"
"7502","22126",33011984,733153,4664802,"P13_CFL_97","BWC",13,"13",2015,"2"
"7503","22127",33011985,732753,4664562,"P13_CFL_97","BWC",13,"13",2015,"2"
"7504","22128",33011986,732860,4664099,"P13_CFL_97","BWC",13,"13",2015,"2"
"7505","22129",33011987,732507,4663952,"P13_CFL_97","BWC",13,"13",2015,"2"
"7506","22130",33011988,732404,4663203,"P13_CFL_97","BWC",13,"13",2015,"2"
"7507","22131",33011989,732403,4662898,"P13_CFL_97","BWC",13,"13",2015,"2"
"7508","22132",33011990,732906,4662551,"P13_CFL_97","BWC",13,"13",2015,"2"
"7509","22133",33011991,735006,4662296,"P13_CFL_82","BWC",13,"13",2015,"2"
"7510","22134",33011992,734861,4661906,"P13_CFL_82","BWC",13,"13",2015,"2"
"7511","22135",33011993,735355,4661350,"P13_CFL_73","BWC",13,"13",2015,"2"
"7512","22136",33011994,734854,4661303,"P13_CFL_82","BWC",13,"13",2015,"2"
"7513","22137",33011995,735862,4660853,"P13_CFL_70","BWC",13,"13",2015,"2"
"7514","22138",33011996,737060,4660602,"P13_CFL_70","BWC",13,"13",2015,"2"
"7515","22139",33011997,737756,4660599,"P13_CFL_70","BWC",13,"13",2015,"2"
"7516","2214",31007548,578684,4917608,"P04_CFL_19","BWC",4,"L4",2005,"2"
"7517","22140",33011998,736508,4660399,"P13_CFL_70","BWC",13,"13",2015,"2"
"7518","22142",33012000,737761,4660251,"P13_CFL_70","BWC",13,"13",2015,"2"
"7519","22143",33012001,735807,4660201,"P13_CFL_70","BWC",13,"13",2015,"2"
"7520","22144",33012002,737208,4660053,"P13_CFL_70","BWC",13,"13",2015,"2"
"7521","22145",33012003,737354,4659952,"P13_CFL_70","BWC",13,"13",2015,"2"
"7522","22146",33012004,735908,4659898,"P13_CFL_70","BWC",13,"13",2015,"2"
"7523","22147",33012005,736508,4659701,"P13_CFL_70","BWC",13,"13",2015,"2"
"7524","22148",33012006,737058,4659704,"P13_CFL_70","BWC",13,"13",2015,"2"
"7525","22149",33012007,737353,4659702,"P13_CFL_70","BWC",13,"13",2015,"2"
"7526","2215",31007549,578634,4917503,"P04_CFL_19","BWC",4,"L4",2005,"2"
"7527","22150",33012008,736859,4659600,"P13_CFL_70","BWC",13,"13",2015,"2"
"7528","22151",33012009,738107,4659603,"P13_CFL_70","BWC",13,"13",2015,"2"
"7529","22153",33012011,737454,4659502,"P13_CFL_70","BWC",13,"13",2015,"2"
"7530","22154",33012012,737806,4659501,"P13_CFL_70","BWC",13,"13",2015,"2"
"7531","22155",33012013,736305,4659398,"P13_CFL_70","BWC",13,"13",2015,"2"
"7532","22157",33012015,734110,4659300,"P13_CFL_64","BWC",13,"13",2015,"2"
"7533","22158",33012017,735961,4658850,"P13_CFL_70","BWC",13,"13",2015,"2"
"7534","22159",33012018,736557,4658804,"P13_CFL_70","BWC",13,"13",2015,"2"
"7535","2216",31007551,571728,4918352,"P04_CFL_20","BWC",4,"L4",2005,"2"
"7536","22160",33012019,737260,4658751,"P13_CFL_70","BWC",13,"13",2015,"2"
"7537","22161",33012020,738055,4658753,"P13_CFL_70","BWC",13,"13",2015,"2"
"7538","22162",33012023,738058,4658497,"P13_CFL_70","BWC",13,"13",2015,"2"
"7539","22163",33012024,738106,4658447,"P13_CFL_70","BWC",13,"13",2015,"2"
"7540","22164",33012025,736210,4658254,"P13_CFL_70","BWC",13,"13",2015,"2"
"7541","22165",33012026,736905,4658248,"P13_CFL_70","BWC",13,"13",2015,"2"
"7542","22166",33012027,735653,4658200,"P13_CFL_70","BWC",13,"13",2015,"2"
"7543","22167",33012028,736112,4658102,"P13_CFL_70","BWC",13,"13",2015,"2"
"7544","22168",33012029,736411,4658051,"P13_CFL_70","BWC",13,"13",2015,"2"
"7545","22169",33012030,735860,4658000,"P13_CFL_70","BWC",13,"13",2015,"2"
"7546","22170",33012031,736260,4658000,"P13_CFL_70","BWC",13,"13",2015,"2"
"7547","22171",33012032,735905,4657953,"P13_CFL_70","BWC",13,"13",2015,"2"
"7548","22172",33012033,736912,4657896,"P13_CFL_70","BWC",13,"13",2015,"2"
"7549","22173",33012034,736860,4657847,"P13_CFL_70","BWC",13,"13",2015,"2"
"7550","22174",33012035,737412,4657803,"P13_CFL_70","BWC",13,"13",2015,"2"
"7551","22175",33012036,737203,4657699,"P13_CFL_70","BWC",13,"13",2015,"2"
"7552","22176",33012037,737606,4657655,"P13_CFL_70","BWC",13,"13",2015,"2"
"7553","22177",33012038,737259,4657549,"P13_CFL_70","BWC",13,"13",2015,"2"
"7554","22178",33012039,737465,4657200,"P13_CFL_70","BWC",13,"13",2015,"2"
"7555","22180",33012042,737710,4656754,"P13_CFL_70","BWC",13,"13",2015,"2"
"7556","22181",33012043,737305,4656401,"P13_CFL_70","BWC",13,"13",2015,"2"
"7557","22182",33012044,736756,4656252,"P13_SC_2","BWC",13,"13",2015,"2"
"7558","22187",33012049,737760,4654702,"P13_SC_2","BWC",13,"13",2015,"1"
"7559","2219",31007554,571830,4918663,"P04_CFL_20","BWC",4,"L4",2005,"2"
"7560","22190",33012052,737207,4654104,"P13_TSC_52","BWC",13,"13",2015,"1"
"7561","22194",33012056,735159,4652157,"P13_CFL_20","BWC",13,"13",2015,"1"
"7562","22195",33012057,735253,4651849,"P13_TSC_27","BWC",13,"13",2015,"1"
"7563","22197",33012059,736963,4651704,"P13_TSC_53","BWC",13,"13",2015,"1"
"7564","22198",33012060,739308,4647707,"P13_CFL_3","BWC",13,"13",2015,"2"
"7565","22199",33012061,738904,4645699,"P13_CFL_3","BWC",13,"13",2015,"2"
"7566","2220",31007555,572080,4918701,"P04_CFL_20","BWC",4,"L4",2005,"2"
"7567","22200",33012062,739352,4645702,"P13_CFL_3","BWC",13,"13",2015,"2"
"7568","22201",33012063,739007,4645447,"P13_CFL_3","BWC",13,"13",2015,"2"
"7569","22202",33012064,735961,4653052,"P13_TSC_27","IMP",13,"13",2015,"1"
"7570","22206",33012068,735911,4652048,"P13_CFL_19","IMP",13,"13",2015,"1"
"7571","22207",33012069,735511,4652004,"P13_TSC_27","IMP",13,"13",2015,"1"
"7572","2221",31007556,581428,4912408,"P04_CFL_44","BWC",4,"L4",2005,"2"
"7573","22212",33012074,735854,4651503,"P13_CFL_14","IMP",13,"13",2015,"2"
"7574","22213",33012075,737858,4651256,"P13_CFL_8","IMP",13,"13",2015,"1"
"7575","22214",33012076,736704,4651096,"P13_CFL_10","IMP",13,"13",2015,"2"
"7576","22215",33012077,737257,4650951,"P13_CFL_200","IMP",13,"13",2015,"1"
"7577","22217",33012079,735309,4650750,"P13_CFL_9","IMP",13,"13",2015,"2"
"7578","22219",33012081,736404,4650658,"P13_CFL_10","IMP",13,"13",2015,"2"
"7579","2222",31007557,579827,4911313,"P04_CFL_44","BWC",4,"L4",2005,"2"
"7580","22220",33012082,734007,4650602,"P13_CFL_6","IMP",13,"13",2015,"2"
"7581","22221",33012083,734507,4650502,"P13_CFL_6","IMP",13,"13",2015,"2"
"7582","22223",33012085,736558,4650403,"P13_CFL_200","IMP",13,"13",2015,"2"
"7583","22224",33012086,735210,4650306,"P13_CFL_9","IMP",13,"13",2015,"2"
"7584","22225",33012087,734055,4650248,"P13_CFL_6","IMP",13,"13",2015,"2"
"7585","22226",33012088,738359,4650255,"P13_CFL_200","IMP",13,"13",2015,"1"
"7586","22227",33012090,737411,4650104,"P13_CFL_200","IMP",13,"13",2015,"1"
"7587","22229",33012092,736661,4650049,"P13_CFL_200","IMP",13,"13",2015,"1"
"7588","2223",31007558,581981,4913658,"P04_CFL_264","BWC",4,"L4",2005,"2"
"7589","22233",33012096,736558,4649805,"P13_CFL_200","IMP",13,"13",2015,"1"
"7590","22234",33012097,737208,4649705,"P13_CFL_200","IMP",13,"13",2015,"1"
"7591","22236",33012099,735008,4649700,"P13_CFL_9","IMP",13,"13",2015,"1"
"7592","22237",33012100,736503,4649705,"P13_CFL_200","IMP",13,"13",2015,"1"
"7593","22238",33012101,737510,4649649,"P13_CFL_200","IMP",13,"13",2015,"1"
"7594","2224",31007559,582679,4913608,"P04_CFL_264","BWC",4,"L4",2005,"2"
"7595","22241",33012104,735956,4649510,"P13_CFL_200","IMP",13,"13",2015,"1"
"7596","22242",33012105,736011,4649503,"P13_CFL_200","IMP",13,"13",2015,"2"
"7597","22244",33012107,737256,4649454,"P13_CFL_200","IMP",13,"13",2015,"1"
"7598","22245",33012108,734955,4649455,"P13_TSC_27","IMP",13,"13",2015,"1"
"7599","22246",33012109,737308,4649408,"P13_CFL_200","IMP",13,"13",2015,"1"
"7600","22248",33012111,733712,4649347,"P13_CFL_6","IMP",13,"13",2015,"2"
"7601","22249",33012112,737304,4649354,"P13_CFL_200","IMP",13,"13",2015,"1"
"7602","2225",31007560,582177,4913507,"P04_CFL_264","BWC",4,"L4",2005,"2"
"7603","22252",33012115,734107,4649247,"P13_CFL_6","IMP",13,"13",2015,"2"
"7604","22254",33012117,733962,4649104,"P13_CFL_6","IMP",13,"13",2015,"2"
"7605","22256",33012119,736563,4649054,"P13_CFL_200","IMP",13,"13",2015,"1"
"7606","22257",33012120,736660,4649054,"P13_CFL_200","IMP",13,"13",2015,"1"
"7607","22259",33012122,735957,4648954,"P13_CFL_200","IMP",13,"13",2015,"1"
"7608","22260",33012123,734051,4648901,"P13_CFL_6","IMP",13,"13",2015,"2"
"7609","22261",33012124,736857,4648909,"P13_CFL_200","IMP",13,"13",2015,"1"
"7610","22262",33012125,737812,4648903,"P13_CFL_200","IMP",13,"13",2015,"1"
"7611","22263",33012126,737358,4648860,"P13_CFL_200","IMP",13,"13",2015,"1"
"7612","22264",33012127,737705,4648850,"P13_CFL_200","IMP",13,"13",2015,"1"
"7613","22265",33012128,737457,4648756,"P13_CFL_200","IMP",13,"13",2015,"1"
"7614","22267",33012130,736755,4648608,"P13_CFL_200","IMP",13,"13",2015,"1"
"7615","22269",33012132,737607,4648508,"P13_CFL_200","IMP",13,"13",2015,"1"
"7616","2227",31007562,582731,4913361,"P04_CFL_264","BWC",4,"L4",2005,"2"
"7617","22271",33012134,736604,4648398,"P13_CFL_200","IMP",13,"13",2015,"1"
"7618","22272",33012135,735704,4648356,"P13_CFL_200","IMP",13,"13",2015,"2"
"7619","22273",33012136,736266,4648355,"P13_CFL_200","IMP",13,"13",2015,"1"
"7620","22274",33012137,736060,4648251,"P13_CFL_200","IMP",13,"13",2015,"1"
"7621","22275",33012138,737707,4648198,"P13_CFL_200","IMP",13,"13",2015,"2"
"7622","22276",33012139,734209,4648201,"P13_CFL_198","IMP",13,"13",2015,"2"
"7623","22277",33012140,734506,4648093,"P13_CFL_198","IMP",13,"13",2015,"2"
"7624","22278",33012141,736302,4648107,"P13_CFL_200","IMP",13,"13",2015,"1"
"7625","2228",31007563,583884,4911561,"P04_CFL_254","BWC",4,"L4",2005,"2"
"7626","22280",33012143,733612,4648095,"P13_CFL_198","IMP",13,"13",2015,"2"
"7627","22281",33012144,733803,4648049,"P13_CFL_198","IMP",13,"13",2015,"2"
"7628","22282",33012145,735357,4648053,"P13_CFL_199","IMP",13,"13",2015,"1"
"7629","22284",33012147,736813,4647703,"P13_CFL_200","IMP",13,"13",2015,"2"
"7630","22285",33012148,737455,4647710,"P13_CFL_200","IMP",13,"13",2015,"1"
"7631","22288",33012151,736601,4647644,"P13_CFL_200","IMP",13,"13",2015,"1"
"7632","22289",33012152,734007,4647606,"P13_CFL_198","IMP",13,"13",2015,"2"
"7633","2229",31007564,584275,4910859,"P04_CFL_253","BWC",4,"L4",2005,"2"
"7634","22290",33012153,736718,4647299,"P13_CFL_200","IMP",13,"13",2015,"1"
"7635","22291",33012154,737507,4647253,"P13_CFL_200","IMP",13,"13",2015,"1"
"7636","22292",33012155,736412,4647257,"P13_CFL_200","IMP",13,"13",2015,"1"
"7637","22293",33012156,738154,4647250,"P13_CFL_200","IMP",13,"13",2015,"2"
"7638","22295",33012158,736006,4647101,"P13_CFL_200","IMP",13,"13",2015,"2"
"7639","22297",33012160,738107,4647051,"P13_CFL_200","IMP",13,"13",2015,"1"
"7640","223",31002183,579538,4915260,"P04_CFL_19","BWC",4,"L4",1998,"2"
"7641","2230",31007565,584534,4910807,"P04_TSC_31","BWC",4,"L4",2005,"2"
"7642","22300",33012163,734209,4646796,"P13_CFL_198","IMP",13,"13",2015,"2"
"7643","22301",33012164,738008,4646800,"P13_TSC_23","IMP",13,"13",2015,"2"
"7644","22303",33012166,736358,4646645,"P13_CFL_200","IMP",13,"13",2015,"1"
"7645","22305",33012168,736560,4646400,"P13_CFL_200","IMP",13,"13",2015,"1"
"7646","22307",33012170,736313,4646354,"P13_CFL_200","IMP",13,"13",2015,"1"
"7647","22309",33012172,733957,4646253,"P13_CFL_198","IMP",13,"13",2015,"1"
"7648","2231",31007566,579981,4916758,"P04_CFL_19","BWC",4,"L4",2005,"2"
"7649","22310",33012173,738209,4646049,"P13_CFL_200","IMP",13,"13",2015,"2"
"7650","22311",33012174,733813,4646001,"P13_CFL_198","IMP",13,"13",2015,"1"
"7651","22313",33012176,738048,4645956,"P13_CFL_200","IMP",13,"13",2015,"1"
"7652","22315",33012178,734011,4645849,"P13_CFL_198","IMP",13,"13",2015,"2"
"7653","2232",31007567,579282,4916560,"P04_CFL_19","BWC",4,"L4",2005,"2"
"7654","22322",33012185,738102,4645652,"P13_CFL_200","IMP",13,"13",2015,"2"
"7655","22324",33012187,737208,4645498,"P13_CFL_200","IMP",13,"13",2015,"1"
"7656","22326",33012189,736557,4645404,"P13_CFL_200","IMP",13,"13",2015,"1"
"7657","22329",33012192,735666,4645300,"P13_CFL_198","IMP",13,"13",2015,"1"
"7658","2233",31007568,580935,4916449,"P04_CFL_19","BWC",4,"L4",2005,"2"
"7659","22330",33012193,738106,4645253,"P13_CFL_200","IMP",13,"13",2015,"2"
"7660","22331",33012194,737808,4645202,"P13_CFL_200","IMP",13,"13",2015,"1"
"7661","22336",33012199,734401,4644853,"P13_CFL_198","IMP",13,"13",2015,"1"
"7662","22339",33012202,738114,4644653,"P13_CFL_200","IMP",13,"13",2015,"2"
"7663","2234",31007569,581082,4916159,"P04_CFL_19","BWC",4,"L4",2005,"2"
"7664","22341",33012204,735162,4644544,"P13_CFL_198","IMP",13,"13",2015,"1"
"7665","22346",33012209,737458,4644104,"P13_CFL_200","IMP",13,"13",2015,"1"
"7666","22347",33012210,734658,4643998,"P13_CFL_198","IMP",13,"13",2015,"2"
"7667","2235",31007570,579630,4916108,"P04_CFL_218","BWC",4,"L4",2005,"2"
"7668","22350",33012213,737659,4643853,"P13_CFL_200","IMP",13,"13",2015,"2"
"7669","22354",33012217,734159,4643700,"P13_TSC_21","IMP",13,"13",2015,"1"
"7670","22355",33012218,737605,4643701,"P13_CFL_200","IMP",13,"13",2015,"2"
"7671","22356",33012219,734009,4643653,"P13_CFL_198","IMP",13,"13",2015,"1"
"7672","22358",33012221,737159,4643600,"P13_CFL_200","IMP",13,"13",2015,"2"
"7673","2236",31007571,580676,4916113,"P04_CFL_19","BWC",4,"L4",2005,"2"
"7674","22361",33012224,737110,4643552,"P13_CFL_200","IMP",13,"13",2015,"2"
"7675","22362",33012225,734110,4643504,"P13_CFL_198","IMP",13,"13",2015,"1"
"7676","22363",33012226,736757,4643353,"P13_CFL_200","IMP",13,"13",2015,"2"
"7677","22364",33012227,734152,4643204,"P13_CFL_198","IMP",13,"13",2015,"1"
"7678","22365",33012228,737555,4643200,"P13_CFL_200","IMP",13,"13",2015,"2"
"7679","22366",33012229,734360,4643153,"P13_CFL_198","IMP",13,"13",2015,"2"
"7680","22369",33012232,734506,4642851,"P13_CFL_198","IMP",13,"13",2015,"1"
"7681","2237",31007572,579781,4916059,"P04_CFL_19","BWC",4,"L4",2005,"2"
"7682","22370",33012233,734961,4642848,"P13_CFL_198","IMP",13,"13",2015,"1"
"7683","22371",33012234,737402,4642801,"P13_CFL_200","IMP",13,"13",2015,"2"
"7684","22372",33012235,734705,4642699,"P13_CFL_198","IMP",13,"13",2015,"2"
"7685","22373",33012236,737161,4642703,"P13_CFL_200","IMP",13,"13",2015,"2"
"7686","22374",33012237,734364,4642558,"P13_CFL_198","IMP",13,"13",2015,"2"
"7687","2238",31007573,581182,4916057,"P04_CFL_19","BWC",4,"L4",2005,"2"
"7688","2239",31007574,580824,4915956,"P04_CFL_19","BWC",4,"L4",2005,"2"
"7689","224",31002184,580330,4915163,"P04_CFL_19","BWC",4,"L4",1998,"2"
"7690","2240",31007575,579431,4915904,"P04_CFL_218","BWC",4,"L4",2005,"2"
"7691","2241",31007576,580884,4915904,"P04_CFL_19","BWC",4,"L4",2005,"2"
"7692","22416",33012308,735862,4656454,"P13_SCB_32","MBC",13,"13",2016,"2"
"7693","22417",33012310,735905,4655746,"P13_SC_4","MBC",13,"13",2016,"2"
"7694","2242",31007577,581275,4915863,"P04_CFL_19","BWC",4,"L4",2005,"2"
"7695","22421",33012314,736959,4655051,"P13_SCB_45","MBC",13,"13",2016,"2"
"7696","22423",33012316,736959,4654051,"P13_USCB_21","MBC",13,"13",2016,"2"
"7697","2243",31007578,578277,4915457,"P04_CFL_19","BWC",4,"L4",2005,"2"
"7698","22430",33012323,736497,4652852,"P13_SCB_31","MBC",13,"13",2016,"2"
"7699","22431",33012324,736700,4652752,"P13_SCB_31","MBC",13,"13",2016,"2"
"7700","22432",33012325,736808,4652753,"P13_SCB_31","MBC",13,"13",2016,"2"
"7701","22433",33012326,736652,4652702,"P13_SCB_31","MBC",13,"13",2016,"2"
"7702","22434",33012327,736555,4652653,"P13_SCB_31","MBC",13,"13",2016,"2"
"7703","22435",33012329,736659,4652499,"P13_SCB_31","MBC",13,"13",2016,"2"
"7704","22436",33012330,736557,4652248,"P13_SCB_31","MBC",13,"13",2016,"2"
"7705","22438",33012332,736355,4650701,"P13_SCB_44","MBC",13,"13",2016,"2"
"7706","2244",31007579,581778,4915457,"P04_CFL_19","BWC",4,"L4",2005,"2"
"7707","22440",33012334,735209,4648352,"P13_USCB_20","MBC",13,"13",2016,"2"
"7708","2245",31007580,580230,4915415,"P04_CFL_19","BWC",4,"L4",2005,"2"
"7709","2246",31007581,582081,4915259,"P04_CFL_19","BWC",4,"L4",2005,"2"
"7710","22463",33012358,732695,4668135,"P13_CFL_201","SC",13,"13",2016,"2"
"7711","22465",33012361,732614,4667795,"P13_USCB_24","SC",13,"13",2016,"2"
"7712","22468",33012365,733898,4663661,"P13_CFL_87","SC",13,"13",2016,"2"
"7713","22472",33012369,733907,4659106,"P13_SC_5","SC",13,"13",2016,"2"
"7714","22479",33012378,736658,4656651,"P13_TSC_51","SC",13,"13",2016,"2"
"7715","2248",31007583,581783,4915156,"P04_CFL_19","BWC",4,"L4",2005,"2"
"7716","22480",33012379,736759,4656553,"P13_SC_2","SC",13,"13",2016,"2"
"7717","22486",33012385,735454,4655595,"P13_CFL_52","SC",13,"13",2016,"2"
"7718","2249",31007584,579978,4915102,"P04_CFL_19","BWC",4,"L4",2005,"2"
"7719","22497",33012399,719208,4676853,"P13_CFL_150","BWC",13,"13",2016,"1"
"7720","2250",31007585,582278,4914957,"P04_CFL_19","BWC",4,"L4",2005,"2"
"7721","22502",33012405,727213,4671144,"P13_CFL_128","BWC",13,"13",2016,"2"
"7722","22503",33012406,727605,4670707,"P13_CFL_128","BWC",13,"13",2016,"2"
"7723","22504",33012407,728312,4670651,"P13_CFL_121","BWC",13,"13",2016,"2"
"7724","22505",33012408,726153,4670598,"P13_CFL_128","BWC",13,"13",2016,"2"
"7725","22506",33012409,726360,4670595,"P13_CFL_128","BWC",13,"13",2016,"2"
"7726","22507",33012410,727209,4670548,"P13_CFL_128","BWC",13,"13",2016,"2"
"7727","22508",33012411,729099,4670246,"P13_CFL_121","BWC",13,"13",2016,"2"
"7728","22509",33012412,727658,4670100,"P13_CFL_128","BWC",13,"13",2016,"2"
"7729","2251",31007586,580183,4914905,"P04_CFL_19","BWC",4,"L4",2005,"2"
"7730","22510",33012413,726108,4670055,"P13_CFL_128","BWC",13,"13",2016,"2"
"7731","22511",33012414,729353,4670054,"P13_CFL_121","BWC",13,"13",2016,"2"
"7732","22512",33012415,729158,4669553,"P13_TSC_37","BWC",13,"13",2016,"2"
"7733","22514",33012418,733754,4669354,"P13_CFL_123","BWC",13,"13",2016,"2"
"7734","22515",33012419,729753,4669260,"P13_TSC_37","BWC",13,"13",2016,"2"
"7735","22516",33012420,733754,4669103,"P13_CFL_123","BWC",13,"13",2016,"2"
"7736","22517",33012421,732904,4668993,"P13_CFL_123","BWC",13,"13",2016,"2"
"7737","22518",33012422,733068,4668896,"P13_CFL_123","BWC",13,"13",2016,"2"
"7738","22519",33012423,733711,4668893,"P13_CFL_123","BWC",13,"13",2016,"2"
"7739","2252",31007587,581029,4914860,"P04_CFL_19","BWC",4,"L4",2005,"2"
"7740","22521",33012426,733856,4664908,"P13_CFL_100","BWC",13,"13",2016,"2"
"7741","22522",33012427,732404,4664447,"P13_CFL_97","BWC",13,"13",2016,"2"
"7742","22523",33012428,732955,4664048,"P13_CFL_97","BWC",13,"13",2016,"2"
"7743","22524",33012429,733856,4663845,"P13_CFL_88","BWC",13,"13",2016,"2"
"7744","22526",33012431,732964,4663451,"P13_CFL_97","BWC",13,"13",2016,"2"
"7745","22527",33012432,732412,4662949,"P13_CFL_97","BWC",13,"13",2016,"2"
"7746","22528",33012433,732955,4662449,"P13_CFL_97","BWC",13,"13",2016,"2"
"7747","22529",33012434,734710,4662050,"P13_CFL_82","BWC",13,"13",2016,"2"
"7748","2253",31007588,581228,4914855,"P04_CFL_19","BWC",4,"L4",2005,"2"
"7749","22530",33012435,735409,4661450,"P13_CFL_73","BWC",13,"13",2016,"2"
"7750","22531",33012436,734862,4661106,"P13_CFL_71","BWC",13,"13",2016,"2"
"7751","22532",33012437,736105,4660946,"P13_CFL_70","BWC",13,"13",2016,"2"
"7752","22533",33012438,736156,4660795,"P13_CFL_70","BWC",13,"13",2016,"2"
"7753","22534",33012439,737556,4660759,"P13_CFL_70","BWC",13,"13",2016,"2"
"7754","22535",33012440,737715,4660704,"P13_CFL_70","BWC",13,"13",2016,"2"
"7755","22536",33012441,736009,4660553,"P13_CFL_70","BWC",13,"13",2016,"2"
"7756","22537",33012442,736105,4660303,"P13_CFL_70","BWC",13,"13",2016,"2"
"7757","22538",33012443,736911,4660253,"P13_CFL_70","BWC",13,"13",2016,"2"
"7758","22539",33012444,737613,4660193,"P13_CFL_70","BWC",13,"13",2016,"2"
"7759","2254",31007589,581033,4914809,"P04_CFL_19","BWC",4,"L4",2005,"2"
"7760","22541",33012446,736504,4660055,"P13_CFL_70","BWC",13,"13",2016,"2"
"7761","22542",33012447,737405,4660057,"P13_CFL_70","BWC",13,"13",2016,"2"
"7762","22543",33012448,737958,4660056,"P13_CFL_70","BWC",13,"13",2016,"2"
"7763","22544",33012449,736857,4659950,"P13_CFL_70","BWC",13,"13",2016,"2"
"7764","22545",33012450,737006,4659900,"P13_CFL_70","BWC",13,"13",2016,"2"
"7765","22546",33012451,737310,4659904,"P13_CFL_70","BWC",13,"13",2016,"2"
"7766","22547",33012452,738160,4659848,"P13_CFL_70","BWC",13,"13",2016,"2"
"7767","22548",33012453,736309,4659753,"P13_CFL_70","BWC",13,"13",2016,"2"
"7768","22549",33012454,738209,4659704,"P13_CFL_70","BWC",13,"13",2016,"2"
"7769","2255",31007590,581327,4914810,"P04_CFL_19","BWC",4,"L4",2005,"2"
"7770","22550",33012455,736412,4659599,"P13_CFL_70","BWC",13,"13",2016,"2"
"7771","22551",33012456,738056,4659601,"P13_CFL_70","BWC",13,"13",2016,"2"
"7772","22552",33012458,737662,4659546,"P13_CFL_70","BWC",13,"13",2016,"2"
"7773","22553",33012459,737499,4659449,"P13_CFL_70","BWC",13,"13",2016,"2"
"7774","22554",33012460,736460,4659354,"P13_CFL_70","BWC",13,"13",2016,"2"
"7775","22555",33012461,737609,4659200,"P13_CFL_70","BWC",13,"13",2016,"2"
"7776","22556",33012462,737611,4659048,"P13_CFL_70","BWC",13,"13",2016,"2"
"7777","22557",33012463,737452,4658950,"P13_CFL_70","BWC",13,"13",2016,"2"
"7778","22558",33012464,738211,4658949,"P13_CFL_70","BWC",13,"13",2016,"2"
"7779","22559",33012465,737005,4658856,"P13_CFL_70","BWC",13,"13",2016,"2"
"7780","2256",31007591,581182,4914755,"P04_CFL_19","BWC",4,"L4",2005,"2"
"7781","22560",33012466,736356,4658794,"P13_CFL_70","BWC",13,"13",2016,"2"
"7782","22561",33012467,735754,4658547,"P13_CFL_70","BWC",13,"13",2016,"2"
"7783","22562",33012468,735614,4658251,"P13_CFL_70","BWC",13,"13",2016,"2"
"7784","22563",33012469,736455,4658201,"P13_CFL_70","BWC",13,"13",2016,"2"
"7785","22564",33012470,738405,4658203,"P13_CFL_70","BWC",13,"13",2016,"2"
"7786","22565",33012471,736256,4658106,"P13_CFL_70","BWC",13,"13",2016,"2"
"7787","22566",33012472,737354,4658048,"P13_CFL_70","BWC",13,"13",2016,"2"
"7788","22567",33012473,736001,4657902,"P13_CFL_70","BWC",13,"13",2016,"2"
"7789","22568",33012474,737456,4657858,"P13_CFL_70","BWC",13,"13",2016,"2"
"7790","22569",33012475,737549,4657696,"P13_CFL_70","BWC",13,"13",2016,"2"
"7791","2257",31007592,581034,4914703,"P04_CFL_19","BWC",4,"L4",2005,"2"
"7792","22570",33012476,738108,4657695,"P13_CFL_70","BWC",13,"13",2016,"2"
"7793","22571",33012477,738054,4656996,"P13_CFL_70","BWC",13,"13",2016,"2"
"7794","22572",33012479,738011,4656601,"P13_CFL_70","BWC",13,"13",2016,"2"
"7795","22573",33012480,738255,4656505,"P13_CFL_70","BWC",13,"13",2016,"2"
"7796","22574",33012481,737908,4656399,"P13_CFL_70","BWC",13,"13",2016,"2"
"7797","22576",33012483,736954,4655699,"P13_CFL_55","BWC",13,"13",2016,"2"
"7798","22579",33012487,737555,4654760,"P13_CFL_40","BWC",13,"13",2016,"2"
"7799","2258",31007593,581928,4914305,"P04_CFL_19","BWC",4,"L4",2005,"2"
"7800","22581",33012490,737210,4654719,"P13_CFL_55","BWC",13,"13",2016,"2"
"7801","22582",33012491,735563,4654560,"P13_CFL_39","BWC",13,"13",2016,"2"
"7802","22584",33012493,736053,4653696,"P13_CFL_36","BWC",13,"13",2016,"2"
"7803","22585",33012494,737308,4653652,"P13_CFL_30","BWC",13,"13",2016,"1"
"7804","2259",31007594,581733,4914210,"P04_CFL_19","BWC",4,"L4",2005,"2"
"7805","22590",33012499,735359,4652398,"P13_CFL_22","BWC",13,"13",2016,"2"
"7806","22591",33012500,735309,4652356,"P13_CFL_22","BWC",13,"13",2016,"2"
"7807","22594",33012506,739357,4647500,"P13_CFL_3","BWC",13,"13",2016,"2"
"7808","22595",33012507,739407,4647254,"P13_CFL_3","BWC",13,"13",2016,"2"
"7809","22596",33012508,739558,4646948,"P13_CFL_3","BWC",13,"13",2016,"2"
"7810","22597",33012509,739308,4646253,"P13_CFL_3","BWC",13,"13",2016,"2"
"7811","22598",33012510,739456,4646256,"P13_CFL_3","BWC",13,"13",2016,"2"
"7812","22599",33012511,739205,4645803,"P13_CFL_3","BWC",13,"13",2016,"2"
"7813","226",31002186,580983,4915056,"P04_CFL_19","BWC",4,"L4",1998,"2"
"7814","2260",31007595,582083,4914204,"P04_CFL_19","BWC",4,"L4",2005,"2"
"7815","22600",33012512,738510,4645403,"P13_CFL_2","BWC",13,"13",2016,"2"
"7816","22601",33012513,738607,4644502,"P13_CFL_200","BWC",13,"13",2016,"2"
"7817","22604",33012516,737506,4652499,"P13_CFL_23","IMP",13,"13",2016,"2"
"7818","2261",31007596,580427,4912912,"P04_CFL_44","BWC",4,"L4",2005,"2"
"7819","22611",33012523,736002,4651599,"P13_CFL_14","IMP",13,"13",2016,"2"
"7820","22612",33012524,737061,4651497,"P13_CFL_10","IMP",13,"13",2016,"2"
"7821","22613",33012525,737206,4651505,"P13_CFL_16","IMP",13,"13",2016,"2"
"7822","22615",33012527,735904,4651300,"P13_CFL_14","IMP",13,"13",2016,"2"
"7823","22616",33012528,737060,4651299,"P13_CFL_10","IMP",13,"13",2016,"2"
"7824","2262",31007597,580280,4912859,"P04_CFL_44","BWC",4,"L4",2005,"2"
"7825","22623",33012539,734811,4650403,"P13_CFL_6","IMP",13,"13",2016,"2"
"7826","22625",33012542,736312,4650307,"P13_CFL_200","IMP",13,"13",2016,"2"
"7827","22628",33012545,736408,4650107,"P13_CFL_200","IMP",13,"13",2016,"2"
"7828","2263",31007598,579978,4912813,"P04_CFL_44","BWC",4,"L4",2005,"2"
"7829","22631",33012548,737105,4649950,"P13_CFL_200","IMP",13,"13",2016,"2"
"7830","22632",33012549,737155,4649911,"P13_CFL_200","IMP",13,"13",2016,"1"
"7831","22633",33012550,735153,4649907,"P13_CFL_9","IMP",13,"13",2016,"2"
"7832","22634",33012552,737457,4649856,"P13_CFL_200","IMP",13,"13",2016,"2"
"7833","22637",33012555,738067,4649802,"P13_CFL_200","IMP",13,"13",2016,"1"
"7834","22638",33012556,736251,4649800,"P13_CFL_200","IMP",13,"13",2016,"1"
"7835","22639",33012557,734554,4649705,"P13_CFL_6","IMP",13,"13",2016,"2"
"7836","22641",33012559,734055,4649599,"P13_CFL_6","IMP",13,"13",2016,"2"
"7837","22644",33012563,737702,4649447,"P13_CFL_200","IMP",13,"13",2016,"1"
"7838","22645",33012564,736708,4649450,"P13_CFL_200","IMP",13,"13",2016,"1"
"7839","22646",33012565,733559,4649407,"P13_CFL_6","IMP",13,"13",2016,"2"
"7840","22647",33012566,736404,4649400,"P13_CFL_200","IMP",13,"13",2016,"2"
"7841","22649",33012568,737658,4649256,"P13_CFL_200","IMP",13,"13",2016,"2"
"7842","2265",31007600,580730,4912762,"P04_CFL_44","BWC",4,"L4",2005,"2"
"7843","22650",33012569,736460,4649247,"P13_CFL_200","IMP",13,"13",2016,"2"
"7844","22651",33012570,737405,4649207,"P13_CFL_200","IMP",13,"13",2016,"2"
"7845","22654",33012573,734510,4648951,"P13_CFL_6","IMP",13,"13",2016,"2"
"7846","22655",33012574,733856,4648903,"P13_CFL_6","IMP",13,"13",2016,"2"
"7847","22656",33012575,735509,4648844,"P13_CFL_199","IMP",13,"13",2016,"2"
"7848","22659",33012578,737507,4648649,"P13_CFL_200","IMP",13,"13",2016,"1"
"7849","2266",31007601,579525,4912712,"P04_CFL_44","BWC",4,"L4",2005,"2"
"7850","22661",33012580,737756,4648409,"P13_CFL_200","IMP",13,"13",2016,"2"
"7851","22662",33012581,734508,4648349,"P13_CFL_198","IMP",13,"13",2016,"2"
"7852","22663",33012582,736558,4648354,"P13_CFL_200","IMP",13,"13",2016,"2"
"7853","22665",33012584,735308,4648254,"P13_CFL_199","IMP",13,"13",2016,"2"
"7854","22668",33012587,734756,4648103,"P13_CFL_198","IMP",13,"13",2016,"2"
"7855","2267",31007602,579833,4912714,"P04_CFL_44","BWC",4,"L4",2005,"2"
"7856","22670",33012589,734150,4647954,"P13_CFL_198","IMP",13,"13",2016,"2"
"7857","22671",33012590,736759,4647904,"P13_CFL_200","IMP",13,"13",2016,"2"
"7858","22672",33012591,735256,4647908,"P13_USCB_20","IMP",13,"13",2016,"2"
"7859","22673",33012592,737760,4647708,"P13_CFL_200","IMP",13,"13",2016,"1"
"7860","22674",33012593,734454,4647705,"P13_CFL_198","IMP",13,"13",2016,"2"
"7861","22675",33012594,736603,4647702,"P13_CFL_200","IMP",13,"13",2016,"2"
"7862","22676",33012595,736706,4647658,"P13_CFL_200","IMP",13,"13",2016,"2"
"7863","22678",33012597,734200,4647562,"P13_CFL_198","IMP",13,"13",2016,"2"
"7864","2268",31007603,580233,4912656,"P04_CFL_44","BWC",4,"L4",2005,"2"
"7865","22680",33012599,737813,4647455,"P13_CFL_200","IMP",13,"13",2016,"1"
"7866","22683",33012602,738103,4647107,"P13_CFL_200","IMP",13,"13",2016,"1"
"7867","22684",33012603,737660,4647001,"P13_CFL_200","IMP",13,"13",2016,"1"
"7868","22685",33012604,736008,4647003,"P13_CFL_200","IMP",13,"13",2016,"2"
"7869","22686",33012605,737464,4646898,"P13_CFL_200","IMP",13,"13",2016,"1"
"7870","22688",33012607,736615,4646899,"P13_CFL_200","IMP",13,"13",2016,"1"
"7871","22689",33012608,733954,4646854,"P13_CFL_198","IMP",13,"13",2016,"2"
"7872","2269",31007604,579883,4912603,"P04_CFL_44","BWC",4,"L4",2005,"2"
"7873","22691",33012610,737559,4646756,"P13_CFL_200","IMP",13,"13",2016,"1"
"7874","22692",33012611,734256,4646651,"P13_CFL_198","IMP",13,"13",2016,"2"
"7875","22699",33012618,733902,4646255,"P13_TSC_21","IMP",13,"13",2016,"1"
"7876","227",31002187,581386,4915011,"P04_CFL_19","BWC",4,"L4",1998,"2"
"7877","2270",31007605,579337,4912255,"P04_CFL_44","BWC",4,"L4",2005,"2"
"7878","22700",33012619,736412,4646255,"P13_CFL_200","IMP",13,"13",2016,"1"
"7879","22702",33012621,737364,4646209,"P13_CFL_200","IMP",13,"13",2016,"2"
"7880","22707",33012626,736858,4645952,"P13_CFL_200","IMP",13,"13",2016,"1"
"7881","22709",33012628,733752,4645701,"P13_CFL_198","IMP",13,"13",2016,"2"
"7882","2271",31007606,579480,4912255,"P04_CFL_44","BWC",4,"L4",2005,"2"
"7883","22712",33012631,736312,4645655,"P13_CFL_200","IMP",13,"13",2016,"1"
"7884","22713",33012632,738055,4645610,"P13_CFL_200","IMP",13,"13",2016,"2"
"7885","22718",33012637,735660,4645401,"P13_CFL_198","IMP",13,"13",2016,"1"
"7886","2272",31007607,580482,4911810,"P04_CFL_44","BWC",4,"L4",2005,"2"
"7887","22720",33012639,737861,4645210,"P13_CFL_200","IMP",13,"13",2016,"2"
"7888","22722",33012641,734810,4645140,"P13_CFL_198","IMP",13,"13",2016,"1"
"7889","22724",33012643,736412,4645152,"P13_USCB_2","IMP",13,"13",2016,"1"
"7890","22725",33012644,738152,4645007,"P13_CFL_200","IMP",13,"13",2016,"2"
"7891","22730",33012649,734905,4644547,"P13_CFL_198","IMP",13,"13",2016,"1"
"7892","22732",33012651,734909,4644406,"P13_CFL_198","IMP",13,"13",2016,"1"
"7893","22736",33012655,737511,4644253,"P13_CFL_200","IMP",13,"13",2016,"1"
"7894","22738",33012657,734354,4644056,"P13_CFL_198","IMP",13,"13",2016,"1"
"7895","22739",33012658,737807,4644004,"P13_CFL_200","IMP",13,"13",2016,"2"
"7896","2274",31007609,583525,4909551,"P04_CFL_240","BWC",4,"L4",2005,"2"
"7897","22743",33012662,733858,4643948,"P13_CFL_198","IMP",13,"13",2016,"2"
"7898","22745",33012664,738057,4643907,"P13_CFL_200","IMP",13,"13",2016,"2"
"7899","22748",33012667,734799,4643856,"P13_CFL_198","IMP",13,"13",2016,"1"
"7900","2275",31007610,583935,4909253,"P04_CFL_240","BWC",4,"L4",2005,"2"
"7901","22750",33012669,737212,4643852,"P13_CFL_200","IMP",13,"13",2016,"2"
"7902","22751",33012670,737300,4643856,"P13_CFL_200","IMP",13,"13",2016,"2"
"7903","22752",33012671,737409,4643808,"P13_CFL_200","IMP",13,"13",2016,"2"
"7904","22754",33012673,737762,4643606,"P13_CFL_200","IMP",13,"13",2016,"2"
"7905","22755",33012674,737958,4643605,"P13_CFL_200","IMP",13,"13",2016,"2"
"7906","22757",33012676,733912,4643498,"P13_CFL_198","IMP",13,"13",2016,"2"
"7907","22758",33012677,736863,4643253,"P13_CFL_200","IMP",13,"13",2016,"2"
"7908","22759",33012678,737264,4643204,"P13_CFL_200","IMP",13,"13",2016,"2"
"7909","22762",33012681,736452,4643053,"P13_CFL_200","IMP",13,"13",2016,"2"
"7910","22763",33012682,736858,4643053,"P13_CFL_200","IMP",13,"13",2016,"2"
"7911","22764",33012683,734602,4642899,"P13_CFL_198","IMP",13,"13",2016,"1"
"7912","22765",33012684,737355,4642849,"P13_CFL_200","IMP",13,"13",2016,"2"
"7913","22766",33012685,736553,4642753,"P13_CFL_200","IMP",13,"13",2016,"2"
"7914","22767",33012686,736658,4642701,"P13_CFL_200","IMP",13,"13",2016,"2"
"7915","22768",33012687,734902,4642653,"P13_CFL_198","IMP",13,"13",2016,"1"
"7916","22769",33012688,735060,4642602,"P13_CFL_198","IMP",13,"13",2016,"1"
"7917","2279",31007614,573728,4916809,"P04_TSC_15","BWC",4,"L4",2005,"2"
"7918","228",31002188,579982,4914863,"P04_CFL_19","BWC",4,"L4",1998,"2"
"7919","2280",31007615,577777,4916663,"P04_CFL_271","BWC",4,"L4",2005,"2"
"7920","22806",33012751,735957,4655701,"P13_SC_4","MBC",13,"13",2017,"2"
"7921","22807",33012752,735957,4655651,"P13_SC_4","MBC",13,"13",2017,"2"
"7922","2281",31007616,577975,4916160,"P04_CFL_19","BWC",4,"L4",2005,"2"
"7923","22819",33012766,736657,4652801,"P13_SCB_31","MBC",13,"13",2017,"2"
"7924","22822",33012773,736657,4652101,"P13_SCB_31","MBC",13,"13",2017,"2"
"7925","22823",33012775,736457,4651951,"P13_SCB_31","MBC",13,"13",2017,"2"
"7926","22824",33012776,736507,4651901,"P13_SCB_31","MBC",13,"13",2017,"2"
"7927","22825",33012777,736357,4651801,"P13_SCB_31","MBC",13,"13",2017,"1"
"7928","22829",33012781,735207,4648451,"P13_USCB_20","MBC",13,"13",2017,"1"
"7929","2283",31007621,582277,4913807,"P04_CFL_264","BWC",4,"L4",2005,"2"
"7930","22830",33012782,735207,4648351,"P13_USCB_20","MBC",13,"13",2017,"1"
"7931","22831",33012783,735507,4646951,"P13_USCB_19","MBC",13,"13",2017,"2"
"7932","2284",31007622,582532,4913807,"P04_CFL_264","BWC",4,"L4",2005,"2"
"7933","22847",33012799,718008,4676650,"P13_SC_16","SC",13,"13",2017,"2"
"7934","2285",31007624,582627,4913760,"P04_CFL_264","BWC",4,"L4",2005,"2"
"7935","2286",31007625,581733,4913710,"P04_CFL_262","BWC",4,"L4",2005,"2"
"7936","22866",33012820,735557,4659251,"P13_TSC_33","SC",13,"13",2017,"2"
"7937","2287",31007626,581729,4913613,"P04_CFL_260","BWC",4,"L4",2005,"2"
"7938","22876",33012832,736457,4656751,"P13_TSC_28","SC",13,"13",2017,"2"
"7939","22883",33012839,736257,4653501,"P13_TSC_27","SC",13,"13",2017,"2"
"7940","22884",33012840,736107,4653201,"P13_TSC_27","SC",13,"13",2017,"1"
"7941","22885",33012841,737657,4652801,"P13_CFL_23","SC",13,"13",2017,"1"
"7942","22886",33012842,737957,4651351,"P13_SC_2","SC",13,"13",2017,"1"
"7943","2289",31007628,579384,4913211,"P04_CFL_44","BWC",4,"L4",2005,"2"
"7944","22898",33012856,728457,4670850,"P13_CFL_121","BWC",13,"13",2017,"2"
"7945","22899",33012857,728457,4670800,"P13_CFL_121","BWC",13,"13",2017,"2"
"7946","229",31002189,581332,4914861,"P04_CFL_19","BWC",4,"L4",1998,"1"
"7947","2290",31007629,579974,4913110,"P04_TSC_41","BWC",4,"L4",2005,"2"
"7948","22900",33012858,726358,4670700,"P13_CFL_128","BWC",13,"13",2017,"2"
"7949","22901",33012859,728307,4670650,"P13_CFL_121","BWC",13,"13",2017,"2"
"7950","22902",33012860,727457,4670550,"P13_CFL_128","BWC",13,"13",2017,"2"
"7951","22903",33012861,728957,4670550,"P13_CFL_121","BWC",13,"13",2017,"2"
"7952","22904",33012862,726558,4670450,"P13_CFL_128","BWC",13,"13",2017,"2"
"7953","22906",33012864,729207,4670250,"P13_CFL_121","BWC",13,"13",2017,"2"
"7954","22907",33012865,727357,4670200,"P13_CFL_128","BWC",13,"13",2017,"2"
"7955","22908",33012866,725858,4670150,"P13_CFL_128","BWC",13,"13",2017,"2"
"7956","22909",33012867,729057,4670050,"P13_CFL_121","BWC",13,"13",2017,"2"
"7957","22910",33012868,730007,4669900,"P13_CFL_121","BWC",13,"13",2017,"2"
"7958","22912",33012870,726058,4669850,"P13_CFL_128","BWC",13,"13",2017,"2"
"7959","22913",33012871,731957,4669800,"P13_CFL_203","BWC",13,"13",2017,"2"
"7960","22915",33012873,726108,4669700,"P13_CFL_128","BWC",13,"13",2017,"2"
"7961","22916",33012874,733457,4669550,"P13_CFL_123","BWC",13,"13",2017,"2"
"7962","22917",33012875,733257,4669450,"P13_CFL_123","BWC",13,"13",2017,"2"
"7963","22918",33012876,730107,4669400,"P13_CFL_121","BWC",13,"13",2017,"2"
"7964","2292",31007631,583827,4911804,"P04_TSC_31","BWC",4,"L4",2005,"2"
"7965","22922",33012880,734307,4668550,"P13_CFL_123","BWC",13,"13",2017,"2"
"7966","22924",33012882,733957,4668250,"P13_CFL_123","BWC",13,"13",2017,"2"
"7967","22928",33012887,733157,4666150,"P13_CFL_111","BWC",13,"13",2017,"2"
"7968","2293",31007632,584929,4911610,"P04_CFL_269","BWC",4,"L4",2005,"2"
"7969","22930",33012890,733107,4664450,"P13_CFL_97","BWC",13,"13",2017,"2"
"7970","22931",33012891,732507,4664301,"P13_CFL_97","BWC",13,"13",2017,"2"
"7971","22932",33012892,732607,4664051,"P13_CFL_97","BWC",13,"13",2017,"2"
"7972","22933",33012893,733357,4664001,"P13_CFL_97","BWC",13,"13",2017,"2"
"7973","22934",33012894,732557,4663801,"P13_CFL_97","BWC",13,"13",2017,"2"
"7974","22935",33012895,732857,4663751,"P13_CFL_97","BWC",13,"13",2017,"2"
"7975","22937",33012897,732907,4663201,"P13_CFL_97","BWC",13,"13",2017,"2"
"7976","22938",33012898,735007,4662601,"P13_CFL_82","BWC",13,"13",2017,"2"
"7977","2294",31007633,584530,4910458,"P04_CFL_252","BWC",4,"L4",2005,"2"
"7978","22940",33012900,734707,4662301,"P13_CFL_82","BWC",13,"13",2017,"2"
"7979","22941",33012901,736057,4661051,"P13_CFL_70","BWC",13,"13",2017,"2"
"7980","22942",33012902,734807,4661001,"P13_CFL_71","BWC",13,"13",2017,"2"
"7981","22943",33012903,737307,4660901,"P13_CFL_70","BWC",13,"13",2017,"2"
"7982","22944",33012904,735357,4660851,"P13_CFL_73","BWC",13,"13",2017,"2"
"7983","22945",33012905,737607,4660751,"P13_CFL_70","BWC",13,"13",2017,"2"
"7984","22946",33012906,736857,4660651,"P13_CFL_70","BWC",13,"13",2017,"2"
"7985","22947",33012907,737057,4660551,"P13_CFL_70","BWC",13,"13",2017,"2"
"7986","22948",33012908,735657,4660401,"P13_CFL_70","BWC",13,"13",2017,"2"
"7987","22949",33012909,736557,4660301,"P13_CFL_70","BWC",13,"13",2017,"2"
"7988","2295",31007634,585681,4910461,"P04_CFL_251","BWC",4,"L4",2005,"2"
"7989","22950",33012910,736507,4660201,"P13_CFL_70","BWC",13,"13",2017,"2"
"7990","22951",33012911,736607,4660101,"P13_CFL_70","BWC",13,"13",2017,"2"
"7991","22952",33012912,736607,4659901,"P13_CFL_70","BWC",13,"13",2017,"2"
"7992","22953",33012913,736257,4659751,"P13_CFL_70","BWC",13,"13",2017,"2"
"7993","22954",33012914,737907,4659551,"P13_CFL_70","BWC",13,"13",2017,"2"
"7994","22955",33012915,737257,4659401,"P13_CFL_70","BWC",13,"13",2017,"2"
"7995","22956",33012916,738007,4659351,"P13_CFL_70","BWC",13,"13",2017,"2"
"7996","22957",33012917,734107,4659251,"P13_CFL_64","BWC",13,"13",2017,"2"
"7997","22958",33012918,738207,4659001,"P13_CFL_70","BWC",13,"13",2017,"2"
"7998","22959",33012919,737757,4658901,"P13_CFL_70","BWC",13,"13",2017,"2"
"7999","2296",31007635,585185,4910359,"P04_CFL_270","BWC",4,"L4",2005,"2"
"8000","22960",33012920,736057,4658801,"P13_CFL_70","BWC",13,"13",2017,"2"
"8001","22961",33012922,736557,4658601,"P13_CFL_70","BWC",13,"13",2017,"2"
"8002","22962",33012923,737807,4658551,"P13_CFL_70","BWC",13,"13",2017,"2"
"8003","22963",33012924,735807,4658501,"P13_CFL_70","BWC",13,"13",2017,"2"
"8004","22964",33012925,737707,4658451,"P13_CFL_70","BWC",13,"13",2017,"2"
"8005","22965",33012926,738607,4658451,"P13_CFL_70","BWC",13,"13",2017,"2"
"8006","22966",33012927,737407,4658401,"P13_CFL_70","BWC",13,"13",2017,"2"
"8007","22967",33012928,735807,4658301,"P13_CFL_70","BWC",13,"13",2017,"2"
"8008","22968",33012929,736807,4658151,"P13_CFL_70","BWC",13,"13",2017,"2"
"8009","22969",33012930,737957,4657951,"P13_CFL_70","BWC",13,"13",2017,"2"
"8010","2297",31007636,579733,4917660,"P04_CFL_19","BWC",4,"L4",2005,"2"
"8011","22970",33012931,737507,4657851,"P13_CFL_70","BWC",13,"13",2017,"2"
"8012","22971",33012932,737757,4657851,"P13_CFL_70","BWC",13,"13",2017,"2"
"8013","22972",33012933,738257,4657851,"P13_CFL_70","BWC",13,"13",2017,"2"
"8014","22973",33012934,738257,4657651,"P13_CFL_70","BWC",13,"13",2017,"2"
"8015","22974",33012936,737357,4657251,"P13_CFL_70","BWC",13,"13",2017,"2"
"8016","22975",33012937,738557,4657101,"","BWC",13,"13",2017,"2"
"8017","22976",33012938,738307,4656951,"P13_CFL_70","BWC",13,"13",2017,"2"
"8018","22977",33012939,738457,4656901,"P13_CFL_70","BWC",13,"13",2017,"2"
"8019","22978",33012940,735307,4656851,"P13_CFL_58","BWC",13,"13",2017,"2"
"8020","22979",33012941,735357,4656701,"P13_CFL_58","BWC",13,"13",2017,"2"
"8021","2298",31007637,579380,4917405,"P04_CFL_19","BWC",4,"L4",2005,"2"
"8022","22980",33012942,737607,4656151,"P13_CFL_56","BWC",13,"13",2017,"2"
"8023","22987",33012950,737357,4653701,"P13_CFL_30","BWC",13,"13",2017,"1"
"8024","22988",33012951,737407,4653301,"P13_CFL_30","BWC",13,"13",2017,"1"
"8025","2299",31007638,579431,4917310,"P04_CFL_19","BWC",4,"L4",2005,"2"
"8026","22991",33012955,737357,4652301,"P13_CFL_21","BWC",13,"13",2017,"1"
"8027","22993",33012957,738907,4648551,"P13_CFL_3","BWC",13,"13",2017,"2"
"8028","22994",33012958,739357,4647851,"P13_CFL_3","BWC",13,"13",2017,"2"
"8029","22995",33012959,739407,4646851,"P13_CFL_3","BWC",13,"13",2017,"2"
"8030","22996",33012960,739257,4646051,"P13_CFL_3","BWC",13,"13",2017,"2"
"8031","22997",33012961,739207,4645351,"P13_CFL_3","BWC",13,"13",2017,"2"
"8032","22998",33012962,738507,4645301,"P13_CFL_2","BWC",13,"13",2017,"2"
"8033","22999",33012963,739007,4645101,"P13_CFL_3","BWC",13,"13",2017,"2"
"8034","23",31001776,583684,4910314,"P04_TSC_35","MBC",4,"L4",1998,"2"
"8035","2300",31007639,579024,4916906,"P04_CFL_19","BWC",4,"L4",2005,"2"
"8036","2301",31007640,578530,4916706,"P04_CFL_19","BWC",4,"L4",2005,"2"
"8037","23012",33012976,737157,4651251,"P13_CFL_10","IMP",13,"13",2017,"2"
"8038","23014",33012978,737357,4651251,"P13_TSC_25","IMP",13,"13",2017,"1"
"8039","23016",33012980,736657,4651201,"P13_CFL_10","IMP",13,"13",2017,"2"
"8040","23017",33012981,735807,4651151,"P13_CFL_14","IMP",13,"13",2017,"2"
"8041","23019",33012984,735557,4650951,"P13_CFL_9","IMP",13,"13",2017,"2"
"8042","2302",31007641,581029,4916705,"P04_CFL_19","BWC",4,"L4",2005,"2"
"8043","23021",33012986,734457,4650901,"P13_CFL_6","IMP",13,"13",2017,"2"
"8044","23022",33012987,734457,4650851,"P13_CFL_6","IMP",13,"13",2017,"2"
"8045","23024",33012989,737407,4650751,"P13_CFL_200","IMP",13,"13",2017,"1"
"8046","23025",33012990,735357,4650701,"P13_CFL_9","IMP",13,"13",2017,"2"
"8047","23026",33012991,737007,4650601,"P13_CFL_200","IMP",13,"13",2017,"1"
"8048","23028",33012993,733807,4650451,"P13_CFL_6","IMP",13,"13",2017,"2"
"8049","2303",31007642,578779,4916457,"P04_CFL_19","BWC",4,"L4",2005,"2"
"8050","23030",33012995,735257,4650351,"P13_CFL_9","IMP",13,"13",2017,"2"
"8051","23031",33012996,734057,4650251,"P13_CFL_6","IMP",13,"13",2017,"2"
"8052","23033",33012998,735307,4650151,"P13_CFL_9","IMP",13,"13",2017,"2"
"8053","23034",33012999,736757,4650001,"P13_CFL_200","IMP",13,"13",2017,"1"
"8054","23038",33013003,734607,4649851,"P13_CFL_6","IMP",13,"13",2017,"2"
"8055","23039",33013004,734207,4649801,"P13_CFL_6","IMP",13,"13",2017,"2"
"8056","2304",31007643,579078,4915957,"P04_CFL_19","BWC",4,"L4",2005,"2"
"8057","23040",33013005,735957,4649751,"P13_CFL_200","IMP",13,"13",2017,"1"
"8058","23041",33013006,734007,4649651,"P13_CFL_6","IMP",13,"13",2017,"2"
"8059","23043",33013008,733557,4649601,"P13_CFL_6","IMP",13,"13",2017,"2"
"8060","23046",33013011,734507,4649501,"P13_CFL_6","IMP",13,"13",2017,"2"
"8061","23047",33013012,733807,4649451,"P13_CFL_6","IMP",13,"13",2017,"2"
"8062","2305",31007644,578082,4915807,"P04_CFL_19","BWC",4,"L4",2005,"2"
"8063","23050",33013015,738857,4649051,"P13_CFL_200","IMP",13,"13",2017,"2"
"8064","23052",33013018,738007,4648751,"P13_CFL_200","IMP",13,"13",2017,"1"
"8065","23055",33013022,737657,4648451,"P13_CFL_200","IMP",13,"13",2017,"1"
"8066","23056",33013026,734657,4648351,"P13_CFL_198","IMP",13,"13",2017,"2"
"8067","23057",33013027,737907,4648201,"P13_CFL_200","IMP",13,"13",2017,"1"
"8068","23058",33013028,734207,4648101,"P13_CFL_198","IMP",13,"13",2017,"2"
"8069","23059",33013029,736307,4648001,"P13_CFL_200","IMP",13,"13",2017,"1"
"8070","2306",31007645,581030,4914559,"P04_CFL_19","BWC",4,"L4",2005,"2"
"8071","23062",33013032,734007,4647901,"P13_CFL_198","IMP",13,"13",2017,"2"
"8072","23063",33013033,734357,4647901,"P13_CFL_198","IMP",13,"13",2017,"2"
"8073","23064",33013034,735257,4647901,"P13_CFL_199","IMP",13,"13",2017,"2"
"8074","23065",33013035,736407,4647901,"P13_CFL_200","IMP",13,"13",2017,"1"
"8075","23066",33013036,738357,4647901,"P13_CFL_200","IMP",13,"13",2017,"2"
"8076","23068",33013038,734107,4647801,"P13_CFL_198","IMP",13,"13",2017,"2"
"8077","2307",31007646,579831,4914510,"P04_CFL_19","BWC",4,"L4",2005,"2"
"8078","23070",33013040,736457,4647801,"P13_CFL_200","IMP",13,"13",2017,"1"
"8079","23073",33013043,737557,4647701,"P13_CFL_200","IMP",13,"13",2017,"1"
"8080","23076",33013046,735507,4647551,"P13_CFL_199","IMP",13,"13",2017,"2"
"8081","23077",33013047,735557,4647501,"P13_CFL_199","IMP",13,"13",2017,"2"
"8082","23078",33013048,736107,4647501,"P13_CFL_200","IMP",13,"13",2017,"2"
"8083","2308",31007648,581285,4914112,"P04_CFL_19","BWC",4,"L4",2005,"2"
"8084","23080",33013050,733907,4647351,"P13_CFL_198","IMP",13,"13",2017,"2"
"8085","23081",33013051,735907,4647301,"P13_CFL_200","IMP",13,"13",2017,"2"
"8086","23082",33013052,736457,4647301,"P13_CFL_200","IMP",13,"13",2017,"1"
"8087","23083",33013053,736757,4647301,"P13_CFL_200","IMP",13,"13",2017,"1"
"8088","23084",33013054,736007,4647151,"P13_CFL_200","IMP",13,"13",2017,"1"
"8089","23085",33013055,736357,4647051,"P13_CFL_200","IMP",13,"13",2017,"1"
"8090","23086",33013056,734507,4646951,"P13_CFL_198","IMP",13,"13",2017,"2"
"8091","23088",33013058,733607,4646901,"P13_CFL_198","IMP",13,"13",2017,"2"
"8092","23089",33013059,736307,4646801,"P13_CFL_200","IMP",13,"13",2017,"1"
"8093","2309",31007649,579481,4913056,"P04_CFL_44","BWC",4,"L4",2005,"2"
"8094","23090",33013060,736857,4646801,"P13_CFL_200","IMP",13,"13",2017,"1"
"8095","23091",33013061,736707,4646751,"P13_CFL_200","IMP",13,"13",2017,"1"
"8096","23092",33013062,737407,4646751,"P13_CFL_200","IMP",13,"13",2017,"1"
"8097","23094",33013064,735907,4646701,"P13_CFL_200","IMP",13,"13",2017,"1"
"8098","23095",33013065,734357,4646651,"P13_CFL_198","IMP",13,"13",2017,"2"
"8099","23099",33013070,733807,4646501,"P13_CFL_198","IMP",13,"13",2017,"1"
"8100","2310",31007650,579783,4913062,"P04_CFL_44","BWC",4,"L4",2005,"2"
"8101","23100",33013071,736157,4646351,"P13_CFL_200","IMP",13,"13",2017,"1"
"8102","23101",33013072,733707,4646351,"P13_CFL_198","IMP",13,"13",2017,"2"
"8103","23102",33013073,736907,4646301,"P13_CFL_200","IMP",13,"13",2017,"1"
"8104","23105",33013076,737557,4646201,"P13_TSC_23","IMP",13,"13",2017,"1"
"8105","23106",33013077,736757,4646101,"P13_CFL_200","IMP",13,"13",2017,"1"
"8106","23107",33013078,738207,4646051,"P13_CFL_200","IMP",13,"13",2017,"2"
"8107","23108",33013079,734357,4646001,"P13_CFL_198","IMP",13,"13",2017,"1"
"8108","2311",31007651,580031,4911911,"P04_CFL_44","BWC",4,"L4",2005,"2"
"8109","23111",33013082,734007,4645851,"P13_CFL_198","IMP",13,"13",2017,"2"
"8110","23113",33013085,736857,4645751,"P13_CFL_200","IMP",13,"13",2017,"1"
"8111","23115",33013087,735357,4645651,"P13_CFL_198","IMP",13,"13",2017,"1"
"8112","23116",33013088,736557,4645651,"P13_CFL_200","IMP",13,"13",2017,"1"
"8113","23118",33013090,735557,4645551,"P13_CFL_198","IMP",13,"13",2017,"1"
"8114","23119",33013091,737807,4645551,"P13_CFL_200","IMP",13,"13",2017,"1"
"8115","2312",31007652,583782,4909757,"P04_CFL_240","BWC",4,"L4",2005,"2"
"8116","23122",33013094,736557,4645451,"P13_CFL_200","IMP",13,"13",2017,"1"
"8117","23123",33013095,736657,4645451,"P13_CFL_200","IMP",13,"13",2017,"1"
"8118","23125",33013097,735357,4645301,"P13_CFL_198","IMP",13,"13",2017,"1"
"8119","23129",33013101,737907,4645151,"P13_CFL_200","IMP",13,"13",2017,"1"
"8120","2313",31007653,584629,4909363,"P04_CFL_240","BWC",4,"L4",2005,"2"
"8121","23132",33013104,737207,4645051,"P13_CFL_200","IMP",13,"13",2017,"1"
"8122","23133",33013105,734257,4644951,"P13_CFL_198","IMP",13,"13",2017,"1"
"8123","23136",33013108,736857,4644851,"P13_CFL_200","IMP",13,"13",2017,"1"
"8124","23138",33013110,734407,4644701,"P13_CFL_198","IMP",13,"13",2017,"1"
"8125","23139",33013111,736857,4644551,"P13_CFL_200","IMP",13,"13",2017,"1"
"8126","23141",33013113,738107,4644501,"P13_CFL_200","IMP",13,"13",2017,"2"
"8127","23142",33013114,734257,4644501,"P13_CFL_198","IMP",13,"13",2017,"1"
"8128","23143",33013115,734257,4644251,"P13_CFL_198","IMP",13,"13",2017,"2"
"8129","23146",33013118,737957,4644151,"P13_CFL_200","IMP",13,"13",2017,"2"
"8130","23149",33013121,737557,4644051,"P13_CFL_200","IMP",13,"13",2017,"1"
"8131","23151",33013123,737557,4643951,"P13_CFL_200","IMP",13,"13",2017,"2"
"8132","23152",33013124,733957,4643901,"P13_CFL_198","IMP",13,"13",2017,"2"
"8133","23153",33013125,737257,4643901,"P13_CFL_200","IMP",13,"13",2017,"1"
"8134","23154",33013126,737207,4643851,"P13_CFL_200","IMP",13,"13",2017,"1"
"8135","23159",33013131,734107,4643201,"P13_CFL_198","IMP",13,"13",2017,"2"
"8136","23161",33013133,737707,4643001,"P13_CFL_200","IMP",13,"13",2017,"2"
"8137","23162",33013134,736607,4643001,"P13_CFL_200","IMP",13,"13",2017,"2"
"8138","23163",33013135,736807,4643001,"P13_CFL_200","IMP",13,"13",2017,"2"
"8139","23164",33013136,736557,4642901,"P13_CFL_200","IMP",13,"13",2017,"2"
"8140","23165",33013137,734207,4642751,"P13_CFL_198","IMP",13,"13",2017,"2"
"8141","23166",33013138,734357,4642601,"P13_CFL_198","IMP",13,"13",2017,"2"
"8142","23197",33013194,735912,4655708,"P13_SC_4","MBC",13,"13",2018,"2"
"8143","23199",33013196,735907,4655404,"P13_SC_4","MBC",13,"13",2018,"2"
"8144","23201",33013198,736947,4655101,"P13_CFL_55","MBC",13,"13",2018,"2"
"8145","23208",33013206,736914,4654102,"P13_SCB_45","MBC",13,"13",2018,"2"
"8146","23211",33013209,736649,4653002,"P13_SCB_31","MBC",13,"13",2018,"2"
"8147","23215",33013213,736446,4652553,"P13_SCB_31","MBC",13,"13",2018,"2"
"8148","2322",31007794,540930,4935208,"P04_USCB_5","MBC",4,"U4",2006,"2"
"8149","23224",33013222,736111,4650255,"P13_SCB_44","MBC",13,"13",2018,"1"
"8150","23225",33013223,736063,4650206,"P13_SCB_44","MBC",13,"13",2018,"2"
"8151","23226",33013224,735261,4649949,"P13_USCB_4","MBC",13,"13",2018,"1"
"8152","23233",33013231,735314,4647508,"P13_CFL_199","MBC",13,"13",2018,"1"
"8153","23235",33013233,735461,4647205,"P13_CFL_199","MBC",13,"13",2018,"1"
"8154","23242",33013240,735956,4646043,"P13_USCB_2","MBC",13,"13",2018,"1"
"8155","23264",33013262,732666,4667798,"P13_USCB_24","SC",13,"13",2018,"2"
"8156","2327",31007799,544274,4934654,"","MBC",4,"U4",2006,"2"
"8157","23270",33013268,734064,4659948,"P13_USCB_7","SC",13,"13",2018,"2"
"8158","23271",33013269,734259,4658693,"P13_SC_5","SC",13,"13",2018,"2"
"8159","23273",33013271,734554,4657497,"P13_SC_4","SC",13,"13",2018,"1"
"8160","23275",33013273,736661,4657300,"P13_TSC_51","SC",13,"13",2018,"2"
"8161","23276",33013274,736604,4657197,"P13_TSC_51","SC",13,"13",2018,"2"
"8162","23277",33013275,736665,4657005,"P13_TSC_51","SC",13,"13",2018,"2"
"8163","23278",33013276,734906,4656857,"P13_SC_4","SC",13,"13",2018,"2"
"8164","23280",33013280,737162,4656248,"P13_CFL_56","SC",13,"13",2018,"1"
"8165","23282",33013282,735449,4655652,"P13_CFL_52","SC",13,"13",2018,"2"
"8166","23289",33013289,736256,4654201,"P13_TSC_27","SC",13,"13",2018,"2"
"8167","23306",33013307,721006,4674109,"P13_CFL_143","BWC",13,"13",2018,"2"
"8168","23307",33013308,727505,4670658,"P13_CFL_128","BWC",13,"13",2018,"2"
"8169","23309",33013310,727557,4670404,"P13_CFL_128","BWC",13,"13",2018,"2"
"8170","23310",33013311,727660,4670403,"P13_CFL_128","BWC",13,"13",2018,"2"
"8171","23311",33013312,726549,4670356,"P13_CFL_128","BWC",13,"13",2018,"2"
"8172","23312",33013313,727461,4670350,"P13_CFL_128","BWC",13,"13",2018,"2"
"8173","23313",33013314,729706,4670146,"P13_CFL_121","BWC",13,"13",2018,"2"
"8174","23314",33013315,726755,4670000,"P13_CFL_128","BWC",13,"13",2018,"2"
"8175","23315",33013316,726316,4669950,"P13_CFL_128","BWC",13,"13",2018,"2"
"8176","23316",33013317,726507,4669949,"P13_CFL_128","BWC",13,"13",2018,"2"
"8177","23317",33013318,726008,4669905,"P13_CFL_128","BWC",13,"13",2018,"2"
"8178","23318",33013319,733004,4669848,"P13_CFL_123","BWC",13,"13",2018,"2"
"8179","23319",33013320,729261,4669505,"P13_TSC_37","BWC",13,"13",2018,"2"
"8180","23320",33013321,729862,4669397,"P13_CFL_204","BWC",13,"13",2018,"1"
"8181","23322",33013323,732009,4668847,"P13_CFL_123","BWC",13,"13",2018,"2"
"8182","23324",33013326,732102,4668699,"P13_CFL_123","BWC",13,"13",2018,"2"
"8183","23330",33013332,734263,4665749,"P13_CFL_116","BWC",13,"13",2018,"2"
"8184","23332",33013334,732953,4663755,"P13_CFL_97","BWC",13,"13",2018,"2"
"8185","23334",33013336,733107,4663305,"P13_CFL_97","BWC",13,"13",2018,"2"
"8186","23335",33013337,732407,4663150,"P13_CFL_97","BWC",13,"13",2018,"2"
"8187","23336",33013338,732407,4662849,"P13_CFL_97","BWC",13,"13",2018,"2"
"8188","23337",33013340,732664,4662446,"P13_CFL_97","BWC",13,"13",2018,"2"
"8189","23338",33013341,734663,4661954,"P13_CFL_82","BWC",13,"13",2018,"2"
"8190","23339",33013342,735811,4661105,"P13_CFL_70","BWC",13,"13",2018,"2"
"8191","23340",33013343,735905,4660900,"P13_CFL_70","BWC",13,"13",2018,"2"
"8192","23341",33013344,736356,4660697,"P13_CFL_70","BWC",13,"13",2018,"2"
"8193","23342",33013345,737260,4660698,"P13_CFL_70","BWC",13,"13",2018,"2"
"8194","23343",33013346,736012,4660553,"P13_CFL_70","BWC",13,"13",2018,"2"
"8195","23344",33013347,737761,4660558,"P13_CFL_70","BWC",13,"13",2018,"2"
"8196","23345",33013348,736456,4660502,"P13_CFL_70","BWC",13,"13",2018,"2"
"8197","23346",33013349,737457,4660511,"P13_CFL_70","BWC",13,"13",2018,"2"
"8198","23347",33013350,735951,4660449,"P13_CFL_70","BWC",13,"13",2018,"2"
"8199","23349",33013352,737211,4660304,"P13_CFL_70","BWC",13,"13",2018,"2"
"8200","23350",33013353,737554,4660253,"P13_CFL_70","BWC",13,"13",2018,"2"
"8201","23352",33013355,736753,4660153,"P13_CFL_70","BWC",13,"13",2018,"2"
"8202","23353",33013356,736608,4660051,"P13_CFL_70","BWC",13,"13",2018,"2"
"8203","23354",33013357,737858,4660006,"P13_CFL_70","BWC",13,"13",2018,"2"
"8204","23355",33013358,733755,4659751,"P13_CFL_69","BWC",13,"13",2018,"2"
"8205","23356",33013359,737605,4659755,"P13_CFL_70","BWC",13,"13",2018,"2"
"8206","23357",33013360,735862,4659598,"P13_CFL_70","BWC",13,"13",2018,"2"
"8207","23358",33013361,736112,4659555,"P13_CFL_70","BWC",13,"13",2018,"2"
"8208","23359",33013362,736661,4659497,"P13_CFL_70","BWC",13,"13",2018,"2"
"8209","23360",33013363,736058,4659404,"P13_CFL_70","BWC",13,"13",2018,"2"
"8210","23361",33013364,734058,4659405,"P13_CFL_64","BWC",13,"13",2018,"2"
"8211","23362",33013365,734159,4659096,"P13_CFL_64","BWC",13,"13",2018,"2"
"8212","23363",33013366,737753,4659046,"P13_CFL_70","BWC",13,"13",2018,"2"
"8213","23364",33013367,737915,4659049,"P13_CFL_70","BWC",13,"13",2018,"2"
"8214","23365",33013368,737411,4659001,"P13_CFL_70","BWC",13,"13",2018,"2"
"8215","23366",33013369,738606,4659003,"P13_CFL_70","BWC",13,"13",2018,"2"
"8216","23367",33013370,736306,4658944,"P13_CFL_70","BWC",13,"13",2018,"2"
"8217","23368",33013371,737455,4658703,"P13_CFL_70","BWC",13,"13",2018,"2"
"8218","23369",33013372,737757,4658601,"P13_CFL_70","BWC",13,"13",2018,"2"
"8219","23370",33013373,736211,4658548,"P13_CFL_70","BWC",13,"13",2018,"2"
"8220","23371",33013374,737164,4658447,"P13_CFL_70","BWC",13,"13",2018,"2"
"8221","23372",33013375,735753,4658402,"P13_CFL_70","BWC",13,"13",2018,"2"
"8222","23373",33013376,738259,4658396,"P13_CFL_70","BWC",13,"13",2018,"2"
"8223","23374",33013377,736056,4658299,"P13_CFL_70","BWC",13,"13",2018,"2"
"8224","23375",33013378,737313,4658297,"P13_CFL_70","BWC",13,"13",2018,"2"
"8225","23376",33013379,735701,4658199,"P13_CFL_70","BWC",13,"13",2018,"2"
"8226","23377",33013380,737904,4658207,"P13_CFL_70","BWC",13,"13",2018,"2"
"8227","23378",33013381,736764,4658051,"P13_CFL_70","BWC",13,"13",2018,"2"
"8228","23379",33013382,736660,4657851,"P13_CFL_70","BWC",13,"13",2018,"2"
"8229","23380",33013384,738049,4656999,"P13_CFL_70","BWC",13,"13",2018,"2"
"8230","23381",33013385,737554,4656954,"P13_CFL_70","BWC",13,"13",2018,"2"
"8231","23382",33013386,737360,4656896,"P13_CFL_70","BWC",13,"13",2018,"2"
"8232","23383",33013387,735357,4656401,"P13_CFL_58","BWC",13,"13",2018,"2"
"8233","23384",33013388,737153,4655250,"P13_CFL_55","BWC",13,"13",2018,"1"
"8234","23386",33013390,737311,4655151,"P13_CFL_55","BWC",13,"13",2018,"1"
"8235","23387",33013391,737258,4655047,"P13_CFL_55","BWC",13,"13",2018,"2"
"8236","23393",33013397,737462,4654250,"P13_TSC_52","BWC",13,"13",2018,"1"
"8237","23396",33013400,737601,4653548,"P13_CFL_25","BWC",13,"13",2018,"2"
"8238","234",31002195,580633,4914458,"P04_CFL_19","BWC",4,"L4",1998,"2"
"8239","23400",33013404,735206,4652503,"P13_CFL_22","BWC",13,"13",2018,"2"
"8240","23402",33013406,735207,4651605,"P13_CFL_20","BWC",13,"13",2018,"2"
"8241","23403",33013407,739402,4647846,"P13_CFL_3","BWC",13,"13",2018,"2"
"8242","23404",33013408,739410,4646597,"P13_CFL_3","BWC",13,"13",2018,"2"
"8243","23405",33013409,739404,4646250,"P13_CFL_3","BWC",13,"13",2018,"2"
"8244","23406",33013410,738555,4645904,"P13_CFL_2","BWC",13,"13",2018,"2"
"8245","23407",33013411,739105,4645848,"P13_CFL_3","BWC",13,"13",2018,"2"
"8246","23408",33013412,739351,4645754,"P13_CFL_3","BWC",13,"13",2018,"2"
"8247","23409",33013413,739057,4645251,"P13_CFL_3","BWC",13,"13",2018,"2"
"8248","23412",33013416,737462,4652501,"P13_CFL_23","IMP",13,"13",2018,"2"
"8249","23414",33013418,736113,4651957,"P13_SCB_31","IMP",13,"13",2018,"1"
"8250","23418",33013422,737259,4651401,"P13_CFL_16","IMP",13,"13",2018,"2"
"8251","23421",33013425,735865,4651304,"P13_CFL_14","IMP",13,"13",2018,"2"
"8252","23422",33013426,734207,4651048,"P13_CFL_6","IMP",13,"13",2018,"2"
"8253","23424",33013428,736809,4650896,"P13_CFL_10","IMP",13,"13",2018,"2"
"8254","23426",33013430,734358,4650853,"P13_CFL_6","IMP",13,"13",2018,"2"
"8255","23427",33013431,734407,4650850,"P13_CFL_6","IMP",13,"13",2018,"2"
"8256","23428",33013432,733858,4650554,"P13_CFL_6","IMP",13,"13",2018,"2"
"8257","23429",33013433,737903,4650552,"P13_CFL_200","IMP",13,"13",2018,"1"
"8258","23431",33013435,734058,4650450,"P13_CFL_6","IMP",13,"13",2018,"2"
"8259","23434",33013439,734005,4650251,"P13_CFL_6","IMP",13,"13",2018,"2"
"8260","23436",33013441,738462,4650255,"P13_CFL_200","IMP",13,"13",2018,"1"
"8261","23437",33013443,737403,4650158,"P13_CFL_200","IMP",13,"13",2018,"1"
"8262","23438",33013444,733708,4650149,"P13_CFL_6","IMP",13,"13",2018,"2"
"8263","23439",33013445,737356,4650107,"P13_CFL_200","IMP",13,"13",2018,"1"
"8264","23440",33013446,733705,4649903,"P13_CFL_6","IMP",13,"13",2018,"2"
"8265","23441",33013447,737962,4649908,"P13_CFL_200","IMP",13,"13",2018,"1"
"8266","23443",33013449,733804,4649802,"P13_CFL_6","IMP",13,"13",2018,"2"
"8267","23445",33013451,736462,4649555,"P13_CFL_200","IMP",13,"13",2018,"1"
"8268","23446",33013452,736660,4649550,"P13_CFL_200","IMP",13,"13",2018,"1"
"8269","23447",33013453,735802,4649502,"P13_CFL_200","IMP",13,"13",2018,"1"
"8270","23448",33013454,735904,4649499,"P13_CFL_200","IMP",13,"13",2018,"1"
"8271","23450",33013456,736112,4649350,"P13_CFL_200","IMP",13,"13",2018,"1"
"8272","23452",33013458,737707,4649296,"P13_CFL_200","IMP",13,"13",2018,"1"
"8273","23453",33013459,737806,4649305,"P13_CFL_200","IMP",13,"13",2018,"1"
"8274","23454",33013460,738709,4649205,"P13_CFL_200","IMP",13,"13",2018,"2"
"8275","23456",33013462,737308,4649152,"P13_CFL_200","IMP",13,"13",2018,"1"
"8276","23457",33013463,734506,4649152,"P13_CFL_6","IMP",13,"13",2018,"2"
"8277","23458",33013464,735855,4649151,"P13_CFL_200","IMP",13,"13",2018,"1"
"8278","23459",33013465,734060,4649002,"P13_CFL_6","IMP",13,"13",2018,"2"
"8279","23460",33013466,736058,4649001,"P13_CFL_200","IMP",13,"13",2018,"2"
"8280","23463",33013470,736108,4648749,"P13_CFL_200","IMP",13,"13",2018,"1"
"8281","23464",33013471,736854,4648644,"P13_CFL_200","IMP",13,"13",2018,"1"
"8282","23465",33013472,734253,4648655,"P13_CFL_6","IMP",13,"13",2018,"2"
"8283","23467",33013474,736256,4648398,"P13_CFL_200","IMP",13,"13",2018,"1"
"8284","23469",33013476,736258,4648303,"P13_CFL_200","IMP",13,"13",2018,"1"
"8285","23470",33013477,734505,4648244,"P13_CFL_198","IMP",13,"13",2018,"2"
"8286","23473",33013480,736353,4648100,"P13_CFL_200","IMP",13,"13",2018,"1"
"8287","23475",33013482,737706,4647902,"P13_CFL_200","IMP",13,"13",2018,"1"
"8288","23476",33013483,734759,4647907,"P13_CFL_198","IMP",13,"13",2018,"2"
"8289","23478",33013485,733956,4647852,"P13_CFL_198","IMP",13,"13",2018,"2"
"8290","23479",33013486,734309,4647846,"P13_CFL_198","IMP",13,"13",2018,"2"
"8291","23480",33013487,734409,4647803,"P13_CFL_198","IMP",13,"13",2018,"2"
"8292","23481",33013488,735309,4647809,"P13_CFL_199","IMP",13,"13",2018,"1"
"8293","23482",33013489,737601,4647746,"P13_CFL_200","IMP",13,"13",2018,"1"
"8294","23484",33013491,734061,4647701,"P13_CFL_198","IMP",13,"13",2018,"2"
"8295","23486",33013493,735361,4647656,"P13_CFL_199","IMP",13,"13",2018,"1"
"8296","23489",33013496,737558,4647500,"P13_CFL_200","IMP",13,"13",2018,"1"
"8297","23490",33013497,736903,4647444,"P13_CFL_200","IMP",13,"13",2018,"1"
"8298","23491",33013498,734361,4647397,"P13_CFL_198","IMP",13,"13",2018,"2"
"8299","23492",33013499,736959,4647292,"P13_CFL_200","IMP",13,"13",2018,"1"
"8300","23493",33013500,734454,4647247,"P13_CFL_198","IMP",13,"13",2018,"2"
"8301","23494",33013501,736859,4647197,"P13_CFL_200","IMP",13,"13",2018,"1"
"8302","23496",33013503,737416,4647051,"P13_CFL_200","IMP",13,"13",2018,"1"
"8303","23497",33013504,737009,4647043,"P13_CFL_200","IMP",13,"13",2018,"1"
"8304","235",31002196,581494,4914400,"P04_CFL_19","BWC",4,"L4",1998,"2"
"8305","23500",33013507,736508,4646897,"P13_CFL_200","IMP",13,"13",2018,"1"
"8306","23502",33013509,736212,4646804,"P13_CFL_200","IMP",13,"13",2018,"2"
"8307","23503",33013510,736602,4646750,"P13_CFL_200","IMP",13,"13",2018,"1"
"8308","23504",33013511,737457,4646757,"P13_CFL_200","IMP",13,"13",2018,"1"
"8309","23505",33013512,734153,4646696,"P13_CFL_198","IMP",13,"13",2018,"1"
"8310","23506",33013513,734105,4646652,"P13_CFL_198","IMP",13,"13",2018,"2"
"8311","23510",33013517,736410,4646599,"P13_CFL_200","IMP",13,"13",2018,"1"
"8312","23511",33013518,733855,4646549,"P13_CFL_198","IMP",13,"13",2018,"2"
"8313","23512",33013519,734002,4646548,"P13_CFL_198","IMP",13,"13",2018,"1"
"8314","23521",33013528,734112,4645950,"P13_CFL_198","IMP",13,"13",2018,"2"
"8315","23526",33013533,738109,4645756,"P13_CFL_200","IMP",13,"13",2018,"2"
"8316","23529",33013536,736351,4645449,"P13_USCB_2","IMP",13,"13",2018,"1"
"8317","2353",31007826,579583,4913905,"P04_SCB_21","MBC",4,"L4",2006,"2"
"8318","23530",33013537,738160,4645402,"P13_CFL_200","IMP",13,"13",2018,"2"
"8319","23531",33013538,734903,4645351,"P13_CFL_198","IMP",13,"13",2018,"1"
"8320","23532",33013539,737703,4645349,"P13_CFL_200","IMP",13,"13",2018,"1"
"8321","23534",33013541,737955,4645204,"P13_CFL_200","IMP",13,"13",2018,"2"
"8322","23536",33013543,737907,4645055,"P13_CFL_200","IMP",13,"13",2018,"2"
"8323","23539",33013546,736906,4644904,"P13_CFL_200","IMP",13,"13",2018,"1"
"8324","23540",33013547,734910,4644849,"P13_CFL_198","IMP",13,"13",2018,"1"
"8325","23541",33013548,738058,4644805,"P13_CFL_200","IMP",13,"13",2018,"2"
"8326","23542",33013549,735009,4644501,"P13_CFL_198","IMP",13,"13",2018,"1"
"8327","23545",33013552,734712,4644457,"P13_CFL_198","IMP",13,"13",2018,"1"
"8328","23546",33013553,734958,4644456,"P13_CFL_198","IMP",13,"13",2018,"1"
"8329","23549",33013556,734457,4644197,"P13_CFL_198","IMP",13,"13",2018,"1"
"8330","23551",33013558,734354,4644159,"P13_CFL_198","IMP",13,"13",2018,"1"
"8331","23554",33013561,737910,4643952,"P13_CFL_200","IMP",13,"13",2018,"2"
"8332","23558",33013565,737308,4643902,"P13_CFL_200","IMP",13,"13",2018,"2"
"8333","23563",33013570,734006,4643448,"P13_CFL_198","IMP",13,"13",2018,"2"
"8334","23564",33013571,735013,4643449,"P13_CFL_198","IMP",13,"13",2018,"1"
"8335","23565",33013572,736955,4643450,"P13_CFL_200","IMP",13,"13",2018,"2"
"8336","23566",33013573,737506,4643398,"P13_CFL_200","IMP",13,"13",2018,"2"
"8337","23568",33013575,734958,4643358,"P13_CFL_198","IMP",13,"13",2018,"1"
"8338","23569",33013576,735106,4643303,"P13_CFL_198","IMP",13,"13",2018,"1"
"8339","23571",33013578,737009,4643207,"P13_CFL_200","IMP",13,"13",2018,"2"
"8340","23572",33013579,737006,4643158,"P13_CFL_200","IMP",13,"13",2018,"2"
"8341","23573",33013580,736555,4643155,"P13_CFL_200","IMP",13,"13",2018,"2"
"8342","23575",33013582,736605,4643006,"P13_CFL_200","IMP",13,"13",2018,"2"
"8343","23576",33013584,737107,4642849,"P13_CFL_200","IMP",13,"13",2018,"2"
"8344","23578",33013586,734206,4642752,"P13_CFL_198","IMP",13,"13",2018,"2"
"8345","23579",33013587,734758,4642703,"P13_CFL_198","IMP",13,"13",2018,"1"
"8346","2359",31007832,583380,4910760,"P04_SCB_21","MBC",4,"L4",2006,"2"
"8347","236",31002197,581640,4914367,"P04_CFL_19","BWC",4,"L4",1998,"2"
"8348","2360",31007833,584732,4910155,"P04_SCB_24","MBC",4,"L4",2006,"1"
"8349","23640",33013674,736110,4650354,"P13_SCB_44","MBC",13,"13",2019,"1"
"8350","23644",33013678,735208,4648349,"P13_USCB_20","MBC",13,"13",2019,"1"
"8351","23645",33013679,735164,4648255,"P13_USCB_20","MBC",13,"13",2019,"1"
"8352","23647",33013681,735358,4647399,"P13_CFL_199","MBC",13,"13",2019,"1"
"8353","23690",33013724,733653,4662254,"P13_CFL_78","SC",13,"13",2019,"2"
"8354","23691",33013725,733864,4661748,"P13_USCB_8","SC",13,"13",2019,"1"
"8355","23694",33013728,736658,4657552,"P13_TSC_29","SC",13,"13",2019,"2"
"8356","23697",33013731,736858,4657093,"P13_TSC_29","SC",13,"13",2019,"2"
"8357","237",31002198,581931,4914295,"P04_CFL_19","BWC",4,"L4",1998,"2"
"8358","23700",33013735,735799,4655903,"P13_SC_4","SC",13,"13",2019,"2"
"8359","23703",33013738,735853,4654898,"P13_CFL_42","SC",13,"13",2019,"2"
"8360","23720",33013755,725713,4670552,"P13_CFL_128","BWC",13,"13",2019,"2"
"8361","23721",33013756,726911,4670500,"P13_CFL_128","BWC",13,"13",2019,"2"
"8362","23722",33013757,726313,4670393,"P13_CFL_128","BWC",13,"13",2019,"2"
"8363","23724",33013759,726910,4670350,"P13_CFL_128","BWC",13,"13",2019,"2"
"8364","23725",33013760,726211,4670299,"P13_CFL_128","BWC",13,"13",2019,"2"
"8365","23726",33013761,726910,4670253,"P13_CFL_128","BWC",13,"13",2019,"2"
"8366","23727",33013762,727658,4670201,"P13_CFL_128","BWC",13,"13",2019,"2"
"8367","23728",33013763,728610,4670149,"P13_CFL_121","BWC",13,"13",2019,"2"
"8368","23735",33013770,733609,4669401,"P13_CFL_123","BWC",13,"13",2019,"2"
"8369","23738",33013773,733661,4669104,"P13_CFL_123","BWC",13,"13",2019,"2"
"8370","23748",33013783,733656,4664902,"","BWC",13,"13",2019,"2"
"8371","23749",33013784,733053,4663506,"P13_CFL_97","BWC",13,"13",2019,"2"
"8372","23750",33013785,733511,4662852,"P13_CFL_86","BWC",13,"13",2019,"2"
"8373","23751",33013786,735111,4662649,"P13_CFL_82","BWC",13,"13",2019,"2"
"8374","23752",33013787,733061,4662551,"P13_CFL_97","BWC",13,"13",2019,"2"
"8375","23754",33013789,734707,4661900,"P13_CFL_82","BWC",13,"13",2019,"2"
"8376","23755",33013790,734756,4661752,"P13_CFL_82","BWC",13,"13",2019,"2"
"8377","23756",33013791,735006,4661354,"P13_CFL_82","BWC",13,"13",2019,"2"
"8378","23757",33013792,734849,4661303,"P13_CFL_82","BWC",13,"13",2019,"2"
"8379","23758",33013793,736460,4661048,"P13_CFL_70","BWC",13,"13",2019,"2"
"8380","23759",33013794,737456,4660901,"P13_CFL_70","BWC",13,"13",2019,"2"
"8381","23761",33013796,736054,4660598,"P13_CFL_70","BWC",13,"13",2019,"2"
"8382","23762",33013797,736509,4660599,"P13_CFL_70","BWC",13,"13",2019,"2"
"8383","23763",33013798,737707,4660603,"P13_CFL_70","BWC",13,"13",2019,"2"
"8384","23764",33013799,735209,4660549,"P13_CFL_82","BWC",13,"13",2019,"2"
"8385","23765",33013800,737706,4660504,"P13_CFL_70","BWC",13,"13",2019,"2"
"8386","23767",33013802,736803,4660397,"P13_CFL_70","BWC",13,"13",2019,"2"
"8387","23769",33013805,737561,4660196,"P13_CFL_70","BWC",13,"13",2019,"2"
"8388","23770",33013806,736802,4660101,"P13_CFL_70","BWC",13,"13",2019,"2"
"8389","23771",33013807,736006,4659999,"P13_CFL_70","BWC",13,"13",2019,"2"
"8390","23772",33013808,737554,4659950,"P13_CFL_70","BWC",13,"13",2019,"2"
"8391","23773",33013809,735907,4659751,"P13_CFL_70","BWC",13,"13",2019,"2"
"8392","23774",33013810,735206,4659610,"P13_CFL_66","BWC",13,"13",2019,"2"
"8393","23775",33013811,737806,4659552,"P13_CFL_70","BWC",13,"13",2019,"2"
"8394","23776",33013812,737104,4659397,"P13_CFL_70","BWC",13,"13",2019,"2"
"8395","23777",33013813,735960,4659295,"P13_CFL_70","BWC",13,"13",2019,"2"
"8396","23778",33013814,737802,4659252,"P13_CFL_70","BWC",13,"13",2019,"2"
"8397","23779",33013815,735855,4659102,"P13_CFL_70","BWC",13,"13",2019,"2"
"8398","2378",31007851,536929,4937007,"P04_SC_8","SC",4,"U4",2006,"2"
"8399","23780",33013817,737553,4658951,"P13_CFL_70","BWC",13,"13",2019,"2"
"8400","23781",33013818,738258,4658849,"P13_CFL_70","BWC",13,"13",2019,"2"
"8401","23782",33013820,737458,4658349,"P13_CFL_70","BWC",13,"13",2019,"2"
"8402","23783",33013821,736257,4658306,"P13_CFL_70","BWC",13,"13",2019,"2"
"8403","23784",33013822,738355,4658257,"P13_CFL_70","BWC",13,"13",2019,"2"
"8404","23785",33013823,736303,4658107,"P13_CFL_70","BWC",13,"13",2019,"2"
"8405","23786",33013824,736209,4658047,"P13_CFL_70","BWC",13,"13",2019,"2"
"8406","23787",33013825,735758,4658001,"P13_CFL_70","BWC",13,"13",2019,"2"
"8407","23788",33013826,737963,4657806,"P13_CFL_70","BWC",13,"13",2019,"2"
"8408","23789",33013827,737553,4657750,"P13_CFL_70","BWC",13,"13",2019,"2"
"8409","23790",33013828,737460,4657644,"P13_CFL_70","BWC",13,"13",2019,"2"
"8410","23791",33013829,737454,4657453,"P13_CFL_70","BWC",13,"13",2019,"2"
"8411","23792",33013830,738014,4657306,"P13_CFL_70","BWC",13,"13",2019,"2"
"8412","23793",33013831,737707,4657047,"P13_CFL_70","BWC",13,"13",2019,"2"
"8413","23794",33013832,738356,4656903,"P13_CFL_70","BWC",13,"13",2019,"2"
"8414","23795",33013833,737357,4656748,"P13_CFL_70","BWC",13,"13",2019,"2"
"8415","23796",33013834,738258,4656702,"P13_CFL_70","BWC",13,"13",2019,"2"
"8416","23797",33013835,738207,4656445,"P13_CFL_70","BWC",13,"13",2019,"2"
"8417","23798",33013836,738007,4655797,"P13_CFL_56","BWC",13,"13",2019,"2"
"8418","23799",33013837,736713,4655653,"P13_CFL_55","BWC",13,"13",2019,"2"
"8419","238",31002199,581838,4914203,"P04_CFL_19","BWC",4,"L4",1998,"2"
"8420","23802",33013840,737210,4655104,"P13_CFL_55","BWC",13,"13",2019,"1"
"8421","23809",33013847,737199,4653652,"P13_CFL_30","BWC",13,"13",2019,"1"
"8422","23810",33013848,737601,4653547,"P13_CFL_25","BWC",13,"13",2019,"2"
"8423","23818",33013856,735204,4651650,"P13_CFL_20","BWC",13,"13",2019,"2"
"8424","23819",33013857,738708,4649602,"","BWC",13,"13",2019,"2"
"8425","23820",33013858,739149,4648147,"P13_CFL_3","BWC",13,"13",2019,"2"
"8426","23821",33013859,739205,4647952,"P13_CFL_3","BWC",13,"13",2019,"2"
"8427","23822",33013860,739309,4646651,"P13_CFL_3","BWC",13,"13",2019,"2"
"8428","23823",33013861,739456,4646253,"P13_CFL_3","BWC",13,"13",2019,"2"
"8429","23824",33013862,738558,4645848,"P13_CFL_2","BWC",13,"13",2019,"2"
"8430","23825",33013863,738555,4645754,"P13_CFL_2","BWC",13,"13",2019,"2"
"8431","23836",33013874,735965,4651399,"P13_CFL_14","IMP",13,"13",2019,"2"
"8432","23839",33013877,737255,4651102,"P13_CFL_7","IMP",13,"13",2019,"1"
"8433","23842",33013880,734312,4650906,"P13_CFL_6","IMP",13,"13",2019,"2"
"8434","23844",33013882,733958,4650749,"P13_CFL_6","IMP",13,"13",2019,"2"
"8435","23845",33013883,734102,4650747,"P13_CFL_6","IMP",13,"13",2019,"2"
"8436","23846",33013884,734306,4650653,"P13_CFL_6","IMP",13,"13",2019,"2"
"8437","23848",33013886,734914,4650504,"P13_CFL_6","IMP",13,"13",2019,"2"
"8438","23849",33013887,737356,4650451,"P13_CFL_200","IMP",13,"13",2019,"1"
"8439","23851",33013889,736708,4650449,"P13_CFL_200","IMP",13,"13",2019,"2"
"8440","23853",33013891,733908,4650351,"P13_CFL_6","IMP",13,"13",2019,"2"
"8441","23854",33013892,734156,4650202,"P13_CFL_6","IMP",13,"13",2019,"2"
"8442","23855",33013893,736160,4650200,"P13_CFL_200","IMP",13,"13",2019,"1"
"8443","23856",33013894,734757,4650200,"P13_CFL_6","IMP",13,"13",2019,"1"
"8444","23857",33013896,734160,4650003,"P13_CFL_6","IMP",13,"13",2019,"2"
"8445","23862",33013902,733708,4649855,"P13_CFL_6","IMP",13,"13",2019,"2"
"8446","23864",33013904,735048,4649850,"P13_CFL_9","IMP",13,"13",2019,"2"
"8447","23865",33013905,734108,4649795,"P13_CFL_6","IMP",13,"13",2019,"2"
"8448","23867",33013908,734557,4649652,"P13_CFL_6","IMP",13,"13",2019,"2"
"8449","23869",33013910,733657,4649607,"P13_CFL_6","IMP",13,"13",2019,"2"
"8450","23871",33013912,733552,4649551,"P13_CFL_6","IMP",13,"13",2019,"2"
"8451","23872",33013913,735058,4649553,"P13_CFL_9","IMP",13,"13",2019,"1"
"8452","23873",33013914,737255,4649400,"P13_CFL_200","IMP",13,"13",2019,"1"
"8453","23874",33013915,737509,4649393,"P13_CFL_200","IMP",13,"13",2019,"1"
"8454","23877",33013918,734504,4649303,"P13_CFL_6","IMP",13,"13",2019,"2"
"8455","23880",33013921,735754,4649145,"P13_CFL_200","IMP",13,"13",2019,"1"
"8456","23881",33013922,736210,4649146,"P13_CFL_200","IMP",13,"13",2019,"1"
"8457","23886",33013928,737462,4649003,"P13_CFL_200","IMP",13,"13",2019,"1"
"8458","23887",33013929,736306,4648902,"P13_CFL_200","IMP",13,"13",2019,"1"
"8459","23888",33013930,737454,4648597,"P13_CFL_200","IMP",13,"13",2019,"1"
"8460","23889",33013931,735757,4648552,"P13_CFL_200","IMP",13,"13",2019,"2"
"8461","23890",33013932,736259,4648554,"P13_CFL_200","IMP",13,"13",2019,"1"
"8462","23891",33013933,737757,4648503,"P13_CFL_200","IMP",13,"13",2019,"1"
"8463","23892",33013934,735357,4648503,"P13_CFL_199","IMP",13,"13",2019,"2"
"8464","23893",33013935,735810,4648504,"P13_CFL_200","IMP",13,"13",2019,"1"
"8465","23897",33013939,736705,4648350,"P13_CFL_200","IMP",13,"13",2019,"1"
"8466","23898",33013940,735865,4648254,"P13_CFL_200","IMP",13,"13",2019,"1"
"8467","23899",33013941,734307,4648155,"P13_CFL_198","IMP",13,"13",2019,"2"
"8468","239",31002200,580277,4913107,"P04_CFL_44","BWC",4,"L4",1998,"2"
"8469","23900",33013942,733657,4648054,"P13_CFL_198","IMP",13,"13",2019,"2"
"8470","23901",33013943,734811,4648001,"P13_CFL_198","IMP",13,"13",2019,"2"
"8471","23902",33013944,736698,4647954,"P13_CFL_200","IMP",13,"13",2019,"1"
"8472","23904",33013946,733754,4647961,"P13_CFL_198","IMP",13,"13",2019,"2"
"8473","23905",33013947,733711,4647906,"P13_CFL_198","IMP",13,"13",2019,"2"
"8474","23906",33013948,733805,4647800,"P13_CFL_198","IMP",13,"13",2019,"2"
"8475","2391",31007905,564679,4922259,"P04_CFL_104","BWC",4,"U4",2006,"2"
"8476","23910",33013952,736910,4647406,"P13_CFL_200","IMP",13,"13",2019,"1"
"8477","23911",33013953,737562,4647397,"P13_CFL_200","IMP",13,"13",2019,"1"
"8478","23913",33013955,733560,4647302,"P13_CFL_198","IMP",13,"13",2019,"2"
"8479","23914",33013956,735954,4647296,"P13_CFL_200","IMP",13,"13",2019,"1"
"8480","23917",33013959,734008,4647005,"P13_CFL_198","IMP",13,"13",2019,"2"
"8481","23918",33013960,733757,4646907,"P13_CFL_198","IMP",13,"13",2019,"2"
"8482","23919",33013961,733896,4646900,"P13_CFL_198","IMP",13,"13",2019,"2"
"8483","2392",31007906,536279,4935761,"P04_CFL_274","BWC",4,"U4",2006,"2"
"8484","23921",33013963,737458,4646703,"P13_CFL_200","IMP",13,"13",2019,"1"
"8485","23922",33013964,736106,4646656,"P13_CFL_200","IMP",13,"13",2019,"1"
"8486","23924",33013966,736810,4646601,"P13_CFL_200","IMP",13,"13",2019,"1"
"8487","23926",33013968,736162,4646548,"P13_CFL_200","IMP",13,"13",2019,"2"
"8488","23929",33013971,738203,4646401,"P13_CFL_200","IMP",13,"13",2019,"2"
"8489","2393",31007907,536380,4935608,"P04_CFL_274","BWC",4,"U4",2006,"2"
"8490","23932",33013974,734159,4646208,"P13_CFL_198","IMP",13,"13",2019,"2"
"8491","23933",33013975,737460,4646206,"P13_CFL_200","IMP",13,"13",2019,"1"
"8492","23935",33013977,736801,4646155,"P13_CFL_200","IMP",13,"13",2019,"1"
"8493","23938",33013980,736755,4645957,"P13_CFL_200","IMP",13,"13",2019,"1"
"8494","23939",33013981,737455,4645951,"P13_CFL_200","IMP",13,"13",2019,"1"
"8495","2394",31007908,536430,4935609,"P04_CFL_274","BWC",4,"U4",2006,"2"
"8496","23940",33013982,737956,4645901,"P13_TSC_23","IMP",13,"13",2019,"1"
"8497","23941",33013983,734055,4645902,"P13_CFL_198","IMP",13,"13",2019,"2"
"8498","23942",33013984,736654,4645901,"P13_CFL_200","IMP",13,"13",2019,"1"
"8499","2395",31007909,555881,4924754,"P04_CFL_100","BWC",4,"U4",2006,"2"
"8500","23954",33013996,735461,4645352,"P13_CFL_198","IMP",13,"13",2019,"1"
"8501","23957",33013999,736706,4645305,"P13_CFL_200","IMP",13,"13",2019,"1"
"8502","23960",33014002,736553,4645105,"P13_USCB_2","IMP",13,"13",2019,"1"
"8503","23961",33014003,735548,4644954,"P13_CFL_198","IMP",13,"13",2019,"1"
"8504","23964",33014006,736902,4644703,"P13_CFL_200","IMP",13,"13",2019,"1"
"8505","23965",33014007,737007,4644698,"P13_CFL_200","IMP",13,"13",2019,"1"
"8506","23967",33014009,738257,4644496,"P13_CFL_200","IMP",13,"13",2019,"2"
"8507","23968",33014010,738116,4644502,"P13_CFL_200","IMP",13,"13",2019,"2"
"8508","2397",31007911,537282,4937356,"P04_CFL_54","BWC",4,"U4",2006,"2"
"8509","23973",33014015,737950,4644101,"P13_CFL_200","IMP",13,"13",2019,"2"
"8510","23975",33014017,737851,4643845,"P13_CFL_200","IMP",13,"13",2019,"2"
"8511","23976",33014018,737408,4643805,"P13_CFL_200","IMP",13,"13",2019,"1"
"8512","23978",33014020,737655,4643602,"P13_CFL_200","IMP",13,"13",2019,"2"
"8513","23980",33014022,736949,4643598,"P13_CFL_200","IMP",13,"13",2019,"1"
"8514","23981",33014023,734009,4643508,"P13_CFL_198","IMP",13,"13",2019,"1"
"8515","23982",33014024,734005,4643349,"P13_CFL_198","IMP",13,"13",2019,"2"
"8516","23983",33014025,738157,4643349,"P13_CFL_200","IMP",13,"13",2019,"2"
"8517","23985",33014027,737005,4643151,"P13_CFL_200","IMP",13,"13",2019,"2"
"8518","23986",33014028,734256,4643094,"P13_CFL_198","IMP",13,"13",2019,"2"
"8519","23987",33014029,736956,4643103,"P13_CFL_200","IMP",13,"13",2019,"2"
"8520","2399",31007915,536329,4936458,"P04_CFL_62","BWC",4,"U4",2006,"2"
"8521","23990",33014032,735013,4642852,"P13_CFL_198","IMP",13,"13",2019,"1"
"8522","23991",33014033,737304,4642748,"P13_CFL_200","IMP",13,"13",2019,"2"
"8523","23992",33014034,737101,4642698,"P13_CFL_200","IMP",13,"13",2019,"2"
"8524","23993",33014035,734613,4642653,"P13_CFL_198","IMP",13,"13",2019,"2"
"8525","23994",33014036,734959,4642600,"P13_CFL_198","IMP",13,"13",2019,"2"
"8526","23995",33014037,736310,4642603,"P13_CFL_200","IMP",13,"13",2019,"2"
"8527","23996",33014038,736299,4642549,"P13_CFL_200","IMP",13,"13",2019,"2"
"8528","240",31002201,580732,4913057,"P04_CFL_44","BWC",4,"L4",1998,"2"
"8529","2401",31007917,539531,4935562,"P04_CFL_72","BWC",4,"U4",2006,"2"
"8530","241",31002202,580078,4912958,"P04_CFL_44","BWC",4,"L4",1998,"2"
"8531","242",31002203,579882,4912905,"P04_CFL_44","BWC",4,"L4",1998,"2"
"8532","244",31002205,580979,4912762,"P04_CFL_44","BWC",4,"L4",1998,"2"
"8533","2441",31007958,536982,4935860,"P04_CFL_62","BWC",4,"U4",2006,"2"
"8534","245",31002206,579331,4912707,"P04_CFL_44","BWC",4,"L4",1998,"2"
"8535","2454",31007971,539125,4936913,"P04_CFL_58","BWC",4,"U4",2006,"2"
"8536","2458",31007975,542827,4936006,"P04_CFL_67","BWC",4,"U4",2006,"2"
"8537","246",31002207,580282,4912703,"P04_CFL_44","BWC",4,"L4",1998,"2"
"8538","247",31002208,580579,4912510,"P04_CFL_44","BWC",4,"L4",1998,"2"
"8539","2474",31007994,540629,4935609,"P04_CFL_72","BWC",4,"U4",2006,"2"
"8540","2475",31007995,572079,4919158,"P04_CFL_117","BWC",4,"L4",2006,"2"
"8541","2476",31007996,575024,4917658,"P04_TSC_36","BWC",4,"L4",2006,"2"
"8542","2477",31007997,578380,4917805,"P04_CFL_192","BWC",4,"L4",2006,"2"
"8543","2478",31007999,571729,4918305,"P04_CFL_20","BWC",4,"L4",2006,"2"
"8544","2479",31008000,572123,4918417,"P04_CFL_20","BWC",4,"L4",2006,"2"
"8545","248",31002209,580630,4912409,"P04_CFL_44","BWC",4,"L4",1998,"2"
"8546","2480",31008001,571143,4918709,"P04_CFL_20","BWC",4,"L4",2006,"2"
"8547","2481",31008005,582281,4913509,"P04_CFL_264","BWC",4,"L4",2006,"2"
"8548","2482",31008006,582727,4913308,"P04_CFL_264","BWC",4,"L4",2006,"2"
"8549","2485",31008009,584926,4910361,"P04_SC_33","BWC",4,"L4",2006,"2"
"8550","2486",31008014,579931,4916956,"P04_CFL_19","BWC",4,"L4",2006,"2"
"8551","2487",31008016,580882,4916908,"P04_CFL_19","BWC",4,"L4",2006,"2"
"8552","2488",31008018,580777,4916563,"P04_CFL_19","BWC",4,"L4",2006,"2"
"8553","2489",31008020,580378,4916356,"P04_CFL_19","BWC",4,"L4",2006,"2"
"8554","249",31002210,579330,4912355,"P04_CFL_44","BWC",4,"L4",1998,"2"
"8555","2490",31008021,580230,4916265,"P04_CFL_19","BWC",4,"L4",2006,"2"
"8556","2491",31008022,580683,4915710,"P04_CFL_19","BWC",4,"L4",2006,"2"
"8557","2492",31008023,580434,4915655,"P04_CFL_19","BWC",4,"L4",2006,"2"
"8558","2493",31008024,580582,4915460,"P04_CFL_19","BWC",4,"L4",2006,"2"
"8559","2494",31008025,581536,4915460,"P04_CFL_19","BWC",4,"L4",2006,"2"
"8560","2495",31008026,581876,4915456,"P04_CFL_19","BWC",4,"L4",2006,"2"
"8561","2496",31008027,581730,4915410,"P04_CFL_19","BWC",4,"L4",2006,"2"
"8562","2497",31008028,581883,4915362,"P04_CFL_19","BWC",4,"L4",2006,"2"
"8563","2498",31008033,582026,4915055,"P04_CFL_19","BWC",4,"L4",2006,"2"
"8564","2499",31008034,582229,4915057,"P04_CFL_19","BWC",4,"L4",2006,"2"
"8565","250",31002211,579681,4912313,"P04_CFL_44","BWC",4,"L4",1998,"2"
"8566","2500",31008035,579977,4915009,"P04_CFL_19","BWC",4,"L4",2006,"2"
"8567","2501",31008037,581929,4915006,"P04_CFL_19","BWC",4,"L4",2006,"2"
"8568","2502",31008041,581784,4914802,"P04_CFL_19","BWC",4,"L4",2006,"2"
"8569","2503",31008042,581376,4914557,"P04_CFL_19","BWC",4,"L4",2006,"2"
"8570","2504",31008043,582028,4914360,"P04_CFL_19","BWC",4,"L4",2006,"2"
"8571","2505",31008044,581780,4914257,"P04_CFL_19","BWC",4,"L4",2006,"2"
"8572","2506",31008046,579281,4912605,"P04_CFL_44","BWC",4,"L4",2006,"2"
"8573","2507",31008049,583581,4909961,"P04_CFL_240","BWC",4,"L4",2006,"2"
"8574","2508",31008050,583627,4909608,"P04_CFL_240","BWC",4,"L4",2006,"2"
"8575","251",31002212,579888,4912158,"P04_CFL_44","BWC",4,"L4",1998,"2"
"8576","2510",31008052,584380,4909108,"P04_CFL_240","BWC",4,"L4",2006,"2"
"8577","2511",31008053,584832,4908908,"P04_CFL_240","BWC",4,"L4",2006,"2"
"8578","2512",31008054,584430,4908616,"P04_CFL_240","BWC",4,"L4",2006,"2"
"8579","2513",31008055,584682,4908459,"P04_CFL_240","BWC",4,"L4",2006,"2"
"8580","2514",31008056,584781,4908408,"P04_CFL_240","BWC",4,"L4",2006,"2"
"8581","2515",31008057,577778,4916560,"P04_CFL_271","BWC",4,"L4",2006,"2"
"8582","2516",31008058,576578,4915008,"P04_CFL_39","BWC",4,"L4",2006,"2"
"8583","2517",31008062,582428,4913954,"P04_CFL_264","BWC",4,"L4",2006,"2"
"8584","2518",31008066,579481,4913258,"P04_TSC_38","BWC",4,"L4",2006,"2"
"8585","2519",31008067,580181,4913256,"P04_CFL_44","BWC",4,"L4",2006,"2"
"8586","252",31002213,580328,4912002,"P04_CFL_44","BWC",4,"L4",1998,"2"
"8587","2520",31008069,583680,4912907,"P04_CFL_258","BWC",4,"L4",2006,"2"
"8588","2522",31008071,583380,4912259,"P04_CFL_257","BWC",4,"L4",2006,"2"
"8589","2524",31008073,584731,4911558,"P04_CFL_269","BWC",4,"L4",2006,"2"
"8590","2525",31008074,584281,4911306,"P04_TSC_31","BWC",4,"L4",2006,"2"
"8591","2526",31008075,584980,4911309,"P04_CFL_269","BWC",4,"L4",2006,"2"
"8592","2527",31008076,584378,4911157,"P04_CFL_268","BWC",4,"L4",2006,"2"
"8593","2529",31008078,584985,4910860,"P04_CFL_270","BWC",4,"L4",2006,"2"
"8594","253",31002214,579526,4911954,"P04_CFL_44","BWC",4,"L4",1998,"2"
"8595","2531",31008080,585428,4909355,"P04_CFL_239","BWC",4,"L4",2006,"2"
"8596","2534",31008085,578530,4916654,"P04_CFL_19","BWC",4,"L4",2006,"2"
"8597","2535",31008086,578578,4916606,"P04_CFL_19","BWC",4,"L4",2006,"2"
"8598","2536",31008087,580133,4916560,"P04_CFL_19","BWC",4,"L4",2006,"2"
"8599","2538",31008091,579580,4915958,"P04_TSC_25","BWC",4,"L4",2006,"2"
"8600","2539",31008092,578633,4915806,"P04_CFL_19","BWC",4,"L4",2006,"2"
"8601","254",31002215,580785,4911956,"P04_CFL_44","BWC",4,"L4",1998,"2"
"8602","2540",31008093,579281,4915209,"P04_CFL_19","BWC",4,"L4",2006,"2"
"8603","2541",31008094,580128,4915156,"P04_CFL_19","BWC",4,"L4",2006,"2"
"8604","2542",31008100,583381,4910256,"P04_CFL_240","BWC",4,"L4",2006,"2"
"8605","2544",31008102,584277,4909454,"P04_CFL_240","BWC",4,"L4",2006,"2"
"8606","2545",31008103,584730,4909113,"P04_CFL_240","BWC",4,"L4",2006,"2"
"8607","2546",31008104,584282,4908359,"P04_CFL_240","BWC",4,"L4",2006,"2"
"8608","255",31002216,583527,4909906,"P04_CFL_240","BWC",4,"L4",1998,"2"
"8609","2553",31008241,531373,4940117,"P04_SC_1","MBC",4,"U4",2007,"2"
"8610","2562",31008252,544530,4934699,"P04_USCB_5","MBC",4,"U4",2007,"2"
"8611","2563",31008253,544275,4934655,"","MBC",4,"U4",2007,"2"
"8612","2564",31008255,572027,4918262,"P04_USCB_13","MBC",4,"L4",2007,"2"
"8613","2565",31008256,571727,4918210,"P04_USCB_13","MBC",4,"L4",2007,"1"
"8614","2566",31008257,572075,4918211,"P04_USCB_13","MBC",4,"L4",2007,"2"
"8615","2567",31008258,572428,4918009,"P04_USCB_13","MBC",4,"L4",2007,"2"
"8616","2568",31008259,572875,4917703,"P04_USCB_13","MBC",4,"L4",2007,"2"
"8617","2571",31008262,583632,4911614,"P04_USCB_11","MBC",4,"L4",2007,"1"
"8618","2572",31008263,583281,4911357,"P04_SCB_21","MBC",4,"L4",2007,"2"
"8619","2579",31008270,583675,4910356,"P04_SCB_21","MBC",4,"L4",2007,"2"
"8620","2580",31008271,583979,4910008,"P04_TSC_35","MBC",4,"L4",2007,"2"
"8621","2587",31008278,581734,4913407,"P04_SCB_25","MBC",4,"L4",2007,"2"
"8622","259",31002221,584433,4909203,"P04_CFL_240","BWC",4,"L4",1998,"2"
"8623","2590",31008281,583531,4910509,"P04_SCB_21","MBC",4,"L4",2007,"2"
"8624","2591",31008282,584130,4909757,"P04_TSC_35","MBC",4,"L4",2007,"2"
"8625","2592",31008283,584177,4909710,"P04_TSC_35","MBC",4,"L4",2007,"2"
"8626","2597",31008290,537734,4936212,"P04_CFL_74","SC",4,"U4",2007,"2"
"8627","2598",31008291,544734,4934755,"P04_TSC_12","SC",4,"U4",2007,"2"
"8628","2611",31008304,539580,4936459,"P04_SC_8","SC",4,"U4",2007,"2"
"8629","2617",31008310,541627,4935408,"P04_CFL_64","SC",4,"U4",2007,"2"
"8630","262",31002224,584133,4908909,"P04_CFL_240","BWC",4,"L4",1998,"2"
"8631","2620",31008313,542674,4934850,"P04_SC_8","SC",4,"U4",2007,"2"
"8632","2621",31008314,542928,4934854,"P04_SC_8","SC",4,"U4",2007,"2"
"8633","2622",31008356,537677,4936812,"P04_CFL_55","BWC",4,"U4",2007,"2"
"8634","2623",31008357,536282,4936060,"P04_CFL_274","BWC",4,"U4",2007,"2"
"8635","2624",31008358,536135,4935909,"P04_CFL_274","BWC",4,"U4",2007,"2"
"8636","2625",31008359,536231,4935612,"P04_CFL_274","BWC",4,"U4",2007,"2"
"8637","2626",31008360,536276,4935609,"P04_CFL_274","BWC",4,"U4",2007,"2"
"8638","2627",31008361,536135,4935564,"P04_CFL_274","BWC",4,"U4",2007,"2"
"8639","2628",31008362,555930,4924860,"","BWC",4,"U4",2007,"2"
"8640","2629",31008363,536878,4937355,"P04_CFL_54","BWC",4,"U4",2007,"2"
"8641","2631",31008365,537528,4937250,"P04_CFL_54","BWC",4,"U4",2007,"2"
"8642","2632",31008366,536930,4937157,"P04_CFL_54","BWC",4,"U4",2007,"2"
"8643","2633",31008367,538831,4936005,"P04_CFL_71","BWC",4,"U4",2007,"2"
"8644","2634",31008368,538835,4935810,"P04_CFL_71","BWC",4,"U4",2007,"2"
"8645","2636",31008370,539079,4935661,"P04_CFL_71","BWC",4,"U4",2007,"2"
"8646","2646",31008380,541482,4935459,"P04_CFL_64","BWC",4,"U4",2007,"2"
"8647","2650",31008384,544682,4934203,"P04_CFL_15","BWC",4,"U4",2007,"2"
"8648","2651",31008385,544084,4934158,"P04_CFL_15","BWC",4,"U4",2007,"2"
"8649","2655",31008389,544278,4933959,"P04_CFL_15","BWC",4,"U4",2007,"2"
"8650","2658",31008392,545431,4933654,"P04_CFL_15","BWC",4,"U4",2007,"2"
"8651","266",31002229,579802,4917639,"P04_CFL_19","BWC",4,"L4",1998,"2"
"8652","267",31002232,579527,4917706,"P04_CFL_19","BWC",4,"L4",1998,"2"
"8653","2675",31008409,540479,4935909,"P04_CFL_72","BWC",4,"U4",2007,"2"
"8654","268",31002233,580122,4917557,"P04_CFL_19","BWC",4,"L4",1998,"2"
"8655","2680",31008414,539680,4935657,"P04_CFL_72","BWC",4,"U4",2007,"2"
"8656","2681",31008415,539733,4935658,"P04_CFL_72","BWC",4,"U4",2007,"2"
"8657","2683",31008417,539977,4935460,"P04_CFL_72","BWC",4,"U4",2007,"2"
"8658","2691",31008429,542329,4935311,"P04_CFL_67","BWC",4,"U4",2007,"2"
"8659","2692",31008430,541331,4934855,"P04_CFL_3","BWC",4,"U4",2007,"2"
"8660","2695",31008433,544228,4934155,"P04_CFL_15","BWC",4,"U4",2007,"2"
"8661","2699",31008437,537123,4936453,"P04_CFL_62","BWC",4,"U4",2007,"2"
"8662","270",31002235,579877,4917514,"P04_CFL_19","BWC",4,"L4",1998,"2"
"8663","2702",31008441,537383,4935907,"P04_CFL_78","BWC",4,"U4",2007,"2"
"8664","2703",31008442,540276,4935909,"P04_CFL_72","BWC",4,"U4",2007,"2"
"8665","2706",31008445,578731,4917507,"P04_CFL_19","BWC",4,"L4",2007,"2"
"8666","2707",31008446,577027,4915659,"P04_CFL_210","BWC",4,"L4",2007,"2"
"8667","2709",31008450,579382,4911959,"P04_CFL_44","BWC",4,"L4",2007,"2"
"8668","271",31002236,578830,4917304,"P04_CFL_19","BWC",4,"L4",1998,"2"
"8669","2710",31008455,583926,4912355,"P04_CFL_258","BWC",4,"L4",2007,"2"
"8670","2711",31008456,584283,4910910,"P04_TSC_46","BWC",4,"L4",2007,"2"
"8671","2713",31008458,584630,4910810,"P04_CFL_268","BWC",4,"L4",2007,"2"
"8672","2714",31008459,584335,4910710,"P04_CFL_253","BWC",4,"L4",2007,"2"
"8673","2715",31008460,584382,4910550,"P04_SCB_24","BWC",4,"L4",2007,"2"
"8674","2718",31008464,580378,4917360,"P04_CFL_19","BWC",4,"L4",2007,"2"
"8675","2719",31008466,580177,4917259,"P04_CFL_19","BWC",4,"L4",2007,"2"
"8676","272",31002238,579398,4916941,"P04_CFL_19","BWC",4,"L4",1998,"2"
"8677","2720",31008468,580533,4917056,"P04_CFL_19","BWC",4,"L4",2007,"2"
"8678","2721",31008469,580630,4917010,"P04_CFL_19","BWC",4,"L4",2007,"2"
"8679","2722",31008470,580279,4916858,"P04_CFL_19","BWC",4,"L4",2007,"2"
"8680","2723",31008472,580232,4916507,"P04_CFL_19","BWC",4,"L4",2007,"2"
"8681","2724",31008475,580124,4916359,"P04_CFL_19","BWC",4,"L4",2007,"2"
"8682","2725",31008476,580427,4916307,"P04_CFL_19","BWC",4,"L4",2007,"2"
"8683","2726",31008478,581129,4915858,"P04_CFL_19","BWC",4,"L4",2007,"2"
"8684","2727",31008480,581429,4915812,"P04_CFL_19","BWC",4,"L4",2007,"2"
"8685","2728",31008481,581477,4915757,"P04_CFL_19","BWC",4,"L4",2007,"2"
"8686","2729",31008482,581080,4915707,"P04_CFL_19","BWC",4,"L4",2007,"2"
"8687","273",31002239,579532,4916659,"P04_CFL_19","BWC",4,"L4",1998,"1"
"8688","2730",31008483,581274,4915608,"P04_CFL_19","BWC",4,"L4",2007,"2"
"8689","2731",31008484,581833,4915511,"P04_CFL_19","BWC",4,"L4",2007,"2"
"8690","2732",31008485,581731,4915164,"P04_CFL_19","BWC",4,"L4",2007,"2"
"8691","2733",31008486,581332,4915110,"P04_CFL_19","BWC",4,"L4",2007,"2"
"8692","2734",31008487,581676,4915057,"P04_CFL_19","BWC",4,"L4",2007,"2"
"8693","2735",31008495,580483,4914557,"P04_CFL_19","BWC",4,"L4",2007,"2"
"8694","2736",31008497,581031,4914266,"P04_CFL_19","BWC",4,"L4",2007,"2"
"8695","2737",31008498,580330,4913057,"P04_CFL_44","BWC",4,"L4",2007,"2"
"8696","2738",31008500,579630,4912458,"P04_CFL_44","BWC",4,"L4",2007,"2"
"8697","2739",31008502,579486,4912415,"P04_CFL_44","BWC",4,"L4",2007,"2"
"8698","274",31002241,578224,4916261,"P04_CFL_19","BWC",4,"L4",1998,"2"
"8699","2740",31008504,579983,4912365,"P04_CFL_44","BWC",4,"L4",2007,"2"
"8700","2741",31008506,579328,4912313,"P04_CFL_44","BWC",4,"L4",2007,"2"
"8701","2742",31008507,579733,4912111,"P04_CFL_44","BWC",4,"L4",2007,"2"
"8702","2743",31008508,583576,4909461,"P04_CFL_240","BWC",4,"L4",2007,"2"
"8703","2745",31008510,583829,4909315,"P04_CFL_240","BWC",4,"L4",2007,"2"
"8704","2746",31008511,584576,4909257,"P04_CFL_240","BWC",4,"L4",2007,"2"
"8705","2747",31008512,583577,4909207,"P04_CFL_240","BWC",4,"L4",2007,"2"
"8706","2748",31008513,584278,4909110,"P04_CFL_240","BWC",4,"L4",2007,"2"
"8707","2749",31008514,584578,4908813,"P04_CFL_240","BWC",4,"L4",2007,"2"
"8708","275",31002242,579082,4916209,"P04_CFL_19","BWC",4,"L4",1998,"2"
"8709","2751",31008517,577926,4916560,"","BWC",4,"L4",2007,"2"
"8710","2753",31008519,578276,4915108,"P04_SC_24","BWC",4,"L4",2007,"2"
"8711","2754",31008520,576476,4914612,"","BWC",4,"L4",2007,"2"
"8712","2755",31008522,580534,4914063,"P04_CFL_260","BWC",4,"L4",2007,"2"
"8713","2757",31008527,583083,4913110,"P04_CFL_242","BWC",4,"L4",2007,"2"
"8714","276",31002243,578680,4915964,"P04_CFL_19","BWC",4,"L4",1998,"2"
"8715","2760",31008531,585131,4910959,"P04_CFL_251","BWC",4,"L4",2007,"2"
"8716","2761",31008532,585084,4910861,"P04_CFL_251","BWC",4,"L4",2007,"2"
"8717","2762",31008533,583378,4910457,"P04_CFL_240","BWC",4,"L4",2007,"2"
"8718","2764",31008535,585530,4909112,"P04_SC_4","BWC",4,"L4",2007,"2"
"8719","2765",31008536,580528,4917407,"P04_CFL_19","BWC",4,"L4",2007,"2"
"8720","2766",31008538,578677,4916854,"P04_CFL_19","BWC",4,"L4",2007,"2"
"8721","2767",31008539,578678,4916756,"P04_CFL_19","BWC",4,"L4",2007,"2"
"8722","2768",31008540,580583,4916761,"P04_CFL_19","BWC",4,"L4",2007,"2"
"8723","2769",31008541,578477,4916508,"P04_CFL_19","BWC",4,"L4",2007,"2"
"8724","2770",31008544,578077,4915706,"P04_CFL_19","BWC",4,"L4",2007,"2"
"8725","2771",31008546,579576,4914811,"P04_CFL_19","BWC",4,"L4",2007,"2"
"8726","2772",31008547,580228,4914700,"P04_CFL_19","BWC",4,"L4",2007,"2"
"8727","2773",31008548,580433,4914508,"P04_CFL_19","BWC",4,"L4",2007,"2"
"8728","2774",31008550,581131,4914214,"P04_CFL_19","BWC",4,"L4",2007,"2"
"8729","2775",31008552,583527,4909664,"P04_CFL_240","BWC",4,"L4",2007,"2"
"8730","2776",31008553,584934,4909108,"P04_CFL_240","BWC",4,"L4",2007,"2"
"8731","278",31002245,580237,4915898,"P04_CFL_19","BWC",4,"L4",1998,"2"
"8732","2789",31008697,537519,4935806,"P04_USCB_5","MBC",4,"U4",2008,"2"
"8733","279",31002246,580028,4915456,"P04_CFL_19","BWC",4,"L4",1998,"2"
"8734","2790",31008698,540928,4935208,"P04_USCB_5","MBC",4,"U4",2008,"2"
"8735","2791",31008699,540630,4935057,"P04_USCB_5","MBC",4,"U4",2008,"2"
"8736","2797",31008705,572430,4917962,"P04_USCB_13","MBC",4,"L4",2008,"2"
"8737","2798",31008706,572527,4917955,"P04_USCB_13","MBC",4,"L4",2008,"2"
"8738","280",31002248,580223,4914907,"P04_CFL_19","BWC",4,"L4",1998,"2"
"8739","2808",31008716,585432,4910006,"P04_SCB_24","MBC",4,"L4",2008,"2"
"8740","2809",31008717,585480,4909909,"P04_SCB_24","MBC",4,"L4",2008,"2"
"8741","281",31002249,579531,4914671,"P04_CFL_19","BWC",4,"L4",1998,"2"
"8742","2811",31008719,571829,4918260,"P04_USCB_13","MBC",4,"L4",2008,"2"
"8743","2812",31008720,572726,4917863,"P04_USCB_13","MBC",4,"L4",2008,"2"
"8744","2813",31008721,575326,4916759,"P04_SCB_23","MBC",4,"L4",2008,"2"
"8745","2816",31008724,576524,4915359,"P04_SCB_22","MBC",4,"L4",2008,"2"
"8746","282",31002250,580727,4914459,"P04_CFL_19","BWC",4,"L4",1998,"2"
"8747","2822",31008730,583126,4911558,"P04_SCB_21","MBC",4,"L4",2008,"2"
"8748","2823",31008731,583981,4911107,"P04_USCB_11","MBC",4,"L4",2008,"2"
"8749","2825",31008734,585634,4909318,"P04_SCB_21","MBC",4,"L4",2008,"2"
"8750","2826",31008736,544978,4934809,"P04_TSC_12","SC",4,"U4",2008,"2"
"8751","2827",31008737,533432,4938959,"P04_CFL_4","SC",4,"U4",2008,"2"
"8752","283",31002251,580483,4913103,"P04_CFL_44","BWC",4,"L4",1998,"2"
"8753","284",31002252,579230,4912359,"P04_CFL_44","BWC",4,"L4",1998,"2"
"8754","2847",31008758,540279,4936361,"P04_SC_8","SC",4,"U4",2008,"2"
"8755","2849",31008760,541478,4936213,"P04_SC_8","SC",4,"U4",2008,"2"
"8756","285",31002254,580730,4912112,"P04_CFL_44","BWC",4,"L4",1998,"2"
"8757","2854",31008805,564379,4922359,"P04_CFL_104","BWC",4,"U4",2008,"2"
"8758","2855",31008807,536477,4935903,"P04_CFL_274","BWC",4,"U4",2008,"2"
"8759","2856",31008808,536082,4935805,"P04_CFL_274","BWC",4,"U4",2008,"2"
"8760","2857",31008809,536277,4935803,"P04_CFL_274","BWC",4,"U4",2008,"2"
"8761","2858",31008810,536377,4935701,"P04_CFL_274","BWC",4,"U4",2008,"2"
"8762","2859",31008811,536426,4935705,"P04_CFL_274","BWC",4,"U4",2008,"2"
"8763","286",31002255,580678,4912059,"P04_CFL_44","BWC",4,"L4",1998,"2"
"8764","2860",31008812,536430,4935553,"P04_CFL_274","BWC",4,"U4",2008,"2"
"8765","2861",31008813,536479,4935509,"P04_CFL_274","BWC",4,"U4",2008,"2"
"8766","2862",31008814,536430,4935456,"P04_CFL_274","BWC",4,"U4",2008,"2"
"8767","2865",31008820,537533,4937213,"P04_CFL_54","BWC",4,"U4",2008,"2"
"8768","287",31002256,580531,4911805,"P04_CFL_44","BWC",4,"L4",1998,"2"
"8769","2872",31008828,538784,4936005,"P04_CFL_71","BWC",4,"U4",2008,"2"
"8770","2873",31008829,539029,4935750,"P04_CFL_71","BWC",4,"U4",2008,"2"
"8771","2875",31008831,539029,4935660,"P04_CFL_71","BWC",4,"U4",2008,"2"
"8772","2877",31008833,539728,4935453,"P04_CFL_72","BWC",4,"U4",2008,"2"
"8773","288",31002257,580328,4911258,"P04_CFL_44","BWC",4,"L4",1998,"2"
"8774","289",31002258,583877,4909906,"P04_CFL_240","BWC",4,"L4",1998,"2"
"8775","2897",31008859,540524,4936057,"P04_CFL_72","BWC",4,"U4",2008,"2"
"8776","290",31002259,583881,4909855,"P04_CFL_240","BWC",4,"L4",1998,"2"
"8777","2901",31008863,540633,4935863,"P04_CFL_72","BWC",4,"U4",2008,"2"
"8778","2903",31008865,540323,4935808,"P04_CFL_72","BWC",4,"U4",2008,"2"
"8779","2910",31008872,541071,4936809,"P04_CFL_73","BWC",4,"U4",2008,"2"
"8780","2911",31008873,538576,4936610,"P04_CFL_60","BWC",4,"U4",2008,"2"
"8781","2912",31008874,542823,4936103,"P04_CFL_67","BWC",4,"U4",2008,"2"
"8782","2914",31008876,541479,4935509,"P04_CFL_64","BWC",4,"U4",2008,"2"
"8783","2917",31008885,545427,4933558,"P04_CFL_15","BWC",4,"U4",2008,"2"
"8784","2919",31008887,540079,4936661,"P04_CFL_61","BWC",4,"U4",2008,"2"
"8785","2922",31008890,538870,4936004,"P04_CFL_71","BWC",4,"U4",2008,"2"
"8786","2923",31008891,539825,4935953,"P04_CFL_72","BWC",4,"U4",2008,"2"
"8787","2924",31008892,541133,4935810,"P04_CFL_72","BWC",4,"U4",2008,"2"
"8788","2925",31008893,540632,4935509,"P04_CFL_72","BWC",4,"U4",2008,"2"
"8789","2926",31008894,540878,4935457,"P04_CFL_72","BWC",4,"U4",2008,"2"
"8790","2927",31008895,574880,4917860,"P04_TSC_36","BWC",4,"L4",2008,"2"
"8791","2928",31008896,578680,4917608,"P04_CFL_19","BWC",4,"L4",2008,"2"
"8792","2929",31008897,574877,4917404,"P04_CFL_136","BWC",4,"L4",2008,"2"
"8793","2930",31008898,579076,4917903,"P04_CFL_19","BWC",4,"L4",2008,"2"
"8794","2931",31008899,577424,4916257,"P04_TSC_36","BWC",4,"L4",2008,"2"
"8795","2933",31008901,571379,4918853,"P04_CFL_20","BWC",4,"L4",2008,"2"
"8796","2934",31008902,571585,4918906,"P04_CFL_20","BWC",4,"L4",2008,"2"
"8797","2935",31008904,579635,4911459,"P04_CFL_44","BWC",4,"L4",2008,"2"
"8798","2936",31008905,582482,4913459,"P04_CFL_264","BWC",4,"L4",2008,"2"
"8799","2938",31008907,585078,4910510,"P04_CFL_270","BWC",4,"L4",2008,"2"
"8800","2939",31008908,585529,4910412,"P04_CFL_251","BWC",4,"L4",2008,"2"
"8801","2940",31008909,585131,4909409,"P04_CFL_272","BWC",4,"L4",2008,"2"
"8802","2941",31008911,580577,4917159,"P04_CFL_19","BWC",4,"L4",2008,"2"
"8803","2942",31008912,579479,4917111,"P04_CFL_19","BWC",4,"L4",2008,"2"
"8804","2943",31008913,579975,4917108,"P04_CFL_19","BWC",4,"L4",2008,"2"
"8805","2944",31008914,579825,4917011,"P04_CFL_19","BWC",4,"L4",2008,"2"
"8806","2945",31008915,580024,4917012,"P04_CFL_19","BWC",4,"L4",2008,"2"
"8807","2946",31008916,579977,4916757,"P04_CFL_19","BWC",4,"L4",2008,"2"
"8808","2947",31008917,579576,4916657,"P04_CFL_19","BWC",4,"L4",2008,"2"
"8809","2948",31008918,579682,4916608,"P04_CFL_19","BWC",4,"L4",2008,"2"
"8810","2949",31008919,580925,4916554,"P04_CFL_19","BWC",4,"L4",2008,"2"
"8811","2950",31008920,579778,4916461,"P04_CFL_19","BWC",4,"L4",2008,"2"
"8812","2951",31008921,580335,4916456,"P04_CFL_19","BWC",4,"L4",2008,"2"
"8813","2952",31008922,580488,4916359,"P04_CFL_19","BWC",4,"L4",2008,"2"
"8814","2953",31008923,580779,4916259,"P04_CFL_19","BWC",4,"L4",2008,"2"
"8815","2954",31008924,580631,4916158,"P04_CFL_19","BWC",4,"L4",2008,"2"
"8816","2955",31008925,580380,4916114,"P04_CFL_19","BWC",4,"L4",2008,"2"
"8817","2956",31008926,580380,4916056,"P04_CFL_19","BWC",4,"L4",2008,"2"
"8818","2957",31008927,580483,4915960,"P04_CFL_19","BWC",4,"L4",2008,"2"
"8819","2958",31008928,581029,4915956,"P04_CFL_19","BWC",4,"L4",2008,"2"
"8820","2959",31008929,580730,4915908,"P04_CFL_19","BWC",4,"L4",2008,"2"
"8821","296",31002611,572336,4918158,"P04_USCB_13","MBC",4,"L4",1999,"2"
"8822","2960",31008930,581583,4915905,"P04_CFL_19","BWC",4,"L4",2008,"2"
"8823","2961",31008931,580979,4915860,"P04_CFL_19","BWC",4,"L4",2008,"2"
"8824","2962",31008932,580026,4915764,"P04_TSC_25","BWC",4,"L4",2008,"2"
"8825","2963",31008933,578175,4915659,"P04_CFL_19","BWC",4,"L4",2008,"2"
"8826","2964",31008934,581131,4915551,"P04_CFL_19","BWC",4,"L4",2008,"2"
"8827","2965",31008935,581980,4915508,"P04_CFL_19","BWC",4,"L4",2008,"2"
"8828","2966",31008936,580776,4915406,"P04_CFL_19","BWC",4,"L4",2008,"2"
"8829","2967",31008937,580977,4915404,"P04_CFL_19","BWC",4,"L4",2008,"2"
"8830","2968",31008938,581734,4915413,"P04_CFL_19","BWC",4,"L4",2008,"2"
"8831","2969",31008939,580629,4915358,"P04_CFL_19","BWC",4,"L4",2008,"2"
"8832","297",31002612,572430,4918107,"P04_USCB_13","MBC",4,"L4",1999,"2"
"8833","2970",31008940,581976,4915309,"P04_CFL_19","BWC",4,"L4",2008,"2"
"8834","2971",31008941,580627,4915260,"P04_CFL_19","BWC",4,"L4",2008,"2"
"8835","2972",31008942,580429,4915114,"P04_CFL_19","BWC",4,"L4",2008,"2"
"8836","2973",31008943,581729,4915109,"P04_CFL_19","BWC",4,"L4",2008,"2"
"8837","2974",31008944,581328,4915060,"P04_CFL_19","BWC",4,"L4",2008,"2"
"8838","2975",31008945,581833,4915062,"P04_CFL_19","BWC",4,"L4",2008,"2"
"8839","2976",31008946,580978,4915009,"P04_CFL_19","BWC",4,"L4",2008,"2"
"8840","2977",31008947,581079,4914861,"P04_CFL_19","BWC",4,"L4",2008,"2"
"8841","2978",31008948,581383,4914560,"P04_CFL_19","BWC",4,"L4",2008,"2"
"8842","2979",31008950,579875,4913004,"P04_CFL_44","BWC",4,"L4",2008,"2"
"8843","2980",31008951,579382,4912565,"P04_CFL_44","BWC",4,"L4",2008,"2"
"8844","2981",31008952,580579,4912511,"P04_CFL_44","BWC",4,"L4",2008,"2"
"8845","2982",31008953,579380,4912462,"P04_CFL_44","BWC",4,"L4",2008,"2"
"8846","2983",31008954,580183,4912456,"P04_CFL_44","BWC",4,"L4",2008,"2"
"8847","2984",31008955,580423,4912462,"P04_CFL_44","BWC",4,"L4",2008,"2"
"8848","2985",31008956,579671,4912412,"P04_CFL_44","BWC",4,"L4",2008,"2"
"8849","2986",31008957,579524,4912307,"P04_CFL_44","BWC",4,"L4",2008,"2"
"8850","2987",31008958,579677,4912118,"P04_CFL_44","BWC",4,"L4",2008,"2"
"8851","2988",31008960,583477,4909464,"P04_CFL_240","BWC",4,"L4",2008,"2"
"8852","2989",31008961,583984,4909357,"P04_CFL_240","BWC",4,"L4",2008,"2"
"8853","2990",31008962,583679,4909311,"P04_CFL_240","BWC",4,"L4",2008,"2"
"8854","2991",31008963,584582,4909214,"P04_CFL_240","BWC",4,"L4",2008,"2"
"8855","2992",31008964,584228,4908806,"P04_CFL_240","BWC",4,"L4",2008,"2"
"8856","2993",31008965,584683,4908661,"P04_CFL_240","BWC",4,"L4",2008,"2"
"8857","2994",31008966,584528,4908610,"P04_CFL_240","BWC",4,"L4",2008,"2"
"8858","2995",31008967,584585,4908460,"P04_CFL_240","BWC",4,"L4",2008,"2"
"8859","2996",31008968,577633,4916808,"P04_CFL_271","BWC",4,"L4",2008,"2"
"8860","2997",31008969,577678,4916108,"P04_CFL_203","BWC",4,"L4",2008,"2"
"8861","2998",31008971,580881,4914062,"P04_TSC_34","BWC",4,"L4",2008,"2"
"8862","2999",31008972,580832,4913907,"P04_CFL_260","BWC",4,"L4",2008,"2"
"8863","3000",31008975,582826,4913509,"P04_CFL_264","BWC",4,"L4",2008,"2"
"8864","3001",31008976,579985,4913103,"P04_TSC_41","BWC",4,"L4",2008,"2"
"8865","3002",31008977,584131,4912461,"P04_CFL_258","BWC",4,"L4",2008,"2"
"8866","3005",31008981,584881,4910659,"P04_CFL_270","BWC",4,"L4",2008,"2"
"8867","3006",31008982,584929,4909656,"P04_CFL_272","BWC",4,"L4",2008,"2"
"8868","3007",31008984,579427,4916803,"P04_CFL_19","BWC",4,"L4",2008,"2"
"8869","3008",31008985,580125,4916708,"P04_CFL_19","BWC",4,"L4",2008,"2"
"8870","3009",31008986,579227,4916507,"P04_CFL_19","BWC",4,"L4",2008,"2"
"8871","3011",31008988,579232,4916460,"P04_CFL_19","BWC",4,"L4",2008,"2"
"8872","3012",31008989,581377,4916259,"P04_CFL_19","BWC",4,"L4",2008,"2"
"8873","3013",31008990,580027,4916212,"P04_CFL_19","BWC",4,"L4",2008,"2"
"8874","3014",31008991,579330,4916157,"P04_TSC_25","BWC",4,"L4",2008,"2"
"8875","3015",31008992,578530,4915912,"P04_CFL_19","BWC",4,"L4",2008,"2"
"8876","3016",31008994,582076,4915455,"P04_CFL_19","BWC",4,"L4",2008,"2"
"8877","3017",31008995,579574,4915300,"P04_CFL_19","BWC",4,"L4",2008,"2"
"8878","3018",31008996,579830,4915205,"P04_CFL_19","BWC",4,"L4",2008,"2"
"8879","3019",31008997,580874,4914460,"P04_CFL_19","BWC",4,"L4",2008,"2"
"8880","3020",31008998,579824,4911963,"P04_CFL_44","BWC",4,"L4",2008,"2"
"8881","3021",31009001,583432,4909957,"P04_CFL_240","BWC",4,"L4",2008,"2"
"8882","3022",31009002,583834,4909906,"P04_CFL_240","BWC",4,"L4",2008,"2"
"8883","3023",31009003,583625,4909706,"P04_CFL_240","BWC",4,"L4",2008,"2"
"8884","3024",31009004,584027,4909658,"P04_CFL_240","BWC",4,"L4",2008,"2"
"8885","3025",31009135,535034,4937998,"P04_USCB_18","MBC",4,"U4",2009,"2"
"8886","3034",31009144,540879,4935207,"P04_USCB_5","MBC",4,"U4",2009,"2"
"8887","3038",31009148,543880,4934606,"P04_USCB_5","MBC",4,"U4",2009,"2"
"8888","3039",31009149,543427,4934553,"P04_USCB_5","MBC",4,"U4",2009,"2"
"8889","3044",31009154,543078,4934311,"P04_USCB_19","MBC",4,"U4",2009,"2"
"8890","3045",31009155,571625,4918259,"P04_USCB_13","MBC",4,"L4",2009,"2"
"8891","3046",31009156,572276,4918112,"P04_USCB_13","MBC",4,"L4",2009,"2"
"8892","3052",31009162,580930,4913207,"P04_SCB_21","MBC",4,"L4",2009,"2"
"8893","3054",31009164,581523,4913063,"P04_SCB_21","MBC",4,"L4",2009,"2"
"8894","3058",31009168,583430,4911257,"P04_SCB_21","MBC",4,"L4",2009,"2"
"8895","3059",31009169,583727,4910313,"P04_SCB_21","MBC",4,"L4",2009,"2"
"8896","306",31002622,583079,4911703,"P04_SCB_21","MBC",4,"L4",1999,"2"
"8897","3063",31009173,574477,4917358,"P04_SCB_26","MBC",4,"L4",2009,"2"
"8898","3064",31009174,574518,4917357,"P04_SCB_26","MBC",4,"L4",2009,"2"
"8899","3065",31009175,575926,4916468,"P04_SCB_25","MBC",4,"L4",2009,"2"
"8900","3070",31009180,580783,4913515,"P04_SCB_25","MBC",4,"L4",2009,"1"
"8901","3071",31009181,583520,4911809,"P04_SCB_25","MBC",4,"L4",2009,"2"
"8902","3072",31009182,583379,4910763,"P04_SCB_21","MBC",4,"L4",2009,"2"
"8903","3073",31009183,583874,4910009,"P04_TSC_35","MBC",4,"L4",2009,"2"
"8904","3074",31009184,585628,4909761,"P04_USCB_10","MBC",4,"L4",2009,"2"
"8905","3075",31009185,533425,4939011,"P04_CFL_4","SC",4,"U4",2009,"2"
"8906","3077",31009187,544679,4934707,"P04_TSC_12","SC",4,"U4",2009,"2"
"8907","3079",31009189,533022,4938549,"P04_CFL_80","SC",4,"U4",2009,"2"
"8908","3094",31009204,538828,4936857,"P04_SC_8","SC",4,"U4",2009,"2"
"8909","310",31002626,583434,4911159,"P04_SCB_21","MBC",4,"L4",1999,"2"
"8910","3105",31009258,536183,4935907,"P04_CFL_274","BWC",4,"U4",2009,"2"
"8911","3106",31009259,554179,4934505,"P04_CFL_93","BWC",4,"U4",2009,"2"
"8912","3107",31009260,555973,4924757,"P04_CFL_100","BWC",4,"U4",2009,"2"
"8913","3108",31009262,536879,4937407,"P04_CFL_54","BWC",4,"U4",2009,"2"
"8914","3109",31009263,536978,4937409,"P04_CFL_54","BWC",4,"U4",2009,"2"
"8915","3110",31009264,536928,4937259,"P04_CFL_54","BWC",4,"U4",2009,"2"
"8916","3111",31009265,537228,4937257,"P04_CFL_54","BWC",4,"U4",2009,"2"
"8917","3114",31009268,536379,4936157,"P04_CFL_62","BWC",4,"U4",2009,"2"
"8918","3116",31009270,538731,4936008,"P04_CFL_71","BWC",4,"U4",2009,"2"
"8919","3117",31009271,542633,4936306,"P04_CFL_67","BWC",4,"U4",2009,"2"
"8920","3118",31009272,542124,4936256,"P04_CFL_67","BWC",4,"U4",2009,"2"
"8921","3119",31009273,542580,4936109,"P04_CFL_67","BWC",4,"U4",2009,"2"
"8922","3120",31009274,542728,4936105,"P04_CFL_67","BWC",4,"U4",2009,"2"
"8923","3121",31009275,542080,4936059,"P04_CFL_67","BWC",4,"U4",2009,"2"
"8924","3122",31009276,542426,4936059,"P04_CFL_67","BWC",4,"U4",2009,"2"
"8925","3124",31009278,542421,4935862,"P04_CFL_67","BWC",4,"U4",2009,"2"
"8926","3126",31009280,542931,4935662,"P04_CFL_67","BWC",4,"U4",2009,"2"
"8927","3128",31009282,542473,4935511,"P04_CFL_67","BWC",4,"U4",2009,"2"
"8928","3129",31009283,542628,4935410,"P04_CFL_67","BWC",4,"U4",2009,"2"
"8929","3132",31009286,544631,4934110,"P04_CFL_15","BWC",4,"U4",2009,"2"
"8930","3148",31009302,541029,4936056,"P04_CFL_72","BWC",4,"U4",2009,"2"
"8931","315",31002631,583787,4910160,"P04_TSC_35","MBC",4,"L4",1999,"2"
"8932","3150",31009304,540880,4936006,"P04_CFL_72","BWC",4,"U4",2009,"2"
"8933","3151",31009305,539235,4935960,"P04_TSC_11","BWC",4,"U4",2009,"2"
"8934","3152",31009306,540380,4935961,"P04_CFL_72","BWC",4,"U4",2009,"2"
"8935","3153",31009307,540931,4935961,"P04_CFL_72","BWC",4,"U4",2009,"2"
"8936","3154",31009308,536778,4935907,"P04_CFL_62","BWC",4,"U4",2009,"2"
"8937","3155",31009309,539970,4935903,"P04_CFL_72","BWC",4,"U4",2009,"2"
"8938","3156",31009310,540632,4935914,"P04_CFL_72","BWC",4,"U4",2009,"2"
"8939","3160",31009314,539773,4935701,"P04_CFL_72","BWC",4,"U4",2009,"2"
"8940","3162",31009316,540227,4935607,"P04_CFL_72","BWC",4,"U4",2009,"2"
"8941","3163",31009317,540727,4935613,"P04_CFL_72","BWC",4,"U4",2009,"2"
"8942","3164",31009318,540823,4935512,"P04_CFL_72","BWC",4,"U4",2009,"2"
"8943","3165",31009319,540224,4935411,"P04_CFL_72","BWC",4,"U4",2009,"2"
"8944","3168",31009322,535478,4938004,"P04_CFL_52","BWC",4,"U4",2009,"2"
"8945","317",31002633,584090,4909918,"P04_SCB_21","MBC",4,"L4",1999,"2"
"8946","3171",31009325,538428,4936608,"P04_CFL_60","BWC",4,"U4",2009,"2"
"8947","3172",31009326,541121,4936559,"P04_CFL_73","BWC",4,"U4",2009,"2"
"8948","3173",31009327,543078,4936407,"P04_CFL_67","BWC",4,"U4",2009,"2"
"8949","3174",31009328,542077,4936358,"P04_CFL_67","BWC",4,"U4",2009,"2"
"8950","3175",31009329,539283,4936256,"P04_CFL_60","BWC",4,"U4",2009,"2"
"8951","3176",31009330,541981,4936166,"P04_CFL_67","BWC",4,"U4",2009,"2"
"8952","3177",31009331,542425,4936160,"P04_CFL_67","BWC",4,"U4",2009,"2"
"8953","3178",31009332,541535,4935661,"P04_CFL_63","BWC",4,"U4",2009,"2"
"8954","3179",31009333,543028,4935257,"P04_CFL_67","BWC",4,"U4",2009,"2"
"8955","3181",31009335,544078,4933955,"P04_CFL_15","BWC",4,"U4",2009,"2"
"8956","3185",31009339,537228,4936209,"P04_TSC_37","BWC",4,"U4",2009,"2"
"8957","3187",31009341,537328,4936008,"P04_CFL_78","BWC",4,"U4",2009,"2"
"8958","3189",31009343,540928,4935514,"P04_CFL_72","BWC",4,"U4",2009,"2"
"8959","3190",31009344,540832,4935414,"P04_CFL_72","BWC",4,"U4",2009,"2"
"8960","3192",31009354,579579,4911765,"P04_CFL_44","BWC",4,"L4",2009,"2"
"8961","3193",31009355,579527,4911608,"P04_CFL_44","BWC",4,"L4",2009,"2"
"8962","3194",31009356,579679,4911363,"P04_CFL_44","BWC",4,"L4",2009,"2"
"8963","3195",31009357,583927,4912307,"P04_CFL_258","BWC",4,"L4",2009,"2"
"8964","3196",31009359,584375,4910559,"P04_SCB_24","BWC",4,"L4",2009,"2"
"8965","3197",31009361,585825,4908865,"P04_SC_4","BWC",4,"L4",2009,"2"
"8966","3198",31009366,580577,4917059,"P04_CFL_19","BWC",4,"L4",2009,"2"
"8967","3199",31009370,580982,4916755,"P04_CFL_19","BWC",4,"L4",2009,"2"
"8968","3200",31009371,580827,4916654,"P04_CFL_19","BWC",4,"L4",2009,"2"
"8969","3201",31009372,579531,4916613,"P04_CFL_19","BWC",4,"L4",2009,"2"
"8970","3202",31009373,579680,4916608,"P04_CFL_19","BWC",4,"L4",2009,"2"
"8971","3203",31009374,580030,4916510,"P04_CFL_19","BWC",4,"L4",2009,"2"
"8972","3204",31009375,580877,4916356,"P04_CFL_19","BWC",4,"L4",2009,"2"
"8973","3205",31009376,580334,4916256,"P04_CFL_19","BWC",4,"L4",2009,"2"
"8974","3206",31009377,581280,4916259,"P04_CFL_19","BWC",4,"L4",2009,"2"
"8975","3207",31009378,580374,4915908,"P04_CFL_19","BWC",4,"L4",2009,"2"
"8976","3208",31009379,580626,4915912,"P04_CFL_19","BWC",4,"L4",2009,"2"
"8977","3209",31009380,580926,4915912,"P04_CFL_19","BWC",4,"L4",2009,"2"
"8978","3210",31009381,581327,4915909,"P04_CFL_19","BWC",4,"L4",2009,"2"
"8979","3211",31009382,580578,4915763,"P04_CFL_19","BWC",4,"L4",2009,"2"
"8980","3212",31009384,582033,4915313,"P04_CFL_19","BWC",4,"L4",2009,"2"
"8981","3213",31009385,579538,4915258,"P04_CFL_19","BWC",4,"L4",2009,"2"
"8982","3214",31009387,582028,4915209,"P04_CFL_19","BWC",4,"L4",2009,"2"
"8983","3215",31009388,581676,4915007,"P04_CFL_19","BWC",4,"L4",2009,"2"
"8984","3216",31009390,581677,4914859,"P04_CFL_19","BWC",4,"L4",2009,"2"
"8985","3217",31009393,581822,4914705,"P04_CFL_19","BWC",4,"L4",2009,"2"
"8986","3218",31009395,581380,4914507,"P04_CFL_19","BWC",4,"L4",2009,"2"
"8987","3219",31009396,581279,4914212,"P04_CFL_19","BWC",4,"L4",2009,"2"
"8988","3220",31009398,580477,4913012,"P04_CFL_44","BWC",4,"L4",2009,"2"
"8989","3221",31009400,580384,4912860,"P04_CFL_44","BWC",4,"L4",2009,"2"
"8990","3222",31009401,579730,4912809,"P04_CFL_44","BWC",4,"L4",2009,"2"
"8991","3223",31009402,579484,4912759,"P04_CFL_44","BWC",4,"L4",2009,"2"
"8992","3224",31009403,580678,4912766,"P04_CFL_44","BWC",4,"L4",2009,"2"
"8993","3225",31009404,580126,4912711,"P04_CFL_44","BWC",4,"L4",2009,"2"
"8994","3226",31009405,579432,4912303,"P04_CFL_44","BWC",4,"L4",2009,"2"
"8995","3227",31009406,580832,4912209,"P04_CFL_44","BWC",4,"L4",2009,"2"
"8996","3228",31009407,579375,4912109,"P04_CFL_44","BWC",4,"L4",2009,"2"
"8997","3229",31009408,579627,4912006,"P04_CFL_44","BWC",4,"L4",2009,"2"
"8998","3230",31009409,580433,4911960,"P04_CFL_44","BWC",4,"L4",2009,"2"
"8999","3231",31009410,584034,4909312,"P04_CFL_240","BWC",4,"L4",2009,"2"
"9000","3232",31009411,583682,4909108,"P04_CFL_240","BWC",4,"L4",2009,"2"
"9001","3233",31009412,584076,4909115,"P04_CFL_240","BWC",4,"L4",2009,"2"
"9002","3234",31009413,584327,4909009,"P04_CFL_240","BWC",4,"L4",2009,"2"
"9003","3235",31009414,577475,4916960,"P04_CFL_271","BWC",4,"L4",2009,"2"
"9004","3236",31009415,577734,4916355,"P04_CFL_19","BWC",4,"L4",2009,"2"
"9005","3237",31009419,582528,4913906,"P04_CFL_264","BWC",4,"L4",2009,"2"
"9006","3238",31009420,582575,4913905,"P04_CFL_276","BWC",4,"L4",2009,"2"
"9007","3239",31009421,582581,4913657,"P04_CFL_264","BWC",4,"L4",2009,"2"
"9008","324",31002644,540829,4935158,"P04_USCB_5","MBC",4,"U4",1999,"2"
"9009","3240",31009422,579274,4913357,"P04_TSC_26","BWC",4,"L4",2009,"2"
"9010","3241",31009423,579082,4913250,"P04_CFL_44","BWC",4,"L4",2009,"2"
"9011","3242",31009424,583171,4912912,"P04_CFL_242","BWC",4,"L4",2009,"2"
"9012","3243",31009425,583832,4912619,"P04_CFL_258","BWC",4,"L4",2009,"2"
"9013","3244",31009426,583674,4911965,"P04_CFL_257","BWC",4,"L4",2009,"2"
"9014","3245",31009427,583768,4911652,"P04_CFL_254","BWC",4,"L4",2009,"2"
"9015","3246",31009428,584131,4911515,"P04_CFL_254","BWC",4,"L4",2009,"2"
"9016","3247",31009433,580329,4917009,"P04_CFL_19","BWC",4,"L4",2009,"2"
"9017","3248",31009434,578532,4916910,"","BWC",4,"L4",2009,"2"
"9018","3249",31009435,578876,4916856,"P04_CFL_19","BWC",4,"L4",2009,"2"
"9019","325",31002645,543879,4934605,"P04_USCB_5","MBC",4,"U4",1999,"2"
"9020","3250",31009436,578678,4916661,"P04_CFL_19","BWC",4,"L4",2009,"2"
"9021","3251",31009438,580376,4916654,"P04_CFL_19","BWC",4,"L4",2009,"2"
"9022","3252",31009439,580572,4916566,"P04_CFL_19","BWC",4,"L4",2009,"2"
"9023","3253",31009440,578677,4916105,"P04_CFL_19","BWC",4,"L4",2009,"2"
"9024","3254",31009441,578679,4916065,"P04_CFL_19","BWC",4,"L4",2009,"2"
"9025","3255",31009442,580177,4915913,"P04_CFL_19","BWC",4,"L4",2009,"2"
"9026","3256",31009443,579425,4915713,"P04_TSC_25","BWC",4,"L4",2009,"2"
"9027","3257",31009444,579574,4915203,"P04_CFL_19","BWC",4,"L4",2009,"2"
"9028","3258",31009445,579281,4915113,"P04_CFL_19","BWC",4,"L4",2009,"2"
"9029","3259",31009448,580977,4912210,"P04_CFL_44","BWC",4,"L4",2009,"2"
"9030","3260",31009449,580685,4912012,"P04_CFL_44","BWC",4,"L4",2009,"2"
"9031","3261",31009450,580430,4911508,"P04_CFL_44","BWC",4,"L4",2009,"2"
"9032","3262",31009452,583721,4909954,"P04_CFL_240","BWC",4,"L4",2009,"2"
"9033","3263",31009453,583633,4909855,"P04_CFL_240","BWC",4,"L4",2009,"2"
"9034","3264",31009454,584426,4909509,"P04_CFL_240","BWC",4,"L4",2009,"2"
"9035","3276",31009602,543111,4934517,"","MBC",4,"U4",2010,"2"
"9036","3281",31009610,576210,4916219,"","MBC",4,"L4",2010,"2"
"9037","3284",31009614,583458,4911323,"P04_SCB_21","MBC",4,"L4",2010,"2"
"9038","3285",31009615,583515,4910817,"P04_SCB_21","MBC",4,"L4",2010,"2"
"9039","3287",31009617,583910,4910274,"P04_SCB_21","MBC",4,"L4",2010,"2"
"9040","3289",31009620,585467,4910077,"P04_SCB_24","MBC",4,"L4",2010,"2"
"9041","329",31002650,575228,4917159,"P04_USCB_12","MBC",4,"L4",1999,"2"
"9042","3290",31009623,571457,4918066,"","MBC",4,"L4",2010,"2"
"9043","3294",31009629,577153,4915521,"P04_CFL_210","MBC",4,"L4",2010,"2"
"9044","3296",31009631,580667,4913774,"P04_CFL_260","MBC",4,"L4",2010,"2"
"9045","3297",31009632,583359,4912223,"P04_SC_33","MBC",4,"L4",2010,"2"
"9046","3300",31009635,533411,4939227,"","SC",4,"U4",2010,"2"
"9047","3313",31009706,537568,4937024,"P04_SC_8","BWC",4,"U4",2010,"2"
"9048","3315",31009709,536412,4935869,"P04_CFL_274","BWC",4,"U4",2010,"2"
"9049","3316",31009711,555903,4925074,"","BWC",4,"U4",2010,"2"
"9050","3317",31009712,555913,4924920,"","BWC",4,"U4",2010,"2"
"9051","3318",31009715,538712,4936271,"P04_TSC_11","BWC",4,"U4",2010,"2"
"9052","3320",31009717,538858,4936174,"P04_TSC_11","BWC",4,"U4",2010,"2"
"9053","3321",31009718,539112,4936028,"P04_TSC_11","BWC",4,"U4",2010,"2"
"9054","3322",31009719,539710,4935621,"P04_CFL_72","BWC",4,"U4",2010,"2"
"9055","3323",31009720,542110,4936125,"P04_CFL_67","BWC",4,"U4",2010,"2"
"9056","3326",31009723,542410,4936071,"P04_CFL_67","BWC",4,"U4",2010,"2"
"9057","3327",31009724,542514,4936072,"P04_CFL_67","BWC",4,"U4",2010,"2"
"9058","3328",31009725,543064,4936076,"P04_CFL_67","BWC",4,"U4",2010,"2"
"9059","3329",31009726,542152,4935823,"P04_CFL_67","BWC",4,"U4",2010,"2"
"9060","3330",31009727,543163,4935770,"P04_CFL_67","BWC",4,"U4",2010,"2"
"9061","3332",31009729,542661,4935670,"P04_CFL_67","BWC",4,"U4",2010,"2"
"9062","3333",31009730,542465,4935575,"P04_CFL_67","BWC",4,"U4",2010,"2"
"9063","3334",31009731,541409,4935021,"","BWC",4,"U4",2010,"2"
"9064","3335",31009732,541663,4935023,"","BWC",4,"U4",2010,"2"
"9065","3338",31009738,544218,4934120,"P04_CFL_15","BWC",4,"U4",2010,"2"
"9066","3342",31009742,545162,4933966,"P04_CFL_15","BWC",4,"U4",2010,"2"
"9067","3348",31009749,536710,4936272,"P04_CFL_62","BWC",4,"U4",2010,"2"
"9068","335",31002657,579573,4913906,"P04_SCB_21","MBC",4,"L4",1999,"2"
"9069","3351",31009756,536909,4936076,"P04_CFL_62","BWC",4,"U4",2010,"2"
"9070","3353",31009760,539809,4935913,"P04_TSC_11","BWC",4,"U4",2010,"2"
"9071","3354",31009762,540857,4935818,"P04_CFL_72","BWC",4,"U4",2010,"2"
"9072","3355",31009763,540070,4935720,"P04_CFL_72","BWC",4,"U4",2010,"2"
"9073","3357",31009773,542012,4936321,"P04_CFL_67","BWC",4,"U4",2010,"2"
"9074","3358",31009774,541510,4935725,"P04_CFL_63","BWC",4,"U4",2010,"2"
"9075","3359",31009776,542217,4935577,"P04_CFL_67","BWC",4,"U4",2010,"2"
"9076","3361",31009778,541309,4935077,"","BWC",4,"U4",2010,"2"
"9077","3362",31009780,543266,4934426,"","BWC",4,"U4",2010,"2"
"9078","3363",31009781,544862,4934373,"","BWC",4,"U4",2010,"2"
"9079","3366",31009784,544310,4933924,"P04_CFL_15","BWC",4,"U4",2010,"2"
"9080","3367",31009787,539956,4936870,"P04_CFL_61","BWC",4,"U4",2010,"2"
"9081","3369",31009794,540409,4935564,"P04_CFL_72","BWC",4,"U4",2010,"2"
"9082","3370",31009797,579063,4915172,"P04_CFL_19","BWC",4,"L4",2010,"2"
"9083","3371",31009812,579814,4911923,"P04_CFL_44","BWC",4,"L4",2010,"2"
"9084","3372",31009813,583114,4913275,"P04_SC_33","BWC",4,"L4",2010,"2"
"9085","3373",31009814,584362,4911577,"P04_SC_33","BWC",4,"L4",2010,"2"
"9086","3374",31009815,584864,4911570,"P04_CFL_269","BWC",4,"L4",2010,"2"
"9087","3378",31009822,578909,4917424,"P04_CFL_19","BWC",4,"L4",2010,"2"
"9088","3379",31009823,580663,4916871,"P04_CFL_19","BWC",4,"L4",2010,"2"
"9089","3380",31009824,580113,4916719,"P04_CFL_19","BWC",4,"L4",2010,"2"
"9090","3381",31009825,579161,4916519,"P04_CFL_19","BWC",4,"L4",2010,"2"
"9091","3382",31009827,579764,4916477,"P04_CFL_19","BWC",4,"L4",2010,"2"
"9092","3383",31009828,580869,4916468,"P04_CFL_19","BWC",4,"L4",2010,"2"
"9093","3384",31009829,580365,4916316,"P04_CFL_19","BWC",4,"L4",2010,"2"
"9094","3385",31009830,580367,4916270,"P04_CFL_19","BWC",4,"L4",2010,"2"
"9095","3386",31009831,580564,4916225,"P04_CFL_19","BWC",4,"L4",2010,"2"
"9096","3387",31009832,581315,4916067,"P04_CFL_19","BWC",4,"L4",2010,"2"
"9097","3388",31009833,580513,4916023,"P04_CFL_19","BWC",4,"L4",2010,"2"
"9098","3389",31009834,580765,4915917,"P04_CFL_19","BWC",4,"L4",2010,"2"
"9099","3390",31009835,581213,4915721,"P04_CFL_19","BWC",4,"L4",2010,"2"
"9100","3391",31009836,580262,4915670,"P04_CFL_19","BWC",4,"L4",2010,"2"
"9101","3392",31009837,581874,4915568,"P04_CFL_19","BWC",4,"L4",2010,"2"
"9102","3393",31009838,581913,4915575,"P04_CFL_19","BWC",4,"L4",2010,"2"
"9103","3394",31009839,579915,4915415,"P04_CFL_19","BWC",4,"L4",2010,"2"
"9104","3395",31009840,581165,4915169,"P04_CFL_19","BWC",4,"L4",2010,"2"
"9105","3396",31009841,579861,4915070,"P04_CFL_19","BWC",4,"L4",2010,"2"
"9106","3397",31009842,581112,4915069,"P04_CFL_19","BWC",4,"L4",2010,"2"
"9107","3398",31009843,582264,4915069,"P04_CFL_19","BWC",4,"L4",2010,"2"
"9108","3399",31009844,580115,4914973,"P04_CFL_19","BWC",4,"L4",2010,"2"
"9109","3400",31009845,582061,4914773,"P04_CFL_19","BWC",4,"L4",2010,"2"
"9110","3401",31009846,581018,4914520,"P04_CFL_19","BWC",4,"L4",2010,"2"
"9111","3402",31009847,581463,4914518,"P04_CFL_19","BWC",4,"L4",2010,"2"
"9112","3403",31009848,579515,4913225,"P04_TSC_38","BWC",4,"L4",2010,"2"
"9113","3404",31009850,580222,4913115,"P04_CFL_44","BWC",4,"L4",2010,"2"
"9114","3405",31009851,580011,4913074,"P04_TSC_41","BWC",4,"L4",2010,"2"
"9115","3406",31009853,579808,4912923,"P04_CFL_44","BWC",4,"L4",2010,"2"
"9116","3407",31009854,580112,4912873,"P04_CFL_44","BWC",4,"L4",2010,"2"
"9117","3408",31009855,580068,4912824,"P04_CFL_44","BWC",4,"L4",2010,"2"
"9118","3409",31009856,579254,4912668,"P04_CFL_44","BWC",4,"L4",2010,"2"
"9119","341",31002663,583026,4911702,"P04_SCB_21","MBC",4,"L4",1999,"2"
"9120","3410",31009857,580116,4912466,"P04_CFL_44","BWC",4,"L4",2010,"2"
"9121","3411",31009858,580108,4912370,"P04_CFL_44","BWC",4,"L4",2010,"2"
"9122","3412",31009859,579765,4912318,"P04_CFL_44","BWC",4,"L4",2010,"2"
"9123","3413",31009860,579858,4912323,"P04_CFL_44","BWC",4,"L4",2010,"2"
"9124","3414",31009861,580062,4912321,"P04_CFL_44","BWC",4,"L4",2010,"2"
"9125","3415",31009863,584562,4909479,"P04_CFL_240","BWC",4,"L4",2010,"2"
"9126","3416",31009864,584417,4909368,"P04_CFL_240","BWC",4,"L4",2010,"2"
"9127","3417",31009865,584312,4909323,"P04_CFL_240","BWC",4,"L4",2010,"2"
"9128","3418",31009869,582059,4914126,"P04_CFL_19","BWC",4,"L4",2010,"2"
"9129","3419",31009870,581514,4913925,"P04_CFL_19","BWC",4,"L4",2010,"2"
"9130","342",31002664,585289,4910010,"P04_SCB_24","MBC",4,"L4",1999,"2"
"9131","3420",31009871,582016,4913821,"P04_CFL_264","BWC",4,"L4",2010,"2"
"9132","3421",31009872,579715,4913429,"P04_TSC_40","BWC",4,"L4",2010,"2"
"9133","3422",31009874,583812,4912674,"P04_CFL_258","BWC",4,"L4",2010,"2"
"9134","3423",31009875,583411,4912466,"P04_SC_33","BWC",4,"L4",2010,"2"
"9135","3424",31009877,584815,4911672,"P04_CFL_269","BWC",4,"L4",2010,"2"
"9136","3425",31009878,584506,4911573,"P04_CFL_250","BWC",4,"L4",2010,"2"
"9137","3426",31009880,584059,4911471,"P04_CFL_254","BWC",4,"L4",2010,"2"
"9138","3427",31009881,584615,4911321,"P04_SC_33","BWC",4,"L4",2010,"2"
"9139","3429",31009888,580612,4916974,"P04_CFL_19","BWC",4,"L4",2010,"2"
"9140","3430",31009890,579065,4916667,"P04_CFL_19","BWC",4,"L4",2010,"2"
"9141","3431",31009891,579257,4916472,"P04_CFL_19","BWC",4,"L4",2010,"2"
"9142","3432",31009892,579006,4916368,"P04_CFL_19","BWC",4,"L4",2010,"2"
"9143","3433",31009893,578618,4916321,"P04_CFL_19","BWC",4,"L4",2010,"2"
"9144","3434",31009894,578610,4916023,"P04_CFL_19","BWC",4,"L4",2010,"2"
"9145","3435",31009895,580112,4915917,"P04_CFL_19","BWC",4,"L4",2010,"2"
"9146","3436",31009896,581669,4915719,"P04_CFL_19","BWC",4,"L4",2010,"2"
"9147","3437",31009897,579963,4915668,"P04_CFL_19","BWC",4,"L4",2010,"2"
"9148","3438",31009899,581064,4914617,"P04_CFL_19","BWC",4,"L4",2010,"2"
"9149","3439",31009900,580712,4912325,"P04_CFL_44","BWC",4,"L4",2010,"2"
"9150","3440",31010035,531324,4940160,"P04_CFL_17","MBC",4,"U4",2011,"2"
"9151","3441",31010036,531579,4940112,"P04_SC_1","MBC",4,"U4",2011,"2"
"9152","3447",31010042,540830,4935158,"P04_USCB_5","MBC",4,"U4",2011,"2"
"9153","3459",31010054,545379,4933806,"P04_CFL_15","MBC",4,"U4",2011,"2"
"9154","3460",31010055,571222,4918356,"P04_USCB_13","MBC",4,"L4",2011,"2"
"9155","3471",31010066,578075,4914508,"P04_SCB_21","MBC",4,"L4",2011,"2"
"9156","3472",31010067,580534,4913657,"P04_SCB_25","MBC",4,"L4",2011,"2"
"9157","3479",31010074,583524,4911811,"P04_SCB_25","MBC",4,"L4",2011,"2"
"9158","3485",31010080,585276,4909997,"P04_SCB_24","MBC",4,"L4",2011,"2"
"9159","3491",31010086,533334,4939009,"P04_CFL_5","SC",4,"U4",2011,"2"
"9160","3517",31010155,537279,4937357,"P04_CFL_54","BWC",4,"U4",2011,"2"
"9161","3518",31010156,537170,4937308,"P04_CFL_54","BWC",4,"U4",2011,"2"
"9162","3519",31010157,536929,4937210,"P04_CFL_54","BWC",4,"U4",2011,"2"
"9163","3520",31010158,538783,4937158,"P04_CFL_58","BWC",4,"U4",2011,"2"
"9164","3524",31010162,541878,4936904,"P04_CFL_73","BWC",4,"U4",2011,"2"
"9165","3525",31010163,539717,4936808,"P04_CFL_61","BWC",4,"U4",2011,"2"
"9166","3526",31010165,537626,4936662,"P04_CFL_55","BWC",4,"U4",2011,"2"
"9167","3527",31010166,536980,4936610,"P04_CFL_62","BWC",4,"U4",2011,"2"
"9168","3528",31010167,536529,4936558,"P04_CFL_62","BWC",4,"U4",2011,"2"
"9169","3529",31010168,537024,4936505,"P04_CFL_62","BWC",4,"U4",2011,"2"
"9170","3530",31010169,541931,4936514,"P04_CFL_67","BWC",4,"U4",2011,"2"
"9171","3531",31010170,536582,4936453,"P04_CFL_62","BWC",4,"U4",2011,"2"
"9172","3533",31010172,541881,4936409,"P04_CFL_67","BWC",4,"U4",2011,"2"
"9173","3535",31010174,536976,4936359,"P04_CFL_62","BWC",4,"U4",2011,"2"
"9174","3537",31010176,541830,4936260,"P04_CFL_67","BWC",4,"U4",2011,"2"
"9175","3538",31010177,536925,4936253,"P04_CFL_62","BWC",4,"U4",2011,"2"
"9176","3539",31010178,541933,4936206,"P04_CFL_67","BWC",4,"U4",2011,"2"
"9177","3540",31010179,539781,4936159,"P04_CFL_60","BWC",4,"U4",2011,"2"
"9178","3541",31010180,541981,4936163,"P04_CFL_67","BWC",4,"U4",2011,"2"
"9179","3542",31010181,541025,4936157,"P04_CFL_72","BWC",4,"U4",2011,"2"
"9180","3543",31010182,541126,4936161,"P04_CFL_72","BWC",4,"U4",2011,"2"
"9181","3544",31010183,542731,4936109,"P04_CFL_67","BWC",4,"U4",2011,"2"
"9182","3546",31010186,538777,4936010,"P04_CFL_71","BWC",4,"U4",2011,"2"
"9183","3548",31010188,540634,4936005,"P04_CFL_72","BWC",4,"U4",2011,"2"
"9184","3550",31010190,540432,4935954,"P04_CFL_72","BWC",4,"U4",2011,"2"
"9185","3551",31010191,540676,4935964,"P04_CFL_72","BWC",4,"U4",2011,"2"
"9186","3552",31010192,542183,4935956,"P04_CFL_67","BWC",4,"U4",2011,"2"
"9187","3553",31010193,540076,4935963,"P04_CFL_72","BWC",4,"U4",2011,"2"
"9188","3554",31010194,539926,4935909,"P04_CFL_72","BWC",4,"U4",2011,"2"
"9189","3555",31010195,540128,4935907,"P04_CFL_72","BWC",4,"U4",2011,"2"
"9190","3556",31010196,540329,4935849,"P04_CFL_72","BWC",4,"U4",2011,"2"
"9191","3558",31010198,542028,4935857,"P04_CFL_67","BWC",4,"U4",2011,"2"
"9192","3559",31010199,538884,4935806,"P04_CFL_71","BWC",4,"U4",2011,"2"
"9193","3561",31010201,538874,4935709,"P04_CFL_71","BWC",4,"U4",2011,"2"
"9194","3562",31010202,539132,4935707,"P04_CFL_71","BWC",4,"U4",2011,"2"
"9195","3565",31010205,539773,4935711,"P04_CFL_72","BWC",4,"U4",2011,"2"
"9196","3566",31010206,539928,4935709,"P04_CFL_72","BWC",4,"U4",2011,"2"
"9197","3567",31010207,540531,4935705,"P04_CFL_72","BWC",4,"U4",2011,"2"
"9198","3570",31010210,539877,4935657,"P04_CFL_72","BWC",4,"U4",2011,"2"
"9199","3571",31010211,540027,4935653,"P04_CFL_72","BWC",4,"U4",2011,"2"
"9200","3572",31010212,540126,4935657,"P04_CFL_72","BWC",4,"U4",2011,"2"
"9201","3573",31010213,536383,4935609,"P04_CFL_274","BWC",4,"U4",2011,"2"
"9202","3574",31010214,539523,4935609,"P04_CFL_72","BWC",4,"U4",2011,"2"
"9203","3575",31010215,542126,4935610,"P04_CFL_67","BWC",4,"U4",2011,"2"
"9204","3576",31010216,536474,4935554,"P04_CFL_274","BWC",4,"U4",2011,"2"
"9205","3577",31010217,543024,4935566,"P04_CFL_67","BWC",4,"U4",2011,"2"
"9206","3579",31010219,542175,4935462,"P04_CFL_67","BWC",4,"U4",2011,"2"
"9207","3581",31010221,541321,4935458,"P04_CFL_64","BWC",4,"U4",2011,"2"
"9208","3583",31010224,540425,4935416,"P04_CFL_72","BWC",4,"U4",2011,"2"
"9209","3585",31010226,543079,4935252,"P04_CFL_67","BWC",4,"U4",2011,"2"
"9210","3587",31010228,539883,4934756,"P04_CFL_2","BWC",4,"U4",2011,"2"
"9211","3591",31010232,544677,4934210,"P04_CFL_15","BWC",4,"U4",2011,"2"
"9212","3593",31010234,544325,4934158,"P04_CFL_15","BWC",4,"U4",2011,"2"
"9213","3597",31010238,544980,4933855,"P04_CFL_15","BWC",4,"U4",2011,"2"
"9214","3601",31010242,544978,4933601,"P04_CFL_15","BWC",4,"U4",2011,"2"
"9215","3602",31010243,545080,4933610,"P04_CFL_15","BWC",4,"U4",2011,"2"
"9216","3603",31010244,545478,4933607,"P04_CFL_15","BWC",4,"U4",2011,"2"
"9217","3604",31010245,572078,4919461,"P04_CFL_117","BWC",4,"L4",2011,"2"
"9218","3605",31010246,571228,4918812,"P04_CFL_20","BWC",4,"L4",2011,"2"
"9219","3606",31010247,571325,4918507,"P04_CFL_20","BWC",4,"L4",2011,"2"
"9220","3607",31010248,574123,4918256,"P04_TSC_36","BWC",4,"L4",2011,"2"
"9221","3608",31010249,579781,4917705,"P04_CFL_19","BWC",4,"L4",2011,"2"
"9222","3609",31010250,579675,4917457,"P04_CFL_19","BWC",4,"L4",2011,"2"
"9223","3610",31010251,580327,4917459,"P04_CFL_19","BWC",4,"L4",2011,"2"
"9224","3611",31010252,579627,4917411,"P04_CFL_19","BWC",4,"L4",2011,"2"
"9225","3612",31010253,580378,4917213,"P04_CFL_19","BWC",4,"L4",2011,"2"
"9226","3613",31010254,580429,4917211,"P04_CFL_19","BWC",4,"L4",2011,"2"
"9227","3614",31010255,580229,4917160,"P04_CFL_19","BWC",4,"L4",2011,"2"
"9228","3615",31010256,578979,4917110,"P04_CFL_19","BWC",4,"L4",2011,"2"
"9229","3616",31010257,580674,4917064,"P04_CFL_19","BWC",4,"L4",2011,"2"
"9230","3617",31010258,578778,4916951,"P04_CFL_19","BWC",4,"L4",2011,"2"
"9231","3618",31010259,579624,4916858,"P04_CFL_19","BWC",4,"L4",2011,"2"
"9232","3620",31010261,577827,4916809,"P04_CFL_271","BWC",4,"L4",2011,"2"
"9233","3621",31010262,579579,4916760,"P04_CFL_19","BWC",4,"L4",2011,"2"
"9234","3622",31010263,577580,4916708,"P04_CFL_271","BWC",4,"L4",2011,"2"
"9235","3623",31010264,579479,4916710,"P04_CFL_19","BWC",4,"L4",2011,"2"
"9236","3624",31010265,580280,4916655,"P04_CFL_19","BWC",4,"L4",2011,"2"
"9237","3625",31010267,579126,4916614,"P04_CFL_19","BWC",4,"L4",2011,"2"
"9238","3626",31010268,578878,4916559,"P04_CFL_19","BWC",4,"L4",2011,"2"
"9239","3627",31010269,580778,4916367,"P04_CFL_19","BWC",4,"L4",2011,"2"
"9240","3628",31010270,581125,4916361,"P04_CFL_19","BWC",4,"L4",2011,"2"
"9241","3629",31010271,579582,4916307,"P04_CFL_19","BWC",4,"L4",2011,"2"
"9242","3630",31010272,579423,4916257,"P04_CFL_19","BWC",4,"L4",2011,"2"
"9243","3631",31010273,581027,4916162,"P04_CFL_19","BWC",4,"L4",2011,"2"
"9244","3632",31010274,580631,4916056,"P04_CFL_19","BWC",4,"L4",2011,"2"
"9245","3633",31010275,577323,4916059,"P04_CFL_202","BWC",4,"L4",2011,"2"
"9246","3634",31010276,581433,4916013,"P04_CFL_19","BWC",4,"L4",2011,"2"
"9247","3635",31010277,579825,4915866,"P04_CFL_219","BWC",4,"L4",2011,"2"
"9248","3636",31010278,580834,4915810,"P04_CFL_19","BWC",4,"L4",2011,"2"
"9249","3637",31010279,581027,4915809,"P04_CFL_19","BWC",4,"L4",2011,"2"
"9250","3638",31010280,580576,4915756,"P04_CFL_19","BWC",4,"L4",2011,"2"
"9251","3639",31010281,581080,4915709,"P04_CFL_19","BWC",4,"L4",2011,"2"
"9252","3640",31010282,581131,4915705,"P04_CFL_19","BWC",4,"L4",2011,"2"
"9253","3641",31010283,581523,4915659,"P04_CFL_19","BWC",4,"L4",2011,"2"
"9254","3642",31010284,577625,4915661,"P04_CFL_209","BWC",4,"L4",2011,"2"
"9255","3643",31010285,581630,4915609,"P04_CFL_19","BWC",4,"L4",2011,"2"
"9256","3644",31010286,579780,4915603,"P04_CFL_19","BWC",4,"L4",2011,"2"
"9257","3645",31010287,580082,4915604,"P04_CFL_19","BWC",4,"L4",2011,"2"
"9258","3646",31010288,581233,4915557,"P04_CFL_19","BWC",4,"L4",2011,"2"
"9259","3647",31010289,580224,4915558,"P04_CFL_19","BWC",4,"L4",2011,"2"
"9260","3648",31010290,578123,4915517,"P04_CFL_19","BWC",4,"L4",2011,"2"
"9261","3649",31010293,580131,4915409,"P04_CFL_19","BWC",4,"L4",2011,"2"
"9262","3650",31010295,581529,4915312,"P04_CFL_19","BWC",4,"L4",2011,"2"
"9263","3651",31010296,580025,4915210,"P04_CFL_19","BWC",4,"L4",2011,"2"
"9264","3652",31010297,580579,4915163,"P04_CFL_19","BWC",4,"L4",2011,"2"
"9265","3653",31010298,580376,4915109,"P04_CFL_19","BWC",4,"L4",2011,"2"
"9266","3654",31010299,580078,4915011,"P04_CFL_19","BWC",4,"L4",2011,"2"
"9267","3655",31010300,579727,4914859,"P04_CFL_19","BWC",4,"L4",2011,"2"
"9268","3656",31010301,582079,4914855,"P04_CFL_19","BWC",4,"L4",2011,"2"
"9269","3657",31010302,582326,4914812,"P04_CFL_19","BWC",4,"L4",2011,"2"
"9270","3658",31010303,581278,4914756,"P04_CFL_19","BWC",4,"L4",2011,"2"
"9271","3659",31010304,581931,4914760,"P04_CFL_19","BWC",4,"L4",2011,"2"
"9272","3660",31010305,579580,4914759,"P04_CFL_19","BWC",4,"L4",2011,"2"
"9273","3661",31010306,580875,4914709,"P04_CFL_19","BWC",4,"L4",2011,"2"
"9274","3662",31010307,581280,4914709,"P04_CFL_19","BWC",4,"L4",2011,"2"
"9275","3663",31010308,581930,4914711,"P04_CFL_19","BWC",4,"L4",2011,"2"
"9276","3664",31010309,580631,4914664,"P04_CFL_19","BWC",4,"L4",2011,"2"
"9277","3665",31010310,581426,4914657,"P04_CFL_19","BWC",4,"L4",2011,"2"
"9278","3666",31010311,582224,4914661,"P04_CFL_19","BWC",4,"L4",2011,"2"
"9279","3667",31010312,581574,4914507,"P04_CFL_19","BWC",4,"L4",2011,"2"
"9280","3668",31010313,582277,4914312,"P04_TSC_34","BWC",4,"L4",2011,"2"
"9281","3669",31010314,581530,4914161,"P04_CFL_19","BWC",4,"L4",2011,"2"
"9282","3670",31010315,581175,4914059,"P04_TSC_34","BWC",4,"L4",2011,"1"
"9283","3671",31010316,582279,4913910,"P04_CFL_264","BWC",4,"L4",2011,"2"
"9284","3672",31010317,580928,4913812,"P04_CFL_260","BWC",4,"L4",2011,"2"
"9285","3673",31010318,581929,4913711,"P04_CFL_264","BWC",4,"L4",2011,"2"
"9286","3674",31010319,582326,4913660,"P04_CFL_264","BWC",4,"L4",2011,"2"
"9287","3675",31010320,581629,4913659,"P04_CFL_260","BWC",4,"L4",2011,"2"
"9288","3676",31010321,582580,4913661,"P04_CFL_264","BWC",4,"L4",2011,"2"
"9289","3677",31010322,582678,4913464,"P04_CFL_264","BWC",4,"L4",2011,"2"
"9290","3678",31010323,582386,4913462,"P04_CFL_264","BWC",4,"L4",2011,"2"
"9291","3679",31010324,582531,4913458,"P04_CFL_264","BWC",4,"L4",2011,"2"
"9292","3680",31010325,579031,4913160,"P04_CFL_44","BWC",4,"L4",2011,"2"
"9293","3682",31010327,580880,4912961,"P04_CFL_44","BWC",4,"L4",2011,"2"
"9294","3683",31010328,580177,4912913,"P04_CFL_44","BWC",4,"L4",2011,"2"
"9295","3684",31010329,579677,4912511,"P04_CFL_44","BWC",4,"L4",2011,"2"
"9296","3685",31010330,579828,4912509,"P04_CFL_44","BWC",4,"L4",2011,"2"
"9297","3686",31010331,580229,4912456,"P04_CFL_44","BWC",4,"L4",2011,"2"
"9298","3687",31010332,579378,4912407,"P04_CFL_44","BWC",4,"L4",2011,"2"
"9299","3688",31010333,579476,4912356,"P04_CFL_44","BWC",4,"L4",2011,"2"
"9300","3689",31010334,579978,4912365,"P04_CFL_44","BWC",4,"L4",2011,"2"
"9301","3690",31010335,579629,4911660,"P04_CFL_44","BWC",4,"L4",2011,"2"
"9302","3691",31010336,584778,4911659,"P04_CFL_269","BWC",4,"L4",2011,"2"
"9303","3692",31010337,583782,4911610,"P04_CFL_254","BWC",4,"L4",2011,"2"
"9304","3693",31010339,585077,4911508,"P04_CFL_269","BWC",4,"L4",2011,"2"
"9305","3694",31010340,584436,4911303,"P04_CFL_268","BWC",4,"L4",2011,"2"
"9306","3695",31010341,584230,4910912,"P04_CFL_253","BWC",4,"L4",2011,"2"
"9307","3696",31010342,585280,4910857,"P04_CFL_251","BWC",4,"L4",2011,"2"
"9308","3698",31010347,583380,4909605,"P04_CFL_240","BWC",4,"L4",2011,"2"
"9309","3699",31010348,584379,4909254,"P04_CFL_240","BWC",4,"L4",2011,"2"
"9310","3700",31010349,584225,4909154,"P04_CFL_240","BWC",4,"L4",2011,"2"
"9311","3701",31010350,584074,4909110,"P04_CFL_240","BWC",4,"L4",2011,"2"
"9312","3702",31010351,584282,4908957,"P04_CFL_240","BWC",4,"L4",2011,"2"
"9313","3703",31010352,585078,4908654,"P04_CFL_240","BWC",4,"L4",2011,"1"
"9314","3704",31010353,584031,4908559,"P04_CFL_240","BWC",4,"L4",2011,"2"
"9315","3705",31010354,584828,4908412,"P04_CFL_240","BWC",4,"L4",2011,"2"
"9316","3712",31010491,537576,4935811,"P04_USCB_5","MBC",4,"U4",2012,"2"
"9317","3720",31010499,544718,4934307,"P04_USCB_19","MBC",4,"U4",2012,"2"
"9318","3744",31010523,583783,4911507,"P04_USCB_11","MBC",4,"L4",2012,"2"
"9319","3746",31010525,583579,4911017,"P04_SCB_21","MBC",4,"L4",2012,"2"
"9320","3748",31010527,585339,4910070,"P04_SCB_24","MBC",4,"L4",2012,"2"
"9321","3751",31010530,585334,4909962,"P04_SCB_24","MBC",4,"L4",2012,"2"
"9322","3753",31010532,585531,4909910,"P04_SCB_24","MBC",4,"L4",2012,"2"
"9323","3754",31010533,584078,4909809,"P04_TSC_35","MBC",4,"L4",2012,"2"
"9324","3755",31010534,585379,4909559,"P04_SCB_21","MBC",4,"L4",2012,"2"
"9325","3758",31010537,535424,4937962,"P04_SC_8","SC",4,"U4",2012,"2"
"9326","3781",31010563,543176,4935103,"P04_CFL_67","SC",4,"U4",2012,"2"
"9327","3783",31010605,534073,4939409,"","BWC",4,"U4",2012,"2"
"9328","3784",31010606,537022,4937255,"P04_CFL_54","BWC",4,"U4",2012,"2"
"9329","3785",31010608,538278,4937010,"P04_SC_8","BWC",4,"U4",2012,"2"
"9330","3786",31010609,538932,4937014,"P04_CFL_58","BWC",4,"U4",2012,"2"
"9331","3787",31010610,539021,4937014,"P04_CFL_58","BWC",4,"U4",2012,"2"
"9332","3800",31010625,536771,4936511,"P04_CFL_62","BWC",4,"U4",2012,"2"
"9333","3801",31010626,541825,4936507,"P04_CFL_67","BWC",4,"U4",2012,"2"
"9334","3802",31010627,537078,4936465,"P04_CFL_62","BWC",4,"U4",2012,"2"
"9335","3803",31010628,541876,4936464,"P04_CFL_67","BWC",4,"U4",2012,"2"
"9336","3804",31010629,542727,4936217,"P04_CFL_67","BWC",4,"U4",2012,"2"
"9337","3805",31010630,542476,4936159,"P04_CFL_67","BWC",4,"U4",2012,"2"
"9338","3812",31010638,537322,4936061,"P04_CFL_78","BWC",4,"U4",2012,"2"
"9339","3813",31010639,537126,4936005,"P04_CFL_79","BWC",4,"U4",2012,"2"
"9340","3815",31010641,536127,4935959,"P04_CFL_274","BWC",4,"U4",2012,"2"
"9341","3816",31010642,536177,4935959,"P04_CFL_274","BWC",4,"U4",2012,"2"
"9342","3820",31010647,539986,4935958,"P04_CFL_72","BWC",4,"U4",2012,"2"
"9343","3821",31010648,542428,4935915,"P04_CFL_67","BWC",4,"U4",2012,"2"
"9344","3824",31010652,542281,4935814,"P04_CFL_67","BWC",4,"U4",2012,"2"
"9345","3826",31010654,536123,4935754,"P04_CFL_274","BWC",4,"U4",2012,"2"
"9346","3830",31010659,539474,4935707,"P04_CFL_72","BWC",4,"U4",2012,"2"
"9347","3833",31010662,542230,4935617,"P04_CFL_67","BWC",4,"U4",2012,"2"
"9348","3841",31010670,540133,4935412,"P04_CFL_72","BWC",4,"U4",2012,"2"
"9349","3850",31010680,554028,4934660,"P04_CFL_93","BWC",4,"U4",2012,"2"
"9350","3852",31010682,554128,4934561,"P04_CFL_93","BWC",4,"U4",2012,"2"
"9351","3857",31010688,544872,4934013,"P04_CFL_15","BWC",4,"U4",2012,"2"
"9352","3862",31010693,564230,4922455,"P04_CFL_104","BWC",4,"U4",2012,"2"
"9353","3863",31010694,564577,4922260,"P04_CFL_104","BWC",4,"U4",2012,"2"
"9354","3864",31010695,572071,4919504,"P04_CFL_117","BWC",4,"L4",2012,"2"
"9355","3866",31010697,571376,4918710,"P04_CFL_20","BWC",4,"L4",2012,"2"
"9356","3867",31010698,579531,4917511,"P04_CFL_19","BWC",4,"L4",2012,"2"
"9357","3869",31010700,579522,4917412,"P04_CFL_19","BWC",4,"L4",2012,"2"
"9358","3870",31010701,580024,4917257,"P04_CFL_19","BWC",4,"L4",2012,"2"
"9359","3871",31010702,579671,4917204,"P04_CFL_19","BWC",4,"L4",2012,"2"
"9360","3873",31010704,579131,4917159,"P04_CFL_19","BWC",4,"L4",2012,"2"
"9361","3874",31010705,579678,4917158,"P04_CFL_19","BWC",4,"L4",2012,"2"
"9362","3875",31010707,577533,4916758,"P04_CFL_271","BWC",4,"L4",2012,"2"
"9363","3876",31010708,579525,4916605,"P04_CFL_19","BWC",4,"L4",2012,"2"
"9364","3877",31010709,579478,4916558,"P04_CFL_19","BWC",4,"L4",2012,"2"
"9365","3878",31010710,579624,4916557,"P04_CFL_19","BWC",4,"L4",2012,"2"
"9366","3879",31010711,579276,4916457,"P04_CFL_19","BWC",4,"L4",2012,"2"
"9367","3880",31010712,580327,4916406,"P04_CFL_19","BWC",4,"L4",2012,"2"
"9368","3881",31010713,575271,4916403,"P04_CFL_35","BWC",4,"L4",2012,"2"
"9369","3882",31010714,579227,4916361,"P04_CFL_19","BWC",4,"L4",2012,"2"
"9370","3883",31010715,581228,4916312,"P04_CFL_19","BWC",4,"L4",2012,"2"
"9371","3884",31010716,580979,4916259,"P04_CFL_19","BWC",4,"L4",2012,"2"
"9372","3885",31010717,579925,4916162,"P04_CFL_19","BWC",4,"L4",2012,"2"
"9373","3886",31010718,579977,4916156,"P04_CFL_19","BWC",4,"L4",2012,"2"
"9374","3887",31010719,580974,4916110,"P04_CFL_19","BWC",4,"L4",2012,"2"
"9375","3888",31010720,581375,4916109,"P04_CFL_19","BWC",4,"L4",2012,"2"
"9376","3889",31010722,579177,4916057,"P04_CFL_19","BWC",4,"L4",2012,"2"
"9377","3890",31010723,580873,4915860,"P04_CFL_19","BWC",4,"L4",2012,"2"
"9378","3891",31010724,581377,4915855,"P04_CFL_19","BWC",4,"L4",2012,"2"
"9379","3892",31010725,580425,4915807,"P04_CFL_19","BWC",4,"L4",2012,"2"
"9380","3893",31010726,580379,4915761,"P04_CFL_19","BWC",4,"L4",2012,"2"
"9381","3894",31010727,580826,4915758,"P04_CFL_19","BWC",4,"L4",2012,"2"
"9382","3895",31010728,581181,4915752,"P04_CFL_19","BWC",4,"L4",2012,"2"
"9383","3896",31010729,580425,4915712,"P04_CFL_19","BWC",4,"L4",2012,"2"
"9384","3897",31010730,579777,4915709,"P04_TSC_25","BWC",4,"L4",2012,"2"
"9385","3898",31010731,580477,4915658,"P04_CFL_19","BWC",4,"L4",2012,"2"
"9386","3900",31010734,580529,4915455,"P04_CFL_19","BWC",4,"L4",2012,"2"
"9387","3901",31010736,580634,4915408,"P04_CFL_19","BWC",4,"L4",2012,"2"
"9388","3902",31010737,580473,4915360,"P04_CFL_19","BWC",4,"L4",2012,"2"
"9389","3903",31010738,580873,4915358,"P04_CFL_19","BWC",4,"L4",2012,"2"
"9390","3904",31010739,579929,4915360,"P04_CFL_19","BWC",4,"L4",2012,"2"
"9391","3905",31010740,581278,4915305,"P04_CFL_19","BWC",4,"L4",2012,"2"
"9392","3906",31010742,579729,4915308,"P04_CFL_19","BWC",4,"L4",2012,"2"
"9393","3907",31010744,579076,4915159,"P04_CFL_19","BWC",4,"L4",2012,"2"
"9394","3908",31010748,576473,4915059,"P04_CFL_39","BWC",4,"L4",2012,"2"
"9395","3909",31010749,581330,4915006,"P04_CFL_19","BWC",4,"L4",2012,"2"
"9396","3910",31010750,579177,4914956,"P04_CFL_19","BWC",4,"L4",2012,"2"
"9397","3911",31010753,581580,4914505,"P04_CFL_19","BWC",4,"L4",2012,"2"
"9398","3912",31010755,582283,4914510,"P04_CFL_19","BWC",4,"L4",2012,"1"
"9399","3913",31010756,581076,4914360,"P04_CFL_19","BWC",4,"L4",2012,"2"
"9400","3914",31010757,581026,4914259,"P04_CFL_19","BWC",4,"L4",2012,"2"
"9401","3915",31010758,580777,4914102,"P04_CFL_19","BWC",4,"L4",2012,"2"
"9402","3917",31010763,582577,4913354,"P04_CFL_264","BWC",4,"L4",2012,"2"
"9403","3918",31010764,582383,4913355,"P04_CFL_264","BWC",4,"L4",2012,"2"
"9404","3919",31010765,580329,4913154,"P04_CFL_44","BWC",4,"L4",2012,"2"
"9405","3921",31010768,579978,4912954,"P04_CFL_44","BWC",4,"L4",2012,"2"
"9406","3922",31010771,583779,4912555,"P04_CFL_258","BWC",4,"L4",2012,"2"
"9407","3923",31010772,579221,4912551,"P04_CFL_44","BWC",4,"L4",2012,"2"
"9408","3924",31010774,580224,4912506,"P04_CFL_44","BWC",4,"L4",2012,"2"
"9409","3925",31010775,580378,4912510,"P04_CFL_44","BWC",4,"L4",2012,"2"
"9410","3926",31010777,583728,4912459,"P04_CFL_258","BWC",4,"L4",2012,"2"
"9411","3927",31010778,579628,4912408,"P04_CFL_44","BWC",4,"L4",2012,"2"
"9412","3928",31010781,580879,4912362,"P04_CFL_44","BWC",4,"L4",2012,"2"
"9413","3929",31010782,583475,4912209,"P04_CFL_257","BWC",4,"L4",2012,"2"
"9414","3931",31010784,580084,4912007,"P04_CFL_44","BWC",4,"L4",2012,"2"
"9415","3933",31010788,584932,4911807,"P04_CFL_269","BWC",4,"L4",2012,"2"
"9416","3934",31010790,584376,4911208,"P04_CFL_268","BWC",4,"L4",2012,"2"
"9417","3938",31010795,585430,4910410,"P04_CFL_251","BWC",4,"L4",2012,"2"
"9418","3940",31010800,584677,4909208,"P04_CFL_240","BWC",4,"L4",2012,"2"
"9419","3941",31010801,585677,4909160,"P04_CFL_237","BWC",4,"L4",2012,"2"
"9420","3942",31010802,584677,4909159,"P04_CFL_240","BWC",4,"L4",2012,"2"
"9421","3943",31010803,584225,4909108,"P04_CFL_240","BWC",4,"L4",2012,"2"
"9422","3944",31010804,585027,4908961,"P04_CFL_240","BWC",4,"L4",2012,"2"
"9423","3945",31010935,531729,4940227,"","MBC",4,"U4",2013,"2"
"9424","3968",31010963,579974,4914180,"P04_TSC_34","MBC",4,"L4",2013,"2"
"9425","3969",31010964,579579,4914125,"","MBC",4,"L4",2013,"2"
"9426","3979",31010974,583982,4911274,"P04_CFL_254","MBC",4,"L4",2013,"2"
"9427","398",31002787,564075,4922608,"P04_CFL_104","BWC",4,"U4",1999,"2"
"9428","3980",31010975,583533,4910821,"P04_SCB_21","MBC",4,"L4",2013,"1"
"9429","3982",31010977,583581,4910571,"P04_SCB_21","MBC",4,"L4",2013,"2"
"9430","3984",31010979,583730,4910370,"P04_SCB_21","MBC",4,"L4",2013,"2"
"9431","3988",31010984,584274,4909820,"P04_SCB_21","MBC",4,"L4",2013,"2"
"9432","3989",31010985,532629,4939219,"","SC",4,"U4",2013,"2"
"9433","3990",31010986,532628,4939171,"","SC",4,"U4",2013,"2"
"9434","3991",31010987,533330,4939172,"","SC",4,"U4",2013,"2"
"9435","3993",31010998,539575,4936718,"P04_CFL_61","SC",4,"U4",2013,"2"
"9436","4",31001751,572330,4918209,"P04_USCB_13","MBC",4,"L4",1998,"1"
"9437","400",31002789,536181,4935707,"P04_CFL_274","BWC",4,"U4",1999,"2"
"9438","4005",31011062,537583,4937014,"P04_SC_8","BWC",4,"U4",2013,"2"
"9439","4007",31011065,537779,4936873,"P04_CFL_55","BWC",4,"U4",2013,"2"
"9440","4008",31011074,536523,4936469,"P04_CFL_62","BWC",4,"U4",2013,"2"
"9441","401",31002790,536427,4935562,"P04_CFL_274","BWC",4,"U4",1999,"2"
"9442","4012",31011078,537086,4936323,"P04_CFL_62","BWC",4,"U4",2013,"2"
"9443","4014",31011081,542529,4936222,"P04_CFL_67","BWC",4,"U4",2013,"2"
"9444","4016",31011085,536482,4936125,"P04_CFL_62","BWC",4,"U4",2013,"2"
"9445","4018",31011088,536928,4936127,"P04_CFL_62","BWC",4,"U4",2013,"2"
"9446","4019",31011091,536225,4936075,"P04_CFL_274","BWC",4,"U4",2013,"2"
"9447","4020",31011092,536270,4936073,"P04_CFL_274","BWC",4,"U4",2013,"2"
"9448","4021",31011096,540375,4936023,"P04_CFL_72","BWC",4,"U4",2013,"2"
"9449","4022",31011097,541130,4936018,"P04_CFL_72","BWC",4,"U4",2013,"2"
"9450","4027",31011102,536383,4935869,"P04_CFL_274","BWC",4,"U4",2013,"2"
"9451","403",31002794,536429,4936205,"P04_CFL_62","BWC",4,"U4",1999,"2"
"9452","4031",31011106,536482,4935772,"P04_CFL_274","BWC",4,"U4",2013,"2"
"9453","4034",31011109,536429,4935727,"P04_CFL_274","BWC",4,"U4",2013,"2"
"9454","4035",31011110,539573,4935720,"P04_CFL_72","BWC",4,"U4",2013,"2"
"9455","4036",31011112,542175,4935681,"P04_CFL_67","BWC",4,"U4",2013,"2"
"9456","404",31002795,536583,4936211,"P04_CFL_62","BWC",4,"U4",1999,"2"
"9457","4044",31011120,540325,4935417,"P04_CFL_72","BWC",4,"U4",2013,"2"
"9458","4046",31011122,538630,4935221,"P04_SC_3","BWC",4,"U4",2013,"2"
"9459","4047",31011123,541529,4935128,"P04_USCB_5","BWC",4,"U4",2013,"2"
"9460","4050",31011128,544630,4934578,"","BWC",4,"U4",2013,"2"
"9461","4051",31011129,544637,4934522,"","BWC",4,"U4",2013,"2"
"9462","4052",31011131,544679,4934323,"P04_USCB_19","BWC",4,"U4",2013,"2"
"9463","4063",31011143,555984,4924979,"","BWC",4,"U4",2013,"2"
"9464","4064",31011152,571326,4918675,"P04_CFL_20","BWC",4,"L4",2013,"2"
"9465","4065",31011156,579730,4917766,"P04_CFL_19","BWC",4,"L4",2013,"2"
"9466","4066",31011160,579974,4917375,"P04_CFL_19","BWC",4,"L4",2013,"2"
"9467","4067",31011161,578932,4917269,"P04_CFL_19","BWC",4,"L4",2013,"2"
"9468","4068",31011165,580831,4917020,"P04_CFL_19","BWC",4,"L4",2013,"2"
"9469","4069",31011167,579678,4916875,"P04_CFL_19","BWC",4,"L4",2013,"2"
"9470","407",31002798,538930,4935757,"P04_CFL_71","BWC",4,"U4",1999,"2"
"9471","4070",31011168,579480,4916872,"P04_CFL_19","BWC",4,"L4",2013,"2"
"9472","4071",31011169,579329,4916820,"P04_CFL_19","BWC",4,"L4",2013,"2"
"9473","4072",31011170,580333,4916819,"P04_CFL_19","BWC",4,"L4",2013,"2"
"9474","4073",31011171,580633,4916823,"P04_CFL_19","BWC",4,"L4",2013,"2"
"9475","4074",31011172,580879,4916824,"P04_CFL_19","BWC",4,"L4",2013,"2"
"9476","4075",31011173,580630,4916675,"P04_CFL_19","BWC",4,"L4",2013,"2"
"9477","4076",31011174,580729,4916617,"P04_CFL_19","BWC",4,"L4",2013,"2"
"9478","4077",31011175,580671,4916574,"P04_CFL_19","BWC",4,"L4",2013,"2"
"9479","4079",31011177,579077,4916471,"P04_CFL_19","BWC",4,"L4",2013,"2"
"9480","408",31002799,542031,4936215,"P04_CFL_67","BWC",4,"U4",1999,"2"
"9481","4080",31011178,581078,4916423,"P04_CFL_19","BWC",4,"L4",2013,"2"
"9482","4081",31011180,579727,4916324,"P04_CFL_19","BWC",4,"L4",2013,"2"
"9483","4082",31011181,580725,4916275,"P04_CFL_19","BWC",4,"L4",2013,"2"
"9484","4083",31011182,579579,4916223,"P04_CFL_19","BWC",4,"L4",2013,"2"
"9485","4084",31011184,580924,4916173,"P04_CFL_19","BWC",4,"L4",2013,"2"
"9486","4085",31011185,580282,4916074,"P04_CFL_19","BWC",4,"L4",2013,"2"
"9487","4086",31011186,581581,4916073,"P04_CFL_19","BWC",4,"L4",2013,"2"
"9488","4087",31011188,581129,4916022,"P04_CFL_19","BWC",4,"L4",2013,"2"
"9489","4088",31011189,581631,4915926,"P04_CFL_19","BWC",4,"L4",2013,"2"
"9490","4089",31011190,581227,4915774,"P04_CFL_19","BWC",4,"L4",2013,"2"
"9491","409",31002800,542288,4935948,"P04_CFL_67","BWC",4,"U4",1999,"2"
"9492","4090",31011191,580386,4915624,"P04_CFL_19","BWC",4,"L4",2013,"2"
"9493","4091",31011192,581129,4915569,"P04_CFL_19","BWC",4,"L4",2013,"1"
"9494","4092",31011193,579734,4915474,"P04_CFL_19","BWC",4,"L4",2013,"2"
"9495","4093",31011195,581783,4915428,"P04_CFL_19","BWC",4,"L4",2013,"2"
"9496","4094",31011196,579428,4915364,"P04_CFL_19","BWC",4,"L4",2013,"2"
"9497","4095",31011197,580227,4915373,"P04_CFL_19","BWC",4,"L4",2013,"2"
"9498","4096",31011198,581230,4915272,"P04_CFL_19","BWC",4,"L4",2013,"2"
"9499","4097",31011199,581928,4915271,"P04_CFL_19","BWC",4,"L4",2013,"2"
"9500","4098",31011200,581976,4915270,"P04_CFL_19","BWC",4,"L4",2013,"2"
"9501","4099",31011201,580177,4915067,"P04_CFL_19","BWC",4,"L4",2013,"2"
"9502","410",31002801,542478,4935912,"P04_CFL_67","BWC",4,"U4",1999,"2"
"9503","4100",31011202,581328,4915079,"P04_CFL_19","BWC",4,"L4",2013,"2"
"9504","4101",31011203,580974,4914976,"P04_CFL_19","BWC",4,"L4",2013,"2"
"9505","4103",31011205,580976,4914727,"P04_CFL_19","BWC",4,"L4",2013,"2"
"9506","4104",31011206,581129,4914672,"P04_CFL_19","BWC",4,"L4",2013,"2"
"9507","4105",31011207,581381,4914571,"P04_CFL_19","BWC",4,"L4",2013,"2"
"9508","4106",31011208,579074,4914374,"P04_SCB_21","BWC",4,"L4",2013,"2"
"9509","4107",31011209,582377,4914372,"P04_TSC_34","BWC",4,"L4",2013,"2"
"9510","4108",31011210,580979,4914323,"P04_CFL_19","BWC",4,"L4",2013,"2"
"9511","4109",31011211,582384,4914019,"P04_CFL_276","BWC",4,"L4",2013,"2"
"9512","4110",31011213,579027,4913570,"P04_CFL_231","BWC",4,"L4",2013,"2"
"9513","4111",31011214,579477,4913473,"P04_TSC_41","BWC",4,"L4",2013,"2"
"9514","4112",31011215,580785,4913226,"P04_SCB_21","BWC",4,"L4",2013,"2"
"9515","4113",31011216,579829,4913173,"P04_TSC_41","BWC",4,"L4",2013,"2"
"9516","4114",31011217,580633,4913163,"P04_SCB_21","BWC",4,"L4",2013,"2"
"9517","4115",31011220,579775,4912816,"P04_CFL_44","BWC",4,"L4",2013,"2"
"9518","4116",31011222,579732,4912669,"P04_CFL_44","BWC",4,"L4",2013,"2"
"9519","4117",31011223,579381,4912625,"P04_CFL_44","BWC",4,"L4",2013,"2"
"9520","4118",31011224,579333,4912524,"P04_CFL_44","BWC",4,"L4",2013,"2"
"9521","4119",31011225,579332,4912470,"P04_CFL_44","BWC",4,"L4",2013,"2"
"9522","4120",31011226,579785,4912468,"P04_CFL_44","BWC",4,"L4",2013,"2"
"9523","4122",31011228,579378,4912425,"P04_CFL_44","BWC",4,"L4",2013,"2"
"9524","4123",31011230,583475,4912171,"P04_CFL_257","BWC",4,"L4",2013,"2"
"9525","4124",31011231,583829,4912020,"P04_CFL_257","BWC",4,"L4",2013,"2"
"9526","4125",31011232,583982,4911769,"P04_TSC_31","BWC",4,"L4",2013,"2"
"9527","4126",31011233,584079,4911776,"P04_TSC_31","BWC",4,"L4",2013,"2"
"9528","4127",31011235,584878,4911522,"P04_CFL_269","BWC",4,"L4",2013,"2"
"9529","4128",31011236,583972,4911425,"P04_CFL_254","BWC",4,"L4",2013,"2"
"9530","4129",31011237,584982,4911324,"P04_CFL_269","BWC",4,"L4",2013,"2"
"9531","4131",31011239,584533,4911023,"P04_CFL_268","BWC",4,"L4",2013,"2"
"9532","4133",31011241,585224,4910925,"P04_CFL_251","BWC",4,"L4",2013,"2"
"9533","4134",31011242,584831,4910770,"P04_CFL_270","BWC",4,"L4",2013,"2"
"9534","4135",31011243,583632,4910128,"P04_CFL_240","BWC",4,"L4",2013,"2"
"9535","4136",31011244,584232,4909663,"P04_CFL_240","BWC",4,"L4",2013,"2"
"9536","4137",31011245,584379,4909622,"P04_SC_4","BWC",4,"L4",2013,"2"
"9537","4138",31011246,583828,4909526,"P04_CFL_240","BWC",4,"L4",2013,"2"
"9538","4139",31011247,584481,4909325,"P04_CFL_240","BWC",4,"L4",2013,"2"
"9539","4140",31011248,584730,4909328,"P04_CFL_240","BWC",4,"L4",2013,"2"
"9540","4141",31011249,584832,4908971,"P04_CFL_240","BWC",4,"L4",2013,"2"
"9541","4142",31011250,584884,4908923,"P04_CFL_240","BWC",4,"L4",2013,"2"
"9542","4143",31011251,584775,4908824,"P04_CFL_240","BWC",4,"L4",2013,"2"
"9543","4144",31011252,584880,4908828,"P04_CFL_240","BWC",4,"L4",2013,"2"
"9544","4145",31011253,584884,4908726,"P04_CFL_240","BWC",4,"L4",2013,"2"
"9545","4146",31011254,584934,4908677,"P04_CFL_240","BWC",4,"L4",2013,"2"
"9546","4148",31011386,531629,4939805,"P04_SC_1","MBC",4,"U4",2014,"2"
"9547","4153",31011391,537530,4935804,"P04_USCB_5","MBC",4,"U4",2014,"2"
"9548","4175",31011413,575522,4916452,"P04_USCB_8","MBC",4,"L4",2014,"2"
"9549","4178",31011416,576470,4915406,"P04_CFL_39","MBC",4,"L4",2014,"2"
"9550","4185",31011423,583627,4911659,"P04_USCB_11","MBC",4,"L4",2014,"2"
"9551","4187",31011425,583773,4911360,"P04_USCB_11","MBC",4,"L4",2014,"1"
"9552","419",31002811,544380,4933906,"P04_CFL_15","BWC",4,"U4",1999,"2"
"9553","4190",31011428,584028,4911004,"P04_USCB_11","MBC",4,"L4",2014,"2"
"9554","4192",31011430,584179,4910705,"P04_SCB_24","MBC",4,"L4",2014,"2"
"9555","4207",31011446,539376,4936457,"P04_SC_8","SC",4,"U4",2014,"2"
"9556","4223",31011462,542976,4935008,"P04_SC_8","SC",4,"U4",2014,"2"
"9557","4224",31011463,542385,4934914,"P04_CFL_70","SC",4,"U4",2014,"2"
"9558","4228",31011507,537375,4937262,"P04_CFL_54","BWC",4,"U4",2014,"2"
"9559","423",31002815,540182,4936758,"P04_CFL_61","BWC",4,"U4",1999,"2"
"9560","4233",31011512,537631,4936814,"P04_CFL_55","BWC",4,"U4",2014,"2"
"9561","4241",31011520,538628,4936608,"P04_CFL_60","BWC",4,"U4",2014,"2"
"9562","4242",31011521,539723,4936609,"P04_CFL_61","BWC",4,"U4",2014,"2"
"9563","4243",31011522,540927,4936558,"P04_SC_8","BWC",4,"U4",2014,"2"
"9564","4245",31011524,536877,4936505,"P04_CFL_62","BWC",4,"U4",2014,"2"
"9565","4248",31011527,536678,4936309,"P04_CFL_62","BWC",4,"U4",2014,"2"
"9566","4249",31011528,536879,4936310,"P04_CFL_62","BWC",4,"U4",2014,"2"
"9567","4250",31011529,536378,4936256,"P04_CFL_62","BWC",4,"U4",2014,"2"
"9568","4251",31011530,539626,4936160,"P04_CFL_60","BWC",4,"U4",2014,"2"
"9569","4253",31011532,536735,4936108,"P04_CFL_62","BWC",4,"U4",2014,"2"
"9570","4255",31011534,542325,4936106,"P04_CFL_67","BWC",4,"U4",2014,"2"
"9571","4257",31011536,542682,4936060,"P04_CFL_67","BWC",4,"U4",2014,"2"
"9572","4258",31011537,536630,4936062,"P04_CFL_62","BWC",4,"U4",2014,"2"
"9573","4259",31011538,537278,4936054,"P04_CFL_78","BWC",4,"U4",2014,"2"
"9574","426",31002818,536876,4936506,"P04_CFL_62","BWC",4,"U4",1999,"2"
"9575","4260",31011539,538778,4936057,"P04_CFL_71","BWC",4,"U4",2014,"2"
"9576","4261",31011541,538738,4936005,"P04_CFL_71","BWC",4,"U4",2014,"2"
"9577","4262",31011542,536684,4936007,"P04_CFL_62","BWC",4,"U4",2014,"2"
"9578","4264",31011545,536379,4935957,"P04_CFL_274","BWC",4,"U4",2014,"2"
"9579","4265",31011546,542432,4935955,"P04_CFL_67","BWC",4,"U4",2014,"2"
"9580","4266",31011547,540131,4935956,"P04_CFL_72","BWC",4,"U4",2014,"2"
"9581","4269",31011550,542083,4935861,"P04_CFL_67","BWC",4,"U4",2014,"2"
"9582","4272",31011553,541979,4935806,"P04_CFL_67","BWC",4,"U4",2014,"2"
"9583","4273",31011554,536831,4935810,"P04_CFL_62","BWC",4,"U4",2014,"2"
"9584","4274",31011555,536178,4935758,"P04_CFL_274","BWC",4,"U4",2014,"2"
"9585","4276",31011558,541079,4935700,"P04_CFL_72","BWC",4,"U4",2014,"2"
"9586","4277",31011559,536380,4935661,"P04_CFL_274","BWC",4,"U4",2014,"2"
"9587","4280",31011562,541979,4935660,"P04_CFL_67","BWC",4,"U4",2014,"2"
"9588","4281",31011563,536178,4935608,"P04_CFL_274","BWC",4,"U4",2014,"2"
"9589","4282",31011564,536328,4935608,"P04_CFL_274","BWC",4,"U4",2014,"2"
"9590","4286",31011569,539985,4935554,"P04_CFL_72","BWC",4,"U4",2014,"2"
"9591","4287",31011570,539426,4935509,"P04_CFL_72","BWC",4,"U4",2014,"2"
"9592","4289",31011572,540682,4935510,"P04_CFL_72","BWC",4,"U4",2014,"2"
"9593","4290",31011573,539679,4935404,"P04_CFL_72","BWC",4,"U4",2014,"2"
"9594","4294",31011577,542227,4935358,"P04_CFL_67","BWC",4,"U4",2014,"2"
"9595","4296",31011579,542379,4935309,"P04_CFL_67","BWC",4,"U4",2014,"2"
"9596","4297",31011580,542522,4935257,"P04_CFL_67","BWC",4,"U4",2014,"2"
"9597","43",31001804,583778,4911405,"P04_USCB_11","MBC",4,"L4",1998,"1"
"9598","4303",31011587,544630,4934368,"P04_USCB_19","BWC",4,"U4",2014,"2"
"9599","4306",31011590,544978,4933906,"P04_CFL_15","BWC",4,"U4",2014,"2"
"9600","4310",31011594,544477,4933759,"P04_CFL_15","BWC",4,"U4",2014,"2"
"9601","4311",31011595,571080,4918863,"P04_CFL_20","BWC",4,"L4",2014,"2"
"9602","4312",31011596,571680,4918756,"P04_CFL_20","BWC",4,"L4",2014,"2"
"9603","4313",31011597,571781,4918761,"P04_TSC_13","BWC",4,"L4",2014,"2"
"9604","4315",31011599,572231,4918556,"P04_CFL_20","BWC",4,"L4",2014,"2"
"9605","4316",31011600,571678,4918308,"P04_CFL_20","BWC",4,"L4",2014,"2"
"9606","4317",31011602,579128,4917901,"P04_CFL_19","BWC",4,"L4",2014,"2"
"9607","4318",31011603,579033,4917706,"P04_CFL_19","BWC",4,"L4",2014,"2"
"9608","4320",31011605,580128,4917553,"P04_CFL_19","BWC",4,"L4",2014,"2"
"9609","4321",31011606,574880,4917460,"P04_CFL_136","BWC",4,"L4",2014,"2"
"9610","4322",31011607,579285,4917409,"P04_CFL_19","BWC",4,"L4",2014,"2"
"9611","4324",31011609,579780,4917360,"P04_CFL_19","BWC",4,"L4",2014,"2"
"9612","4326",31011611,579285,4917305,"P04_CFL_19","BWC",4,"L4",2014,"2"
"9613","4327",31011612,579928,4917254,"P04_CFL_19","BWC",4,"L4",2014,"2"
"9614","4328",31011613,580277,4917261,"P04_CFL_19","BWC",4,"L4",2014,"2"
"9615","4329",31011615,580479,4917103,"P04_CFL_19","BWC",4,"L4",2014,"2"
"9616","4330",31011616,580679,4917106,"P04_CFL_19","BWC",4,"L4",2014,"2"
"9617","4331",31011617,579324,4917057,"P04_CFL_19","BWC",4,"L4",2014,"2"
"9618","4332",31011618,577326,4916960,"P04_CFL_271","BWC",4,"L4",2014,"2"
"9619","4333",31011619,577983,4916959,"P04_TSC_20","BWC",4,"L4",2014,"2"
"9620","4334",31011620,579882,4916906,"P04_CFL_19","BWC",4,"L4",2014,"2"
"9621","4335",31011621,580979,4916851,"P04_CFL_19","BWC",4,"L4",2014,"2"
"9622","4336",31011622,577529,4916757,"P04_CFL_271","BWC",4,"L4",2014,"2"
"9623","4337",31011623,580382,4916710,"P04_CFL_19","BWC",4,"L4",2014,"2"
"9624","4338",31011624,580631,4916706,"P04_CFL_19","BWC",4,"L4",2014,"2"
"9625","4339",31011625,577988,4916654,"P04_CFL_19","BWC",4,"L4",2014,"2"
"9626","4340",31011627,581027,4916605,"P04_CFL_19","BWC",4,"L4",2014,"2"
"9627","4341",31011629,580829,4916364,"P04_CFL_19","BWC",4,"L4",2014,"2"
"9628","4342",31011630,581031,4916207,"P04_CFL_19","BWC",4,"L4",2014,"1"
"9629","4343",31011631,581176,4916157,"P04_CFL_19","BWC",4,"L4",2014,"2"
"9630","4344",31011632,577531,4916109,"P04_CFL_271","BWC",4,"L4",2014,"2"
"9631","4345",31011633,580727,4916116,"P04_CFL_19","BWC",4,"L4",2014,"1"
"9632","4346",31011634,580527,4916010,"P04_CFL_19","BWC",4,"L4",2014,"1"
"9633","4347",31011635,578978,4915953,"P04_CFL_19","BWC",4,"L4",2014,"2"
"9634","4348",31011636,580577,4915855,"P04_CFL_19","BWC",4,"L4",2014,"1"
"9635","4349",31011637,580427,4915702,"P04_CFL_19","BWC",4,"L4",2014,"2"
"9636","4350",31011638,580033,4915702,"P04_CFL_19","BWC",4,"L4",2014,"2"
"9637","4351",31011639,579827,4915559,"P04_CFL_19","BWC",4,"L4",2014,"2"
"9638","4352",31011640,581226,4915405,"P04_CFL_19","BWC",4,"L4",2014,"1"
"9639","4353",31011641,580430,4915354,"P04_CFL_19","BWC",4,"L4",2014,"2"
"9640","4355",31011643,581929,4915308,"P04_CFL_19","BWC",4,"L4",2014,"2"
"9641","4356",31011644,580431,4915254,"P04_CFL_19","BWC",4,"L4",2014,"2"
"9642","4357",31011645,580776,4915211,"P04_CFL_19","BWC",4,"L4",2014,"2"
"9643","4358",31011646,580822,4915114,"P04_CFL_19","BWC",4,"L4",2014,"2"
"9644","4359",31011647,580925,4915107,"P04_CFL_19","BWC",4,"L4",2014,"2"
"9645","4360",31011648,580030,4914967,"P04_CFL_19","BWC",4,"L4",2014,"2"
"9646","4361",31011649,579829,4914901,"P04_CFL_19","BWC",4,"L4",2014,"2"
"9647","4362",31011650,580883,4914899,"P04_CFL_19","BWC",4,"L4",2014,"2"
"9648","4363",31011651,579833,4914855,"P04_CFL_19","BWC",4,"L4",2014,"2"
"9649","4364",31011652,580176,4914856,"P04_CFL_19","BWC",4,"L4",2014,"2"
"9650","4365",31011653,581979,4914858,"P04_CFL_19","BWC",4,"L4",2014,"1"
"9651","4366",31011654,580365,4914755,"","BWC",4,"L4",2014,"2"
"9652","4367",31011655,581475,4914705,"P04_CFL_19","BWC",4,"L4",2014,"2"
"9653","4368",31011656,579676,4914613,"P04_CFL_19","BWC",4,"L4",2014,"2"
"9654","4369",31011657,581979,4914546,"P04_CFL_19","BWC",4,"L4",2014,"1"
"9655","4370",31011658,581830,4914403,"P04_CFL_19","BWC",4,"L4",2014,"2"
"9656","4371",31011659,581731,4914262,"P04_CFL_19","BWC",4,"L4",2014,"2"
"9657","4372",31011660,582433,4914155,"P04_CFL_276","BWC",4,"L4",2014,"2"
"9658","4373",31011661,579134,4914104,"P04_CFL_42","BWC",4,"L4",2014,"2"
"9659","4374",31011662,582133,4914111,"P04_TSC_34","BWC",4,"L4",2014,"2"
"9660","4375",31011663,580677,4913953,"P04_CFL_260","BWC",4,"L4",2014,"2"
"9661","4376",31011664,579325,4913861,"P04_CFL_42","BWC",4,"L4",2014,"2"
"9662","4377",31011665,580881,4913762,"P04_CFL_260","BWC",4,"L4",2014,"2"
"9663","4378",31011666,581334,4913604,"P04_CFL_260","BWC",4,"L4",2014,"2"
"9664","4379",31011667,579831,4913550,"P04_TSC_39","BWC",4,"L4",2014,"2"
"9665","4380",31011668,582526,4913511,"P04_CFL_264","BWC",4,"L4",2014,"2"
"9666","4382",31011670,580180,4913216,"P04_CFL_44","BWC",4,"L4",2014,"2"
"9667","4383",31011671,580380,4913056,"P04_CFL_44","BWC",4,"L4",2014,"2"
"9668","4384",31011672,580581,4913001,"P04_CFL_44","BWC",4,"L4",2014,"2"
"9669","4385",31011673,580188,4912956,"P04_CFL_44","BWC",4,"L4",2014,"2"
"9670","4386",31011674,580533,4912907,"P04_CFL_44","BWC",4,"L4",2014,"2"
"9671","4387",31011675,579477,4912762,"P04_CFL_44","BWC",4,"L4",2014,"2"
"9672","4388",31011676,581026,4912705,"P04_CFL_44","BWC",4,"L4",2014,"2"
"9673","4389",31011677,580679,4912657,"P04_CFL_44","BWC",4,"L4",2014,"2"
"9674","4390",31011678,584135,4912609,"P04_CFL_269","BWC",4,"L4",2014,"2"
"9675","4391",31011679,579934,4912561,"P04_CFL_44","BWC",4,"L4",2014,"2"
"9676","4392",31011680,580175,4912504,"P04_CFL_44","BWC",4,"L4",2014,"2"
"9677","4394",31011682,584224,4912155,"P04_CFL_258","BWC",4,"L4",2014,"2"
"9678","4395",31011683,580526,4912162,"P04_CFL_44","BWC",4,"L4",2014,"2"
"9679","4396",31011684,579937,4912005,"P04_CFL_44","BWC",4,"L4",2014,"2"
"9680","4397",31011685,580826,4911954,"P04_CFL_44","BWC",4,"L4",2014,"2"
"9681","4398",31011686,579480,4911904,"P04_CFL_44","BWC",4,"L4",2014,"2"
"9682","4399",31011687,581031,4911661,"P04_CFL_44","BWC",4,"L4",2014,"2"
"9683","4400",31011688,579579,4911564,"P04_CFL_44","BWC",4,"L4",2014,"2"
"9684","4401",31011689,579624,4911552,"P04_CFL_44","BWC",4,"L4",2014,"2"
"9685","4402",31011690,584972,4911303,"P04_CFL_269","BWC",4,"L4",2014,"2"
"9686","4403",31011691,584678,4911152,"P04_CFL_268","BWC",4,"L4",2014,"2"
"9687","4405",31011693,584378,4910958,"P04_TSC_31","BWC",4,"L4",2014,"2"
"9688","4406",31011694,584921,4910409,"P04_CFL_270","BWC",4,"L4",2014,"2"
"9689","4408",31011696,583877,4909658,"P04_CFL_240","BWC",4,"L4",2014,"2"
"9690","4410",31011698,583487,4909404,"P04_CFL_240","BWC",4,"L4",2014,"2"
"9691","4411",31011699,584531,4909408,"P04_CFL_240","BWC",4,"L4",2014,"2"
"9692","4412",31011700,584087,4909209,"P04_CFL_240","BWC",4,"L4",2014,"2"
"9693","4413",31011701,585527,4909160,"P04_CFL_239","BWC",4,"L4",2014,"2"
"9694","4414",31011702,584230,4908967,"P04_CFL_240","BWC",4,"L4",2014,"2"
"9695","4415",31011703,584773,4908957,"P04_CFL_240","BWC",4,"L4",2014,"2"
"9696","4416",31011704,584481,4908856,"P04_CFL_240","BWC",4,"L4",2014,"2"
"9697","4424",31011845,544271,4934657,"P04_USCB_5","MBC",4,"U4",2015,"2"
"9698","4428",31011849,544735,4934314,"P04_USCB_19","MBC",4,"U4",2015,"2"
"9699","443",31002835,535527,4937958,"P04_CFL_52","BWC",4,"U4",1999,"2"
"9700","4435",31011856,572179,4918100,"P04_USCB_13","MBC",4,"L4",2015,"1"
"9701","4436",31011857,572528,4918010,"P04_USCB_13","MBC",4,"L4",2015,"2"
"9702","444",31002836,539025,4937013,"P04_CFL_58","BWC",4,"U4",1999,"2"
"9703","4446",31011867,579583,4913910,"P04_SCB_21","MBC",4,"L4",2015,"2"
"9704","446",31002839,542727,4936312,"P04_CFL_67","BWC",4,"U4",1999,"2"
"9705","4465",31011886,537779,4937256,"P04_SC_8","SC",4,"U4",2015,"2"
"9706","447",31002840,542232,4936267,"P04_CFL_67","BWC",4,"U4",1999,"2"
"9707","4474",31011895,539674,4936452,"P04_SC_8","SC",4,"U4",2015,"2"
"9708","448",31002841,539729,4936156,"P04_CFL_60","BWC",4,"U4",1999,"2"
"9709","4484",31011956,537080,4937311,"P04_CFL_54","BWC",4,"U4",2015,"2"
"9710","4485",31011957,537231,4937305,"P04_CFL_54","BWC",4,"U4",2015,"2"
"9711","4486",31011958,537128,4937261,"P04_CFL_54","BWC",4,"U4",2015,"2"
"9712","4487",31011959,536980,4937212,"P04_CFL_54","BWC",4,"U4",2015,"2"
"9713","4488",31011960,537580,4937209,"P04_CFL_54","BWC",4,"U4",2015,"2"
"9714","4489",31011961,538230,4937003,"","BWC",4,"U4",2015,"2"
"9715","449",31002842,542878,4936058,"P04_CFL_67","BWC",4,"U4",1999,"2"
"9716","4490",31011962,537930,4936859,"","BWC",4,"U4",2015,"2"
"9717","4491",31011963,538178,4936859,"P04_CFL_55","BWC",4,"U4",2015,"2"
"9718","4493",31011965,539584,4936856,"P04_CFL_61","BWC",4,"U4",2015,"2"
"9719","4497",31011969,537625,4936763,"P04_CFL_55","BWC",4,"U4",2015,"2"
"9720","450",31002844,542430,4935260,"P04_CFL_67","BWC",4,"U4",1999,"2"
"9721","4500",31011973,536477,4936563,"P04_CFL_62","BWC",4,"U4",2015,"2"
"9722","4501",31011974,543028,4936562,"P04_CFL_67","BWC",4,"U4",2015,"2"
"9723","4502",31011975,536526,4936506,"P04_CFL_62","BWC",4,"U4",2015,"2"
"9724","4503",31011976,536683,4936507,"P04_CFL_62","BWC",4,"U4",2015,"2"
"9725","4504",31011977,541876,4936413,"P04_CFL_67","BWC",4,"U4",2015,"2"
"9726","4505",31011978,537083,4936353,"P04_CFL_62","BWC",4,"U4",2015,"2"
"9727","4506",31011979,537377,4936358,"P04_TSC_37","BWC",4,"U4",2015,"2"
"9728","4507",31011980,542132,4936358,"P04_CFL_67","BWC",4,"U4",2015,"2"
"9729","4508",31011981,542927,4936257,"P04_CFL_67","BWC",4,"U4",2015,"2"
"9730","4509",31011982,541881,4936209,"P04_CFL_67","BWC",4,"U4",2015,"2"
"9731","4510",31011983,542780,4936207,"P04_CFL_67","BWC",4,"U4",2015,"2"
"9732","4511",31011984,536518,4936108,"P04_CFL_62","BWC",4,"U4",2015,"2"
"9733","4512",31011985,537176,4936107,"P04_CFL_78","BWC",4,"U4",2015,"2"
"9734","4514",31011987,537226,4936065,"P04_CFL_78","BWC",4,"U4",2015,"2"
"9735","4515",31011988,540827,4936057,"P04_CFL_72","BWC",4,"U4",2015,"2"
"9736","4517",31011990,536279,4936003,"P04_CFL_274","BWC",4,"U4",2015,"2"
"9737","4518",31011991,540581,4936007,"P04_CFL_72","BWC",4,"U4",2015,"2"
"9738","4519",31011992,542830,4936009,"P04_CFL_67","BWC",4,"U4",2015,"2"
"9739","452",31002846,542973,4935203,"P04_CFL_67","BWC",4,"U4",1999,"2"
"9740","4520",31011993,538730,4935961,"P04_CFL_71","BWC",4,"U4",2015,"2"
"9741","4521",31011994,538829,4935959,"P04_CFL_71","BWC",4,"U4",2015,"2"
"9742","4523",31011997,539876,4935962,"P04_CFL_72","BWC",4,"U4",2015,"2"
"9743","4524",31011998,539977,4935967,"P04_CFL_72","BWC",4,"U4",2015,"2"
"9744","4526",31012000,536723,4935914,"P04_CFL_62","BWC",4,"U4",2015,"2"
"9745","453",31002847,541089,4934858,"P04_CFL_3","BWC",4,"U4",1999,"2"
"9746","4530",31012004,536232,4935856,"P04_CFL_274","BWC",4,"U4",2015,"2"
"9747","4531",31012005,536475,4935855,"P04_CFL_274","BWC",4,"U4",2015,"2"
"9748","4532",31012006,536229,4935806,"P04_CFL_274","BWC",4,"U4",2015,"2"
"9749","4533",31012007,542524,4935761,"P04_CFL_67","BWC",4,"U4",2015,"2"
"9750","4534",31012008,536230,4935708,"P04_CFL_274","BWC",4,"U4",2015,"2"
"9751","4538",31012012,540480,4935655,"P04_CFL_72","BWC",4,"U4",2015,"2"
"9752","4539",31012013,538974,4935609,"P04_CFL_71","BWC",4,"U4",2015,"2"
"9753","454",31002848,540826,4934809,"P04_CFL_3","BWC",4,"U4",1999,"2"
"9754","4541",31012015,539436,4935509,"P04_CFL_72","BWC",4,"U4",2015,"2"
"9755","4544",31012018,541429,4935501,"P04_CFL_64","BWC",4,"U4",2015,"2"
"9756","4547",31012021,540830,4935463,"P04_CFL_72","BWC",4,"U4",2015,"2"
"9757","4549",31012023,539480,4935410,"P04_CFL_72","BWC",4,"U4",2015,"2"
"9758","4551",31012025,543156,4935404,"P04_CFL_67","BWC",4,"U4",2015,"2"
"9759","4554",31012028,538582,4935011,"P04_CFL_13","BWC",4,"U4",2015,"2"
"9760","4555",31012030,539882,4934757,"P04_CFL_2","BWC",4,"U4",2015,"2"
"9761","4558",31012036,544121,4934104,"P04_CFL_15","BWC",4,"U4",2015,"2"
"9762","4563",31012042,564080,4922652,"P04_CFL_104","BWC",4,"U4",2015,"2"
"9763","4564",31012043,564080,4922604,"P04_CFL_104","BWC",4,"U4",2015,"2"
"9764","4565",31012044,564082,4922508,"P04_CFL_104","BWC",4,"U4",2015,"2"
"9765","4566",31012061,580431,4916906,"P04_CFL_19","BWC",4,"L4",2015,"2"
"9766","4567",31012062,579980,4916759,"P04_CFL_19","BWC",4,"L4",2015,"2"
"9767","4568",31012063,581029,4916753,"P04_CFL_19","BWC",4,"L4",2015,"2"
"9768","4569",31012064,580884,4916711,"P04_CFL_19","BWC",4,"L4",2015,"2"
"9769","457",31002852,537129,4936456,"P04_CFL_62","BWC",4,"U4",1999,"2"
"9770","4570",31012065,577079,4916558,"P04_TSC_36","BWC",4,"L4",2015,"2"
"9771","4571",31012066,579979,4916502,"P04_CFL_19","BWC",4,"L4",2015,"2"
"9772","4572",31012067,580731,4916454,"P04_CFL_19","BWC",4,"L4",2015,"2"
"9773","4573",31012068,581029,4916313,"P04_CFL_19","BWC",4,"L4",2015,"2"
"9774","4574",31012069,580478,4916207,"P04_CFL_19","BWC",4,"L4",2015,"2"
"9775","4575",31012070,579828,4916155,"P04_CFL_19","BWC",4,"L4",2015,"2"
"9776","4576",31012072,581022,4916109,"P04_CFL_19","BWC",4,"L4",2015,"2"
"9777","4577",31012073,580632,4916005,"P04_CFL_19","BWC",4,"L4",2015,"2"
"9778","4578",31012075,580579,4915962,"P04_CFL_19","BWC",4,"L4",2015,"2"
"9779","4579",31012076,580032,4915959,"P04_CFL_19","BWC",4,"L4",2015,"2"
"9780","4580",31012077,581325,4915906,"P04_CFL_19","BWC",4,"L4",2015,"2"
"9781","4581",31012078,579683,4915907,"P04_CFL_219","BWC",4,"L4",2015,"2"
"9782","4582",31012079,581576,4915758,"P04_CFL_19","BWC",4,"L4",2015,"2"
"9783","4583",31012080,580878,4915715,"P04_CFL_19","BWC",4,"L4",2015,"2"
"9784","4584",31012081,580727,4915610,"P04_CFL_19","BWC",4,"L4",2015,"2"
"9785","4585",31012082,581574,4915568,"P04_CFL_19","BWC",4,"L4",2015,"2"
"9786","4586",31012083,580183,4915510,"P04_CFL_19","BWC",4,"L4",2015,"2"
"9787","4587",31012084,580328,4915463,"P04_CFL_19","BWC",4,"L4",2015,"2"
"9788","4588",31012085,581785,4915451,"P04_CFL_19","BWC",4,"L4",2015,"2"
"9789","4589",31012086,581480,4915350,"P04_CFL_19","BWC",4,"L4",2015,"2"
"9790","4590",31012087,581777,4915310,"P04_CFL_19","BWC",4,"L4",2015,"1"
"9791","4591",31012088,581234,4915254,"P04_CFL_19","BWC",4,"L4",2015,"2"
"9792","4592",31012089,581479,4915207,"P04_CFL_19","BWC",4,"L4",2015,"2"
"9793","4593",31012091,581329,4915161,"P04_CFL_19","BWC",4,"L4",2015,"2"
"9794","4594",31012092,580028,4915115,"P04_CFL_19","BWC",4,"L4",2015,"2"
"9795","4595",31012093,580279,4915104,"P04_CFL_19","BWC",4,"L4",2015,"2"
"9796","4596",31012094,581280,4915106,"P04_CFL_19","BWC",4,"L4",2015,"2"
"9797","4597",31012096,579631,4914955,"P04_CFL_19","BWC",4,"L4",2015,"2"
"9798","4598",31012097,580475,4914957,"P04_CFL_19","BWC",4,"L4",2015,"2"
"9799","4599",31012098,580830,4914962,"P04_CFL_19","BWC",4,"L4",2015,"2"
"9800","4600",31012099,581380,4914901,"P04_CFL_19","BWC",4,"L4",2015,"2"
"9801","4601",31012100,581126,4914711,"P04_CFL_19","BWC",4,"L4",2015,"2"
"9802","4602",31012101,579879,4914665,"P04_CFL_19","BWC",4,"L4",2015,"2"
"9803","4603",31012102,581677,4914609,"P04_CFL_19","BWC",4,"L4",2015,"2"
"9804","4604",31012103,581874,4914605,"P04_CFL_19","BWC",4,"L4",2015,"2"
"9805","4605",31012104,581730,4914361,"P04_CFL_19","BWC",4,"L4",2015,"2"
"9806","4606",31012105,582026,4914353,"P04_CFL_19","BWC",4,"L4",2015,"2"
"9807","4607",31012106,581180,4914355,"P04_CFL_19","BWC",4,"L4",2015,"2"
"9808","4608",31012107,581283,4914208,"P04_CFL_19","BWC",4,"L4",2015,"2"
"9809","4609",31012108,582532,4914215,"P04_TSC_34","BWC",4,"L4",2015,"2"
"9810","4610",31012109,580930,4914111,"P04_CFL_19","BWC",4,"L4",2015,"2"
"9811","4611",31012110,581579,4914108,"P04_CFL_19","BWC",4,"L4",2015,"2"
"9812","4612",31012111,580526,4914062,"P04_CFL_260","BWC",4,"L4",2015,"2"
"9813","4613",31012112,582327,4914059,"P04_CFL_276","BWC",4,"L4",2015,"2"
"9814","4614",31012113,581426,4913956,"P04_TSC_34","BWC",4,"L4",2015,"2"
"9815","4615",31012114,580829,4913909,"P04_CFL_260","BWC",4,"L4",2015,"2"
"9816","4616",31012116,579182,4913308,"P04_CFL_231","BWC",4,"L4",2015,"2"
"9817","4617",31012117,579379,4913302,"P04_TSC_38","BWC",4,"L4",2015,"2"
"9818","4618",31012118,582979,4913210,"P04_CFL_242","BWC",4,"L4",2015,"2"
"9819","462",31002858,539527,4935757,"P04_CFL_72","BWC",4,"U4",1999,"2"
"9820","4620",31012122,579529,4913006,"P04_CFL_44","BWC",4,"L4",2015,"2"
"9821","4621",31012123,580288,4913003,"P04_CFL_44","BWC",4,"L4",2015,"2"
"9822","4622",31012124,580280,4912956,"P04_CFL_44","BWC",4,"L4",2015,"2"
"9823","4624",31012126,582680,4912956,"P04_CFL_241","BWC",4,"L4",2015,"2"
"9824","4625",31012128,580080,4912810,"P04_CFL_44","BWC",4,"L4",2015,"2"
"9825","4626",31012129,580782,4912761,"P04_CFL_44","BWC",4,"L4",2015,"2"
"9826","4627",31012130,579383,4912605,"P04_CFL_44","BWC",4,"L4",2015,"2"
"9827","4628",31012131,579781,4912609,"P04_CFL_44","BWC",4,"L4",2015,"2"
"9828","4629",31012132,579781,4912401,"P04_CFL_44","BWC",4,"L4",2015,"2"
"9829","4630",31012133,580485,4912161,"P04_CFL_44","BWC",4,"L4",2015,"2"
"9830","4631",31012134,580080,4912106,"P04_CFL_44","BWC",4,"L4",2015,"2"
"9831","4632",31012135,580434,4912006,"P04_CFL_44","BWC",4,"L4",2015,"2"
"9832","4633",31012136,580433,4911956,"P04_CFL_44","BWC",4,"L4",2015,"2"
"9833","4634",31012137,584829,4911554,"P04_CFL_269","BWC",4,"L4",2015,"2"
"9834","4636",31012140,584932,4911358,"P04_CFL_269","BWC",4,"L4",2015,"2"
"9835","4637",31012141,585281,4911201,"P04_CFL_251","BWC",4,"L4",2015,"2"
"9836","4638",31012142,585135,4910956,"P04_CFL_251","BWC",4,"L4",2015,"2"
"9837","4639",31012143,585129,4910854,"P04_CFL_251","BWC",4,"L4",2015,"2"
"9838","4640",31012144,581625,4910755,"P04_CFL_44","BWC",4,"L4",2015,"2"
"9839","4641",31012146,584330,4909559,"P04_CFL_240","BWC",4,"L4",2015,"2"
"9840","4643",31012149,583679,4909359,"P04_CFL_240","BWC",4,"L4",2015,"2"
"9841","4644",31012150,584529,4909305,"P04_CFL_240","BWC",4,"L4",2015,"2"
"9842","4645",31012151,584380,4909113,"P04_CFL_240","BWC",4,"L4",2015,"2"
"9843","4646",31012152,584533,4908809,"P04_CFL_240","BWC",4,"L4",2015,"2"
"9844","4647",31012153,584479,4908669,"P04_CFL_240","BWC",4,"L4",2015,"2"
"9845","4648",31012154,585074,4908505,"P04_CFL_240","BWC",4,"L4",2015,"2"
"9846","465",31002861,538879,4934959,"P04_CFL_13","BWC",4,"U4",1999,"2"
"9847","4654",31012290,537526,4935804,"P04_USCB_5","MBC",4,"U4",2016,"2"
"9848","4658",31012295,536580,4935106,"P04_USCB_5","MBC",4,"U4",2016,"2"
"9849","4660",31012297,543933,4934606,"P04_USCB_5","MBC",4,"U4",2016,"2"
"9850","4666",31012305,572029,4918259,"P04_USCB_13","MBC",4,"L4",2016,"2"
"9851","4667",31012306,571476,4918260,"P04_USCB_13","MBC",4,"L4",2016,"2"
"9852","467",31002863,574726,4918261,"P04_CFL_132","BWC",4,"L4",1999,"2"
"9853","4674",31012313,576480,4915408,"P04_SCB_22","MBC",4,"L4",2016,"2"
"9854","4679",31012319,583782,4911508,"P04_USCB_11","MBC",4,"L4",2016,"2"
"9855","4683",31012323,583231,4910953,"P04_SCB_21","MBC",4,"L4",2016,"2"
"9856","4688",31012328,583786,4910210,"P04_TSC_35","MBC",4,"L4",2016,"2"
"9857","469",31002865,579126,4915064,"P04_CFL_19","BWC",4,"L4",1999,"2"
"9858","4691",31012332,585480,4909854,"P04_SCB_24","MBC",4,"L4",2016,"2"
"9859","4693",31012334,585687,4909260,"P04_SCB_21","MBC",4,"L4",2016,"2"
"9860","4694",31012335,533470,4939014,"P04_USCB_1","SC",4,"U4",2016,"2"
"9861","4695",31012336,532925,4938556,"P04_CFL_80","SC",4,"U4",2016,"2"
"9862","4696",31012337,533026,4938564,"P04_CFL_80","SC",4,"U4",2016,"2"
"9863","470",31002866,578375,4917813,"P04_CFL_192","BWC",4,"L4",1999,"2"
"9864","471",31002868,578479,4917504,"P04_CFL_19","BWC",4,"L4",1999,"1"
"9865","4710",31012351,539979,4936358,"P04_SC_8","SC",4,"U4",2016,"2"
"9866","4713",31012355,537830,4936100,"P04_CFL_74","SC",4,"U4",2016,"2"
"9867","4714",31012356,539226,4935709,"P04_TSC_11","SC",4,"U4",2016,"2"
"9868","4718",31012364,542883,4935010,"P04_SC_8","SC",4,"U4",2016,"2"
"9869","472",31002870,577378,4915757,"P04_CFL_210","BWC",4,"L4",1999,"2"
"9870","4720",31012406,537775,4936909,"P04_CFL_55","BWC",4,"U4",2016,"2"
"9871","4721",31012407,538034,4936906,"P04_CFL_55","BWC",4,"U4",2016,"2"
"9872","4723",31012409,539577,4936908,"P04_CFL_61","BWC",4,"U4",2016,"2"
"9873","4724",31012410,539174,4936800,"P04_CFL_58","BWC",4,"U4",2016,"2"
"9874","4725",31012411,537780,4936761,"P04_CFL_55","BWC",4,"U4",2016,"2"
"9875","4728",31012414,537676,4936657,"P04_CFL_55","BWC",4,"U4",2016,"2"
"9876","4729",31012415,538483,4936608,"P04_CFL_60","BWC",4,"U4",2016,"2"
"9877","473",31002871,572526,4918457,"P04_TSC_5","BWC",4,"L4",1999,"2"
"9878","4730",31012416,540529,4936602,"P04_CFL_61","BWC",4,"U4",2016,"2"
"9879","4732",31012418,540923,4936553,"P04_CFL_73","BWC",4,"U4",2016,"2"
"9880","4733",31012419,536330,4936459,"P04_CFL_62","BWC",4,"U4",2016,"2"
"9881","4734",31012420,536873,4936360,"P04_CFL_62","BWC",4,"U4",2016,"2"
"9882","4736",31012422,536580,4936309,"P04_CFL_62","BWC",4,"U4",2016,"2"
"9883","4737",31012423,542483,4936255,"P04_CFL_67","BWC",4,"U4",2016,"2"
"9884","4739",31012425,542432,4936112,"P04_CFL_67","BWC",4,"U4",2016,"2"
"9885","474",31002872,572132,4918409,"P04_CFL_20","BWC",4,"L4",1999,"2"
"9886","4740",31012426,542728,4936111,"P04_CFL_67","BWC",4,"U4",2016,"2"
"9887","4741",31012428,542527,4936054,"P04_CFL_67","BWC",4,"U4",2016,"2"
"9888","4743",31012431,540435,4936058,"P04_CFL_72","BWC",4,"U4",2016,"2"
"9889","4744",31012432,536520,4936008,"P04_CFL_62","BWC",4,"U4",2016,"2"
"9890","4745",31012433,538678,4936006,"P04_CFL_71","BWC",4,"U4",2016,"2"
"9891","4746",31012434,542484,4936011,"P04_CFL_67","BWC",4,"U4",2016,"2"
"9892","4747",31012435,538886,4936001,"P04_CFL_71","BWC",4,"U4",2016,"2"
"9893","4748",31012436,540624,4935955,"P04_CFL_72","BWC",4,"U4",2016,"2"
"9894","4749",31012438,537030,4935910,"","BWC",4,"U4",2016,"2"
"9895","475",31002873,572130,4918463,"P04_CFL_20","BWC",4,"L4",1999,"2"
"9896","4751",31012440,536272,4935857,"P04_CFL_274","BWC",4,"U4",2016,"2"
"9897","4755",31012444,542882,4935860,"P04_CFL_67","BWC",4,"U4",2016,"2"
"9898","4756",31012445,536724,4935858,"P04_CFL_62","BWC",4,"U4",2016,"2"
"9899","4759",31012448,536123,4935760,"P04_CFL_274","BWC",4,"U4",2016,"2"
"9900","476",31002874,571277,4918512,"P04_CFL_20","BWC",4,"L4",1999,"2"
"9901","4760",31012449,538928,4935759,"P04_CFL_71","BWC",4,"U4",2016,"2"
"9902","4763",31012453,542634,4935711,"P04_CFL_67","BWC",4,"U4",2016,"2"
"9903","4765",31012455,541985,4935707,"P04_CFL_67","BWC",4,"U4",2016,"2"
"9904","4766",31012456,540777,4935665,"P04_CFL_72","BWC",4,"U4",2016,"2"
"9905","4768",31012458,536419,4935610,"P04_CFL_274","BWC",4,"U4",2016,"2"
"9906","4769",31012459,542384,4935604,"P04_CFL_67","BWC",4,"U4",2016,"2"
"9907","4771",31012461,539981,4935558,"P04_CFL_72","BWC",4,"U4",2016,"2"
"9908","4772",31012462,540129,4935559,"P04_CFL_72","BWC",4,"U4",2016,"2"
"9909","4774",31012464,539576,4935515,"P04_CFL_72","BWC",4,"U4",2016,"2"
"9910","4775",31012465,540777,4935513,"P04_CFL_72","BWC",4,"U4",2016,"2"
"9911","4776",31012466,539731,4935451,"P04_CFL_72","BWC",4,"U4",2016,"2"
"9912","4777",31012467,542479,4935456,"P04_CFL_67","BWC",4,"U4",2016,"2"
"9913","4779",31012469,540680,4935464,"P04_CFL_72","BWC",4,"U4",2016,"2"
"9914","478",31002876,571330,4918657,"P04_CFL_20","BWC",4,"L4",1999,"2"
"9915","4781",31012471,540233,4935406,"P04_CFL_72","BWC",4,"U4",2016,"2"
"9916","4783",31012473,542881,4935258,"P04_CFL_67","BWC",4,"U4",2016,"2"
"9917","4784",31012474,542533,4935212,"P04_CFL_67","BWC",4,"U4",2016,"2"
"9918","4785",31012475,540179,4935209,"P04_CFL_72","BWC",4,"U4",2016,"2"
"9919","4787",31012478,541133,4934857,"P04_CFL_3","BWC",4,"U4",2016,"2"
"9920","479",31002877,571228,4918708,"P04_CFL_20","BWC",4,"L4",1999,"2"
"9921","4790",31012481,544686,4934252,"P04_CFL_15","BWC",4,"U4",2016,"2"
"9922","4791",31012482,543934,4934200,"P04_CFL_15","BWC",4,"U4",2016,"2"
"9923","4792",31012483,544525,4933859,"P04_CFL_15","BWC",4,"U4",2016,"2"
"9924","4793",31012484,544983,4933858,"P04_CFL_15","BWC",4,"U4",2016,"2"
"9925","4795",31012486,544182,4933856,"P04_CFL_15","BWC",4,"U4",2016,"2"
"9926","48",31001831,538275,4936208,"P04_TSC_11","SC",4,"U4",1998,"2"
"9927","480",31002879,571220,4918897,"P04_CFL_20","BWC",4,"L4",1999,"2"
"9928","4801",31012492,545230,4933560,"P04_CFL_15","BWC",4,"U4",2016,"2"
"9929","4802",31012493,564477,4922310,"P04_CFL_104","BWC",4,"U4",2016,"2"
"9930","4803",31012494,564682,4922261,"P04_CFL_104","BWC",4,"U4",2016,"2"
"9931","4804",31012495,571976,4918957,"P04_CFL_20","BWC",4,"L4",2016,"2"
"9932","4805",31012496,572072,4918856,"P04_CFL_20","BWC",4,"L4",2016,"2"
"9933","4807",31012498,574781,4918610,"P04_CFL_132","BWC",4,"L4",2016,"2"
"9934","4808",31012499,572233,4918507,"P04_CFL_20","BWC",4,"L4",2016,"2"
"9935","4809",31012500,572178,4918360,"P04_CFL_20","BWC",4,"L4",2016,"2"
"9936","481",31002880,580983,4912554,"P04_CFL_44","BWC",4,"L4",1999,"2"
"9937","4810",31012501,574533,4918160,"P04_TSC_36","BWC",4,"L4",2016,"2"
"9938","4811",31012502,579783,4917603,"P04_CFL_19","BWC",4,"L4",2016,"2"
"9939","4812",31012503,574875,4917553,"P04_TSC_36","BWC",4,"L4",2016,"2"
"9940","4813",31012505,575233,4917461,"P04_CFL_145","BWC",4,"L4",2016,"2"
"9941","4814",31012506,579731,4917360,"P04_CFL_19","BWC",4,"L4",2016,"2"
"9942","4815",31012508,578981,4917354,"P04_CFL_19","BWC",4,"L4",2016,"2"
"9943","4816",31012511,578978,4917261,"P04_CFL_19","BWC",4,"L4",2016,"2"
"9944","4817",31012512,580476,4917061,"P04_CFL_19","BWC",4,"L4",2016,"2"
"9945","4818",31012513,579779,4916952,"P04_CFL_19","BWC",4,"L4",2016,"2"
"9946","4819",31012514,580825,4916902,"P04_CFL_19","BWC",4,"L4",2016,"2"
"9947","482",31002881,581083,4912560,"P04_CFL_44","BWC",4,"L4",1999,"2"
"9948","4820",31012515,577881,4916944,"P04_CFL_271","BWC",4,"L4",2016,"2"
"9949","4821",31012516,580275,4916903,"P04_CFL_19","BWC",4,"L4",2016,"2"
"9950","4822",31012517,579286,4916709,"P04_CFL_19","BWC",4,"L4",2016,"2"
"9951","4823",31012518,578876,4916702,"P04_CFL_19","BWC",4,"L4",2016,"2"
"9952","4824",31012519,579830,4916558,"P04_CFL_19","BWC",4,"L4",2016,"2"
"9953","4825",31012520,579884,4916554,"P04_CFL_19","BWC",4,"L4",2016,"2"
"9954","4826",31012522,581022,4916459,"P04_CFL_19","BWC",4,"L4",2016,"2"
"9955","4827",31012523,581027,4916401,"P04_CFL_19","BWC",4,"L4",2016,"2"
"9956","4829",31012525,577475,4916307,"P04_CFL_271","BWC",4,"L4",2016,"2"
"9957","483",31002882,577930,4917010,"P04_CFL_271","BWC",4,"L4",1999,"2"
"9958","4830",31012526,581035,4916252,"P04_CFL_19","BWC",4,"L4",2016,"2"
"9959","4831",31012527,578233,4916203,"P04_CFL_19","BWC",4,"L4",2016,"2"
"9960","4832",31012528,579330,4916211,"P04_CFL_19","BWC",4,"L4",2016,"2"
"9961","4833",31012530,579584,4916055,"P04_CFL_218","BWC",4,"L4",2016,"2"
"9962","4834",31012531,578933,4915908,"P04_CFL_19","BWC",4,"L4",2016,"2"
"9963","4835",31012532,579279,4915850,"P04_TSC_25","BWC",4,"L4",2016,"2"
"9964","4836",31012533,581481,4915812,"P04_CFL_19","BWC",4,"L4",2016,"2"
"9965","4837",31012534,578535,4915808,"P04_CFL_19","BWC",4,"L4",2016,"2"
"9966","4838",31012535,581427,4915660,"P04_CFL_19","BWC",4,"L4",2016,"2"
"9967","4839",31012536,581279,4915604,"P04_CFL_19","BWC",4,"L4",2016,"2"
"9968","484",31002883,577533,4916108,"P04_CFL_271","BWC",4,"L4",1999,"2"
"9969","4840",31012537,581377,4915514,"P04_CFL_19","BWC",4,"L4",2016,"2"
"9970","4841",31012539,578281,4915458,"P04_CFL_19","BWC",4,"L4",2016,"2"
"9971","4842",31012540,581125,4915456,"P04_CFL_19","BWC",4,"L4",2016,"2"
"9972","4843",31012541,581731,4915458,"P04_CFL_19","BWC",4,"L4",2016,"2"
"9973","4844",31012545,580776,4915209,"P04_CFL_19","BWC",4,"L4",2016,"2"
"9974","4845",31012546,580025,4915108,"P04_CFL_19","BWC",4,"L4",2016,"2"
"9975","4846",31012550,579723,4914660,"P04_CFL_19","BWC",4,"L4",2016,"2"
"9976","4847",31012553,580986,4914308,"P04_CFL_19","BWC",4,"L4",2016,"2"
"9977","4848",31012555,582575,4914058,"P04_CFL_276","BWC",4,"L4",2016,"2"
"9978","4849",31012556,581730,4914058,"P04_CFL_19","BWC",4,"L4",2016,"2"
"9979","485",31002884,582477,4913563,"P04_CFL_264","BWC",4,"L4",1999,"2"
"9980","4850",31012557,580531,4914000,"P04_CFL_260","BWC",4,"L4",2016,"2"
"9981","4851",31012558,581628,4913960,"P04_CFL_19","BWC",4,"L4",2016,"2"
"9982","4852",31012559,581030,4913763,"P04_CFL_260","BWC",4,"L4",2016,"2"
"9983","4853",31012560,582527,4913651,"P04_CFL_264","BWC",4,"L4",2016,"2"
"9984","4854",31012561,581433,4913607,"P04_CFL_260","BWC",4,"L4",2016,"2"
"9985","4855",31012562,582083,4913557,"P04_CFL_264","BWC",4,"L4",2016,"2"
"9986","4856",31012563,582537,4913307,"P04_CFL_264","BWC",4,"L4",2016,"2"
"9987","4857",31012565,583376,4913105,"P04_CFL_258","BWC",4,"L4",2016,"2"
"9988","4858",31012566,583476,4913058,"P04_CFL_258","BWC",4,"L4",2016,"2"
"9989","4859",31012567,580187,4913053,"P04_CFL_44","BWC",4,"L4",2016,"2"
"9990","4860",31012568,581037,4912952,"P04_CFL_44","BWC",4,"L4",2016,"2"
"9991","4861",31012569,580282,4912811,"P04_CFL_44","BWC",4,"L4",2016,"2"
"9992","4862",31012570,580629,4912814,"P04_CFL_44","BWC",4,"L4",2016,"2"
"9993","4863",31012571,579580,4912755,"P04_CFL_44","BWC",4,"L4",2016,"2"
"9994","4864",31012572,579823,4912759,"P04_CFL_44","BWC",4,"L4",2016,"2"
"9995","4865",31012573,580376,4912454,"P04_CFL_44","BWC",4,"L4",2016,"2"
"9996","4866",31012574,581324,4912408,"P04_CFL_44","BWC",4,"L4",2016,"2"
"9997","4867",31012575,579982,4912306,"P04_CFL_44","BWC",4,"L4",2016,"2"
"9998","4868",31012576,579534,4912262,"P04_CFL_44","BWC",4,"L4",2016,"2"
"9999","4869",31012577,579775,4912111,"P04_CFL_44","BWC",4,"L4",2016,"2"
"10000","487",31002886,582580,4913357,"P04_CFL_264","BWC",4,"L4",1999,"2"
"10001","4870",31012578,580875,4912106,"P04_CFL_44","BWC",4,"L4",2016,"2"
"10002","4871",31012579,579384,4912006,"P04_CFL_44","BWC",4,"L4",2016,"2"
"10003","4872",31012580,580129,4912007,"P04_CFL_44","BWC",4,"L4",2016,"2"
"10004","4873",31012582,580930,4911907,"P04_CFL_44","BWC",4,"L4",2016,"2"
"10005","4874",31012584,580530,4911811,"P04_CFL_44","BWC",4,"L4",2016,"2"
"10006","4875",31012587,583826,4911458,"P04_CFL_254","BWC",4,"L4",2016,"2"
"10007","4876",31012596,584278,4909305,"P04_CFL_240","BWC",4,"L4",2016,"2"
"10008","4877",31012597,583586,4909264,"P04_CFL_240","BWC",4,"L4",2016,"2"
"10009","4878",31012600,584922,4908960,"P04_CFL_240","BWC",4,"L4",2016,"2"
"10010","488",31002887,583037,4913254,"P04_CFL_242","BWC",4,"L4",1999,"2"
"10011","4880",31012603,584628,4908611,"P04_CFL_240","BWC",4,"L4",2016,"2"
"10012","4881",31012604,584931,4908510,"P04_CFL_240","BWC",4,"L4",2016,"2"
"10013","489",31002888,583079,4913261,"P04_CFL_242","BWC",4,"L4",1999,"2"
"10014","4896",31012753,545178,4934058,"P04_USCB_19","MBC",4,"U4",2017,"2"
"10015","4898",31012755,572029,4918307,"P04_CFL_20","MBC",4,"L4",2017,"2"
"10016","4899",31012756,572279,4918257,"P04_USCB_13","MBC",4,"L4",2017,"2"
"10017","4903",31012760,572579,4917907,"P04_USCB_13","MBC",4,"L4",2017,"2"
"10018","491",31002890,583483,4911957,"P04_TSC_45","BWC",4,"L4",1999,"2"
"10019","4913",31012770,581679,4912957,"P04_SCB_21","MBC",4,"L4",2017,"2"
"10020","4919",31012777,583679,4910357,"P04_SCB_21","MBC",4,"L4",2017,"2"
"10021","492",31002891,584972,4911212,"P04_CFL_269","BWC",4,"L4",1999,"2"
"10022","4921",31012781,585429,4909907,"P04_SCB_24","MBC",4,"L4",2017,"2"
"10023","494",31002893,584637,4910908,"P04_CFL_268","BWC",4,"L4",1999,"2"
"10024","4945",31012809,542028,4935058,"P04_CFL_69","SC",4,"U4",2017,"2"
"10025","495",31002894,584326,4910711,"P04_CFL_253","BWC",4,"L4",1999,"2"
"10026","4953",31012857,536928,4937358,"P04_CFL_54","BWC",4,"U4",2017,"2"
"10027","4954",31012858,536928,4937308,"P04_CFL_54","BWC",4,"U4",2017,"2"
"10028","4955",31012859,536928,4937158,"P04_CFL_54","BWC",4,"U4",2017,"2"
"10029","4956",31012860,538728,4937158,"P04_CFL_58","BWC",4,"U4",2017,"2"
"10030","4957",31012861,539028,4937058,"P04_CFL_58","BWC",4,"U4",2017,"2"
"10031","4958",31012862,539628,4936908,"P04_CFL_61","BWC",4,"U4",2017,"2"
"10032","496",31002895,579155,4917315,"P04_CFL_19","BWC",4,"L4",1999,"2"
"10033","4961",31012865,540178,4936908,"P04_CFL_61","BWC",4,"U4",2017,"2"
"10034","4962",31012866,539128,4936858,"P04_CFL_58","BWC",4,"U4",2017,"2"
"10035","4965",31012870,537878,4936808,"","BWC",4,"U4",2017,"2"
"10036","4967",31012872,537678,4936658,"P04_CFL_55","BWC",4,"U4",2017,"2"
"10037","4968",31012873,537828,4936608,"P04_CFL_55","BWC",4,"U4",2017,"2"
"10038","497",31002896,580479,4917207,"P04_CFL_19","BWC",4,"L4",1999,"2"
"10039","4972",31012878,536578,4936408,"P04_CFL_62","BWC",4,"U4",2017,"2"
"10040","4973",31012879,536478,4936308,"P04_CFL_62","BWC",4,"U4",2017,"2"
"10041","4974",31012880,542178,4936308,"P04_CFL_67","BWC",4,"U4",2017,"2"
"10042","4975",31012881,542778,4936308,"P04_CFL_67","BWC",4,"U4",2017,"2"
"10043","4976",31012882,536528,4936258,"P04_CFL_62","BWC",4,"U4",2017,"2"
"10044","4977",31012883,542678,4936258,"P04_CFL_67","BWC",4,"U4",2017,"2"
"10045","4978",31012885,542028,4936258,"P04_CFL_67","BWC",4,"U4",2017,"2"
"10046","4979",31012886,542478,4936258,"P04_CFL_67","BWC",4,"U4",2017,"2"
"10047","498",31002897,580582,4917063,"P04_CFL_19","BWC",4,"L4",1999,"2"
"10048","4980",31012887,536928,4936258,"P04_CFL_62","BWC",4,"U4",2017,"2"
"10049","4981",31012888,536278,4936058,"P04_CFL_274","BWC",4,"U4",2017,"2"
"10050","4982",31012889,536928,4936058,"P04_CFL_62","BWC",4,"U4",2017,"2"
"10051","4983",31012890,540978,4936058,"P04_CFL_72","BWC",4,"U4",2017,"2"
"10052","4984",31012891,536328,4936008,"P04_CFL_274","BWC",4,"U4",2017,"2"
"10053","4985",31012892,540528,4936008,"P04_CFL_72","BWC",4,"U4",2017,"2"
"10054","4987",31012894,537278,4935958,"P04_CFL_78","BWC",4,"U4",2017,"2"
"10055","4988",31012895,540428,4935958,"P04_CFL_72","BWC",4,"U4",2017,"2"
"10056","4990",31012897,542878,4935908,"P04_CFL_67","BWC",4,"U4",2017,"2"
"10057","4991",31012898,537128,4935858,"P04_CFL_62","BWC",4,"U4",2017,"2"
"10058","4992",31012899,536278,4935808,"P04_CFL_274","BWC",4,"U4",2017,"2"
"10059","4994",31012901,542928,4935808,"P04_CFL_67","BWC",4,"U4",2017,"2"
"10060","4995",31012902,536928,4935808,"P04_CFL_62","BWC",4,"U4",2017,"2"
"10061","4999",31012907,539628,4935708,"P04_CFL_72","BWC",4,"U4",2017,"2"
"10062","500",31002899,580135,4916955,"P04_CFL_19","BWC",4,"L4",1999,"2"
"10063","5002",31012910,541478,4935708,"P04_CFL_63","BWC",4,"U4",2017,"2"
"10064","5003",31012911,542178,4935658,"P04_CFL_67","BWC",4,"U4",2017,"2"
"10065","5004",31012912,536128,4935558,"P04_CFL_274","BWC",4,"U4",2017,"2"
"10066","5007",31012916,536378,4935508,"P04_CFL_274","BWC",4,"U4",2017,"2"
"10067","5009",31012918,540778,4935508,"P04_CFL_72","BWC",4,"U4",2017,"2"
"10068","501",31002900,579626,4916808,"P04_CFL_19","BWC",4,"L4",1999,"2"
"10069","5010",31012920,539928,4935458,"P04_CFL_72","BWC",4,"U4",2017,"2"
"10070","5012",31012922,540728,4935458,"P04_CFL_72","BWC",4,"U4",2017,"2"
"10071","5013",31012923,542578,4935358,"P04_CFL_67","BWC",4,"U4",2017,"2"
"10072","5014",31012924,539778,4935358,"P04_CFL_72","BWC",4,"U4",2017,"2"
"10073","5015",31012925,542528,4935308,"P04_CFL_67","BWC",4,"U4",2017,"2"
"10074","5016",31012926,539928,4935308,"P04_CFL_72","BWC",4,"U4",2017,"2"
"10075","5020",31012931,540528,4934608,"P04_CFL_3","BWC",4,"U4",2017,"2"
"10076","5023",31012935,544878,4934158,"P04_CFL_15","BWC",4,"U4",2017,"2"
"10077","5024",31012936,544028,4934108,"P04_CFL_15","BWC",4,"U4",2017,"2"
"10078","5027",31012940,544428,4933808,"P04_CFL_15","BWC",4,"U4",2017,"2"
"10079","5028",31012941,544328,4933708,"P04_CFL_15","BWC",4,"U4",2017,"2"
"10080","503",31002902,579729,4916646,"P04_CFL_19","BWC",4,"L4",1999,"1"
"10081","5030",31012943,564079,4922657,"P04_CFL_104","BWC",4,"U4",2017,"2"
"10082","5031",31012944,564429,4922357,"P04_CFL_104","BWC",4,"U4",2017,"2"
"10083","5032",31012945,572079,4918957,"P04_CFL_20","BWC",4,"L4",2017,"2"
"10084","5033",31012946,574829,4918807,"P04_CFL_132","BWC",4,"L4",2017,"2"
"10085","5034",31012947,571329,4918807,"P04_CFL_20","BWC",4,"L4",2017,"2"
"10086","5035",31012948,572079,4918557,"P04_CFL_20","BWC",4,"L4",2017,"2"
"10087","5037",31012953,579779,4917407,"P04_CFL_19","BWC",4,"L4",2017,"2"
"10088","5038",31012955,579179,4917107,"P04_CFL_19","BWC",4,"L4",2017,"2"
"10089","5039",31012956,580379,4917107,"P04_CFL_19","BWC",4,"L4",2017,"2"
"10090","504",31002903,579276,4916597,"P04_CFL_19","BWC",4,"L4",1999,"2"
"10091","5040",31012957,580279,4917007,"P04_CFL_19","BWC",4,"L4",2017,"2"
"10092","5041",31012958,580529,4917007,"P04_CFL_19","BWC",4,"L4",2017,"2"
"10093","5042",31012959,580779,4917007,"P04_CFL_19","BWC",4,"L4",2017,"2"
"10094","5043",31012960,580679,4916907,"P04_CFL_19","BWC",4,"L4",2017,"2"
"10095","5044",31012961,578629,4916907,"P04_CFL_19","BWC",4,"L4",2017,"2"
"10096","5045",31012962,579079,4916857,"P04_CFL_19","BWC",4,"L4",2017,"2"
"10097","5046",31012963,579279,4916807,"P04_CFL_19","BWC",4,"L4",2017,"2"
"10098","5047",31012964,578529,4916807,"P04_CFL_19","BWC",4,"L4",2017,"2"
"10099","5048",31012965,580629,4916707,"P04_CFL_19","BWC",4,"L4",2017,"2"
"10100","5049",31012966,580929,4916657,"P04_CFL_19","BWC",4,"L4",2017,"2"
"10101","505",31002904,581135,4916458,"P04_CFL_19","BWC",4,"L4",1999,"2"
"10102","5050",31012967,576679,4916607,"P04_CFL_154","BWC",4,"L4",2017,"2"
"10103","5051",31012968,579979,4916557,"P04_CFL_19","BWC",4,"L4",2017,"2"
"10104","5052",31012969,578929,4916507,"P04_CFL_19","BWC",4,"L4",2017,"2"
"10105","5053",31012971,578679,4916407,"P04_CFL_19","BWC",4,"L4",2017,"2"
"10106","5054",31012972,579029,4916257,"P04_CFL_19","BWC",4,"L4",2017,"2"
"10107","5055",31012973,580029,4916207,"P04_CFL_19","BWC",4,"L4",2017,"2"
"10108","5056",31012974,577329,4916057,"P04_CFL_202","BWC",4,"L4",2017,"2"
"10109","5057",31012975,577679,4915957,"P04_CFL_209","BWC",4,"L4",2017,"2"
"10110","5058",31012977,579329,4915907,"P04_CFL_218","BWC",4,"L4",2017,"2"
"10111","5059",31012978,580279,4915907,"P04_CFL_19","BWC",4,"L4",2017,"2"
"10112","506",31002906,580387,4916407,"P04_CFL_19","BWC",4,"L4",1999,"2"
"10113","5060",31012979,578429,4915907,"P04_CFL_19","BWC",4,"L4",2017,"2"
"10114","5061",31012980,579929,4915857,"P04_CFL_219","BWC",4,"L4",2017,"2"
"10115","5062",31012981,581229,4915707,"P04_CFL_19","BWC",4,"L4",2017,"2"
"10116","5063",31012982,581529,4915707,"P04_CFL_19","BWC",4,"L4",2017,"2"
"10117","5064",31012983,580829,4915607,"P04_CFL_19","BWC",4,"L4",2017,"2"
"10118","5065",31012984,581729,4915557,"P04_CFL_19","BWC",4,"L4",2017,"2"
"10119","5066",31012985,580229,4915457,"P04_CFL_19","BWC",4,"L4",2017,"2"
"10120","5067",31012986,578329,4915457,"P04_CFL_19","BWC",4,"L4",2017,"2"
"10121","5069",31012988,580379,4915357,"P04_CFL_19","BWC",4,"L4",2017,"2"
"10122","5070",31012989,580279,4915207,"P04_CFL_19","BWC",4,"L4",2017,"2"
"10123","5071",31012990,580479,4915107,"P04_CFL_19","BWC",4,"L4",2017,"2"
"10124","5072",31012992,579829,4915007,"P04_CFL_19","BWC",4,"L4",2017,"2"
"10125","5073",31012993,581129,4915007,"P04_CFL_19","BWC",4,"L4",2017,"2"
"10126","5074",31012994,581979,4915007,"P04_CFL_19","BWC",4,"L4",2017,"2"
"10127","5075",31012995,582229,4914957,"P04_CFL_19","BWC",4,"L4",2017,"2"
"10128","5076",31012996,579579,4914907,"P04_CFL_19","BWC",4,"L4",2017,"2"
"10129","5077",31012997,581779,4914907,"P04_CFL_19","BWC",4,"L4",2017,"2"
"10130","5078",31012998,581629,4914857,"P04_CFL_19","BWC",4,"L4",2017,"2"
"10131","5079",31012999,581029,4914807,"P04_CFL_19","BWC",4,"L4",2017,"2"
"10132","5080",31013000,581579,4914757,"P04_CFL_19","BWC",4,"L4",2017,"2"
"10133","5081",31013001,580479,4914757,"","BWC",4,"L4",2017,"2"
"10134","5082",31013002,581279,4914707,"P04_CFL_19","BWC",4,"L4",2017,"2"
"10135","5083",31013003,579679,4914657,"P04_CFL_19","BWC",4,"L4",2017,"2"
"10136","5084",31013004,580579,4914557,"P04_CFL_19","BWC",4,"L4",2017,"2"
"10137","5085",31013005,581179,4914357,"P04_CFL_19","BWC",4,"L4",2017,"2"
"10138","5086",31013006,582129,4914257,"P04_CFL_19","BWC",4,"L4",2017,"2"
"10139","5087",31013007,578129,4914207,"P04_CFL_41","BWC",4,"L4",2017,"2"
"10140","5088",31013008,580379,4914207,"P04_CFL_260","BWC",4,"L4",2017,"2"
"10141","5089",31013009,581379,4914207,"P04_CFL_19","BWC",4,"L4",2017,"2"
"10142","509",31002909,579586,4916146,"P04_CFL_19","BWC",4,"L4",1999,"2"
"10143","5090",31013010,581579,4914007,"P04_CFL_19","BWC",4,"L4",2017,"2"
"10144","5091",31013011,581629,4914007,"P04_CFL_19","BWC",4,"L4",2017,"2"
"10145","5092",31013013,581579,4913957,"P04_CFL_19","BWC",4,"L4",2017,"2"
"10146","5093",31013014,580829,4913757,"P04_CFL_260","BWC",4,"L4",2017,"2"
"10147","5094",31013016,582029,4913707,"P04_CFL_264","BWC",4,"L4",2017,"2"
"10148","5095",31013022,579729,4912757,"P04_CFL_44","BWC",4,"L4",2017,"2"
"10149","5096",31013024,579229,4912557,"P04_CFL_44","BWC",4,"L4",2017,"2"
"10150","5097",31013028,579229,4912407,"P04_CFL_44","BWC",4,"L4",2017,"1"
"10151","5098",31013032,580729,4912057,"P04_CFL_44","BWC",4,"L4",2017,"2"
"10152","5099",31013033,580379,4912007,"P04_CFL_44","BWC",4,"L4",2017,"2"
"10153","5100",31013034,579379,4911907,"P04_CFL_44","BWC",4,"L4",2017,"2"
"10154","5101",31013035,581029,4911907,"P04_CFL_44","BWC",4,"L4",2017,"2"
"10155","5102",31013036,579429,4911807,"P04_CFL_44","BWC",4,"L4",2017,"2"
"10156","5103",31013037,579679,4911657,"P04_CFL_44","BWC",4,"L4",2017,"2"
"10157","5104",31013038,585179,4911657,"P04_CFL_269","BWC",4,"L4",2017,"2"
"10158","5105",31013039,579629,4911607,"P04_CFL_44","BWC",4,"L4",2017,"2"
"10159","5106",31013040,583929,4911557,"P04_CFL_254","BWC",4,"L4",2017,"2"
"10160","5107",31013041,585229,4911457,"P04_CFL_269","BWC",4,"L4",2017,"2"
"10161","5109",31013043,585679,4910457,"P04_CFL_251","BWC",4,"L4",2017,"2"
"10162","5110",31013044,585079,4910307,"P04_CFL_270","BWC",4,"L4",2017,"2"
"10163","5111",31013045,585429,4910307,"P04_CFL_251","BWC",4,"L4",2017,"2"
"10164","5112",31013046,583379,4909957,"P04_CFL_240","BWC",4,"L4",2017,"2"
"10165","5114",31013048,583629,4909857,"P04_CFL_240","BWC",4,"L4",2017,"2"
"10166","5115",31013049,583429,4909757,"P04_CFL_240","BWC",4,"L4",2017,"2"
"10167","5116",31013050,583679,4909657,"P04_CFL_240","BWC",4,"L4",2017,"2"
"10168","5117",31013051,584479,4909357,"P04_CFL_240","BWC",4,"L4",2017,"2"
"10169","5118",31013052,585579,4909207,"P04_CFL_237","BWC",4,"L4",2017,"2"
"10170","5119",31013053,585429,4909157,"P04_SC_4","BWC",4,"L4",2017,"2"
"10171","5120",31013054,584979,4908657,"P04_CFL_240","BWC",4,"L4",2017,"2"
"10172","5122",31013236,536879,4936258,"P04_CFL_62","BWC",4,"U4",2017,"2"
"10173","5127",31013246,540881,4935201,"P04_USCB_5","MBC",4,"U4",2018,"2"
"10174","5128",31013247,536626,4935151,"P04_CFL_46","MBC",4,"U4",2018,"2"
"10175","513",31002913,580428,4915909,"P04_CFL_19","BWC",4,"L4",1999,"2"
"10176","5131",31013250,540624,4935055,"P04_USCB_5","MBC",4,"U4",2018,"2"
"10177","5132",31013252,544681,4934603,"P04_USCB_5","MBC",4,"U4",2018,"2"
"10178","514",31002914,580981,4915858,"P04_CFL_19","BWC",4,"L4",1999,"2"
"10179","5149",31013272,583386,4911206,"P04_SCB_21","MBC",4,"L4",2018,"2"
"10180","5153",31013276,583678,4910360,"P04_SCB_21","MBC",4,"L4",2018,"2"
"10181","5154",31013277,583629,4910259,"P04_TSC_35","MBC",4,"L4",2018,"2"
"10182","5160",31013285,584282,4909609,"P04_CFL_240","MBC",4,"L4",2018,"2"
"10183","517",31002917,580730,4915558,"P04_CFL_19","BWC",4,"L4",1999,"2"
"10184","5172",31013303,537671,4936303,"P04_CFL_74","SC",4,"U4",2018,"2"
"10185","5178",31013357,536823,4937404,"P04_CFL_54","BWC",4,"U4",2018,"2"
"10186","5179",31013358,536885,4937408,"P04_CFL_54","BWC",4,"U4",2018,"2"
"10187","5180",31013359,537318,4937313,"P04_CFL_54","BWC",4,"U4",2018,"2"
"10188","5196",31013375,536527,4936562,"P04_CFL_62","BWC",4,"U4",2018,"2"
"10189","5198",31013377,536774,4936408,"P04_CFL_62","BWC",4,"U4",2018,"2"
"10190","5199",31013378,536982,4936410,"P04_CFL_62","BWC",4,"U4",2018,"2"
"10191","520",31002920,579982,4915310,"P04_CFL_19","BWC",4,"L4",1999,"2"
"10192","5200",31013379,536422,4936311,"P04_CFL_62","BWC",4,"U4",2018,"2"
"10193","5201",31013380,536477,4936308,"P04_CFL_62","BWC",4,"U4",2018,"2"
"10194","5203",31013382,542585,4936266,"P04_CFL_67","BWC",4,"U4",2018,"2"
"10195","5204",31013383,541983,4936260,"P04_CFL_67","BWC",4,"U4",2018,"2"
"10196","5205",31013384,542679,4936209,"P04_CFL_67","BWC",4,"U4",2018,"2"
"10197","5206",31013385,536627,4936211,"P04_CFL_62","BWC",4,"U4",2018,"2"
"10198","5207",31013386,536774,4936210,"P04_CFL_62","BWC",4,"U4",2018,"2"
"10199","521",31002921,581234,4915208,"P04_CFL_19","BWC",4,"L4",1999,"1"
"10200","5211",31013390,540573,4936109,"P04_CFL_72","BWC",4,"U4",2018,"2"
"10201","5212",31013391,540627,4936067,"P04_CFL_72","BWC",4,"U4",2018,"2"
"10202","5213",31013392,540376,4936057,"P04_CFL_72","BWC",4,"U4",2018,"2"
"10203","5215",31013395,542276,4935962,"P04_CFL_67","BWC",4,"U4",2018,"2"
"10204","5218",31013398,536633,4935954,"P04_CFL_62","BWC",4,"U4",2018,"2"
"10205","5219",31013399,538777,4935911,"P04_CFL_71","BWC",4,"U4",2018,"2"
"10206","5221",31013401,540832,4935914,"P04_CFL_72","BWC",4,"U4",2018,"2"
"10207","5222",31013402,536137,4935858,"P04_CFL_274","BWC",4,"U4",2018,"2"
"10208","5223",31013403,539025,4935856,"P04_CFL_71","BWC",4,"U4",2018,"2"
"10209","5224",31013404,540227,4935854,"P04_CFL_72","BWC",4,"U4",2018,"2"
"10210","5225",31013405,542424,4935809,"P04_CFL_67","BWC",4,"U4",2018,"2"
"10211","5227",31013407,536425,4935712,"P04_CFL_274","BWC",4,"U4",2018,"2"
"10212","5228",31013408,538928,4935712,"P04_CFL_71","BWC",4,"U4",2018,"2"
"10213","523",31002923,581130,4915106,"P04_CFL_19","BWC",4,"L4",1999,"2"
"10214","5230",31013410,540080,4935655,"P04_CFL_72","BWC",4,"U4",2018,"2"
"10215","5231",31013411,542226,4935611,"P04_CFL_67","BWC",4,"U4",2018,"2"
"10216","5232",31013412,542984,4935616,"P04_CFL_67","BWC",4,"U4",2018,"2"
"10217","5233",31013413,539780,4935613,"P04_CFL_72","BWC",4,"U4",2018,"2"
"10218","5234",31013414,543232,4935555,"P04_CFL_67","BWC",4,"U4",2018,"2"
"10219","5235",31013415,542428,4935511,"P04_CFL_67","BWC",4,"U4",2018,"2"
"10220","5238",31013418,540931,4935502,"P04_CFL_72","BWC",4,"U4",2018,"2"
"10221","5239",31013419,539777,4935459,"P04_CFL_72","BWC",4,"U4",2018,"2"
"10222","5240",31013420,539822,4935462,"P04_CFL_72","BWC",4,"U4",2018,"2"
"10223","5241",31013422,539526,4935406,"P04_CFL_72","BWC",4,"U4",2018,"2"
"10224","5242",31013423,539721,4935402,"P04_CFL_72","BWC",4,"U4",2018,"2"
"10225","5243",31013424,539920,4935410,"P04_CFL_72","BWC",4,"U4",2018,"2"
"10226","5245",31013426,542328,4935308,"P04_CFL_67","BWC",4,"U4",2018,"2"
"10227","5246",31013427,543087,4935311,"P04_CFL_67","BWC",4,"U4",2018,"2"
"10228","5247",31013428,542479,4935255,"P04_CFL_67","BWC",4,"U4",2018,"2"
"10229","5249",31013430,541570,4934905,"P04_USCB_16","BWC",4,"U4",2018,"2"
"10230","5250",31013431,541278,4934918,"P04_CFL_3","BWC",4,"U4",2018,"2"
"10231","5251",31013432,554180,4934854,"P04_CFL_93","BWC",4,"U4",2018,"2"
"10232","5253",31013435,554131,4934611,"P04_CFL_93","BWC",4,"U4",2018,"2"
"10233","5254",31013437,543976,4934255,"P04_CFL_15","BWC",4,"U4",2018,"2"
"10234","5255",31013438,543977,4934161,"P04_CFL_15","BWC",4,"U4",2018,"2"
"10235","526",31002926,581076,4915009,"P04_CFL_19","BWC",4,"L4",1999,"2"
"10236","5261",31013444,544427,4933752,"P04_CFL_15","BWC",4,"U4",2018,"2"
"10237","5262",31013446,564082,4922558,"P04_CFL_104","BWC",4,"U4",2018,"2"
"10238","5263",31013447,571175,4918761,"P04_CFL_20","BWC",4,"L4",2018,"2"
"10239","5264",31013448,571472,4918658,"P04_CFL_20","BWC",4,"L4",2018,"2"
"10240","5265",31013449,572027,4918659,"P04_CFL_20","BWC",4,"L4",2018,"2"
"10241","5266",31013450,571674,4918558,"P04_CFL_20","BWC",4,"L4",2018,"2"
"10242","5267",31013451,572177,4918562,"P04_CFL_20","BWC",4,"L4",2018,"2"
"10243","5269",31013454,578428,4917510,"P04_CFL_19","BWC",4,"L4",2018,"2"
"10244","5271",31013459,579535,4917109,"P04_CFL_19","BWC",4,"L4",2018,"2"
"10245","5272",31013460,580079,4916905,"P04_CFL_19","BWC",4,"L4",2018,"2"
"10246","5273",31013461,580581,4916765,"P04_CFL_19","BWC",4,"L4",2018,"2"
"10247","5274",31013462,580728,4916711,"P04_CFL_19","BWC",4,"L4",2018,"2"
"10248","5275",31013463,580080,4916706,"P04_CFL_19","BWC",4,"L4",2018,"2"
"10249","5276",31013465,579880,4916610,"P04_CFL_19","BWC",4,"L4",2018,"2"
"10250","5277",31013466,578529,4916560,"P04_CFL_19","BWC",4,"L4",2018,"2"
"10251","5278",31013467,580882,4916509,"P04_CFL_19","BWC",4,"L4",2018,"2"
"10252","5279",31013471,580835,4916208,"P04_CFL_19","BWC",4,"L4",2018,"2"
"10253","5280",31013472,581130,4916216,"P04_CFL_19","BWC",4,"L4",2018,"2"
"10254","5281",31013473,581228,4916210,"P04_CFL_19","BWC",4,"L4",2018,"2"
"10255","5282",31013475,579679,4916109,"P04_CFL_218","BWC",4,"L4",2018,"2"
"10256","5283",31013476,581473,4916106,"P04_CFL_19","BWC",4,"L4",2018,"2"
"10257","5284",31013477,577685,4916007,"P04_CFL_19","BWC",4,"L4",2018,"2"
"10258","5285",31013479,576931,4915909,"P04_CFL_210","BWC",4,"L4",2018,"2"
"10259","5286",31013481,580874,4915858,"P04_CFL_19","BWC",4,"L4",2018,"2"
"10260","5287",31013482,581682,4915855,"P04_CFL_19","BWC",4,"L4",2018,"2"
"10261","5288",31013483,579930,4915809,"P04_TSC_25","BWC",4,"L4",2018,"2"
"10262","5289",31013484,578580,4915809,"P04_CFL_19","BWC",4,"L4",2018,"2"
"10263","529",31002929,580935,4914958,"P04_CFL_19","BWC",4,"L4",1999,"2"
"10264","5290",31013486,578120,4915714,"P04_CFL_19","BWC",4,"L4",2018,"2"
"10265","5291",31013487,578480,4915717,"P04_CFL_19","BWC",4,"L4",2018,"2"
"10266","5292",31013488,581029,4915602,"P04_CFL_19","BWC",4,"L4",2018,"2"
"10267","5293",31013490,580280,4915562,"P04_CFL_19","BWC",4,"L4",2018,"2"
"10268","5294",31013492,581933,4915506,"P04_CFL_19","BWC",4,"L4",2018,"2"
"10269","5295",31013493,580879,4915408,"P04_CFL_19","BWC",4,"L4",2018,"2"
"10270","5296",31013494,580632,4915361,"P04_CFL_19","BWC",4,"L4",2018,"2"
"10271","5298",31013496,580984,4915307,"P04_CFL_19","BWC",4,"L4",2018,"2"
"10272","5299",31013497,580976,4915157,"P04_CFL_19","BWC",4,"L4",2018,"2"
"10273","530",31002930,580983,4914906,"P04_CFL_19","BWC",4,"L4",1999,"2"
"10274","5300",31013498,581932,4915109,"P04_CFL_19","BWC",4,"L4",2018,"2"
"10275","5301",31013499,579677,4914962,"P04_CFL_19","BWC",4,"L4",2018,"2"
"10276","5302",31013502,580776,4914758,"P04_CFL_19","BWC",4,"L4",2018,"2"
"10277","5303",31013504,582032,4914408,"P04_CFL_19","BWC",4,"L4",2018,"2"
"10278","5304",31013506,581729,4914360,"P04_CFL_19","BWC",4,"L4",2018,"2"
"10279","5305",31013507,582078,4914356,"P04_CFL_19","BWC",4,"L4",2018,"2"
"10280","5306",31013508,581030,4914313,"P04_CFL_19","BWC",4,"L4",2018,"2"
"10281","5307",31013509,581229,4914263,"P04_CFL_19","BWC",4,"L4",2018,"2"
"10282","5308",31013511,581730,4914106,"P04_CFL_19","BWC",4,"L4",2018,"2"
"10283","5309",31013512,581682,4913907,"P04_CFL_19","BWC",4,"L4",2018,"2"
"10284","5310",31013515,582286,4913605,"P04_CFL_264","BWC",4,"L4",2018,"2"
"10285","5311",31013516,582428,4913614,"P04_CFL_264","BWC",4,"L4",2018,"2"
"10286","5312",31013517,581420,4913608,"P04_CFL_260","BWC",4,"L4",2018,"2"
"10287","5313",31013518,582181,4913509,"P04_CFL_264","BWC",4,"L4",2018,"2"
"10288","5314",31013519,582770,4913406,"P04_CFL_264","BWC",4,"L4",2018,"2"
"10289","5315",31013520,580134,4913048,"P04_CFL_44","BWC",4,"L4",2018,"2"
"10290","5316",31013521,580175,4913067,"P04_CFL_44","BWC",4,"L4",2018,"2"
"10291","5319",31013524,583634,4912762,"P04_CFL_258","BWC",4,"L4",2018,"2"
"10292","5320",31013525,582876,4912708,"P04_CFL_241","BWC",4,"L4",2018,"2"
"10293","5321",31013526,581073,4912566,"P04_CFL_44","BWC",4,"L4",2018,"2"
"10294","5322",31013527,580980,4912511,"P04_CFL_44","BWC",4,"L4",2018,"2"
"10295","5323",31013528,579731,4912504,"P04_CFL_44","BWC",4,"L4",2018,"2"
"10296","5325",31013530,579280,4912350,"P04_CFL_44","BWC",4,"L4",2018,"2"
"10297","5326",31013531,579736,4912359,"P04_CFL_44","BWC",4,"L4",2018,"2"
"10298","5327",31013532,581184,4912310,"P04_CFL_44","BWC",4,"L4",2018,"2"
"10299","5328",31013533,580831,4912308,"P04_CFL_44","BWC",4,"L4",2018,"2"
"10300","5329",31013534,579778,4912059,"P04_CFL_44","BWC",4,"L4",2018,"2"
"10301","533",31002933,580772,4914610,"P04_CFL_19","BWC",4,"L4",1999,"2"
"10302","5330",31013535,579623,4912010,"P04_CFL_44","BWC",4,"L4",2018,"2"
"10303","5331",31013536,579480,4911963,"P04_CFL_44","BWC",4,"L4",2018,"2"
"10304","5333",31013538,584682,4911758,"P04_CFL_269","BWC",4,"L4",2018,"2"
"10305","5334",31013539,581073,4911706,"P04_CFL_44","BWC",4,"L4",2018,"2"
"10306","5335",31013540,585078,4911658,"P04_CFL_269","BWC",4,"L4",2018,"2"
"10307","5336",31013541,580581,4911507,"P04_CFL_44","BWC",4,"L4",2018,"2"
"10308","5337",31013542,585383,4911300,"P04_CFL_251","BWC",4,"L4",2018,"2"
"10309","5338",31013543,584328,4911258,"P04_CFL_268","BWC",4,"L4",2018,"2"
"10310","5339",31013544,585431,4911206,"P04_CFL_251","BWC",4,"L4",2018,"2"
"10311","534",31002934,580932,4914617,"P04_CFL_19","BWC",4,"L4",1999,"2"
"10312","5342",31013547,584380,4910559,"P04_SCB_24","BWC",4,"L4",2018,"2"
"10313","5343",31013548,585528,4910458,"P04_CFL_251","BWC",4,"L4",2018,"2"
"10314","5344",31013549,583329,4909963,"P04_CFL_240","BWC",4,"L4",2018,"2"
"10315","5345",31013550,583728,4909667,"P04_CFL_240","BWC",4,"L4",2018,"2"
"10316","5346",31013552,583986,4909413,"P04_CFL_240","BWC",4,"L4",2018,"2"
"10317","5347",31013553,584529,4909407,"P04_CFL_240","BWC",4,"L4",2018,"2"
"10318","5348",31013554,583688,4909003,"P04_CFL_240","BWC",4,"L4",2018,"2"
"10319","5349",31013555,584536,4908761,"P04_CFL_240","BWC",4,"L4",2018,"2"
"10320","535",31002935,580986,4914560,"P04_CFL_19","BWC",4,"L4",1999,"2"
"10321","5350",31013556,584479,4908605,"P04_CFL_240","BWC",4,"L4",2018,"2"
"10322","5351",31013690,535523,4935617,"P04_USCB_2","MBC",4,"U4",2019,"2"
"10323","5353",31013692,540929,4935215,"P04_USCB_5","MBC",4,"U4",2019,"2"
"10324","5354",31013693,536626,4935155,"P04_CFL_46","MBC",4,"U4",2019,"2"
"10325","5355",31013694,540722,4935108,"P04_USCB_5","MBC",4,"U4",2019,"2"
"10326","5357",31013696,544482,4934656,"P04_USCB_5","MBC",4,"U4",2019,"2"
"10327","5358",31013697,544633,4934660,"P04_USCB_5","MBC",4,"U4",2019,"2"
"10328","5359",31013698,544233,4934660,"P04_USCB_5","MBC",4,"U4",2019,"2"
"10329","5365",31013707,572024,4918258,"P04_USCB_13","MBC",4,"L4",2019,"2"
"10330","537",31002937,580834,4914505,"P04_CFL_19","BWC",4,"L4",1999,"2"
"10331","5370",31013725,583780,4911456,"P04_USCB_11","MBC",4,"L4",2019,"2"
"10332","5379",31013734,585538,4909815,"P04_SCB_24","MBC",4,"L4",2019,"1"
"10333","5388",31013757,541581,4935659,"P04_CFL_63","SC",4,"U4",2019,"2"
"10334","539",31002939,581780,4914410,"P04_CFL_19","BWC",4,"L4",1999,"2"
"10335","5393",31013766,543277,4934708,"P04_SC_8","SC",4,"U4",2019,"2"
"10336","540",31002940,581830,4914307,"P04_CFL_19","BWC",4,"L4",1999,"2"
"10337","5400",31013821,539574,4936704,"P04_CFL_61","BWC",4,"U4",2019,"2"
"10338","5402",31013824,542977,4936605,"P04_CFL_67","BWC",4,"U4",2019,"2"
"10339","5405",31013830,542781,4936310,"P04_CFL_67","BWC",4,"U4",2019,"2"
"10340","5406",31013833,536473,4936264,"P04_CFL_62","BWC",4,"U4",2019,"2"
"10341","5408",31013836,540566,4936109,"P04_CFL_72","BWC",4,"U4",2019,"2"
"10342","541",31002941,581880,4914161,"P04_CFL_19","BWC",4,"L4",1999,"2"
"10343","5410",31013838,536882,4936063,"P04_CFL_62","BWC",4,"U4",2019,"2"
"10344","5411",31013839,537131,4936060,"P04_CFL_79","BWC",4,"U4",2019,"2"
"10345","5412",31013840,536824,4936010,"P04_CFL_62","BWC",4,"U4",2019,"2"
"10346","5414",31013842,542173,4935957,"P04_CFL_67","BWC",4,"U4",2019,"2"
"10347","5415",31013843,539875,4935952,"P04_CFL_72","BWC",4,"U4",2019,"2"
"10348","5416",31013844,542222,4935911,"P04_CFL_67","BWC",4,"U4",2019,"2"
"10349","5417",31013845,538818,4935859,"P04_CFL_71","BWC",4,"U4",2019,"2"
"10350","5418",31013846,542173,4935857,"P04_CFL_67","BWC",4,"U4",2019,"2"
"10351","542",31002942,582082,4914162,"P04_CFL_19","BWC",4,"L4",1999,"2"
"10352","5420",31013848,536929,4935860,"P04_CFL_62","BWC",4,"U4",2019,"2"
"10353","5421",31013849,538972,4935808,"P04_CFL_71","BWC",4,"U4",2019,"2"
"10354","5426",31013856,539678,4935710,"P04_CFL_72","BWC",4,"U4",2019,"2"
"10355","5427",31013857,542784,4935709,"P04_CFL_67","BWC",4,"U4",2019,"2"
"10356","5428",31013858,542126,4935656,"P04_CFL_67","BWC",4,"U4",2019,"2"
"10357","5429",31013859,542224,4935657,"P04_CFL_67","BWC",4,"U4",2019,"2"
"10358","5430",31013860,539978,4935666,"P04_CFL_72","BWC",4,"U4",2019,"2"
"10359","5431",31013861,540381,4935661,"P04_CFL_72","BWC",4,"U4",2019,"2"
"10360","5432",31013862,542230,4935609,"P04_CFL_67","BWC",4,"U4",2019,"2"
"10361","5434",31013864,540930,4935610,"P04_CFL_72","BWC",4,"U4",2019,"1"
"10362","5435",31013865,540377,4935563,"P04_CFL_72","BWC",4,"U4",2019,"2"
"10363","5436",31013866,540624,4935559,"P04_CFL_72","BWC",4,"U4",2019,"2"
"10364","5439",31013869,543123,4935505,"P04_CFL_67","BWC",4,"U4",2019,"2"
"10365","544",31002944,580283,4913011,"P04_CFL_44","BWC",4,"L4",1999,"2"
"10366","5441",31013871,542431,4935458,"P04_CFL_67","BWC",4,"U4",2019,"2"
"10367","5442",31013872,541421,4935463,"P04_CFL_64","BWC",4,"U4",2019,"2"
"10368","5444",31013874,541327,4935408,"P04_CFL_64","BWC",4,"U4",2019,"2"
"10369","5445",31013875,542272,4935353,"P04_CFL_67","BWC",4,"U4",2019,"2"
"10370","5449",31013879,541430,4934902,"P04_CFL_3","BWC",4,"U4",2019,"2"
"10371","545",31002945,580131,4912954,"P04_CFL_44","BWC",4,"L4",1999,"2"
"10372","5450",31013880,554184,4934869,"P04_CFL_93","BWC",4,"U4",2019,"2"
"10373","5451",31013881,541381,4934856,"P04_CFL_3","BWC",4,"U4",2019,"2"
"10374","5453",31013883,553976,4934800,"P04_CFL_93","BWC",4,"U4",2019,"2"
"10375","5456",31013886,553974,4934758,"P04_CFL_93","BWC",4,"U4",2019,"2"
"10376","5459",31013890,544322,4934112,"P04_CFL_15","BWC",4,"U4",2019,"2"
"10377","546",31002946,580683,4912963,"P04_CFL_44","BWC",4,"L4",1999,"2"
"10378","5460",31013891,544625,4934060,"P04_CFL_15","BWC",4,"U4",2019,"2"
"10379","5464",31013896,555874,4924808,"P04_CFL_100","BWC",4,"U4",2019,"2"
"10380","5465",31013898,571331,4918958,"P04_CFL_20","BWC",4,"L4",2019,"2"
"10381","5466",31013899,572274,4918311,"P04_CFL_20","BWC",4,"L4",2019,"2"
"10382","5467",31013902,579829,4917357,"P04_CFL_19","BWC",4,"L4",2019,"2"
"10383","5468",31013906,577383,4917006,"P04_CFL_162","BWC",4,"L4",2019,"2"
"10384","5469",31013907,577483,4917001,"P04_CFL_162","BWC",4,"L4",2019,"2"
"10385","547",31002947,579588,4912807,"P04_CFL_44","BWC",4,"L4",1999,"1"
"10386","5470",31013914,577728,4916707,"P04_CFL_271","BWC",4,"L4",2019,"2"
"10387","5471",31013915,578123,4916655,"P04_CFL_19","BWC",4,"L4",2019,"2"
"10388","5472",31013916,579128,4916607,"P04_CFL_19","BWC",4,"L4",2019,"2"
"10389","5473",31013918,578634,4916460,"P04_CFL_19","BWC",4,"L4",2019,"2"
"10390","5474",31013919,579033,4916462,"P04_CFL_19","BWC",4,"L4",2019,"2"
"10391","5475",31013921,578682,4916410,"P04_CFL_19","BWC",4,"L4",2019,"2"
"10392","5476",31013923,580632,4916313,"P04_CFL_19","BWC",4,"L4",2019,"2"
"10393","5477",31013924,580544,4916254,"P04_CFL_19","BWC",4,"L4",2019,"2"
"10394","5478",31013925,580839,4916252,"P04_CFL_19","BWC",4,"L4",2019,"2"
"10395","5479",31013926,581332,4916257,"P04_CFL_19","BWC",4,"L4",2019,"2"
"10396","548",31002948,579781,4912757,"P04_CFL_44","BWC",4,"L4",1999,"2"
"10397","5480",31013927,579282,4916261,"P04_CFL_19","BWC",4,"L4",2019,"2"
"10398","5481",31013928,581382,4916256,"P04_CFL_19","BWC",4,"L4",2019,"2"
"10399","5482",31013929,579325,4916162,"P04_TSC_25","BWC",4,"L4",2019,"1"
"10400","5483",31013931,581124,4916051,"P04_CFL_19","BWC",4,"L4",2019,"2"
"10401","5484",31013935,579475,4915707,"P04_TSC_25","BWC",4,"L4",2019,"2"
"10402","5485",31013938,579431,4915512,"P04_CFL_19","BWC",4,"L4",2019,"2"
"10403","5486",31013939,579424,4915460,"P04_CFL_19","BWC",4,"L4",2019,"2"
"10404","5487",31013946,579079,4915164,"P04_CFL_19","BWC",4,"L4",2019,"2"
"10405","5488",31013950,582021,4914958,"P04_CFL_19","BWC",4,"L4",2019,"2"
"10406","5489",31013952,581032,4914803,"P04_CFL_19","BWC",4,"L4",2019,"2"
"10407","549",31002949,579882,4912606,"P04_CFL_44","BWC",4,"L4",1999,"2"
"10408","5490",31013953,581031,4914698,"P04_CFL_19","BWC",4,"L4",2019,"2"
"10409","5491",31013954,582225,4914609,"P04_CFL_19","BWC",4,"L4",2019,"2"
"10410","5492",31013956,582177,4914468,"P04_CFL_19","BWC",4,"L4",2019,"1"
"10411","5493",31013958,582026,4914352,"P04_CFL_19","BWC",4,"L4",2019,"2"
"10412","5494",31013959,581078,4914306,"P04_CFL_19","BWC",4,"L4",2019,"2"
"10413","5495",31013962,580278,4914121,"P04_CFL_260","BWC",4,"L4",2019,"2"
"10414","5496",31013963,581075,4913708,"P04_CFL_260","BWC",4,"L4",2019,"2"
"10415","5497",31013964,581975,4913403,"P04_CFL_265","BWC",4,"L4",2019,"2"
"10416","5498",31013967,579578,4913149,"P04_TSC_38","BWC",4,"L4",2019,"2"
"10417","5499",31013968,580078,4913059,"P04_CFL_44","BWC",4,"L4",2019,"2"
"10418","55",31001872,542124,4935058,"P04_SC_8","SC",4,"U4",1998,"2"
"10419","550",31002950,580029,4912510,"P04_CFL_44","BWC",4,"L4",1999,"2"
"10420","5500",31013969,580328,4913010,"P04_CFL_44","BWC",4,"L4",2019,"2"
"10421","5501",31013970,580924,4912863,"P04_CFL_44","BWC",4,"L4",2019,"1"
"10422","5502",31013971,581031,4912605,"P04_CFL_44","BWC",4,"L4",2019,"2"
"10423","5503",31013973,579535,4912607,"P04_CFL_44","BWC",4,"L4",2019,"2"
"10424","5504",31013975,579433,4912557,"P04_CFL_44","BWC",4,"L4",2019,"2"
"10425","5505",31013976,580234,4912515,"P04_CFL_44","BWC",4,"L4",2019,"2"
"10426","5507",31013978,583835,4912409,"P04_CFL_258","BWC",4,"L4",2019,"2"
"10427","5508",31013979,584224,4912314,"P04_CFL_258","BWC",4,"L4",2019,"2"
"10428","5509",31013980,579531,4912254,"P04_CFL_44","BWC",4,"L4",2019,"2"
"10429","551",31002951,580336,4912459,"P04_CFL_44","BWC",4,"L4",1999,"2"
"10430","5510",31013983,584879,4911860,"P04_CFL_269","BWC",4,"L4",2019,"2"
"10431","5511",31013985,579475,4911766,"P04_CFL_44","BWC",4,"L4",2019,"2"
"10432","5512",31013986,579631,4911703,"P04_CFL_44","BWC",4,"L4",2019,"2"
"10433","5513",31013988,584925,4911652,"P04_CFL_269","BWC",4,"L4",2019,"2"
"10434","5514",31013989,579529,4911609,"P04_CFL_44","BWC",4,"L4",2019,"2"
"10435","5515",31013990,584979,4911508,"P04_CFL_269","BWC",4,"L4",2019,"2"
"10436","5516",31013991,583834,4911457,"P04_CFL_254","BWC",4,"L4",2019,"2"
"10437","5517",31013992,584878,4911309,"P04_CFL_269","BWC",4,"L4",2019,"2"
"10438","5518",31013994,585078,4910757,"P04_CFL_270","BWC",4,"L4",2019,"2"
"10439","5519",31013995,584277,4910663,"P04_SCB_24","BWC",4,"L4",2019,"2"
"10440","552",31002952,579324,4912407,"P04_CFL_44","BWC",4,"L4",1999,"2"
"10441","5520",31013997,585126,4910455,"P04_CFL_270","BWC",4,"L4",2019,"2"
"10442","5522",31013999,583336,4910158,"P04_CFL_240","BWC",4,"L4",2019,"2"
"10443","5523",31014138,579279,4912604,"P04_CFL_44","BWC",4,"L4",2019,"2"
"10444","5525",32001999,638601,4856622,"P08_TSC_91","SC",8,"8",1998,"2"
"10445","5526",32002000,638262,4857271,"P08_CFL_334","BWC",8,"8",1998,"2"
"10446","5527",32002001,637962,4857373,"P08_CFL_334","BWC",8,"8",1998,"2"
"10447","5528",32002002,637762,4857558,"P08_CFL_334","BWC",8,"8",1998,"2"
"10448","5529",32002003,637915,4857665,"P08_CFL_334","BWC",8,"8",1998,"2"
"10449","553",31002953,580731,4912311,"P04_CFL_44","BWC",4,"L4",1999,"2"
"10450","5530",32002004,637893,4857828,"P08_CFL_334","BWC",8,"8",1998,"2"
"10451","5531",32002005,637504,4858056,"P08_CFL_334","BWC",8,"8",1998,"2"
"10452","5532",32002006,637909,4858167,"P08_CFL_334","SC",8,"8",1998,"2"
"10453","5534",32002008,638558,4857615,"P08_CFL_335","BWC",8,"8",1998,"2"
"10454","5535",32002009,638460,4857675,"P08_CFL_335","BWC",8,"8",1998,"2"
"10455","5536",32002011,638415,4858359,"P08_CFL_335","BWC",8,"8",1998,"2"
"10456","5537",32002013,639210,4855691,"P08_CFL_321","BWC",8,"8",1998,"2"
"10457","5538",32002014,638956,4855361,"P08_CFL_316","BWC",8,"8",1998,"2"
"10458","554",31002954,579732,4912210,"P04_CFL_44","BWC",4,"L4",1999,"2"
"10459","5540",32002016,639555,4854594,"P08_CFL_309","BWC",8,"8",1998,"2"
"10460","5544",32002020,642535,4826502,"P08_CFL_338","MBC",8,"8",1998,"2"
"10461","5547",32002024,643402,4828659,"P08_CFL_339","IMP",8,"8",1998,"2"
"10462","555",31002955,579930,4912157,"P04_CFL_44","BWC",4,"L4",1999,"2"
"10463","556",31002956,579933,4912112,"P04_CFL_44","BWC",4,"L4",1999,"2"
"10464","5564",32002042,635938,4858078,"P08_CFL_333","BWC",8,"8",1998,"2"
"10465","5568",32002046,637693,4856421,"P08_CFL_326","BWC",8,"8",1998,"2"
"10466","557",31002957,583831,4909509,"P04_CFL_240","BWC",4,"L4",1999,"2"
"10467","5575",32002060,639546,4851045,"P08_SCB_29","MBC",8,"8",1998,"2"
"10468","558",31002958,584127,4909403,"P04_CFL_240","BWC",4,"L4",1999,"2"
"10469","5580",32002067,642763,4845175,"P08_TSC_85","SC",8,"8",1998,"2"
"10470","5581",32002068,642704,4845114,"P08_SC_11","SC",8,"8",1998,"2"
"10471","5582",32002069,642653,4844978,"P08_TSC_63","BWC",8,"8",1998,"2"
"10472","5583",32002070,642296,4845219,"P08_SC_11","BWC",8,"8",1998,"2"
"10473","5586",32002073,641911,4845362,"P08_CFL_351","BWC",8,"8",1998,"2"
"10474","5587",32002075,641749,4847167,"P08_CFL_353","SC",8,"8",1998,"2"
"10475","5593",32002087,642700,4841918,"P08_CFL_159","BWC",8,"8",1998,"2"
"10476","5594",32002088,642761,4842008,"P08_CFL_159","BWC",8,"8",1998,"2"
"10477","5595",32002089,643348,4842453,"P08_CFL_159","BWC",8,"8",1998,"2"
"10478","5596",32002090,643204,4841160,"P08_CFL_119","BWC",8,"8",1998,"2"
"10479","5597",32002091,643167,4841104,"P08_CFL_119","BWC",8,"8",1998,"2"
"10480","5599",32002093,643601,4840262,"P08_CFL_343","IMP",8,"8",1998,"2"
"10481","560",31002960,583584,4909206,"P04_CFL_240","BWC",4,"L4",1999,"2"
"10482","5600",32002094,643655,4839958,"P08_CFL_343","IMP",8,"8",1998,"2"
"10483","5601",32002095,643561,4839471,"P08_CFL_343","IMP",8,"8",1998,"2"
"10484","5602",32002096,643054,4839416,"P08_TSC_29","SC",8,"8",1998,"2"
"10485","5603",32002097,642705,4839868,"P08_CFL_343","IMP",8,"8",1998,"2"
"10486","5606",32002100,642912,4840220,"P08_CFL_343","BWC",8,"8",1998,"2"
"10487","5607",32002101,643299,4840522,"P08_CFL_343","BWC",8,"8",1998,"2"
"10488","5608",32002102,642999,4840553,"P08_CFL_85","BWC",8,"8",1998,"2"
"10489","5609",32002103,642952,4840615,"P08_CFL_85","BWC",8,"8",1998,"2"
"10490","561",31002961,584479,4909153,"P04_CFL_240","BWC",4,"L4",1999,"2"
"10491","5610",32002104,642930,4840715,"P08_CFL_85","BWC",8,"8",1998,"2"
"10492","5611",32002107,642553,4840270,"P08_SC_11","IMP",8,"8",1998,"2"
"10493","5613",32002109,642513,4841357,"P08_CFL_113","BWC",8,"8",1998,"2"
"10494","5614",32002110,639144,4850065,"P08_CFL_295","BWC",8,"8",1998,"2"
"10495","5617",32002113,638821,4848414,"P08_CFL_357","BWC",8,"8",1998,"2"
"10496","5618",32002114,639498,4848494,"P08_CFL_359","BWC",8,"8",1998,"2"
"10497","5619",32002115,639918,4849012,"P08_CFL_358","BWC",8,"8",1998,"2"
"10498","562",31002962,583935,4909108,"P04_CFL_240","BWC",4,"L4",1999,"2"
"10499","5620",32002116,639902,4848206,"P08_CFL_291","BWC",8,"8",1998,"2"
"10500","5621",32002117,639953,4847999,"P08_CFL_360","BWC",8,"8",1998,"2"
"10501","5622",32002118,640746,4848181,"P08_CFL_368","BWC",8,"8",1998,"2"
"10502","5623",32002119,640364,4847496,"P08_CFL_365","BWC",8,"8",1998,"2"
"10503","5624",32002120,641018,4847762,"P08_CFL_278","SC",8,"8",1998,"2"
"10504","5625",32002121,640970,4847859,"P08_TSC_12","SC",8,"8",1998,"2"
"10505","563",31002963,584430,4908910,"P04_CFL_240","BWC",4,"L4",1999,"2"
"10506","5630",32002126,640542,4848783,"P08_CFL_285","BWC",8,"8",1998,"2"
"10507","564",31002964,584730,4908906,"P04_CFL_240","BWC",4,"L4",1999,"2"
"10508","5643",32002146,641851,4849306,"P08_CFL_288","BWC",8,"8",1998,"2"
"10509","5644",32002148,643679,4846479,"P08_TSC_84","SC",8,"8",1998,"2"
"10510","5645",32002149,643850,4845880,"P08_TSC_84","SC",8,"8",1998,"2"
"10511","5646",32002150,643763,4845760,"P08_CFL_234","BWC",8,"8",1998,"2"
"10512","5647",32002151,643863,4845650,"P08_TSC_84","BWC",8,"8",1998,"2"
"10513","5648",32002152,643978,4846160,"","BWC",8,"8",1998,"2"
"10514","5649",32002153,644402,4845804,"P08_CFL_238","BWC",8,"8",1998,"2"
"10515","5650",32002154,644640,4845118,"P08_CFL_238","BWC",8,"8",1998,"2"
"10516","5651",32002155,644074,4845652,"P08_CFL_238","BWC",8,"8",1998,"2"
"10517","5652",32002156,644136,4845382,"P08_CFL_238","BWC",8,"8",1998,"2"
"10518","5653",32002157,643763,4845355,"P08_TSC_84","SC",8,"8",1998,"2"
"10519","5654",32002158,643701,4844813,"P08_CFL_194","SC",8,"8",1998,"2"
"10520","5655",32002159,643507,4844670,"P08_CFL_194","BWC",8,"8",1998,"2"
"10521","5656",32002160,643743,4844358,"P08_TSC_69","SC",8,"8",1998,"2"
"10522","5658",32002163,643165,4843764,"P08_CFL_179","BWC",8,"8",1998,"2"
"10523","5659",32002164,643151,4843606,"P08_CFL_179","BWC",8,"8",1998,"2"
"10524","5660",32002166,644447,4843404,"P08_CFL_162","BWC",8,"8",1998,"2"
"10525","5661",32002167,644196,4843626,"P08_CFL_162","BWC",8,"8",1998,"2"
"10526","5663",32002169,643595,4841789,"P08_CFL_119","BWC",8,"8",1998,"2"
"10527","5664",32002170,644449,4842305,"P08_CFL_119","BWC",8,"8",1998,"2"
"10528","5665",32002171,643907,4841875,"P08_CFL_119","BWC",8,"8",1998,"2"
"10529","5666",32002172,643969,4841744,"P08_CFL_119","BWC",8,"8",1998,"2"
"10530","5667",32002173,644096,4841777,"P08_CFL_119","BWC",8,"8",1998,"2"
"10531","5668",32002174,643991,4841619,"P08_CFL_119","BWC",8,"8",1998,"2"
"10532","5669",32002175,643651,4841511,"P08_CFL_119","BWC",8,"8",1998,"2"
"10533","5670",32002176,643446,4841551,"P08_CFL_119","BWC",8,"8",1998,"2"
"10534","5671",32002177,643409,4841211,"P08_CFL_119","BWC",8,"8",1998,"2"
"10535","5672",32002178,643613,4841157,"P08_CFL_119","BWC",8,"8",1998,"2"
"10536","5673",32002179,643609,4841009,"P08_CFL_119","BWC",8,"8",1998,"2"
"10537","5674",32002181,642079,4842080,"P08_CFL_122","BWC",8,"8",1998,"2"
"10538","5675",32002182,641853,4842008,"P08_CFL_122","BWC",8,"8",1998,"2"
"10539","5677",32002184,642015,4842820,"P08_CFL_137","BWC",8,"8",1998,"2"
"10540","5678",32002186,641703,4842969,"P08_CFL_138","BWC",8,"8",1998,"2"
"10541","5680",32002188,642104,4843513,"P08_SC_11","SC",8,"8",1998,"2"
"10542","5681",32002189,641914,4844010,"P08_TSC_59","SC",8,"8",1998,"2"
"10543","5682",32002190,641504,4844550,"P08_CFL_228","BWC",8,"8",1998,"2"
"10544","5683",32002191,641559,4843789,"P08_TSC_57","BWC",8,"8",1998,"2"
"10545","5684",32002193,641647,4843602,"P08_CFL_156","BWC",8,"8",1998,"2"
"10546","5690",32002199,640164,4830450,"P08_CFL_342","IMP",8,"8",1998,"2"
"10547","5691",32002200,640014,4830366,"P08_CFL_342","IMP",8,"8",1998,"2"
"10548","5694",32002203,640196,4830163,"P08_CFL_342","IMP",8,"8",1998,"2"
"10549","5696",32002205,639709,4829952,"P08_CFL_340","IMP",8,"8",1998,"2"
"10550","5707",32002217,642406,4832404,"P08_CFL_342","IMP",8,"8",1998,"2"
"10551","5709",32002219,643120,4831118,"P08_CFL_342","IMP",8,"8",1998,"2"
"10552","571",31002971,577832,4916711,"P04_CFL_271","BWC",4,"L4",1999,"2"
"10553","572",31002973,579328,4914012,"P04_CFL_42","BWC",4,"L4",1999,"2"
"10554","5721",32002231,642193,4832019,"P08_CFL_342","IMP",8,"8",1998,"2"
"10555","5722",32002232,642124,4832014,"P08_CFL_342","IMP",8,"8",1998,"2"
"10556","5727",32002237,641961,4832301,"P08_CFL_342","IMP",8,"8",1998,"2"
"10557","5728",32002242,643410,4833324,"P08_CFL_349","IMP",8,"8",1998,"2"
"10558","5729",32002243,643255,4833251,"P08_CFL_349","IMP",8,"8",1998,"2"
"10559","573",31002974,582381,4913959,"P04_CFL_264","BWC",4,"L4",1999,"2"
"10560","5730",32002244,643405,4832861,"P08_CFL_349","IMP",8,"8",1998,"2"
"10561","5737",32002252,643011,4833352,"P08_CFL_349","IMP",8,"8",1998,"2"
"10562","5739",32002254,642060,4833647,"P08_CFL_342","IMP",8,"8",1998,"1"
"10563","574",31002975,582479,4913809,"P04_CFL_264","BWC",4,"L4",1999,"2"
"10564","5740",32002255,641970,4833816,"P08_CFL_342","IMP",8,"8",1998,"1"
"10565","5742",32002257,641364,4843276,"P08_CFL_147","BWC",8,"8",1998,"2"
"10566","5743",32002258,641118,4842961,"P08_SC_9","SC",8,"8",1998,"2"
"10567","5747",32002264,641354,4844994,"P08_CFL_200","BWC",8,"8",1998,"2"
"10568","5748",32002265,641310,4845043,"P08_CFL_200","BWC",8,"8",1998,"2"
"10569","575",31002976,582582,4913461,"P04_CFL_264","BWC",4,"L4",1999,"1"
"10570","5750",32002267,640702,4844467,"P08_SCB_26","MBC",8,"8",1998,"2"
"10571","5754",32002271,640843,4844100,"P08_SC_9","MBC",8,"8",1998,"1"
"10572","576",31002979,583706,4913016,"P04_CFL_258","BWC",4,"L4",1999,"2"
"10573","5761",32002278,640570,4842628,"P08_USCB_11","SC",8,"8",1998,"2"
"10574","5763",32002280,640616,4842867,"P08_SCB_26","SC",8,"8",1998,"1"
"10575","5764",32002281,640649,4842965,"P08_CFL_143","SC",8,"8",1998,"2"
"10576","5769",32002287,641955,4834819,"P08_CFL_349","IMP",8,"8",1998,"2"
"10577","577",31002980,582781,4912956,"P04_SC_33","BWC",4,"L4",1999,"2"
"10578","5771",32002289,642422,4835620,"P08_CFL_27","IMP",8,"8",1998,"2"
"10579","5772",32002290,642248,4835857,"P08_CFL_27","IMP",8,"8",1998,"2"
"10580","5773",32002291,643005,4836059,"P08_CFL_27","IMP",8,"8",1998,"2"
"10581","5774",32002292,642843,4836274,"P08_CFL_27","IMP",8,"8",1998,"2"
"10582","5777",32002295,643053,4836512,"P08_CFL_27","IMP",8,"8",1998,"2"
"10583","5779",32002297,642548,4836616,"P08_CFL_27","IMP",8,"8",1998,"1"
"10584","5780",32002298,643310,4837010,"P08_CFL_27","IMP",8,"8",1998,"2"
"10585","5782",32002300,642746,4837268,"P08_CFL_27","IMP",8,"8",1998,"2"
"10586","5784",32002302,643207,4838361,"P08_CFL_343","IMP",8,"8",1998,"2"
"10587","5785",32002303,643251,4838415,"P08_CFL_343","IMP",8,"8",1998,"2"
"10588","5787",32002305,642305,4837946,"P08_CFL_343","IMP",8,"8",1998,"2"
"10589","579",31002982,584130,4912057,"P04_CFL_246","BWC",4,"L4",1999,"2"
"10590","5793",32002311,642203,4836468,"P08_TSC_29","SC",8,"8",1998,"2"
"10591","5795",32002314,639764,4845852,"P08_CFL_224","BWC",8,"8",1998,"2"
"10592","5796",32002315,639108,4845713,"P08_CFL_224","BWC",8,"8",1998,"2"
"10593","5797",32002316,639155,4845621,"P08_CFL_224","BWC",8,"8",1998,"2"
"10594","5798",32002317,639243,4845120,"P08_CFL_224","BWC",8,"8",1998,"2"
"10595","5799",32002319,639306,4844559,"P08_CFL_224","BWC",8,"8",1998,"2"
"10596","580",31002983,584934,4911857,"P04_CFL_269","BWC",4,"L4",1999,"1"
"10597","5800",32002320,639261,4844511,"P08_CFL_224","BWC",8,"8",1998,"2"
"10598","5801",32002321,639048,4844308,"P08_CFL_224","BWC",8,"8",1998,"2"
"10599","5802",32002322,639557,4844356,"P08_CFL_224","BWC",8,"8",1998,"2"
"10600","5803",32002323,640001,4844120,"P08_CFL_224","BWC",8,"8",1998,"2"
"10601","5804",32002324,639307,4844111,"P08_CFL_224","BWC",8,"8",1998,"2"
"10602","5805",32002325,639410,4843912,"P08_CFL_224","BWC",8,"8",1998,"2"
"10603","5806",32002326,639315,4843658,"P08_CFL_224","BWC",8,"8",1998,"2"
"10604","5808",32002328,639653,4843112,"P08_CFL_224","BWC",8,"8",1998,"2"
"10605","5809",32002330,639093,4842424,"P08_CFL_224","BWC",8,"8",1998,"2"
"10606","5810",32002331,639263,4842049,"P08_CFL_224","BWC",8,"8",1998,"2"
"10607","5811",32002332,639342,4841962,"P08_CFL_224","BWC",8,"8",1998,"2"
"10608","5813",32002334,639504,4841792,"P08_USCB_7","MBC",8,"8",1998,"2"
"10609","5816",32002339,638557,4851067,"P08_CFL_348","BWC",8,"8",1998,"2"
"10610","5817",32002340,637866,4851102,"P08_CFL_348","BWC",8,"8",1998,"2"
"10611","5818",32002341,638064,4850667,"P08_CFL_348","BWC",8,"8",1998,"2"
"10612","5819",32002342,638001,4850640,"P08_CFL_348","BWC",8,"8",1998,"2"
"10613","582",31002985,584826,4911603,"P04_CFL_269","BWC",4,"L4",1999,"2"
"10614","5820",32002343,637995,4850564,"P08_CFL_348","BWC",8,"8",1998,"2"
"10615","5821",32002344,638111,4850372,"P08_CFL_348","BWC",8,"8",1998,"2"
"10616","5822",32002345,638003,4850045,"P08_CFL_348","BWC",8,"8",1998,"2"
"10617","5823",32002346,638068,4849920,"P08_CFL_348","BWC",8,"8",1998,"2"
"10618","5824",32002347,638451,4850225,"P08_CFL_348","BWC",8,"8",1998,"2"
"10619","5825",32002348,638592,4850362,"P08_CFL_348","BWC",8,"8",1998,"2"
"10620","5826",32002349,638848,4850171,"P08_CFL_348","BWC",8,"8",1998,"2"
"10621","583",31002986,584980,4911454,"P04_CFL_269","BWC",4,"L4",1999,"2"
"10622","5830",32002353,639099,4850520,"P08_CFL_348","BWC",8,"8",1998,"2"
"10623","5831",32002355,641514,4842811,"P08_CFL_134","BWC",8,"8",1998,"2"
"10624","5832",32002356,641415,4842622,"P08_CFL_126","BWC",8,"8",1998,"2"
"10625","5833",32002358,640765,4842137,"P08_CFL_128","SC",8,"8",1998,"2"
"10626","5834",32002359,640707,4841864,"P08_CFL_128","BWC",8,"8",1998,"2"
"10627","5836",32002361,640298,4841708,"P08_CFL_110","BWC",8,"8",1998,"2"
"10628","5839",32002364,640230,4841970,"P08_SCB_25","MBC",8,"8",1998,"2"
"10629","5844",32002371,640247,4840653,"P08_SC_5","SC",8,"8",1998,"2"
"10630","5845",32002372,640405,4840929,"P08_SC_5","SC",8,"8",1998,"2"
"10631","5847",32002375,640554,4840136,"P08_SC_5","SC",8,"8",1998,"2"
"10632","5848",32002376,640785,4839846,"P08_SC_5","SC",8,"8",1998,"2"
"10633","5849",32002377,641115,4839690,"P08_CFL_72","BWC",8,"8",1998,"2"
"10634","585",31002988,584879,4910806,"P04_CFL_270","BWC",4,"L4",1999,"2"
"10635","5852",32002380,641845,4841258,"P08_TSC_45","SC",8,"8",1998,"2"
"10636","5854",32002382,641454,4840845,"P08_SC_4","SC",8,"8",1998,"2"
"10637","5856",32002384,641190,4841453,"P08_CFL_104","BWC",8,"8",1998,"2"
"10638","5858",32002387,640817,4841132,"P08_CFL_96","BWC",8,"8",1998,"2"
"10639","5859",32002388,640847,4841155,"P08_TSC_43","BWC",8,"8",1998,"2"
"10640","586",31002989,585030,4910511,"P04_CFL_270","BWC",4,"L4",1999,"2"
"10641","5860",32002389,640525,4841292,"P08_CFL_96","SC",8,"8",1998,"2"
"10642","5861",32002390,640836,4840832,"P08_SC_5","SC",8,"8",1998,"2"
"10643","5862",32002391,641158,4840270,"P08_CFL_343","BWC",8,"8",1998,"2"
"10644","5863",32002392,641262,4840363,"P08_TSC_32","BWC",8,"8",1998,"2"
"10645","5864",32002393,641355,4840466,"P08_TSC_43","BWC",8,"8",1998,"2"
"10646","5867",32002396,641855,4840613,"P08_CFL_71","BWC",8,"8",1998,"2"
"10647","5868",32002399,642045,4840311,"P08_CFL_66","BWC",8,"8",1998,"2"
"10648","5869",32002400,642155,4840172,"P08_CFL_343","BWC",8,"8",1998,"2"
"10649","587",31002990,579601,4918002,"P04_CFL_19","BWC",4,"L4",1999,"2"
"10650","5870",32002401,641347,4839467,"P08_CFL_343","BWC",8,"8",1998,"2"
"10651","5872",32002403,641060,4839443,"P08_CFL_343","BWC",8,"8",1998,"2"
"10652","5874",32002405,641662,4839307,"P08_CFL_343","IMP",8,"8",1998,"2"
"10653","5877",32002408,641860,4838914,"P08_CFL_343","IMP",8,"8",1998,"2"
"10654","588",31002991,579744,4917631,"P04_CFL_19","BWC",4,"L4",1999,"2"
"10655","5881",32002433,640297,4839521,"P08_CFL_56","BWC",8,"8",1998,"2"
"10656","5882",32002434,640306,4839604,"P08_CFL_56","BWC",8,"8",1998,"2"
"10657","5884",32002436,640350,4839666,"P08_CFL_56","SC",8,"8",1998,"2"
"10658","5885",32002437,640464,4839760,"P08_CFL_58","BWC",8,"8",1998,"2"
"10659","5886",32002438,640263,4839827,"P08_CFL_56","BWC",8,"8",1998,"2"
"10660","5887",32002439,640504,4840021,"P08_CFL_58","BWC",8,"8",1998,"2"
"10661","5888",32002440,640759,4839370,"P08_CFL_45","BWC",8,"8",1998,"2"
"10662","5889",32002441,640457,4838807,"P08_CFL_42","BWC",8,"8",1998,"2"
"10663","589",31002992,579842,4917568,"P04_CFL_19","BWC",4,"L4",1999,"2"
"10664","5890",32002442,640443,4838767,"P08_CFL_42","BWC",8,"8",1998,"2"
"10665","5891",32002443,640014,4838406,"P08_CFL_41","BWC",8,"8",1998,"2"
"10666","5894",32002446,640006,4837458,"P08_SCB_25","MBC",8,"8",1998,"2"
"10667","5895",32002447,640119,4837217,"P08_USCB_10","MBC",8,"8",1998,"1"
"10668","5896",32002448,639702,4837379,"P08_SCB_22","MBC",8,"8",1998,"2"
"10669","5898",32002450,639572,4837443,"P08_SCB_22","MBC",8,"8",1998,"2"
"10670","590",31002993,579475,4917463,"P04_CFL_19","BWC",4,"L4",1999,"2"
"10671","5901",32002454,639506,4836260,"P08_CFL_23","BWC",8,"8",1998,"2"
"10672","5902",32002455,638950,4837705,"P08_CFL_344","BWC",8,"8",1998,"2"
"10673","5903",32002457,639601,4837003,"P08_CFL_337","BWC",8,"8",1998,"2"
"10674","5905",32002459,639794,4836556,"P08_CFL_337","BWC",8,"8",1998,"2"
"10675","5906",32002460,639556,4836527,"P08_CFL_337","BWC",8,"8",1998,"2"
"10676","5907",32002461,639754,4835962,"P08_CFL_337","BWC",8,"8",1998,"2"
"10677","5908",32002462,640067,4835630,"P08_CFL_337","BWC",8,"8",1998,"2"
"10678","5909",32002463,640233,4835478,"P08_CFL_337","BWC",8,"8",1998,"2"
"10679","591",31002994,579365,4917422,"P04_CFL_19","BWC",4,"L4",1999,"2"
"10680","5910",32002464,640352,4835412,"P08_CFL_337","BWC",8,"8",1998,"2"
"10681","5911",32002465,640817,4835311,"P08_CFL_337","IMP",8,"8",1998,"2"
"10682","5912",32002466,640914,4835567,"P08_CFL_337","IMP",8,"8",1998,"2"
"10683","5913",32002467,640599,4835668,"P08_CFL_337","BWC",8,"8",1998,"2"
"10684","5914",32002468,640172,4835705,"P08_CFL_337","BWC",8,"8",1998,"2"
"10685","5915",32002469,640223,4836081,"P08_CFL_337","BWC",8,"8",1998,"2"
"10686","592",31002995,578952,4917071,"P04_CFL_19","BWC",4,"L4",1999,"2"
"10687","5921",32002475,640999,4834142,"P08_CFL_342","IMP",8,"8",1998,"2"
"10688","5922",32002476,640857,4834357,"P08_CFL_342","IMP",8,"8",1998,"2"
"10689","5923",32002477,640579,4834479,"P08_CFL_342","IMP",8,"8",1998,"2"
"10690","5925",32002479,640218,4835032,"P08_CFL_337","IMP",8,"8",1998,"2"
"10691","5928",32002482,639910,4835047,"P08_CFL_337","IMP",8,"8",1998,"2"
"10692","5929",32002483,639472,4835045,"P08_CFL_20","SC",8,"8",1998,"2"
"10693","593",31002996,580482,4917005,"P04_CFL_19","BWC",4,"L4",1999,"1"
"10694","5932",32002487,640187,4834654,"P08_CFL_337","IMP",8,"8",1998,"1"
"10695","5935",32002490,639554,4834220,"P08_CFL_350","BWC",8,"8",1998,"2"
"10696","5939",32002495,639109,4835787,"P08_SC_1","SC",8,"8",1998,"2"
"10697","594",31002997,579444,4916957,"P04_CFL_19","BWC",4,"L4",1999,"2"
"10698","5940",32002496,641672,4842265,"P08_SC_11","BWC",8,"8",1998,"2"
"10699","5945",32002501,641069,4838760,"P08_CFL_343","IMP",8,"8",1998,"2"
"10700","5946",32002502,641359,4838619,"P08_CFL_343","IMP",8,"8",1998,"2"
"10701","5947",32002503,641301,4838507,"P08_CFL_343","IMP",8,"8",1998,"2"
"10702","5950",32002506,641807,4837922,"P08_CFL_343","IMP",8,"8",1998,"2"
"10703","5952",32002508,641349,4837579,"P08_CFL_343","IMP",8,"8",1998,"2"
"10704","5958",32002514,640399,4837543,"P08_CFL_343","IMP",8,"8",1998,"2"
"10705","5959",32002515,640411,4837102,"P08_CFL_343","IMP",8,"8",1998,"2"
"10706","596",31002999,580230,4916656,"P04_CFL_19","BWC",4,"L4",1999,"2"
"10707","5960",32002516,640144,4837110,"P08_CFL_343","IMP",8,"8",1998,"2"
"10708","5962",32002519,641026,4836218,"P08_USCB_9","MBC",8,"8",1998,"2"
"10709","5965",32002522,639553,4833757,"P08_CFL_17","IMP",8,"8",1998,"2"
"10710","5966",32002524,639843,4833335,"P08_CFL_350","IMP",8,"8",1998,"2"
"10711","5968",32002527,640741,4833487,"P08_CFL_342","IMP",8,"8",1998,"2"
"10712","597",31003000,578383,4916487,"P04_CFL_19","BWC",4,"L4",1999,"2"
"10713","5970",32002529,641853,4833229,"P08_CFL_342","IMP",8,"8",1998,"2"
"10714","5971",32002530,642145,4833428,"P08_CFL_342","IMP",8,"8",1998,"1"
"10715","5973",32002532,641788,4832928,"P08_CFL_342","IMP",8,"8",1998,"1"
"10716","598",31003001,578272,4916209,"P04_CFL_19","BWC",4,"L4",1999,"2"
"10717","5989",32002961,637787,4857896,"P08_CFL_334","BWC",8,"8",1999,"2"
"10718","599",31003002,579489,4916172,"P04_CFL_19","BWC",4,"L4",1999,"2"
"10719","5990",32002962,637907,4857795,"P08_CFL_334","BWC",8,"8",1999,"2"
"10720","5991",32002963,638049,4857834,"P08_CFL_334","BWC",8,"8",1999,"2"
"10721","5992",32002964,638049,4858031,"P08_CFL_334","BWC",8,"8",1999,"2"
"10722","5993",32002965,638023,4857978,"P08_CFL_334","BWC",8,"8",1999,"2"
"10723","5994",32002966,638758,4856361,"P08_CFL_325","BWC",8,"8",1999,"2"
"10724","5995",32002967,639010,4856524,"P08_CFL_324","BWC",8,"8",1999,"2"
"10725","5996",32002968,638811,4857354,"P08_CFL_335","BWC",8,"8",1999,"2"
"10726","5998",32002970,639098,4856847,"P08_CFL_372","BWC",8,"8",1999,"2"
"10727","5999",32002971,639107,4856513,"P08_CFL_324","SC",8,"8",1999,"2"
"10728","600",31003003,578035,4915776,"P04_CFL_19","BWC",4,"L4",1999,"2"
"10729","6002",32002974,637758,4856353,"P08_CFL_326","BWC",8,"8",1999,"2"
"10730","6009",32002981,640906,4845562,"P08_CFL_220","SC",8,"8",1999,"2"
"10731","601",31003004,580032,4915709,"P04_CFL_19","BWC",4,"L4",1999,"2"
"10732","6012",32002984,640295,4843773,"P08_SCB_23","MBC",8,"8",1999,"2"
"10733","6015",32002989,640610,4842956,"P08_SCB_26","SC",8,"8",1999,"2"
"10734","6018",32002992,640713,4843714,"P08_SCB_26","MBC",8,"8",1999,"1"
"10735","602",31003005,578255,4915673,"P04_CFL_19","BWC",4,"L4",1999,"2"
"10736","6024",32003000,641415,4845314,"P08_CFL_202","BWC",8,"8",1999,"2"
"10737","6027",32003003,641325,4846606,"P08_SC_10","SC",8,"8",1999,"2"
"10738","6029",32003005,641559,4847958,"P08_SCB_26","MBC",8,"8",1999,"2"
"10739","603",31003007,579333,4915213,"P04_CFL_19","BWC",4,"L4",1999,"2"
"10740","6038",32003019,638510,4855460,"P08_CFL_318","BWC",8,"8",1999,"2"
"10741","6039",32003020,639218,4855603,"P08_CFL_321","BWC",8,"8",1999,"2"
"10742","604",31003008,579681,4915210,"P04_CFL_19","BWC",4,"L4",1999,"2"
"10743","6041",32003022,639409,4855506,"P08_TSC_72","SC",8,"8",1999,"2"
"10744","6045",32003032,638852,4850563,"P08_CFL_348","BWC",8,"8",1999,"2"
"10745","6046",32003033,638612,4850558,"P08_CFL_348","BWC",8,"8",1999,"2"
"10746","6047",32003034,638508,4850516,"P08_CFL_348","BWC",8,"8",1999,"2"
"10747","6048",32003035,638402,4850358,"P08_CFL_348","BWC",8,"8",1999,"2"
"10748","6049",32003036,638259,4850468,"P08_CFL_348","BWC",8,"8",1999,"2"
"10749","605",31003009,579583,4914759,"P04_CFL_19","BWC",4,"L4",1999,"2"
"10750","6050",32003037,638206,4850409,"P08_CFL_348","BWC",8,"8",1999,"2"
"10751","6051",32003039,638308,4850212,"P08_CFL_348","BWC",8,"8",1999,"2"
"10752","6052",32003040,638307,4849808,"P08_CFL_348","BWC",8,"8",1999,"2"
"10753","6053",32003041,638452,4850120,"P08_CFL_348","BWC",8,"8",1999,"2"
"10754","6054",32003042,639015,4850364,"P08_CFL_348","BWC",8,"8",1999,"2"
"10755","6055",32003043,639105,4850458,"P08_CFL_348","BWC",8,"8",1999,"2"
"10756","6056",32003044,639156,4850513,"P08_CFL_348","BWC",8,"8",1999,"2"
"10757","6057",32003045,639313,4850459,"P08_SC_14","SC",8,"8",1999,"2"
"10758","606",31003010,581175,4914649,"P04_CFL_19","BWC",4,"L4",1999,"2"
"10759","6061",32003049,639702,4851522,"P08_SCB_29","MBC",8,"8",1999,"2"
"10760","6062",32003050,639687,4852353,"P08_CFL_300","BWC",8,"8",1999,"2"
"10761","6064",32003056,639594,4849363,"P08_CFL_291","BWC",8,"8",1999,"2"
"10762","6066",32003058,640062,4849317,"P08_SC_14","BWC",8,"8",1999,"2"
"10763","607",31003011,581036,4914203,"P04_CFL_19","BWC",4,"L4",1999,"2"
"10764","6073",32003070,642303,4847858,"P08_CFL_283","BWC",8,"8",1999,"2"
"10765","6074",32003072,642447,4848491,"P08_TSC_70","SC",8,"8",1999,"2"
"10766","6075",32003073,642027,4848975,"P08_CFL_352","BWC",8,"8",1999,"2"
"10767","6077",32003076,643037,4845325,"P08_CFL_206","BWC",8,"8",1999,"2"
"10768","6078",32003077,643349,4845471,"P08_CFL_214","SC",8,"8",1999,"2"
"10769","6079",32003078,643860,4845227,"P08_TSC_84","BWC",8,"8",1999,"2"
"10770","608",31003013,580931,4912763,"P04_CFL_44","BWC",4,"L4",1999,"2"
"10771","6080",32003079,643952,4845314,"P08_CFL_238","BWC",8,"8",1999,"2"
"10772","6081",32003081,643803,4844574,"P08_TSC_88","BWC",8,"8",1999,"2"
"10773","6082",32003082,643960,4844713,"P08_CFL_189","BWC",8,"8",1999,"2"
"10774","6083",32003083,643360,4845210,"P08_TSC_87","SC",8,"8",1999,"2"
"10775","6084",32003084,644558,4845073,"P08_CFL_238","BWC",8,"8",1999,"2"
"10776","6085",32003085,644725,4845056,"P08_CFL_238","BWC",8,"8",1999,"2"
"10777","6086",32003086,644557,4845507,"P08_CFL_238","BWC",8,"8",1999,"2"
"10778","6087",32003087,644556,4845563,"P08_CFL_238","BWC",8,"8",1999,"2"
"10779","6088",32003088,644166,4845802,"P08_CFL_238","BWC",8,"8",1999,"2"
"10780","6089",32003091,643362,4846110,"P08_SC_11","SC",8,"8",1999,"2"
"10781","609",31003014,580229,4912355,"P04_CFL_44","BWC",4,"L4",1999,"2"
"10782","6090",32003093,643361,4845708,"P08_CFL_219","BWC",8,"8",1999,"2"
"10783","6091",32003094,642845,4846705,"P08_CFL_261","BWC",8,"8",1999,"2"
"10784","6094",32003097,642957,4846097,"P08_SC_11","SC",8,"8",1999,"2"
"10785","6095",32003098,643067,4846555,"P08_CFL_261","BWC",8,"8",1999,"2"
"10786","6096",32003099,643252,4846761,"P08_CFL_259","BWC",8,"8",1999,"2"
"10787","6097",32003100,643300,4846812,"P08_CFL_259","BWC",8,"8",1999,"2"
"10788","6098",32003101,643152,4846865,"P08_CFL_259","BWC",8,"8",1999,"2"
"10789","6099",32003102,643107,4846908,"P08_TSC_82","BWC",8,"8",1999,"2"
"10790","610",31003015,579279,4912314,"P04_CFL_44","BWC",4,"L4",1999,"2"
"10791","6100",32003103,642761,4847160,"P08_CFL_267","BWC",8,"8",1999,"2"
"10792","6101",32003104,642504,4846863,"P08_SC_11","SC",8,"8",1999,"2"
"10793","6102",32003105,642153,4846402,"P08_CFL_246","BWC",8,"8",1999,"2"
"10794","6104",32003107,642404,4847370,"P08_CFL_276","BWC",8,"8",1999,"2"
"10795","6106",32003109,641906,4846865,"P08_CFL_260","BWC",8,"8",1999,"2"
"10796","6108",32003111,642048,4845859,"P08_CFL_351","BWC",8,"8",1999,"2"
"10797","611",31003016,581121,4912064,"","BWC",4,"L4",1999,"2"
"10798","6110",32003113,642412,4845264,"P08_CFL_212","BWC",8,"8",1999,"2"
"10799","6112",32003115,641854,4844366,"P08_CFL_228","BWC",8,"8",1999,"2"
"10800","6113",32003116,642156,4844061,"P08_SC_11","BWC",8,"8",1999,"2"
"10801","6117",32003120,642357,4843560,"P08_CFL_166","BWC",8,"8",1999,"2"
"10802","6118",32003121,642405,4844611,"P08_CFL_186","SC",8,"8",1999,"2"
"10803","6119",32003122,642450,4844614,"P08_SC_11","SC",8,"8",1999,"2"
"10804","612",31003017,580234,4911958,"P04_CFL_44","BWC",4,"L4",1999,"2"
"10805","6120",32003124,639358,4841459,"P08_CFL_224","SC",8,"8",1999,"2"
"10806","6121",32003125,639306,4841716,"P08_CFL_224","BWC",8,"8",1999,"2"
"10807","6122",32003126,639252,4842314,"P08_CFL_224","BWC",8,"8",1999,"2"
"10808","6123",32003127,639752,4842664,"P08_CFL_224","BWC",8,"8",1999,"2"
"10809","6124",32003128,639555,4842862,"P08_CFL_224","BWC",8,"8",1999,"2"
"10810","6126",32003144,641736,4839210,"P08_CFL_343","IMP",8,"8",1999,"2"
"10811","6127",32003145,641414,4839056,"P08_CFL_343","IMP",8,"8",1999,"2"
"10812","6128",32003146,641549,4838910,"P08_CFL_343","IMP",8,"8",1999,"2"
"10813","6129",32003147,641663,4838757,"P08_TSC_26","IMP",8,"8",1999,"2"
"10814","613",31003018,580577,4911912,"P04_CFL_44","BWC",4,"L4",1999,"2"
"10815","6130",32003148,641167,4838419,"P08_CFL_343","IMP",8,"8",1999,"2"
"10816","6134",32003152,641255,4837846,"P08_CFL_343","IMP",8,"8",1999,"2"
"10817","6137",32003155,641839,4837799,"P08_CFL_343","IMP",8,"8",1999,"1"
"10818","6139",32003157,641967,4838217,"P08_CFL_343","IMP",8,"8",1999,"2"
"10819","614",31003019,583730,4909961,"P04_CFL_240","BWC",4,"L4",1999,"2"
"10820","6141",32003159,642312,4838262,"P08_CFL_343","IMP",8,"8",1999,"2"
"10821","6147",32003165,643052,4838772,"P08_CFL_343","IMP",8,"8",1999,"2"
"10822","615",31003020,583343,4909820,"P04_CFL_240","BWC",4,"L4",1999,"2"
"10823","6155",32003173,643060,4839351,"P08_TSC_29","IMP",8,"8",1999,"2"
"10824","6156",32003174,643144,4839411,"P08_CFL_343","IMP",8,"8",1999,"2"
"10825","6157",32003175,643468,4839693,"P08_CFL_343","IMP",8,"8",1999,"2"
"10826","6158",32003176,643449,4839799,"P08_CFL_343","IMP",8,"8",1999,"2"
"10827","616",31003021,584778,4909058,"P04_CFL_240","BWC",4,"L4",1999,"2"
"10828","6160",32003178,643111,4839964,"P08_CFL_343","IMP",8,"8",1999,"2"
"10829","6161",32003179,643560,4840112,"P08_CFL_343","IMP",8,"8",1999,"2"
"10830","6164",32003182,643267,4840794,"P08_SC_11","SC",8,"8",1999,"2"
"10831","6165",32003183,643412,4841021,"P08_CFL_119","BWC",8,"8",1999,"2"
"10832","6168",32003186,641807,4836620,"P08_CFL_343","SC",8,"8",1999,"2"
"10833","6170",32003188,642204,4836626,"P08_TSC_29","IMP",8,"8",1999,"2"
"10834","6171",32003189,642302,4836560,"P08_CFL_343","IMP",8,"8",1999,"2"
"10835","6173",32003191,642062,4837322,"P08_CFL_343","IMP",8,"8",1999,"2"
"10836","6176",32003194,641501,4836719,"P08_CFL_343","IMP",8,"8",1999,"2"
"10837","6178",32003196,641358,4836763,"P08_CFL_343","IMP",8,"8",1999,"2"
"10838","6179",32003197,641016,4836568,"P08_CFL_343","IMP",8,"8",1999,"1"
"10839","6180",32003198,640801,4836461,"P08_CFL_343","IMP",8,"8",1999,"2"
"10840","6181",32003199,640948,4836209,"P08_SCB_24","MBC",8,"8",1999,"2"
"10841","6183",32003201,640447,4836477,"P08_SCB_24","MBC",8,"8",1999,"1"
"10842","6184",32003202,640356,4836572,"P08_SCB_24","MBC",8,"8",1999,"2"
"10843","6186",32003204,641347,4835753,"P08_CFL_337","IMP",8,"8",1999,"2"
"10844","6188",32003206,641365,4835402,"P08_CFL_342","IMP",8,"8",1999,"2"
"10845","6189",32003207,641466,4835209,"P08_CFL_342","IMP",8,"8",1999,"2"
"10846","6190",32003208,641508,4835160,"P08_CFL_342","IMP",8,"8",1999,"2"
"10847","6191",32003209,641545,4834931,"P08_CFL_342","MBC",8,"8",1999,"2"
"10848","6192",32003210,641305,4834577,"P08_CFL_342","IMP",8,"8",1999,"2"
"10849","6193",32003211,641265,4834395,"P08_CFL_342","IMP",8,"8",1999,"2"
"10850","6194",32003212,641095,4834148,"P08_CFL_342","IMP",8,"8",1999,"2"
"10851","6195",32003213,640986,4834105,"P08_CFL_342","IMP",8,"8",1999,"2"
"10852","6196",32003214,641361,4834001,"P08_CFL_342","IMP",8,"8",1999,"2"
"10853","6197",32003215,641956,4834596,"P08_USCB_9","MBC",8,"8",1999,"2"
"10854","6207",32003225,642216,4835012,"P08_CFL_349","IMP",8,"8",1999,"2"
"10855","6208",32003226,642908,4835110,"P08_CFL_349","IMP",8,"8",1999,"1"
"10856","6209",32003227,643006,4841865,"P08_CFL_159","BWC",8,"8",1999,"2"
"10857","6210",32003228,643056,4841859,"P08_CFL_159","BWC",8,"8",1999,"2"
"10858","6211",32003229,643054,4841914,"P08_CFL_159","BWC",8,"8",1999,"2"
"10859","6212",32003230,643053,4841961,"P08_CFL_159","BWC",8,"8",1999,"2"
"10860","6213",32003231,643057,4842012,"P08_CFL_159","BWC",8,"8",1999,"2"
"10861","6214",32003232,642654,4841810,"P08_CFL_159","BWC",8,"8",1999,"2"
"10862","6215",32003233,643153,4842659,"P08_CFL_159","BWC",8,"8",1999,"2"
"10863","6216",32003234,643258,4842410,"P08_CFL_159","BWC",8,"8",1999,"2"
"10864","6217",32003235,643410,4842362,"P08_CFL_159","BWC",8,"8",1999,"2"
"10865","6219",32003237,642555,4826502,"P08_CFL_338","MBC",8,"8",1999,"2"
"10866","6220",32003238,642211,4827903,"P08_CFL_342","IMP",8,"8",1999,"2"
"10867","6228",32003246,643395,4828913,"P08_CFL_339","IMP",8,"8",1999,"2"
"10868","6230",32003248,643301,4828314,"P08_CFL_339","IMP",8,"8",1999,"2"
"10869","6232",32003250,643060,4830062,"P08_CFL_342","IMP",8,"8",1999,"2"
"10870","6236",32003254,641116,4830059,"P08_CFL_342","IMP",8,"8",1999,"2"
"10871","6241",32003259,642358,4829555,"P08_CFL_342","IMP",8,"8",1999,"2"
"10872","6249",32003267,641358,4827917,"P08_CFL_340","IMP",8,"8",1999,"2"
"10873","6250",32003268,641148,4828215,"P08_CFL_340","IMP",8,"8",1999,"2"
"10874","6258",32003276,640970,4829557,"P08_CFL_342","IMP",8,"8",1999,"2"
"10875","6261",32003279,640447,4829152,"P08_CFL_340","IMP",8,"8",1999,"2"
"10876","6263",32003281,639811,4829316,"P08_CFL_340","IMP",8,"8",1999,"2"
"10877","6266",32003284,640111,4829627,"P08_CFL_340","IMP",8,"8",1999,"2"
"10878","6268",32003286,639848,4829662,"P08_CFL_340","IMP",8,"8",1999,"2"
"10879","6269",32003287,639909,4829765,"P08_CFL_340","IMP",8,"8",1999,"2"
"10880","6270",32003288,640003,4829775,"P08_CFL_340","IMP",8,"8",1999,"2"
"10881","6279",32003297,640948,4831495,"P08_CFL_342","IMP",8,"8",1999,"2"
"10882","6280",32003298,639858,4831508,"P08_SC_1","SC",8,"8",1999,"2"
"10883","6281",32003299,640105,4831921,"P08_CFL_5","IMP",8,"8",1999,"2"
"10884","6289",32003307,643115,4831764,"P08_CFL_342","IMP",8,"8",1999,"2"
"10885","6293",32003311,642141,4831774,"P08_CFL_342","IMP",8,"8",1999,"2"
"10886","6297",32003315,642956,4830469,"P08_CFL_342","IMP",8,"8",1999,"2"
"10887","6312",32003330,641461,4832768,"P08_CFL_342","IMP",8,"8",1999,"2"
"10888","6313",32003331,641670,4833174,"P08_CFL_342","IMP",8,"8",1999,"2"
"10889","6323",32003341,640954,4833387,"P08_CFL_342","IMP",8,"8",1999,"2"
"10890","6324",32003342,640903,4833449,"P08_CFL_342","IMP",8,"8",1999,"2"
"10891","6325",32003343,640706,4833547,"P08_CFL_342","IMP",8,"8",1999,"2"
"10892","6327",32003345,643208,4835632,"P08_CFL_27","IMP",8,"8",1999,"2"
"10893","6328",32003346,642904,4835728,"P08_CFL_27","IMP",8,"8",1999,"2"
"10894","6329",32003347,642850,4836057,"P08_CFL_27","IMP",8,"8",1999,"2"
"10895","6330",32003348,642822,4836113,"P08_CFL_27","IMP",8,"8",1999,"2"
"10896","6332",32003350,642812,4836408,"P08_CFL_27","IMP",8,"8",1999,"2"
"10897","6333",32003351,642901,4836974,"P08_CFL_27","IMP",8,"8",1999,"2"
"10898","6334",32003352,642966,4836957,"P08_CFL_27","IMP",8,"8",1999,"2"
"10899","6335",32003353,642847,4837016,"P08_CFL_27","IMP",8,"8",1999,"2"
"10900","6336",32003354,642793,4837215,"P08_CFL_27","IMP",8,"8",1999,"2"
"10901","6337",32003355,642715,4837113,"P08_CFL_27","IMP",8,"8",1999,"2"
"10902","6338",32003357,642539,4836578,"P08_CFL_27","IMP",8,"8",1999,"2"
"10903","6339",32003358,642546,4835945,"P08_CFL_27","IMP",8,"8",1999,"2"
"10904","6344",32003363,643060,4833478,"P08_CFL_349","IMP",8,"8",1999,"2"
"10905","6347",32003366,643045,4832556,"P08_SCB_19","MBC",8,"8",1999,"2"
"10906","6348",32003367,642156,4833026,"P08_CFL_342","IMP",8,"8",1999,"2"
"10907","6349",32003368,642256,4833282,"P08_CFL_342","IMP",8,"8",1999,"2"
"10908","6351",32003370,642085,4833562,"P08_CFL_342","IMP",8,"8",1999,"2"
"10909","6352",32003371,642015,4833721,"P08_CFL_342","IMP",8,"8",1999,"2"
"10910","6353",32003372,642204,4841847,"P08_CFL_122","BWC",8,"8",1999,"2"
"10911","6354",32003373,642253,4841863,"P08_CFL_122","BWC",8,"8",1999,"2"
"10912","6355",32003374,642158,4841966,"P08_CFL_122","BWC",8,"8",1999,"2"
"10913","6356",32003375,641963,4842020,"P08_CFL_122","BWC",8,"8",1999,"2"
"10914","6357",32003376,641964,4841864,"P08_TSC_50","SC",8,"8",1999,"2"
"10915","6358",32003377,641808,4842161,"P08_CFL_122","BWC",8,"8",1999,"2"
"10916","6359",32003378,641897,4842416,"P08_CFL_122","SC",8,"8",1999,"2"
"10917","6360",32003379,641600,4842562,"P08_TSC_52","SC",8,"8",1999,"2"
"10918","6361",32003381,641506,4842865,"P08_CFL_134","BWC",8,"8",1999,"2"
"10919","6362",32003382,641262,4843122,"P08_CFL_147","SC",8,"8",1999,"2"
"10920","6363",32003385,641258,4841562,"P08_TSC_48","SC",8,"8",1999,"2"
"10921","6365",32003387,641413,4842131,"P08_CFL_126","BWC",8,"8",1999,"2"
"10922","6366",32003388,641855,4841756,"P08_CFL_113","BWC",8,"8",1999,"2"
"10923","6367",32003389,642002,4841659,"P08_CFL_113","BWC",8,"8",1999,"2"
"10924","6368",32003390,642022,4841373,"P08_CFL_99","BWC",8,"8",1999,"2"
"10925","6369",32003391,642116,4841315,"P08_CFL_99","BWC",8,"8",1999,"2"
"10926","637",31003332,540929,4935212,"P04_USCB_5","MBC",4,"U4",2000,"2"
"10927","6370",32003392,642306,4841156,"P08_CFL_94","BWC",8,"8",1999,"2"
"10928","6371",32003393,642500,4841455,"P08_CFL_113","SC",8,"8",1999,"2"
"10929","6373",32003395,642504,4840872,"P08_CFL_94","SC",8,"8",1999,"2"
"10930","6374",32003396,642453,4840765,"P08_CFL_94","SC",8,"8",1999,"2"
"10931","6375",32003397,642262,4840709,"P08_CFL_94","BWC",8,"8",1999,"2"
"10932","6376",32003398,642306,4840912,"P08_TSC_45","SC",8,"8",1999,"2"
"10933","6377",32003399,642106,4840963,"P08_CFL_94","SC",8,"8",1999,"2"
"10934","6378",32003400,642008,4840912,"P08_CFL_94","BWC",8,"8",1999,"2"
"10935","6381",32003403,642303,4840261,"P08_CFL_343","BWC",8,"8",1999,"2"
"10936","6382",32003404,642054,4840156,"P08_CFL_66","BWC",8,"8",1999,"2"
"10937","6383",32003405,642005,4840164,"P08_CFL_66","IMP",8,"8",1999,"2"
"10938","6385",32003407,643212,4841462,"P08_TSC_49","SC",8,"8",1999,"2"
"10939","6388",32003411,644797,4843361,"P08_CFL_162","BWC",8,"8",1999,"2"
"10940","6389",32003412,644847,4843458,"P08_CFL_162","BWC",8,"8",1999,"2"
"10941","6390",32003417,643052,4843671,"P08_CFL_179","BWC",8,"8",1999,"2"
"10942","6391",32003419,644306,4841912,"P08_CFL_119","BWC",8,"8",1999,"2"
"10943","6392",32003420,644148,4841709,"P08_CFL_119","BWC",8,"8",1999,"2"
"10944","6393",32003421,643602,4841165,"P08_CFL_119","BWC",8,"8",1999,"2"
"10945","6394",32003422,643962,4841209,"P08_CFL_119","BWC",8,"8",1999,"2"
"10946","6395",32003423,643961,4841055,"P08_CFL_119","BWC",8,"8",1999,"2"
"10947","6396",32003424,643707,4840420,"P08_CFL_343","BWC",8,"8",1999,"2"
"10948","6397",32003425,643658,4840365,"P08_CFL_343","IMP",8,"8",1999,"2"
"10949","6398",32003426,643555,4840366,"P08_CFL_343","IMP",8,"8",1999,"2"
"10950","6400",32003428,643205,4840657,"P08_CFL_78","BWC",8,"8",1999,"2"
"10951","6401",32003429,643055,4840516,"P08_CFL_85","BWC",8,"8",1999,"2"
"10952","6402",32003430,642855,4840064,"P08_CFL_343","BWC",8,"8",1999,"2"
"10953","6404",32003432,639859,4834506,"P08_SC_1","SC",8,"8",1999,"2"
"10954","6407",32003435,639700,4834013,"P08_CFL_350","IMP",8,"8",1999,"2"
"10955","6408",32003436,639853,4833808,"P08_CFL_350","IMP",8,"8",1999,"2"
"10956","6411",32003440,639614,4833412,"P08_CFL_17","IMP",8,"8",1999,"2"
"10957","6415",32003446,640504,4833960,"P08_CFL_342","IMP",8,"8",1999,"2"
"10958","6416",32003447,640354,4834462,"P08_CFL_337","IMP",8,"8",1999,"2"
"10959","6417",32003448,640799,4835164,"P08_CFL_337","IMP",8,"8",1999,"2"
"10960","6419",32003450,640543,4834763,"P08_CFL_337","IMP",8,"8",1999,"2"
"10961","642",31003337,543829,4934606,"","MBC",4,"U4",2000,"2"
"10962","6420",32003451,640497,4834765,"P08_CFL_337","IMP",8,"8",1999,"2"
"10963","6421",32003452,640160,4834864,"P08_CFL_337","IMP",8,"8",1999,"2"
"10964","6422",32003453,640115,4834860,"P08_CFL_337","IMP",8,"8",1999,"2"
"10965","6423",32003454,640207,4834965,"P08_CFL_337","IMP",8,"8",1999,"2"
"10966","6424",32003455,640757,4835607,"P08_CFL_337","IMP",8,"8",1999,"2"
"10967","6425",32003456,640649,4834169,"P08_CFL_342","IMP",8,"8",1999,"2"
"10968","6426",32003457,639360,4834761,"P08_SC_1","SC",8,"8",1999,"2"
"10969","6429",32003460,639557,4835172,"P08_CFL_20","BWC",8,"8",1999,"2"
"10970","6430",32003462,640006,4835161,"P08_CFL_337","IMP",8,"8",1999,"2"
"10971","6431",32003463,640007,4835461,"P08_CFL_337","BWC",8,"8",1999,"2"
"10972","6432",32003464,640059,4835608,"P08_CFL_337","BWC",8,"8",1999,"2"
"10973","6433",32003465,640456,4835555,"P08_CFL_337","BWC",8,"8",1999,"2"
"10974","6434",32003466,640460,4835717,"P08_CFL_337","BWC",8,"8",1999,"2"
"10975","6435",32003467,640356,4836053,"P08_CFL_337","BWC",8,"8",1999,"2"
"10976","6437",32003469,639558,4835862,"P08_CFL_23","BWC",8,"8",1999,"2"
"10977","6438",32003470,640617,4841954,"P08_TSC_54","SC",8,"8",1999,"1"
"10978","6439",32003471,640804,4842064,"P08_CFL_128","SC",8,"8",1999,"2"
"10979","6440",32003473,640457,4841764,"P08_CFL_115","SC",8,"8",1999,"2"
"10980","6442",32003476,639604,4841864,"P08_SCB_23","MBC",8,"8",1999,"2"
"10981","6445",32003479,639605,4841356,"P08_SCB_25","MBC",8,"8",1999,"2"
"10982","6449",32003484,640748,4841114,"P08_CFL_96","BWC",8,"8",1999,"2"
"10983","6451",32003486,641496,4840769,"P08_SC_4","BWC",8,"8",1999,"2"
"10984","6454",32003489,641008,4840069,"P08_CFL_72","BWC",8,"8",1999,"2"
"10985","6455",32003490,641164,4839963,"P08_CFL_343","BWC",8,"8",1999,"2"
"10986","6456",32003491,641251,4840066,"P08_CFL_343","BWC",8,"8",1999,"2"
"10987","6457",32003492,641557,4839958,"P08_CFL_343","IMP",8,"8",1999,"2"
"10988","6458",32003493,641156,4839662,"P08_CFL_72","BWC",8,"8",1999,"2"
"10989","6459",32003494,641256,4839612,"P08_CFL_343","BWC",8,"8",1999,"2"
"10990","6460",32003495,641651,4839366,"P08_CFL_343","IMP",8,"8",1999,"2"
"10991","6462",32003497,641904,4839769,"P08_CFL_343","IMP",8,"8",1999,"2"
"10992","6463",32003498,641856,4839864,"P08_TSC_31","IMP",8,"8",1999,"2"
"10993","6464",32003499,642155,4840067,"P08_CFL_343","BWC",8,"8",1999,"2"
"10994","6469",32003504,639507,4837411,"P08_CFL_25","BWC",8,"8",1999,"2"
"10995","647",31003342,572428,4918106,"P04_USCB_13","MBC",4,"L4",2000,"2"
"10996","6470",32003505,639760,4837718,"P08_SCB_25","MBC",8,"8",1999,"2"
"10997","6473",32003508,639955,4837716,"P08_SCB_25","MBC",8,"8",1999,"1"
"10998","6474",32003509,640015,4838410,"P08_CFL_41","BWC",8,"8",1999,"2"
"10999","6475",32003510,639858,4838573,"P08_CFL_41","BWC",8,"8",1999,"2"
"11000","6476",32003511,639805,4838812,"P08_SCB_25","MBC",8,"8",1999,"2"
"11001","6477",32003512,639803,4838857,"P08_SCB_25","MBC",8,"8",1999,"2"
"11002","6478",32003513,639807,4838920,"P08_SCB_25","MBC",8,"8",1999,"2"
"11003","6480",32003515,640510,4839798,"P08_CFL_58","BWC",8,"8",1999,"2"
"11004","6481",32003517,640204,4840662,"P08_SC_5","BWC",8,"8",1999,"2"
"11005","6483",32003520,640946,4840361,"P08_CFL_72","BWC",8,"8",1999,"2"
"11006","6484",32003521,640907,4840517,"P08_CFL_72","BWC",8,"8",1999,"2"
"11007","6485",32003522,640498,4840198,"P08_SC_5","BWC",8,"8",1999,"2"
"11008","6486",32003523,640902,4839317,"P08_SC_3","SC",8,"8",1999,"2"
"11009","6487",32003524,640858,4838859,"P08_CFL_343","IMP",8,"8",1999,"2"
"11010","6488",32003526,640703,4839210,"P08_CFL_45","BWC",8,"8",1999,"2"
"11011","6489",32003527,640556,4839113,"P08_CFL_45","BWC",8,"8",1999,"2"
"11012","6490",32003528,640103,4838760,"P08_SC_2","BWC",8,"8",1999,"2"
"11013","6491",32003529,640254,4838508,"P08_SC_2","BWC",8,"8",1999,"2"
"11014","6492",32003530,640405,4838264,"P08_SC_2","BWC",8,"8",1999,"2"
"11015","6493",32003531,640455,4838067,"P08_CFL_343","IMP",8,"8",1999,"2"
"11016","6494",32003532,640515,4837807,"P08_CFL_343","IMP",8,"8",1999,"2"
"11017","6495",32003533,640111,4837571,"P08_CFL_343","BWC",8,"8",1999,"2"
"11018","6499",32003537,640005,4836262,"P08_CFL_337","BWC",8,"8",1999,"2"
"11019","6500",32003538,639951,4836509,"P08_CFL_337","BWC",8,"8",1999,"2"
"11020","6501",32003539,639752,4836615,"P08_CFL_337","BWC",8,"8",1999,"2"
"11021","6502",32003540,639651,4836961,"P08_CFL_337","BWC",8,"8",1999,"2"
"11022","6503",32003541,638901,4838157,"P08_CFL_344","BWC",8,"8",1999,"2"
"11023","6508",32003757,639003,4856619,"P08_CFL_335","SC",8,"8",2000,"2"
"11024","6510",32003760,638165,4858273,"P08_CFL_371","BWC",8,"8",2000,"2"
"11025","6512",32003762,638456,4857458,"P08_CFL_335","BWC",8,"8",2000,"2"
"11026","6513",32003763,638462,4857213,"P08_CFL_334","BWC",8,"8",2000,"2"
"11027","6515",32003765,637962,4857963,"P08_CFL_334","BWC",8,"8",2000,"1"
"11028","6516",32003766,637908,4858218,"P08_CFL_334","SC",8,"8",2000,"2"
"11029","6519",32003769,637852,4857512,"P08_CFL_334","BWC",8,"8",2000,"2"
"11030","6520",32003770,638204,4857264,"P08_CFL_334","BWC",8,"8",2000,"2"
"11031","6521",32003771,638614,4856215,"P08_CFL_325","BWC",8,"8",2000,"2"
"11032","6526",32003776,640000,4853660,"P08_SC_17","SC",8,"8",2000,"2"
"11033","6528",32003778,638954,4854331,"P08_SCB_33","MBC",8,"8",2000,"2"
"11034","6530",32003780,638858,4850464,"P08_CFL_348","BWC",8,"8",2000,"2"
"11035","6531",32003781,638956,4851212,"","BWC",8,"8",2000,"2"
"11036","6532",32003782,638908,4850760,"P08_CFL_348","BWC",8,"8",2000,"2"
"11037","6533",32003785,638361,4851005,"P08_CFL_348","BWC",8,"8",2000,"2"
"11038","6534",32003786,638358,4850812,"P08_CFL_348","BWC",8,"8",2000,"2"
"11039","6535",32003787,638409,4850563,"P08_CFL_348","BWC",8,"8",2000,"2"
"11040","6536",32003788,638158,4850664,"P08_CFL_348","BWC",8,"8",2000,"2"
"11041","6537",32003789,638350,4850110,"P08_CFL_348","BWC",8,"8",2000,"2"
"11042","6538",32003790,638558,4850059,"P08_CFL_348","BWC",8,"8",2000,"2"
"11043","6539",32003791,638911,4850167,"P08_CFL_348","BWC",8,"8",2000,"2"
"11044","6540",32003792,638962,4848910,"P08_CFL_356","BWC",8,"8",2000,"2"
"11045","6541",32003793,639102,4848416,"P08_CFL_357","BWC",8,"8",2000,"2"
"11046","6542",32003794,638866,4848108,"P08_CFL_357","BWC",8,"8",2000,"2"
"11047","6543",32003795,639163,4848204,"P08_CFL_357","BWC",8,"8",2000,"2"
"11048","6545",32003797,639996,4849671,"P08_SC_14","SC",8,"8",2000,"2"
"11049","6547",32003799,639460,4850672,"P08_SCB_29","MBC",8,"8",2000,"2"
"11050","6548",32003800,639452,4850765,"P08_SCB_29","MBC",8,"8",2000,"2"
"11051","6554",32003806,636785,4856618,"P08_SCB_31","MBC",8,"8",2000,"1"
"11052","6558",32003810,637623,4855211,"P08_SC_16","SC",8,"8",2000,"2"
"11053","656",31003351,581733,4913011,"P04_SCB_21","MBC",4,"L4",2000,"2"
"11054","6568",32003821,639650,4851209,"P08_SCB_29","MBC",8,"8",2000,"2"
"11055","6570",32003823,639661,4851462,"P08_SCB_29","MBC",8,"8",2000,"2"
"11056","6571",32003824,639610,4851522,"P08_SCB_29","MBC",8,"8",2000,"2"
"11057","6575",32003828,640119,4851752,"P08_USCB_13","MBC",8,"8",2000,"1"
"11058","6579",32003832,641114,4849159,"P08_SC_13","SC",8,"8",2000,"2"
"11059","6580",32003833,641051,4849165,"P08_SC_13","SC",8,"8",2000,"2"
"11060","6589",32003843,640512,4847860,"P08_CFL_291","BWC",8,"8",2000,"2"
"11061","6591",32003845,640759,4847959,"P08_CFL_291","BWC",8,"8",2000,"2"
"11062","6592",32003846,640956,4848072,"P08_TSC_12","SC",8,"8",2000,"2"
"11063","6599",32003853,640394,4849109,"P08_SC_14","SC",8,"8",2000,"2"
"11064","660",31003355,583326,4911256,"P04_SCB_21","MBC",4,"L4",2000,"2"
"11065","6600",32003857,642309,4846756,"","BWC",8,"8",2000,"2"
"11066","6601",32003858,642248,4847222,"P08_CFL_276","BWC",8,"8",2000,"2"
"11067","6603",32003860,643104,4847112,"P08_CFL_265","SC",8,"8",2000,"2"
"11068","6606",32003863,642299,4848263,"P08_CFL_283","BWC",8,"8",2000,"2"
"11069","6607",32003864,642255,4848310,"P08_CFL_283","BWC",8,"8",2000,"2"
"11070","6608",32003865,642307,4848758,"P08_TSC_70","BWC",8,"8",2000,"2"
"11071","6609",32003866,642002,4848757,"P08_CFL_286","BWC",8,"8",2000,"2"
"11072","6610",32003867,641952,4849067,"P08_CFL_352","BWC",8,"8",2000,"2"
"11073","6611",32003868,642002,4849064,"P08_CFL_352","BWC",8,"8",2000,"2"
"11074","6614",32003873,642853,4847978,"P08_CFL_282","SC",8,"8",2000,"2"
"11075","6615",32003874,643562,4846804,"P08_TSC_84","SC",8,"8",2000,"2"
"11076","6616",32003877,643404,4846415,"P08_TSC_83","SC",8,"8",2000,"2"
"11077","6618",32003879,643312,4845861,"P08_CFL_219","BWC",8,"8",2000,"2"
"11078","6619",32003880,643209,4845218,"P08_CFL_206","SC",8,"8",2000,"2"
"11079","6620",32003889,644008,4844908,"P08_TSC_88","SC",8,"8",2000,"2"
"11080","6621",32003890,643512,4844963,"P08_CFL_194","BWC",8,"8",2000,"2"
"11081","6622",32003891,643560,4844816,"P08_CFL_194","BWC",8,"8",2000,"2"
"11082","6623",32003892,643367,4844860,"P08_TSC_87","SC",8,"8",2000,"2"
"11083","6625",32003894,643800,4844172,"P08_CFL_178","BWC",8,"8",2000,"2"
"11084","6626",32003895,643198,4843760,"P08_CFL_179","BWC",8,"8",2000,"2"
"11085","6627",32003896,643148,4843566,"P08_CFL_179","BWC",8,"8",2000,"2"
"11086","6628",32003898,644009,4843811,"P08_SC_8","BWC",8,"8",2000,"2"
"11087","6629",32003899,644352,4843223,"P08_SC_8","SC",8,"8",2000,"2"
"11088","6630",32003900,644305,4843167,"P08_CFL_142","BWC",8,"8",2000,"2"
"11089","6632",32003902,643860,4842562,"P08_SC_8","SC",8,"8",2000,"2"
"11090","6633",32003904,642708,4845356,"P08_CFL_204","BWC",8,"8",2000,"2"
"11091","6634",32003905,642959,4845715,"P08_TSC_86","SC",8,"8",2000,"2"
"11092","6635",32003907,643104,4846158,"P08_TSC_86","BWC",8,"8",2000,"2"
"11093","6638",32003910,642707,4845704,"P08_TSC_66","SC",8,"8",2000,"1"
"11094","6639",32003911,642412,4845466,"P08_CFL_212","BWC",8,"8",2000,"2"
"11095","664",31003359,583476,4910608,"P04_SCB_21","MBC",4,"L4",2000,"2"
"11096","6640",32003912,641963,4844958,"P08_CFL_228","BWC",8,"8",2000,"2"
"11097","6641",32003913,642405,4844617,"P08_CFL_186","SC",8,"8",2000,"2"
"11098","6644",32003916,641403,4844309,"P08_CFL_177","BWC",8,"8",2000,"2"
"11099","6645",32003917,641706,4843861,"P08_CFL_167","SC",8,"8",2000,"2"
"11100","6648",32003920,641915,4842713,"P08_CFL_131","BWC",8,"8",2000,"2"
"11101","6649",32003921,641951,4842858,"P08_TSC_55","BWC",8,"8",2000,"2"
"11102","6650",32003922,642004,4842919,"P08_CFL_137","BWC",8,"8",2000,"2"
"11103","6651",32003923,642355,4843554,"P08_CFL_166","BWC",8,"8",2000,"2"
"11104","6653",32003925,642450,4844213,"P08_CFL_182","BWC",8,"8",2000,"2"
"11105","666",31003361,583731,4910456,"P04_SCB_21","MBC",4,"L4",2000,"2"
"11106","6661",32003935,641159,4846401,"P08_CFL_248","BWC",8,"8",2000,"2"
"11107","6663",32003938,641407,4846468,"P08_SC_10","SC",8,"8",2000,"2"
"11108","6664",32003940,641401,4846106,"P08_CFL_247","SC",8,"8",2000,"2"
"11109","6666",32003942,641750,4846264,"P08_CFL_242","BWC",8,"8",2000,"2"
"11110","6668",32003945,641408,4844962,"P08_CFL_200","BWC",8,"8",2000,"2"
"11111","667",31003362,584081,4909907,"P04_SCB_21","MBC",4,"L4",2000,"2"
"11112","6676",32003953,640605,4843761,"P08_SCB_26","MBC",8,"8",2000,"2"
"11113","668",31003363,584285,4909758,"P04_SCB_21","MBC",4,"L4",2000,"2"
"11114","6683",32003960,640803,4843723,"P08_SC_9","MBC",8,"8",2000,"1"
"11115","6684",32003961,640701,4843720,"P08_SCB_26","MBC",8,"8",2000,"2"
"11116","6689",32003966,640464,4842214,"P08_CFL_118","BWC",8,"8",2000,"2"
"11117","6690",32003968,640655,4842122,"P08_CFL_128","SC",8,"8",2000,"2"
"11118","6691",32003969,640910,4841965,"P08_CFL_128","SC",8,"8",2000,"2"
"11119","6692",32003970,640655,4841861,"P08_TSC_54","BWC",8,"8",2000,"2"
"11120","6693",32003971,640550,4841719,"P08_CFL_115","SC",8,"8",2000,"2"
"11121","6694",32003972,641158,4841358,"P08_CFL_102","BWC",8,"8",2000,"2"
"11122","6695",32003973,641209,4841216,"P08_CFL_102","BWC",8,"8",2000,"2"
"11123","6702",32003983,639409,4842860,"P08_CFL_224","BWC",8,"8",2000,"2"
"11124","6703",32003984,639257,4843062,"P08_CFL_224","BWC",8,"8",2000,"2"
"11125","6704",32003985,639604,4842909,"P08_CFL_224","BWC",8,"8",2000,"2"
"11126","6705",32003986,639610,4843108,"P08_CFL_224","BWC",8,"8",2000,"2"
"11127","6707",32003988,639556,4843757,"P08_CFL_224","BWC",8,"8",2000,"2"
"11128","6708",32003989,639999,4843762,"P08_CFL_224","BWC",8,"8",2000,"2"
"11129","6709",32003991,640003,4844259,"P08_CFL_224","BWC",8,"8",2000,"2"
"11130","6710",32003992,642051,4841910,"P08_CFL_122","BWC",8,"8",2000,"2"
"11131","6711",32003993,641452,4841959,"P08_CFL_114","BWC",8,"8",2000,"2"
"11132","6712",32003994,641407,4842452,"P08_CFL_126","BWC",8,"8",2000,"2"
"11133","6714",32003996,641351,4843210,"P08_CFL_147","BWC",8,"8",2000,"2"
"11134","6716",32004000,641012,4843158,"P08_CFL_150","SC",8,"8",2000,"2"
"11135","6717",32004001,640913,4843220,"P08_CFL_150","BWC",8,"8",2000,"2"
"11136","6718",32004004,641157,4842164,"P08_CFL_117","SC",8,"8",2000,"2"
"11137","6719",32004005,641263,4841513,"P08_CFL_104","BWC",8,"8",2000,"2"
"11138","6720",32004006,641515,4841614,"P08_CFL_107","BWC",8,"8",2000,"2"
"11139","6722",32004008,641754,4841319,"P08_CFL_97","SC",8,"8",2000,"2"
"11140","6725",32004011,641751,4841065,"P08_CFL_94","SC",8,"8",2000,"2"
"11141","6726",32004012,642001,4841119,"P08_CFL_94","BWC",8,"8",2000,"2"
"11142","6727",32004013,642006,4841014,"P08_CFL_94","BWC",8,"8",2000,"2"
"11143","6728",32004014,642207,4840960,"P08_CFL_94","SC",8,"8",2000,"2"
"11144","6729",32004015,642408,4840959,"P08_CFL_94","BWC",8,"8",2000,"2"
"11145","6731",32004017,642712,4841265,"P08_SC_11","SC",8,"8",2000,"2"
"11146","6733",32004019,642600,4841461,"P08_TSC_50","BWC",8,"8",2000,"2"
"11147","6736",32004022,642756,4841856,"P08_CFL_159","BWC",8,"8",2000,"2"
"11148","6739",32004030,643502,4841260,"P08_CFL_119","BWC",8,"8",2000,"2"
"11149","6740",32004031,643863,4841610,"P08_CFL_119","BWC",8,"8",2000,"2"
"11150","6741",32004032,644103,4842116,"P08_CFL_119","BWC",8,"8",2000,"2"
"11151","6742",32004033,644159,4841717,"P08_CFL_119","BWC",8,"8",2000,"2"
"11152","6744",32004035,644007,4841413,"P08_CFL_119","BWC",8,"8",2000,"2"
"11153","6745",32004036,643804,4841114,"P08_CFL_119","BWC",8,"8",2000,"2"
"11154","6746",32004037,643753,4841013,"P08_CFL_119","BWC",8,"8",2000,"2"
"11155","6747",32004038,643805,4840813,"P08_CFL_119","BWC",8,"8",2000,"2"
"11156","6748",32004039,643555,4840261,"P08_CFL_343","IMP",8,"8",2000,"2"
"11157","6749",32004041,643056,4840363,"P08_CFL_85","BWC",8,"8",2000,"2"
"11158","6750",32004042,642251,4840462,"P08_SC_11","BWC",8,"8",2000,"2"
"11159","6751",32004043,642354,4840213,"P08_CFL_343","BWC",8,"8",2000,"2"
"11160","6752",32004044,642205,4840210,"P08_CFL_343","BWC",8,"8",2000,"2"
"11161","6754",32004046,641854,4840010,"P08_TSC_31","IMP",8,"8",2000,"2"
"11162","6755",32004047,641856,4839806,"P08_TSC_31","IMP",8,"8",2000,"2"
"11163","6759",32004051,642454,4839118,"P08_CFL_343","IMP",8,"8",2000,"2"
"11164","6761",32004053,641659,4839367,"P08_CFL_343","IMP",8,"8",2000,"2"
"11165","6762",32004054,641757,4839508,"P08_CFL_343","IMP",8,"8",2000,"2"
"11166","6765",32004057,641351,4840012,"P08_CFL_343","BWC",8,"8",2000,"2"
"11167","6766",32004058,641309,4840060,"P08_CFL_343","BWC",8,"8",2000,"2"
"11168","6767",32004059,640954,4840215,"P08_CFL_72","BWC",8,"8",2000,"2"
"11169","6769",32004061,641401,4840466,"P08_CFL_75","BWC",8,"8",2000,"2"
"11170","6772",32004064,640751,4840962,"P08_SC_5","SC",8,"8",2000,"2"
"11171","6775",32004069,639401,4843212,"P08_CFL_224","BWC",8,"8",2000,"2"
"11172","6776",32004070,639408,4843365,"P08_CFL_224","BWC",8,"8",2000,"2"
"11173","6777",32004071,639408,4843863,"P08_CFL_224","BWC",8,"8",2000,"2"
"11174","6778",32004072,639156,4844863,"P08_CFL_224","BWC",8,"8",2000,"2"
"11175","6779",32004073,639505,4845363,"P08_CFL_224","BWC",8,"8",2000,"2"
"11176","6780",32004074,639404,4844663,"P08_CFL_224","BWC",8,"8",2000,"2"
"11177","6781",32004075,639555,4844963,"P08_CFL_224","BWC",8,"8",2000,"2"
"11178","6782",32004076,640002,4845464,"P08_CFL_224","BWC",8,"8",2000,"2"
"11179","6783",32004077,639704,4844814,"P08_CFL_224","BWC",8,"8",2000,"2"
"11180","6787",32004081,639758,4840264,"P08_SCB_25","MBC",8,"8",2000,"2"
"11181","6788",32004082,639752,4840564,"P08_CFL_76","SC",8,"8",2000,"2"
"11182","6789",32004083,640007,4840463,"P08_CFL_88","SC",8,"8",2000,"2"
"11183","6790",32004084,640210,4840503,"P08_SC_5","BWC",8,"8",2000,"2"
"11184","6792",32004087,640497,4841168,"P08_SC_5","SC",8,"8",2000,"2"
"11185","6793",32004088,640807,4840463,"P08_CFL_72","BWC",8,"8",2000,"2"
"11186","6794",32004089,640955,4840516,"P08_CFL_72","BWC",8,"8",2000,"2"
"11187","6795",32004090,640258,4840368,"P08_SC_5","SC",8,"8",2000,"2"
"11188","6797",32004092,640249,4839719,"P08_CFL_56","BWC",8,"8",2000,"2"
"11189","6798",32004093,640359,4839509,"P08_CFL_56","BWC",8,"8",2000,"2"
"11190","6799",32004094,640845,4839762,"P08_CFL_58","BWC",8,"8",2000,"2"
"11191","6800",32004095,641005,4839810,"P08_CFL_72","BWC",8,"8",2000,"2"
"11192","6801",32004096,640950,4839363,"P08_CFL_48","BWC",8,"8",2000,"2"
"11193","6802",32004097,640663,4838760,"P08_TSC_27","IMP",8,"8",2000,"2"
"11194","6805",32004100,639805,4838813,"P08_SCB_25","MBC",8,"8",2000,"2"
"11195","6806",32004101,640004,4838813,"P08_CFL_41","BWC",8,"8",2000,"2"
"11196","6807",32004102,640455,4838561,"P08_CFL_42","BWC",8,"8",2000,"2"
"11197","6808",32004103,640811,4838112,"P08_CFL_343","IMP",8,"8",2000,"2"
"11198","6810",32004105,641409,4838967,"P08_CFL_343","IMP",8,"8",2000,"2"
"11199","6811",32004106,642503,4836812,"P08_CFL_343","IMP",8,"8",2000,"2"
"11200","6813",32004108,643003,4838108,"P08_TSC_29","SC",8,"8",2000,"2"
"11201","6814",32004109,642951,4838268,"P08_TSC_29","SC",8,"8",2000,"2"
"11202","6816",32004111,642801,4838318,"P08_CFL_343","SC",8,"8",2000,"2"
"11203","6817",32004112,642656,4838454,"P08_CFL_343","IMP",8,"8",2000,"2"
"11204","6818",32004113,642655,4838705,"P08_TSC_29","SC",8,"8",2000,"2"
"11205","6819",32004114,643445,4839073,"P08_CFL_343","IMP",8,"8",2000,"2"
"11206","6820",32004115,643402,4839203,"P08_CFL_343","IMP",8,"8",2000,"2"
"11207","6821",32004116,643498,4839316,"P08_CFL_343","IMP",8,"8",2000,"2"
"11208","6822",32004117,643599,4839859,"P08_CFL_343","IMP",8,"8",2000,"2"
"11209","6823",32004118,643311,4840008,"P08_CFL_343","IMP",8,"8",2000,"2"
"11210","6824",32004119,643349,4839764,"P08_CFL_343","IMP",8,"8",2000,"2"
"11211","6825",32004120,643352,4839418,"P08_CFL_343","IMP",8,"8",2000,"2"
"11212","6826",32004121,643046,4839365,"P08_TSC_29","IMP",8,"8",2000,"2"
"11213","6827",32004122,642367,4838766,"P08_CFL_343","IMP",8,"8",2000,"2"
"11214","6829",32004124,641706,4837358,"P08_CFL_343","IMP",8,"8",2000,"2"
"11215","6830",32004125,641959,4837159,"P08_CFL_343","IMP",8,"8",2000,"2"
"11216","6831",32004126,641865,4836823,"P08_CFL_343","IMP",8,"8",2000,"2"
"11217","6832",32004127,641851,4836762,"P08_CFL_343","IMP",8,"8",2000,"2"
"11218","6833",32004128,641947,4836458,"P08_CFL_343","SC",8,"8",2000,"2"
"11219","6835",32004130,641656,4836392,"P08_CFL_343","IMP",8,"8",2000,"2"
"11220","6836",32004131,641012,4836210,"P08_USCB_9","MBC",8,"8",2000,"2"
"11221","6837",32004132,640707,4836255,"P08_SCB_24","MBC",8,"8",2000,"2"
"11222","6838",32004133,640408,4836468,"P08_SCB_24","MBC",8,"8",2000,"2"
"11223","684",31003379,583930,4911159,"P04_USCB_11","MBC",4,"L4",2000,"1"
"11224","6840",32004136,641062,4836622,"P08_CFL_343","IMP",8,"8",2000,"2"
"11225","6841",32004137,641254,4836657,"P08_CFL_343","IMP",8,"8",2000,"2"
"11226","6842",32004138,641304,4836554,"P08_CFL_343","IMP",8,"8",2000,"2"
"11227","6844",32004142,639507,4837554,"P08_SCB_22","MBC",8,"8",2000,"2"
"11228","6848",32004146,640003,4837528,"P08_SCB_25","MBC",8,"8",2000,"2"
"11229","6849",32004147,640015,4837576,"P08_SCB_25","MBC",8,"8",2000,"2"
"11230","6850",32004148,639847,4837607,"P08_SCB_25","MBC",8,"8",2000,"2"
"11231","6851",32004149,639892,4837712,"P08_SCB_25","MBC",8,"8",2000,"2"
"11232","6852",32004150,639805,4837726,"P08_SCB_25","MBC",8,"8",2000,"2"
"11233","6857",32004155,639601,4838614,"P08_SCB_25","MBC",8,"8",2000,"1"
"11234","6859",32004157,640005,4838161,"P08_CFL_35","BWC",8,"8",2000,"2"
"11235","686",31003381,585278,4909607,"P04_CFL_239","MBC",4,"L4",2000,"2"
"11236","6860",32004158,640559,4838062,"P08_CFL_343","IMP",8,"8",2000,"2"
"11237","6861",32004159,640443,4838059,"P08_CFL_343","IMP",8,"8",2000,"2"
"11238","6862",32004160,640259,4838301,"P08_CFL_36","BWC",8,"8",2000,"2"
"11239","6864",32004162,641412,4837917,"P08_CFL_343","IMP",8,"8",2000,"2"
"11240","6865",32004163,641196,4837862,"P08_CFL_343","IMP",8,"8",2000,"2"
"11241","6867",32004165,641456,4837502,"P08_CFL_343","IMP",8,"8",2000,"2"
"11242","6868",32004166,641563,4837469,"P08_CFL_343","IMP",8,"8",2000,"2"
"11243","6869",32004167,641595,4837463,"P08_CFL_343","IMP",8,"8",2000,"2"
"11244","6870",32004168,642795,4835314,"P08_CFL_27","IMP",8,"8",2000,"2"
"11245","6873",32004171,642702,4835906,"P08_CFL_27","IMP",8,"8",2000,"2"
"11246","6874",32004172,642461,4835963,"P08_CFL_27","IMP",8,"8",2000,"2"
"11247","6875",32004173,642460,4835895,"P08_CFL_27","IMP",8,"8",2000,"2"
"11248","6876",32004174,642412,4835860,"P08_CFL_27","IMP",8,"8",2000,"2"
"11249","6877",32004175,642999,4836046,"P08_CFL_27","IMP",8,"8",2000,"2"
"11250","6878",32004176,643112,4836156,"P08_CFL_27","IMP",8,"8",2000,"2"
"11251","6879",32004177,643199,4836367,"P08_CFL_27","IMP",8,"8",2000,"2"
"11252","6880",32004178,643295,4836410,"P08_CFL_27","IMP",8,"8",2000,"2"
"11253","6881",32004179,643350,4836564,"P08_CFL_27","IMP",8,"8",2000,"2"
"11254","6882",32004180,643163,4836610,"P08_CFL_27","IMP",8,"8",2000,"2"
"11255","6883",32004181,643349,4836895,"P08_CFL_27","IMP",8,"8",2000,"2"
"11256","6884",32004182,642818,4837409,"P08_CFL_27","IMP",8,"8",2000,"2"
"11257","6885",32004183,642761,4837170,"P08_CFL_27","IMP",8,"8",2000,"2"
"11258","6886",32004184,642204,4835527,"P08_CFL_27","IMP",8,"8",2000,"2"
"11259","6887",32004185,642304,4835377,"P08_CFL_349","IMP",8,"8",2000,"2"
"11260","6888",32004186,642212,4835010,"P08_CFL_349","IMP",8,"8",2000,"2"
"11261","6889",32004187,641900,4834700,"P08_USCB_9","MBC",8,"8",2000,"2"
"11262","6893",32004191,641556,4836805,"P08_CFL_343","IMP",8,"8",2000,"2"
"11263","6894",32004192,641494,4836849,"P08_CFL_343","IMP",8,"8",2000,"2"
"11264","6895",32004193,641459,4836955,"P08_CFL_343","IMP",8,"8",2000,"2"
"11265","6896",32004194,641050,4837206,"P08_CFL_343","IMP",8,"8",2000,"2"
"11266","6897",32004195,641208,4837266,"P08_CFL_343","IMP",8,"8",2000,"2"
"11267","69",31001898,539388,4936555,"P04_SC_8","SC",4,"U4",1998,"2"
"11268","6900",32004198,640709,4836951,"P08_CFL_343","IMP",8,"8",2000,"2"
"11269","6901",32004199,640297,4836958,"P08_CFL_343","IMP",8,"8",2000,"2"
"11270","6904",32004202,640955,4835713,"P08_CFL_337","IMP",8,"8",2000,"2"
"11271","6905",32004203,641448,4835013,"P08_CFL_342","IMP",8,"8",2000,"2"
"11272","6906",32004204,641597,4835010,"P08_SCB_21","MBC",8,"8",2000,"2"
"11273","6907",32004205,641611,4834898,"P08_USCB_5","MBC",8,"8",2000,"1"
"11274","6908",32004206,641254,4834064,"P08_CFL_342","IMP",8,"8",2000,"2"
"11275","6909",32004207,641207,4833977,"P08_CFL_342","IMP",8,"8",2000,"2"
"11276","6910",32004208,641202,4833817,"P08_CFL_342","IMP",8,"8",2000,"2"
"11277","6911",32004209,641245,4833708,"P08_CFL_342","IMP",8,"8",2000,"1"
"11278","6913",32004211,641702,4834055,"P08_CFL_342","IMP",8,"8",2000,"2"
"11279","6914",32004212,641708,4833764,"P08_CFL_342","IMP",8,"8",2000,"2"
"11280","6915",32004213,641615,4833670,"P08_CFL_342","IMP",8,"8",2000,"2"
"11281","6916",32004214,641701,4833507,"P08_CFL_342","IMP",8,"8",2000,"2"
"11282","6917",32004216,641609,4833004,"P08_CFL_342","IMP",8,"8",2000,"2"
"11283","6918",32004217,641903,4832916,"P08_CFL_342","IMP",8,"8",2000,"2"
"11284","6919",32004218,642209,4832710,"P08_CFL_342","IMP",8,"8",2000,"2"
"11285","6923",32004222,643013,4833320,"P08_CFL_349","IMP",8,"8",2000,"2"
"11286","6924",32004223,643215,4833418,"P08_CFL_349","IMP",8,"8",2000,"2"
"11287","6925",32004224,642949,4833557,"P08_CFL_349","IMP",8,"8",2000,"2"
"11288","6926",32004225,643155,4834104,"P08_CFL_12","BWC",8,"8",2000,"2"
"11289","6935",32004234,639309,4836603,"P08_SC_1","SC",8,"8",2000,"2"
"11290","6937",32004236,639206,4836199,"P08_SC_1","SC",8,"8",2000,"2"
"11291","6939",32004238,639799,4835857,"P08_CFL_337","BWC",8,"8",2000,"2"
"11292","6940",32004240,639719,4836168,"P08_CFL_337","BWC",8,"8",2000,"2"
"11293","6941",32004241,639654,4836464,"P08_CFL_337","BWC",8,"8",2000,"2"
"11294","6942",32004242,639799,4836556,"P08_CFL_337","BWC",8,"8",2000,"2"
"11295","6943",32004243,639756,4835655,"P08_CFL_337","BWC",8,"8",2000,"2"
"11296","6945",32004245,639810,4835603,"P08_CFL_337","BWC",8,"8",2000,"2"
"11297","6946",32004246,640051,4835573,"P08_CFL_337","BWC",8,"8",2000,"2"
"11298","6947",32004247,640296,4835517,"P08_CFL_337","BWC",8,"8",2000,"2"
"11299","6951",32004251,640070,4834964,"P08_CFL_337","IMP",8,"8",2000,"2"
"11300","6952",32004252,639855,4835022,"P08_CFL_337","IMP",8,"8",2000,"1"
"11301","6956",32004258,639652,4834760,"P08_CFL_20","IMP",8,"8",2000,"2"
"11302","6958",32004260,639495,4834053,"P08_CFL_18","IMP",8,"8",2000,"2"
"11303","6960",32004262,639905,4834158,"P08_CFL_15","IMP",8,"8",2000,"2"
"11304","6962",32004265,640353,4834062,"P08_CFL_337","IMP",8,"8",2000,"1"
"11305","6963",32004266,640205,4834316,"P08_TSC_20","IMP",8,"8",2000,"2"
"11306","6965",32004268,640995,4834506,"P08_CFL_337","IMP",8,"8",2000,"2"
"11307","6966",32004269,640843,4834114,"P08_CFL_342","IMP",8,"8",2000,"2"
"11308","6967",32004270,640898,4833955,"P08_CFL_342","IMP",8,"8",2000,"2"
"11309","6969",32004272,640802,4833510,"P08_CFL_342","IMP",8,"8",2000,"2"
"11310","6972",32004275,640806,4833066,"P08_CFL_342","IMP",8,"8",2000,"1"
"11311","6978",32004282,639202,4833109,"P08_CFL_17","IMP",8,"8",2000,"2"
"11312","6979",32004283,639494,4833001,"P08_CFL_17","IMP",8,"8",2000,"2"
"11313","6983",32004287,639951,4831362,"P08_CFL_342","IMP",8,"8",2000,"2"
"11314","6990",32004294,639898,4829820,"P08_CFL_340","IMP",8,"8",2000,"2"
"11315","7005",32004309,640553,4831223,"P08_CFL_342","IMP",8,"8",2000,"1"
"11316","7007",32004328,643054,4832218,"P08_CFL_342","IMP",8,"8",2000,"2"
"11317","7008",32004329,642046,4832213,"P08_CFL_342","IMP",8,"8",2000,"2"
"11318","7009",32004330,641565,4832559,"P08_CFL_342","IMP",8,"8",2000,"1"
"11319","7030",32004351,642802,4831965,"P08_CFL_342","IMP",8,"8",2000,"2"
"11320","7032",32004353,642916,4831658,"P08_CFL_342","IMP",8,"8",2000,"1"
"11321","7047",32004369,643403,4829619,"P08_CFL_339","IMP",8,"8",2000,"2"
"11322","7048",32004370,643347,4829700,"P08_USCB_2","IMP",8,"8",2000,"1"
"11323","7055",32004377,642803,4828408,"P08_CFL_342","IMP",8,"8",2000,"1"
"11324","7074",32004396,642517,4826700,"P08_CFL_338","MBC",8,"8",2000,"2"
"11325","7075",32004397,642494,4826656,"P08_CFL_338","MBC",8,"8",2000,"2"
"11326","7076",32004398,642605,4826564,"P08_CFL_338","MBC",8,"8",2000,"1"
"11327","7078",32004606,641199,4847062,"P08_SCB_26","MBC",8,"8",2001,"2"
"11328","708",31003405,539225,4936762,"P04_SC_8","SC",4,"U4",2000,"2"
"11329","7104",32004632,640157,4841963,"P08_SCB_25","MBC",8,"8",2001,"1"
"11330","7108",32004636,639505,4841711,"P08_CFL_224","MBC",8,"8",2001,"2"
"11331","7115",32004643,639948,4837516,"P08_SCB_25","MBC",8,"8",2001,"2"
"11332","7116",32004644,640010,4837371,"P08_SCB_25","MBC",8,"8",2001,"2"
"11333","7118",32004646,640513,4836314,"P08_SCB_24","MBC",8,"8",2001,"2"
"11334","7125",32004653,642558,4826561,"P08_CFL_338","MBC",8,"8",2001,"2"
"11335","7126",32004654,642602,4826420,"P08_CFL_338","MBC",8,"8",2001,"2"
"11336","7146",32004675,640953,4849117,"P08_SCB_26","MBC",8,"8",2001,"2"
"11337","7149",32004678,641399,4848666,"P08_SCB_26","MBC",8,"8",2001,"1"
"11338","7152",32004681,641151,4848013,"P08_SCB_28","MBC",8,"8",2001,"2"
"11339","7159",32004688,640207,4843069,"P08_SCB_23","MBC",8,"8",2001,"2"
"11340","7163",32004692,639804,4838812,"P08_SCB_25","MBC",8,"8",2001,"2"
"11341","7164",32004693,639702,4838755,"P08_SCB_25","MBC",8,"8",2001,"2"
"11342","7165",32004694,639202,4837918,"P08_SCB_22","MBC",8,"8",2001,"2"
"11343","7166",32004696,639464,4837610,"P08_SCB_22","MBC",8,"8",2001,"2"
"11344","7167",32004697,639964,4837618,"P08_SCB_25","MBC",8,"8",2001,"2"
"11345","7168",32004698,639501,4837503,"P08_SCB_22","MBC",8,"8",2001,"2"
"11346","7169",32004699,639547,4837471,"P08_SCB_22","MBC",8,"8",2001,"2"
"11347","7170",32004700,640959,4836212,"P08_SCB_24","MBC",8,"8",2001,"1"
"11348","7171",32004701,642504,4826761,"P08_CFL_338","MBC",8,"8",2001,"2"
"11349","7172",32004702,642505,4826362,"P08_CFL_338","MBC",8,"8",2001,"2"
"11350","7174",32004704,642913,4832810,"P08_SCB_19","MBC",8,"8",2001,"2"
"11351","7175",32004705,637805,4856669,"P08_SC_17","SC",8,"8",2001,"2"
"11352","7177",32004707,639201,4856459,"P08_CFL_322","SC",8,"8",2001,"2"
"11353","7182",32004713,642611,4847205,"P08_SC_11","SC",8,"8",2001,"2"
"11354","7186",32004718,642302,4846362,"P08_CFL_246","SC",8,"8",2001,"2"
"11355","7188",32004721,642407,4846115,"P08_SC_11","SC",8,"8",2001,"2"
"11356","7189",32004722,641455,4846069,"P08_CFL_247","SC",8,"8",2001,"2"
"11357","7194",32004727,643497,4845864,"P08_SC_11","SC",8,"8",2001,"2"
"11358","7202",32004736,643713,4844404,"P08_TSC_69","SC",8,"8",2001,"2"
"11359","7208",32004742,639905,4842562,"P08_SC_7","SC",8,"8",2001,"2"
"11360","7215",32004749,640460,4841760,"P08_CFL_115","SC",8,"8",2001,"2"
"11361","7217",32004751,643258,4841713,"P08_TSC_49","SC",8,"8",2001,"2"
"11362","722",31003420,542930,4934859,"P04_SC_8","SC",4,"U4",2000,"2"
"11363","7222",32004756,642761,4841110,"P08_SC_11","SC",8,"8",2001,"2"
"11364","7225",32004759,640500,4840569,"P08_CFL_84","SC",8,"8",2001,"2"
"11365","7227",32004761,640010,4838512,"P08_CFL_41","SC",8,"8",2001,"2"
"11366","7237",32004771,638806,4853909,"P08_SC_15","SC",8,"8",2001,"2"
"11367","724",31003482,537576,4936507,"P04_TSC_11","BWC",4,"U4",2000,"2"
"11368","725",31003483,564523,4922358,"P04_CFL_104","BWC",4,"U4",2000,"2"
"11369","7252",32004787,642401,4844002,"P08_CFL_182","SC",8,"8",2001,"2"
"11370","726",31003485,536179,4936056,"P04_CFL_274","BWC",4,"U4",2000,"2"
"11371","7260",32004796,640111,4840618,"P08_CFL_88","SC",8,"8",2001,"2"
"11372","7261",32004797,642552,4840611,"P08_CFL_92","SC",8,"8",2001,"2"
"11373","7262",32004798,640560,4839011,"P08_CFL_40","SC",8,"8",2001,"2"
"11374","7265",32004801,642602,4847907,"P08_CFL_281","SC",8,"8",2001,"2"
"11375","7266",32004802,641710,4843963,"P08_TSC_59","SC",8,"8",2001,"2"
"11376","7268",32004804,641363,4843617,"P08_CFL_158","SC",8,"8",2001,"2"
"11377","7269",32004805,640965,4842661,"P08_CFL_128","SC",8,"8",2001,"2"
"11378","7270",32004806,640953,4841964,"P08_CFL_128","SC",8,"8",2001,"2"
"11379","7271",32004807,640955,4841912,"P08_CFL_128","SC",8,"8",2001,"2"
"11380","7272",32004808,638908,4837111,"P08_TSC_24","SC",8,"8",2001,"2"
"11381","7278",32004814,642160,4835366,"P08_CFL_349","SC",8,"8",2001,"1"
"11382","7279",32004815,639899,4832015,"P08_SC_1","SC",8,"8",2001,"2"
"11383","728",31003487,536080,4935813,"P04_CFL_274","BWC",4,"U4",2000,"2"
"11384","7283",32004819,642255,4834815,"P08_CFL_349","SC",8,"8",2001,"2"
"11385","7289",32004825,639798,4848807,"P08_CFL_291","BWC",8,"8",2001,"2"
"11386","729",31003488,536326,4935809,"P04_CFL_274","BWC",4,"U4",2000,"2"
"11387","7290",32004826,638652,4857859,"P08_CFL_335","BWC",8,"8",2001,"2"
"11388","7292",32004829,639656,4848662,"P08_CFL_291","BWC",8,"8",2001,"2"
"11389","7293",32004830,639903,4848557,"P08_CFL_291","BWC",8,"8",2001,"2"
"11390","7294",32004831,640406,4848512,"P08_CFL_364","BWC",8,"8",2001,"2"
"11391","7296",32004833,644155,4845513,"P08_CFL_238","BWC",8,"8",2001,"2"
"11392","7297",32004834,644355,4845318,"P08_CFL_238","BWC",8,"8",2001,"2"
"11393","7298",32004836,644200,4843412,"P08_CFL_162","BWC",8,"8",2001,"2"
"11394","7299",32004837,643061,4842918,"P08_CFL_159","BWC",8,"8",2001,"2"
"11395","730",31003489,536328,4935610,"P04_CFL_274","BWC",4,"U4",2000,"2"
"11396","7300",32004838,643212,4842912,"P08_CFL_159","BWC",8,"8",2001,"2"
"11397","7301",32004840,638505,4856366,"P08_CFL_325","BWC",8,"8",2001,"2"
"11398","7302",32004841,641954,4848615,"P08_CFL_286","BWC",8,"8",2001,"2"
"11399","7303",32004844,644154,4845816,"P08_CFL_238","BWC",8,"8",2001,"2"
"11400","7304",32004845,644359,4845514,"P08_CFL_238","BWC",8,"8",2001,"2"
"11401","7305",32004846,643262,4844267,"P08_CFL_179","BWC",8,"8",2001,"2"
"11402","7306",32004847,644657,4843365,"P08_CFL_162","BWC",8,"8",2001,"2"
"11403","7307",32004848,644653,4843314,"P08_CFL_162","BWC",8,"8",2001,"2"
"11404","7308",32004849,644709,4843320,"P08_CFL_162","BWC",8,"8",2001,"2"
"11405","7309",32004850,640061,4839565,"P08_CFL_56","BWC",8,"8",2001,"2"
"11406","731",31003490,536378,4935608,"P04_CFL_274","BWC",4,"U4",2000,"2"
"11407","7310",32004851,639708,4836454,"P08_CFL_337","BWC",8,"8",2001,"2"
"11408","7311",32004853,637806,4858016,"P08_CFL_334","BWC",8,"8",2001,"2"
"11409","7313",32004856,640252,4839917,"P08_CFL_56","BWC",8,"8",2001,"2"
"11410","7314",32004857,637455,4858007,"P08_CFL_334","BWC",8,"8",2001,"2"
"11411","7315",32004858,642151,4846398,"P08_CFL_246","BWC",8,"8",2001,"2"
"11412","7316",32004859,642956,4843658,"P08_CFL_159","BWC",8,"8",2001,"2"
"11413","7317",32004861,640107,4840104,"","BWC",8,"8",2001,"2"
"11414","7318",32004862,640153,4839712,"P08_CFL_56","BWC",8,"8",2001,"2"
"11415","7319",32004863,640261,4839610,"P08_CFL_56","BWC",8,"8",2001,"2"
"11416","732",31003491,536129,4935555,"P04_CFL_274","BWC",4,"U4",2000,"2"
"11417","7322",32004867,639955,4835557,"P08_CFL_337","BWC",8,"8",2001,"2"
"11418","7323",32004868,640402,4835413,"P08_CFL_337","BWC",8,"8",2001,"2"
"11419","7325",32004870,639803,4849858,"P08_CFL_293","BWC",8,"8",2001,"2"
"11420","7326",32004871,639761,4849822,"P08_CFL_293","BWC",8,"8",2001,"2"
"11421","7327",32004872,640056,4836510,"P08_USCB_6","BWC",8,"8",2001,"2"
"11422","7328",32004873,643153,4841014,"P08_CFL_109","BWC",8,"8",2001,"2"
"11423","7329",32004874,640356,4839370,"P08_CFL_56","BWC",8,"8",2001,"2"
"11424","733",31003492,554175,4934507,"P04_CFL_93","BWC",4,"U4",2000,"2"
"11425","7332",32004878,644159,4845107,"P08_TSC_88","BWC",8,"8",2001,"2"
"11426","7333",32004879,643555,4844816,"P08_CFL_194","BWC",8,"8",2001,"2"
"11427","7334",32004880,644110,4841809,"P08_CFL_119","BWC",8,"8",2001,"2"
"11428","7335",32004881,643755,4841672,"P08_CFL_119","BWC",8,"8",2001,"2"
"11429","7336",32004882,643653,4841560,"P08_CFL_119","BWC",8,"8",2001,"2"
"11430","7337",32004883,643850,4841360,"P08_CFL_119","BWC",8,"8",2001,"2"
"11431","7338",32004884,643664,4841309,"P08_CFL_119","BWC",8,"8",2001,"2"
"11432","7339",32004885,641059,4840259,"P08_CFL_343","BWC",8,"8",2001,"2"
"11433","7340",32004886,641003,4840016,"P08_CFL_72","BWC",8,"8",2001,"2"
"11434","7341",32004887,639958,4838471,"P08_CFL_41","BWC",8,"8",2001,"2"
"11435","7342",32004888,639800,4835665,"P08_CFL_337","BWC",8,"8",2001,"2"
"11436","7343",32004889,642312,4847764,"P08_TSC_70","BWC",8,"8",2001,"2"
"11437","7344",32004890,643852,4844865,"P08_TSC_88","BWC",8,"8",2001,"2"
"11438","7345",32004891,643359,4844765,"P08_TSC_87","BWC",8,"8",2001,"2"
"11439","7346",32004892,642145,4844460,"P08_SC_11","BWC",8,"8",2001,"2"
"11440","7348",32004894,642251,4841960,"P08_CFL_122","BWC",8,"8",2001,"2"
"11441","7349",32004895,643305,4841562,"P08_CFL_119","BWC",8,"8",2001,"2"
"11442","735",31003495,536829,4937408,"P04_CFL_54","BWC",4,"U4",2000,"2"
"11443","7350",32004897,642202,4841116,"P08_TSC_45","BWC",8,"8",2001,"2"
"11444","7351",32004898,642310,4840810,"P08_CFL_94","BWC",8,"8",2001,"2"
"11445","7352",32004899,641207,4840654,"P08_TSC_43","BWC",8,"8",2001,"2"
"11446","7354",32004901,640958,4839315,"P08_CFL_48","BWC",8,"8",2001,"2"
"11447","7355",32004902,638247,4858354,"P08_CFL_335","BWC",8,"8",2001,"2"
"11448","7356",32004903,638050,4857753,"P08_CFL_334","BWC",8,"8",2001,"2"
"11449","7357",32004904,637804,4857557,"P08_CFL_334","BWC",8,"8",2001,"2"
"11450","7358",32004906,637799,4857319,"P08_CFL_334","BWC",8,"8",2001,"2"
"11451","7360",32004908,638655,4857111,"P08_CFL_335","BWC",8,"8",2001,"2"
"11452","7362",32004910,638710,4856712,"P08_CFL_335","BWC",8,"8",2001,"2"
"11453","7363",32004911,638704,4856364,"P08_CFL_325","BWC",8,"8",2001,"2"
"11454","7364",32004912,639203,4855711,"P08_CFL_321","BWC",8,"8",2001,"2"
"11455","7365",32004913,638956,4855261,"P08_CFL_316","BWC",8,"8",2001,"2"
"11456","7366",32004914,639705,4854466,"P08_CFL_309","BWC",8,"8",2001,"2"
"11457","7367",32004915,641859,4849319,"P08_TSC_70","BWC",8,"8",2001,"2"
"11458","7368",32004916,639614,4849261,"P08_CFL_291","BWC",8,"8",2001,"2"
"11459","7370",32004918,640861,4847810,"P08_CFL_291","BWC",8,"8",2001,"2"
"11460","7372",32004920,641904,4846963,"P08_CFL_260","BWC",8,"8",2001,"2"
"11461","7375",32004923,641952,4845464,"P08_CFL_209","BWC",8,"8",2001,"2"
"11462","7376",32004924,643553,4845419,"P08_CFL_234","BWC",8,"8",2001,"2"
"11463","7378",32004927,641404,4844267,"P08_CFL_177","BWC",8,"8",2001,"2"
"11464","7379",32004928,642051,4844261,"P08_CFL_228","BWC",8,"8",2001,"2"
"11465","738",31003498,538833,4936008,"P04_CFL_71","BWC",4,"U4",2000,"2"
"11466","7380",32004929,641055,4843812,"P08_CFL_164","BWC",8,"8",2001,"2"
"11467","7381",32004930,642107,4843158,"P08_TSC_55","BWC",8,"8",2001,"2"
"11468","7382",32004931,643163,4842710,"P08_CFL_159","BWC",8,"8",2001,"2"
"11469","7383",32004932,641309,4842432,"P08_SC_9","BWC",8,"8",2001,"2"
"11470","7384",32004933,641807,4842321,"P08_CFL_122","BWC",8,"8",2001,"2"
"11471","7385",32004934,642706,4842214,"P08_CFL_159","BWC",8,"8",2001,"2"
"11472","7386",32004935,642902,4842068,"P08_CFL_159","BWC",8,"8",2001,"2"
"11473","7387",32004936,640555,4841856,"P08_CFL_115","BWC",8,"8",2001,"2"
"11474","7388",32004937,641456,4841861,"P08_CFL_114","BWC",8,"8",2001,"2"
"11475","7391",32004941,643509,4841552,"P08_CFL_119","BWC",8,"8",2001,"2"
"11476","7394",32004945,642004,4840712,"P08_CFL_94","BWC",8,"8",2001,"2"
"11477","7395",32004946,643206,4840668,"P08_CFL_78","BWC",8,"8",2001,"2"
"11478","7396",32004947,640251,4840261,"P08_CFL_58","BWC",8,"8",2001,"2"
"11479","7397",32004949,640055,4837656,"P08_CFL_343","BWC",8,"8",2001,"2"
"11480","7398",32004950,638505,4851254,"P08_CFL_348","BWC",8,"8",2001,"2"
"11481","7399",32004951,638405,4851063,"P08_CFL_348","BWC",8,"8",2001,"2"
"11482","7400",32004952,638706,4851016,"P08_CFL_348","BWC",8,"8",2001,"2"
"11483","7401",32004953,638354,4850870,"P08_CFL_348","BWC",8,"8",2001,"2"
"11484","7402",32004955,639904,4845957,"P08_CFL_224","BWC",8,"8",2001,"2"
"11485","7403",32004956,639806,4845711,"P08_CFL_224","BWC",8,"8",2001,"2"
"11486","7404",32004957,639399,4845308,"P08_CFL_224","BWC",8,"8",2001,"2"
"11487","7405",32004958,639203,4844858,"P08_CFL_224","BWC",8,"8",2001,"2"
"11488","7406",32004959,639410,4844813,"P08_CFL_224","BWC",8,"8",2001,"2"
"11489","7407",32004960,639662,4844807,"P08_CFL_224","BWC",8,"8",2001,"2"
"11490","7408",32004961,639058,4844614,"P08_CFL_224","BWC",8,"8",2001,"2"
"11491","7409",32004962,639155,4844460,"P08_CFL_224","BWC",8,"8",2001,"2"
"11492","7410",32004963,639857,4844517,"P08_CFL_224","BWC",8,"8",2001,"2"
"11493","7411",32004965,639656,4844310,"P08_CFL_224","BWC",8,"8",2001,"2"
"11494","7412",32004966,639306,4844165,"P08_CFL_224","BWC",8,"8",2001,"2"
"11495","7413",32004967,638902,4850610,"P08_CFL_348","BWC",8,"8",2001,"2"
"11496","7414",32004968,638855,4850566,"P08_CFL_348","BWC",8,"8",2001,"2"
"11497","7415",32004969,639051,4850569,"P08_CFL_348","BWC",8,"8",2001,"2"
"11498","7416",32004970,638760,4850255,"P08_CFL_348","BWC",8,"8",2001,"2"
"11499","7417",32004971,639454,4844164,"P08_CFL_224","BWC",8,"8",2001,"2"
"11500","7418",32004972,639503,4844167,"P08_CFL_224","BWC",8,"8",2001,"2"
"11501","7419",32004973,639297,4843861,"P08_CFL_224","BWC",8,"8",2001,"2"
"11502","742",31003502,539027,4935509,"P04_CFL_71","BWC",4,"U4",2000,"2"
"11503","7421",32004975,639504,4843815,"P08_CFL_224","BWC",8,"8",2001,"2"
"11504","7422",32004976,639810,4843611,"P08_CFL_224","BWC",8,"8",2001,"2"
"11505","7423",32004977,639508,4843511,"P08_CFL_224","BWC",8,"8",2001,"2"
"11506","7424",32004978,639903,4843465,"P08_CFL_224","BWC",8,"8",2001,"2"
"11507","7425",32004979,639704,4843360,"P08_CFL_224","BWC",8,"8",2001,"2"
"11508","7426",32004980,639455,4843265,"P08_CFL_224","BWC",8,"8",2001,"2"
"11509","7427",32004981,639755,4843267,"P08_CFL_224","BWC",8,"8",2001,"2"
"11510","7428",32004982,639453,4843011,"P08_CFL_224","BWC",8,"8",2001,"2"
"11511","7430",32004984,639206,4843916,"P08_CFL_224","BWC",8,"8",2001,"2"
"11512","7431",32004985,640104,4843862,"P08_CFL_224","BWC",8,"8",2001,"2"
"11513","7432",32004986,639207,4843519,"P08_CFL_224","BWC",8,"8",2001,"2"
"11514","7433",32004987,639604,4842412,"P08_CFL_224","BWC",8,"8",2001,"2"
"11515","7434",32004988,639258,4841958,"P08_CFL_224","BWC",8,"8",2001,"2"
"11516","7435",32004989,641302,4840464,"P08_CFL_79","BWC",8,"8",2001,"2"
"11517","7441",32004996,641058,4840212,"P08_CFL_343","BWC",8,"8",2001,"2"
"11518","7442",32004997,642856,4840063,"P08_CFL_343","BWC",8,"8",2001,"2"
"11519","7443",32004998,641053,4839962,"P08_CFL_343","BWC",8,"8",2001,"2"
"11520","7444",32004999,643305,4840517,"P08_CFL_343","BWC",8,"8",2001,"2"
"11521","7445",32005000,639256,4834110,"P08_CFL_17","IMP",8,"8",2001,"2"
"11522","7446",32005001,639308,4833266,"P08_CFL_17","IMP",8,"8",2001,"2"
"11523","7447",32005002,639802,4829218,"P08_CFL_340","IMP",8,"8",2001,"2"
"11524","7449",32005004,641906,4840205,"P08_TSC_31","IMP",8,"8",2001,"2"
"11525","7450",32005005,643307,4833064,"P08_CFL_349","IMP",8,"8",2001,"2"
"11526","7455",32005010,642056,4837314,"P08_CFL_343","IMP",8,"8",2001,"2"
"11527","7457",32005012,640456,4834314,"P08_CFL_337","IMP",8,"8",2001,"2"
"11528","7461",32005016,642808,4839363,"P08_CFL_343","IMP",8,"8",2001,"2"
"11529","7464",32005019,641104,4829060,"P08_CFL_342","IMP",8,"8",2001,"1"
"11530","7465",32005020,643609,4840511,"P08_CFL_343","IMP",8,"8",2001,"2"
"11531","7467",32005022,643555,4840010,"P08_CFL_343","IMP",8,"8",2001,"2"
"11532","7468",32005023,642254,4839866,"P08_CFL_343","IMP",8,"8",2001,"2"
"11533","7474",32005029,643301,4839416,"P08_CFL_343","IMP",8,"8",2001,"2"
"11534","7475",32005030,643151,4839269,"P08_CFL_343","IMP",8,"8",2001,"2"
"11535","7476",32005031,643402,4839262,"P08_CFL_343","IMP",8,"8",2001,"2"
"11536","7478",32005033,641156,4839159,"P08_CFL_343","IMP",8,"8",2001,"2"
"11537","7479",32005034,641805,4839117,"P08_CFL_343","IMP",8,"8",2001,"2"
"11538","7482",32005037,641751,4838910,"P08_CFL_343","IMP",8,"8",2001,"2"
"11539","7483",32005038,643156,4838710,"P08_CFL_343","IMP",8,"8",2001,"2"
"11540","7485",32005040,640705,4838610,"P08_CFL_343","IMP",8,"8",2001,"2"
"11541","7486",32005041,641560,4838612,"P08_CFL_343","IMP",8,"8",2001,"1"
"11542","7487",32005042,641104,4838557,"P08_CFL_343","IMP",8,"8",2001,"2"
"11543","7488",32005043,640705,4838415,"P08_CFL_343","IMP",8,"8",2001,"2"
"11544","749",31003509,542532,4935905,"P04_CFL_67","BWC",4,"U4",2000,"2"
"11545","7490",32005045,640702,4838267,"P08_CFL_343","IMP",8,"8",2001,"2"
"11546","7492",32005047,643207,4838262,"P08_CFL_343","IMP",8,"8",2001,"2"
"11547","750",31003510,542581,4935907,"P04_CFL_67","BWC",4,"U4",2000,"2"
"11548","7507",32005062,643259,4837464,"P08_CFL_27","IMP",8,"8",2001,"2"
"11549","7510",32005065,640610,4837214,"P08_CFL_343","IMP",8,"8",2001,"2"
"11550","7511",32005066,640603,4837162,"P08_CFL_343","IMP",8,"8",2001,"2"
"11551","7515",32005070,640408,4836915,"P08_CFL_343","IMP",8,"8",2001,"2"
"11552","7516",32005071,640756,4836768,"P08_CFL_343","IMP",8,"8",2001,"2"
"11553","7517",32005072,643357,4836665,"P08_CFL_27","IMP",8,"8",2001,"2"
"11554","7519",32005074,643251,4836566,"P08_CFL_27","IMP",8,"8",2001,"2"
"11555","7521",32005076,642855,4836411,"P08_CFL_27","IMP",8,"8",2001,"2"
"11556","7522",32005077,641652,4836210,"P08_CFL_343","IMP",8,"8",2001,"2"
"11557","7523",32005078,642215,4836165,"P08_CFL_27","IMP",8,"8",2001,"2"
"11558","7525",32005080,642255,4835962,"P08_CFL_27","IMP",8,"8",2001,"2"
"11559","7526",32005081,642456,4835963,"P08_CFL_27","IMP",8,"8",2001,"2"
"11560","7527",32005082,642904,4835910,"P08_CFL_27","IMP",8,"8",2001,"2"
"11561","7528",32005083,643001,4835663,"P08_CFL_27","IMP",8,"8",2001,"2"
"11562","7531",32005086,640903,4835464,"P08_CFL_337","IMP",8,"8",2001,"2"
"11563","7532",32005087,642705,4835470,"P08_CFL_27","IMP",8,"8",2001,"2"
"11564","7533",32005088,643050,4835417,"P08_CFL_27","IMP",8,"8",2001,"2"
"11565","7535",32005090,640857,4835215,"P08_CFL_337","IMP",8,"8",2001,"2"
"11566","7537",32005092,640804,4835058,"P08_CFL_337","IMP",8,"8",2001,"2"
"11567","7538",32005093,640105,4834914,"P08_CFL_337","IMP",8,"8",2001,"2"
"11568","7540",32005095,640955,4834762,"P08_CFL_337","IMP",8,"8",2001,"2"
"11569","7541",32005096,641098,4834759,"P08_CFL_337","IMP",8,"8",2001,"2"
"11570","7542",32005097,639903,4834717,"P08_SC_1","IMP",8,"8",2001,"2"
"11571","7543",32005098,640954,4834667,"P08_CFL_337","IMP",8,"8",2001,"2"
"11572","7544",32005099,641456,4834664,"P08_CFL_342","IMP",8,"8",2001,"2"
"11573","7545",32005100,640609,4834614,"P08_CFL_337","IMP",8,"8",2001,"2"
"11574","7547",32005103,640454,4834461,"P08_CFL_337","IMP",8,"8",2001,"2"
"11575","7548",32005104,641058,4834362,"P08_CFL_342","IMP",8,"8",2001,"2"
"11576","7549",32005105,642856,4834355,"P08_CFL_349","IMP",8,"8",2001,"2"
"11577","7551",32005107,640749,4834214,"P08_CFL_342","IMP",8,"8",2001,"2"
"11578","7553",32005109,642557,4834112,"P08_CFL_349","IMP",8,"8",2001,"2"
"11579","7554",32005110,641356,4834062,"P08_CFL_342","IMP",8,"8",2001,"2"
"11580","7555",32005111,642653,4834017,"P08_CFL_349","IMP",8,"8",2001,"1"
"11581","7556",32005112,641460,4833954,"P08_CFL_342","IMP",8,"8",2001,"1"
"11582","7559",32005115,641158,4833662,"P08_CFL_342","IMP",8,"8",2001,"2"
"11583","7563",32005119,640804,4833510,"P08_CFL_342","IMP",8,"8",2001,"1"
"11584","7564",32005120,641805,4833512,"P08_CFL_342","IMP",8,"8",2001,"2"
"11585","7565",32005121,639963,4833414,"P08_CFL_15","IMP",8,"8",2001,"2"
"11586","7569",32005125,642205,4833112,"P08_CFL_342","IMP",8,"8",2001,"2"
"11587","7576",32005133,639803,4832613,"P08_SC_1","IMP",8,"8",2001,"2"
"11588","7578",32005135,641596,4832615,"P08_CFL_342","IMP",8,"8",2001,"2"
"11589","7581",32005138,641604,4832508,"P08_CFL_342","IMP",8,"8",2001,"2"
"11590","7582",32005139,641403,4832462,"P08_CFL_342","IMP",8,"8",2001,"2"
"11591","7586",32005143,641752,4832264,"P08_CFL_342","IMP",8,"8",2001,"1"
"11592","7591",32005148,641356,4832014,"P08_CFL_342","IMP",8,"8",2001,"2"
"11593","7592",32005149,643155,4832013,"P08_CFL_342","IMP",8,"8",2001,"2"
"11594","7596",32005153,643052,4831753,"P08_CFL_342","IMP",8,"8",2001,"2"
"11595","7599",32005156,643255,4831613,"P08_CFL_342","IMP",8,"8",2001,"2"
"11596","7600",32005157,639911,4831563,"P08_CFL_342","IMP",8,"8",2001,"2"
"11597","7610",32005167,643106,4831064,"P08_CFL_342","IMP",8,"8",2001,"1"
"11598","7633",32005190,640405,4830014,"P08_CFL_342","IMP",8,"8",2001,"2"
"11599","7648",32005205,643312,4829063,"P08_CFL_339","IMP",8,"8",2001,"2"
"11600","7659",32005216,641406,4828060,"P08_CFL_340","IMP",8,"8",2001,"2"
"11601","7661",32005218,643402,4836913,"P08_CFL_27","IMP",8,"8",2001,"2"
"11602","7662",32005219,643303,4836113,"P08_CFL_27","IMP",8,"8",2001,"2"
"11603","7663",32005220,643105,4835362,"P08_CFL_27","IMP",8,"8",2001,"2"
"11604","7664",32005221,642907,4834755,"P08_CFL_349","IMP",8,"8",2001,"2"
"11605","7666",32005223,641005,4828463,"P08_CFL_340","IMP",8,"8",2001,"2"
"11606","7667",32005224,643349,4828457,"P08_CFL_339","IMP",8,"8",2001,"2"
"11607","7669",32005502,641202,4847066,"P08_SCB_26","MBC",8,"8",2002,"2"
"11608","770",31003531,539628,4936809,"P04_CFL_61","BWC",4,"U4",2000,"2"
"11609","7705",32005538,639700,4838817,"P08_SCB_25","MBC",8,"8",2002,"2"
"11610","7706",32005539,639956,4837518,"P08_SCB_25","MBC",8,"8",2002,"2"
"11611","7709",32005542,640505,4836307,"P08_SCB_24","MBC",8,"8",2002,"2"
"11612","7712",32005545,641602,4835012,"P08_SCB_21","MBC",8,"8",2002,"2"
"11613","7714",32005547,643203,4832510,"P08_USCB_3","MBC",8,"8",2002,"1"
"11614","7749",32005588,639800,4838810,"P08_SCB_25","MBC",8,"8",2002,"2"
"11615","775",31003536,536581,4936456,"P04_CFL_62","BWC",4,"U4",2000,"2"
"11616","7750",32005589,639704,4838764,"P08_SCB_25","MBC",8,"8",2002,"2"
"11617","7751",32005590,639208,4837917,"P08_SCB_22","MBC",8,"8",2002,"2"
"11618","7753",32005592,639448,4837614,"P08_SCB_22","MBC",8,"8",2002,"2"
"11619","7754",32005593,639952,4837618,"P08_SCB_25","MBC",8,"8",2002,"2"
"11620","7755",32005594,639507,4837510,"P08_SCB_22","MBC",8,"8",2002,"2"
"11621","7756",32005595,639552,4837467,"P08_SCB_22","MBC",8,"8",2002,"2"
"11622","7761",32005603,639205,4856454,"P08_CFL_322","SC",8,"8",2002,"2"
"11623","777",31003538,536979,4936410,"P04_CFL_62","BWC",4,"U4",2000,"2"
"11624","7772",32005618,641450,4846064,"P08_CFL_247","SC",8,"8",2002,"2"
"11625","7776",32005622,642157,4845867,"P08_TSC_81","SC",8,"8",2002,"2"
"11626","7777",32005623,643502,4845862,"P08_SC_11","SC",8,"8",2002,"2"
"11627","7784",32005631,642597,4844563,"P08_CFL_184","SC",8,"8",2002,"2"
"11628","7789",32005636,641801,4843121,"P08_SC_11","SC",8,"8",2002,"2"
"11629","7791",32005638,639900,4842562,"P08_SC_7","SC",8,"8",2002,"2"
"11630","7798",32005645,640460,4841758,"P08_CFL_115","SC",8,"8",2002,"2"
"11631","7800",32005647,643258,4841721,"P08_CFL_109","SC",8,"8",2002,"2"
"11632","7804",32005652,642753,4841110,"P08_SC_11","SC",8,"8",2002,"2"
"11633","7808",32005657,640003,4838512,"P08_CFL_41","SC",8,"8",2002,"2"
"11634","7815",32005664,638705,4854655,"P08_SC_17","SC",8,"8",2002,"2"
"11635","7818",32005667,638809,4853910,"P08_SC_15","SC",8,"8",2002,"2"
"11636","7830",32005679,641564,4840662,"P08_SC_4","SC",8,"8",2002,"2"
"11637","7832",32005681,643098,4846309,"P08_TSC_82","SC",8,"8",2002,"2"
"11638","7834",32005683,642409,4844013,"P08_CFL_182","SC",8,"8",2002,"2"
"11639","7836",32005685,641405,4843856,"P08_CFL_172","SC",8,"8",2002,"2"
"11640","7841",32005690,641547,4841215,"P08_SC_11","SC",8,"8",2002,"2"
"11641","7843",32005692,640099,4840610,"P08_CFL_88","SC",8,"8",2002,"2"
"11642","7844",32005693,642551,4840615,"P08_CFL_92","SC",8,"8",2002,"2"
"11643","7845",32005694,640551,4839017,"P08_CFL_40","SC",8,"8",2002,"2"
"11644","7848",32005697,642604,4847911,"P08_CFL_281","SC",8,"8",2002,"2"
"11645","7849",32005698,641709,4843958,"P08_TSC_59","SC",8,"8",2002,"2"
"11646","7850",32005699,641749,4843958,"P08_CFL_177","SC",8,"8",2002,"2"
"11647","7851",32005700,641359,4843613,"P08_CFL_158","SC",8,"8",2002,"2"
"11648","7852",32005701,640960,4842662,"P08_CFL_128","SC",8,"8",2002,"2"
"11649","7853",32005702,640946,4841954,"P08_CFL_128","SC",8,"8",2002,"2"
"11650","7854",32005703,640948,4841913,"P08_CFL_128","SC",8,"8",2002,"2"
"11651","7859",32005708,639601,4835355,"P08_SC_1","SC",8,"8",2002,"2"
"11652","7861",32005710,642159,4835364,"P08_CFL_349","SC",8,"8",2002,"2"
"11653","7865",32005714,642355,4834865,"P08_CFL_349","SC",8,"8",2002,"2"
"11654","7866",32005715,642255,4834818,"P08_CFL_349","SC",8,"8",2002,"2"
"11655","7867",32005716,642211,4834712,"P08_CFL_349","SC",8,"8",2002,"2"
"11656","7869",32005718,642255,4834360,"P08_CFL_349","SC",8,"8",2002,"1"
"11657","787",31003549,539826,4935409,"P04_CFL_72","BWC",4,"U4",2000,"2"
"11658","7872",32005722,638664,4857853,"P08_CFL_335","BWC",8,"8",2002,"2"
"11659","7874",32005725,639659,4848662,"P08_CFL_291","BWC",8,"8",2002,"2"
"11660","7876",32005727,640409,4848515,"P08_CFL_364","BWC",8,"8",2002,"2"
"11661","7877",32005729,644158,4845506,"P08_CFL_238","BWC",8,"8",2002,"2"
"11662","7878",32005730,644357,4845313,"P08_CFL_238","BWC",8,"8",2002,"2"
"11663","7879",32005731,644451,4843713,"P08_CFL_162","BWC",8,"8",2002,"2"
"11664","7880",32005732,644203,4843415,"P08_CFL_162","BWC",8,"8",2002,"2"
"11665","7881",32005733,643048,4842912,"P08_CFL_159","BWC",8,"8",2002,"2"
"11666","7882",32005734,643205,4842918,"P08_CFL_159","BWC",8,"8",2002,"2"
"11667","7883",32005735,638553,4857508,"P08_CFL_335","BWC",8,"8",2002,"2"
"11668","7884",32005736,638508,4856362,"P08_CFL_325","BWC",8,"8",2002,"2"
"11669","7885",32005737,641961,4848614,"P08_CFL_286","BWC",8,"8",2002,"2"
"11670","7886",32005738,641907,4848506,"P08_CFL_286","BWC",8,"8",2002,"2"
"11671","7887",32005740,644152,4845812,"P08_CFL_238","BWC",8,"8",2002,"2"
"11672","7888",32005741,644356,4845513,"P08_CFL_238","BWC",8,"8",2002,"2"
"11673","7889",32005743,644658,4843362,"P08_CFL_162","BWC",8,"8",2002,"2"
"11674","7890",32005744,644662,4843315,"P08_CFL_162","BWC",8,"8",2002,"2"
"11675","7891",32005745,644704,4843310,"P08_CFL_162","BWC",8,"8",2002,"2"
"11676","7892",32005746,640051,4839552,"P08_CFL_56","BWC",8,"8",2002,"2"
"11677","7893",32005747,639705,4836466,"P08_CFL_337","BWC",8,"8",2002,"2"
"11678","7894",32005749,637802,4858014,"P08_CFL_334","BWC",8,"8",2002,"2"
"11679","7896",32005752,640259,4839908,"P08_CFL_56","BWC",8,"8",2002,"2"
"11680","7897",32005753,637464,4858012,"P08_CFL_334","BWC",8,"8",2002,"2"
"11681","7898",32005754,642145,4846409,"P08_CFL_246","BWC",8,"8",2002,"2"
"11682","7899",32005755,642963,4843662,"P08_CFL_159","BWC",8,"8",2002,"2"
"11683","7900",32005757,640111,4840117,"","BWC",8,"8",2002,"2"
"11684","7901",32005758,640164,4839715,"P08_CFL_56","BWC",8,"8",2002,"2"
"11685","7902",32005759,640255,4839612,"P08_CFL_56","BWC",8,"8",2002,"2"
"11686","7903",32005761,639913,4835910,"P08_CFL_337","BWC",8,"8",2002,"2"
"11687","7905",32005764,640407,4835414,"P08_CFL_337","BWC",8,"8",2002,"2"
"11688","7906",32005765,639754,4849864,"P08_CFL_293","BWC",8,"8",2002,"2"
"11689","7907",32005766,639795,4849868,"P08_CFL_293","BWC",8,"8",2002,"2"
"11690","7909",32005768,640056,4836515,"P08_USCB_6","BWC",8,"8",2002,"2"
"11691","7910",32005769,643155,4841012,"P08_CFL_109","BWC",8,"8",2002,"2"
"11692","7911",32005770,640354,4839363,"P08_CFL_56","BWC",8,"8",2002,"2"
"11693","7912",32005771,637806,4857510,"P08_CFL_334","BWC",8,"8",2002,"2"
"11694","7913",32005772,638750,4857462,"P08_CFL_335","BWC",8,"8",2002,"2"
"11695","7915",32005774,644151,4845111,"P08_TSC_88","BWC",8,"8",2002,"2"
"11696","7916",32005775,643551,4844810,"P08_CFL_194","BWC",8,"8",2002,"2"
"11697","7917",32005776,644107,4841816,"P08_CFL_119","BWC",8,"8",2002,"2"
"11698","7918",32005777,643761,4841663,"P08_CFL_119","BWC",8,"8",2002,"2"
"11699","7919",32005778,643661,4841566,"P08_CFL_119","BWC",8,"8",2002,"2"
"11700","792",31003555,538524,4936608,"P04_CFL_60","BWC",4,"U4",2000,"2"
"11701","7920",32005779,643854,4841362,"P08_CFL_119","BWC",8,"8",2002,"2"
"11702","7921",32005780,643650,4841311,"P08_CFL_119","BWC",8,"8",2002,"2"
"11703","7922",32005782,641006,4840009,"P08_CFL_72","BWC",8,"8",2002,"2"
"11704","7923",32005783,639957,4838464,"P08_CFL_41","BWC",8,"8",2002,"2"
"11705","7924",32005784,639809,4835665,"P08_CFL_337","BWC",8,"8",2002,"2"
"11706","7925",32005785,642304,4847769,"P08_CFL_283","BWC",8,"8",2002,"2"
"11707","7927",32005787,643356,4844760,"P08_TSC_87","BWC",8,"8",2002,"2"
"11708","7929",32005789,641905,4842764,"P08_TSC_55","BWC",8,"8",2002,"2"
"11709","7930",32005791,643297,4841563,"P08_CFL_119","BWC",8,"8",2002,"2"
"11710","7931",32005792,640760,4841164,"P08_CFL_96","BWC",8,"8",2002,"2"
"11711","7932",32005793,642201,4841118,"P08_TSC_45","BWC",8,"8",2002,"2"
"11712","7933",32005794,642311,4840818,"P08_CFL_94","BWC",8,"8",2002,"2"
"11713","7934",32005795,641199,4840667,"P08_TSC_43","BWC",8,"8",2002,"2"
"11714","7935",32005796,640997,4840511,"P08_SC_5","BWC",8,"8",2002,"2"
"11715","7936",32005797,640956,4839316,"P08_CFL_48","BWC",8,"8",2002,"2"
"11716","7937",32005798,638253,4858352,"P08_CFL_335","BWC",8,"8",2002,"2"
"11717","7938",32005799,638060,4857763,"P08_CFL_334","BWC",8,"8",2002,"2"
"11718","7939",32005800,637804,4857562,"P08_CFL_334","BWC",8,"8",2002,"2"
"11719","7940",32005801,638708,4857504,"P08_CFL_335","BWC",8,"8",2002,"2"
"11720","7941",32005802,637810,4857310,"P08_CFL_334","BWC",8,"8",2002,"2"
"11721","7943",32005804,638655,4857113,"P08_CFL_335","BWC",8,"8",2002,"2"
"11722","7945",32005806,638712,4856708,"P08_CFL_335","BWC",8,"8",2002,"2"
"11723","7946",32005807,638708,4856360,"P08_CFL_325","BWC",8,"8",2002,"2"
"11724","7947",32005808,639200,4855716,"P08_CFL_321","BWC",8,"8",2002,"2"
"11725","7949",32005811,641857,4849311,"P08_TSC_70","BWC",8,"8",2002,"2"
"11726","7950",32005812,639607,4849262,"P08_CFL_291","BWC",8,"8",2002,"2"
"11727","7951",32005813,642148,4849015,"P08_TSC_70","BWC",8,"8",2002,"2"
"11728","7952",32005814,640855,4847813,"P08_CFL_291","BWC",8,"8",2002,"2"
"11729","7953",32005815,642956,4847569,"P08_SC_11","BWC",8,"8",2002,"2"
"11730","7954",32005816,641908,4846967,"P08_CFL_260","BWC",8,"8",2002,"2"
"11731","7957",32005819,641963,4845464,"P08_CFL_209","BWC",8,"8",2002,"2"
"11732","7958",32005820,643557,4845408,"P08_CFL_234","BWC",8,"8",2002,"2"
"11733","796",31003559,541932,4936159,"P04_CFL_67","BWC",4,"U4",2000,"2"
"11734","7960",32005822,643456,4845263,"P08_TSC_69","BWC",8,"8",2002,"1"
"11735","7961",32005823,641406,4844261,"P08_CFL_177","BWC",8,"8",2002,"2"
"11736","7962",32005824,642054,4844262,"P08_CFL_228","BWC",8,"8",2002,"2"
"11737","7963",32005825,641061,4843811,"P08_CFL_164","BWC",8,"8",2002,"2"
"11738","7964",32005826,642104,4843159,"P08_TSC_55","BWC",8,"8",2002,"2"
"11739","7965",32005827,643159,4842716,"P08_CFL_159","BWC",8,"8",2002,"2"
"11740","7966",32005829,641803,4842303,"P08_CFL_122","BWC",8,"8",2002,"2"
"11741","7967",32005833,641455,4841864,"P08_CFL_114","BWC",8,"8",2002,"2"
"11742","7969",32005835,641513,4841667,"P08_CFL_107","BWC",8,"8",2002,"2"
"11743","7971",32005838,644099,4841460,"P08_CFL_119","BWC",8,"8",2002,"2"
"11744","7972",32005839,640961,4841161,"P08_CFL_93","BWC",8,"8",2002,"2"
"11745","7973",32005840,643001,4840861,"P08_CFL_85","BWC",8,"8",2002,"2"
"11746","7974",32005841,642007,4840712,"P08_CFL_94","BWC",8,"8",2002,"2"
"11747","7975",32005842,643204,4840664,"P08_CFL_78","BWC",8,"8",2002,"2"
"11748","7976",32005844,638873,4837957,"P08_CFL_344","BWC",8,"8",2002,"2"
"11749","7977",32005846,638505,4851258,"P08_CFL_348","BWC",8,"8",2002,"2"
"11750","7978",32005847,638401,4851061,"P08_CFL_348","BWC",8,"8",2002,"2"
"11751","7979",32005848,638704,4851017,"P08_CFL_348","BWC",8,"8",2002,"2"
"11752","7980",32005849,638352,4850858,"P08_CFL_348","BWC",8,"8",2002,"2"
"11753","7981",32005850,637903,4850056,"P08_CFL_348","BWC",8,"8",2002,"2"
"11754","7982",32005852,639805,4845712,"P08_CFL_224","BWC",8,"8",2002,"2"
"11755","7983",32005853,639396,4845317,"P08_CFL_224","BWC",8,"8",2002,"2"
"11756","7984",32005854,639206,4844864,"P08_CFL_224","BWC",8,"8",2002,"2"
"11757","7985",32005855,639413,4844809,"P08_CFL_224","BWC",8,"8",2002,"2"
"11758","7986",32005856,639656,4844808,"P08_CFL_224","BWC",8,"8",2002,"2"
"11759","7987",32005857,639052,4844612,"P08_CFL_224","BWC",8,"8",2002,"2"
"11760","7988",32005858,639152,4844462,"P08_CFL_224","BWC",8,"8",2002,"2"
"11761","7989",32005859,639854,4844519,"P08_CFL_224","BWC",8,"8",2002,"2"
"11762","7990",32005860,639158,4844416,"P08_CFL_224","BWC",8,"8",2002,"2"
"11763","7991",32005861,639654,4844307,"P08_CFL_224","BWC",8,"8",2002,"2"
"11764","7992",32005862,639308,4844156,"P08_CFL_224","BWC",8,"8",2002,"2"
"11765","7993",32005863,638896,4850618,"P08_CFL_348","BWC",8,"8",2002,"2"
"11766","7994",32005864,638858,4850560,"P08_CFL_348","BWC",8,"8",2002,"2"
"11767","7995",32005865,639052,4850562,"P08_CFL_348","BWC",8,"8",2002,"2"
"11768","7996",32005866,638755,4850265,"P08_CFL_348","BWC",8,"8",2002,"2"
"11769","7997",32005867,639453,4844157,"P08_CFL_224","BWC",8,"8",2002,"2"
"11770","7998",32005868,639503,4844159,"P08_CFL_224","BWC",8,"8",2002,"2"
"11771","7999",32005869,639305,4843865,"P08_CFL_224","BWC",8,"8",2002,"2"
"11772","8000",32005870,639606,4843853,"P08_CFL_224","BWC",8,"8",2002,"2"
"11773","8001",32005871,639506,4843809,"P08_CFL_224","BWC",8,"8",2002,"2"
"11774","8002",32005872,639807,4843614,"P08_CFL_224","BWC",8,"8",2002,"2"
"11775","8003",32005873,639511,4843508,"P08_CFL_224","BWC",8,"8",2002,"2"
"11776","8004",32005874,639906,4843455,"P08_CFL_224","BWC",8,"8",2002,"2"
"11777","8005",32005875,639699,4843356,"P08_CFL_224","BWC",8,"8",2002,"2"
"11778","8006",32005876,639447,4843264,"P08_CFL_224","BWC",8,"8",2002,"2"
"11779","8007",32005877,639756,4843260,"P08_CFL_224","BWC",8,"8",2002,"2"
"11780","8008",32005878,639458,4843010,"P08_CFL_224","BWC",8,"8",2002,"2"
"11781","8010",32005880,639208,4843913,"P08_CFL_224","BWC",8,"8",2002,"2"
"11782","8011",32005881,640097,4843859,"P08_CFL_224","BWC",8,"8",2002,"2"
"11783","8012",32005882,639211,4843518,"P08_CFL_224","BWC",8,"8",2002,"2"
"11784","8013",32005883,639598,4842409,"P08_CFL_224","BWC",8,"8",2002,"2"
"11785","8014",32005884,639256,4841964,"P08_CFL_224","BWC",8,"8",2002,"2"
"11786","8015",32005885,641310,4840457,"P08_CFL_79","BWC",8,"8",2002,"2"
"11787","8017",32005887,642053,4840312,"P08_CFL_66","BWC",8,"8",2002,"2"
"11788","8019",32005889,643709,4840719,"P08_CFL_119","BWC",8,"8",2002,"2"
"11789","8022",32005892,641045,4840207,"P08_CFL_62","BWC",8,"8",2002,"2"
"11790","8023",32005893,642849,4840056,"P08_CFL_343","BWC",8,"8",2002,"2"
"11791","8024",32005894,641060,4839963,"P08_CFL_343","BWC",8,"8",2002,"2"
"11792","8025",32005895,643310,4840515,"P08_CFL_343","BWC",8,"8",2002,"2"
"11793","8026",32005896,639259,4834109,"P08_CFL_17","IMP",8,"8",2002,"2"
"11794","8027",32005897,639308,4833261,"P08_CFL_17","IMP",8,"8",2002,"2"
"11795","8028",32005898,639804,4829214,"P08_CFL_340","IMP",8,"8",2002,"2"
"11796","8030",32005900,641905,4840211,"P08_TSC_31","IMP",8,"8",2002,"2"
"11797","8031",32005901,643305,4833066,"P08_CFL_349","IMP",8,"8",2002,"2"
"11798","8032",32005902,639853,4829559,"P08_CFL_340","IMP",8,"8",2002,"2"
"11799","8033",32005903,640057,4829362,"P08_CFL_340","IMP",8,"8",2002,"2"
"11800","8034",32005904,640151,4829265,"P08_CFL_340","IMP",8,"8",2002,"2"
"11801","8035",32005905,641862,4839912,"P08_TSC_31","IMP",8,"8",2002,"2"
"11802","8037",32005907,641660,4836513,"P08_CFL_343","IMP",8,"8",2002,"1"
"11803","8038",32005908,640455,4834315,"P08_CFL_337","IMP",8,"8",2002,"2"
"11804","8046",32005916,643608,4840513,"P08_CFL_343","IMP",8,"8",2002,"2"
"11805","8048",32005918,643555,4840009,"P08_CFL_343","IMP",8,"8",2002,"2"
"11806","8049",32005919,642252,4839856,"P08_CFL_343","IMP",8,"8",2002,"2"
"11807","8053",32005923,642207,4839459,"P08_CFL_343","IMP",8,"8",2002,"2"
"11808","8055",32005925,643301,4839413,"P08_CFL_343","IMP",8,"8",2002,"2"
"11809","8056",32005926,643161,4839264,"P08_CFL_343","IMP",8,"8",2002,"2"
"11810","8057",32005927,643409,4839259,"P08_CFL_343","IMP",8,"8",2002,"2"
"11811","8059",32005930,641813,4839117,"P08_CFL_343","IMP",8,"8",2002,"2"
"11812","8061",32005932,641548,4839057,"P08_TSC_26","IMP",8,"8",2002,"1"
"11813","8062",32005933,641758,4838906,"P08_CFL_343","IMP",8,"8",2002,"2"
"11814","8063",32005934,643146,4838712,"P08_CFL_343","IMP",8,"8",2002,"1"
"11815","8065",32005936,640710,4838616,"P08_CFL_343","IMP",8,"8",2002,"2"
"11816","8066",32005937,641557,4838612,"P08_CFL_343","IMP",8,"8",2002,"2"
"11817","8067",32005938,641101,4838566,"P08_CFL_343","IMP",8,"8",2002,"2"
"11818","8068",32005939,640714,4838416,"P08_CFL_343","IMP",8,"8",2002,"2"
"11819","8070",32005941,640708,4838260,"P08_CFL_343","IMP",8,"8",2002,"2"
"11820","8072",32005943,643208,4838265,"P08_CFL_343","IMP",8,"8",2002,"2"
"11821","8074",32005946,641208,4838113,"P08_CFL_343","IMP",8,"8",2002,"2"
"11822","8076",32005948,640912,4837960,"P08_CFL_343","IMP",8,"8",2002,"2"
"11823","8081",32005953,640913,4837611,"P08_CFL_343","IMP",8,"8",2002,"1"
"11824","8083",32005955,643054,4837614,"P08_CFL_343","IMP",8,"8",2002,"2"
"11825","8086",32005958,643258,4837462,"P08_CFL_27","IMP",8,"8",2002,"2"
"11826","8088",32005960,641260,4837366,"P08_CFL_343","IMP",8,"8",2002,"2"
"11827","8089",32005961,640608,4837215,"P08_CFL_343","IMP",8,"8",2002,"2"
"11828","8094",32005966,640405,4836914,"P08_CFL_343","IMP",8,"8",2002,"2"
"11829","8095",32005967,640759,4836761,"P08_CFL_343","IMP",8,"8",2002,"2"
"11830","8096",32005968,643355,4836664,"P08_CFL_27","IMP",8,"8",2002,"2"
"11831","8098",32005970,643259,4836559,"P08_CFL_27","IMP",8,"8",2002,"2"
"11832","8099",32005972,642851,4836412,"P08_CFL_27","IMP",8,"8",2002,"2"
"11833","8101",32005974,642198,4836159,"P08_CFL_27","IMP",8,"8",2002,"2"
"11834","8103",32005976,642257,4835968,"P08_CFL_27","IMP",8,"8",2002,"2"
"11835","8104",32005977,642455,4835967,"P08_CFL_27","IMP",8,"8",2002,"2"
"11836","8105",32005978,642903,4835911,"P08_CFL_27","IMP",8,"8",2002,"2"
"11837","8106",32005979,643004,4835665,"P08_CFL_27","IMP",8,"8",2002,"2"
"11838","8107",32005980,640957,4835612,"P08_CFL_337","IMP",8,"8",2002,"2"
"11839","8108",32005981,641112,4835508,"P08_CFL_337","IMP",8,"8",2002,"2"
"11840","8109",32005982,640904,4835463,"P08_CFL_337","IMP",8,"8",2002,"2"
"11841","811",31003576,540379,4936009,"P04_CFL_72","BWC",4,"U4",2000,"2"
"11842","8110",32005983,642703,4835466,"P08_CFL_27","IMP",8,"8",2002,"2"
"11843","8111",32005984,643057,4835411,"P08_CFL_27","IMP",8,"8",2002,"2"
"11844","8113",32005986,640851,4835203,"P08_CFL_337","IMP",8,"8",2002,"2"
"11845","8115",32005988,640805,4835062,"P08_CFL_337","IMP",8,"8",2002,"2"
"11846","8116",32005989,640108,4834913,"P08_CFL_337","IMP",8,"8",2002,"2"
"11847","8118",32005991,640954,4834761,"P08_CFL_337","IMP",8,"8",2002,"2"
"11848","8119",32005992,641108,4834758,"P08_CFL_337","IMP",8,"8",2002,"2"
"11849","8120",32005993,639899,4834721,"P08_SC_1","IMP",8,"8",2002,"1"
"11850","8121",32005994,640954,4834662,"P08_CFL_337","IMP",8,"8",2002,"2"
"11851","8122",32005995,641455,4834663,"P08_CFL_342","IMP",8,"8",2002,"2"
"11852","8123",32005996,640600,4834617,"P08_CFL_337","IMP",8,"8",2002,"2"
"11853","8125",32005999,640451,4834465,"P08_CFL_337","IMP",8,"8",2002,"2"
"11854","8126",32006000,641054,4834358,"P08_CFL_342","IMP",8,"8",2002,"2"
"11855","8127",32006001,642859,4834363,"P08_CFL_349","IMP",8,"8",2002,"2"
"11856","8129",32006003,640759,4834219,"P08_CFL_342","IMP",8,"8",2002,"2"
"11857","813",31003580,539680,4935810,"P04_TSC_11","BWC",4,"U4",2000,"2"
"11858","8130",32006004,642309,4834104,"P08_CFL_349","IMP",8,"8",2002,"1"
"11859","8132",32006006,641348,4834056,"P08_CFL_342","IMP",8,"8",2002,"2"
"11860","8134",32006008,641453,4833959,"P08_CFL_342","IMP",8,"8",2002,"2"
"11861","8136",32006011,641158,4833661,"P08_CFL_342","IMP",8,"8",2002,"1"
"11862","8137",32006012,640249,4833615,"P08_CFL_10","IMP",8,"8",2002,"2"
"11863","8139",32006014,640657,4833559,"P08_CFL_342","IMP",8,"8",2002,"1"
"11864","814",31003581,540629,4935607,"P04_CFL_72","BWC",4,"U4",2000,"2"
"11865","8140",32006015,640803,4833510,"P08_CFL_342","IMP",8,"8",2002,"2"
"11866","8141",32006016,641806,4833521,"P08_CFL_342","IMP",8,"8",2002,"2"
"11867","8142",32006017,639958,4833402,"P08_CFL_15","IMP",8,"8",2002,"2"
"11868","8144",32006019,641206,4833159,"P08_CFL_342","IMP",8,"8",2002,"2"
"11869","8146",32006021,642200,4833109,"P08_CFL_342","IMP",8,"8",2002,"2"
"11870","8147",32006022,640401,4832964,"P08_CFL_7","IMP",8,"8",2002,"2"
"11871","8148",32006023,640603,4832966,"P08_CFL_342","IMP",8,"8",2002,"2"
"11872","8149",32006024,643353,4832960,"P08_CFL_349","IMP",8,"8",2002,"2"
"11873","8150",32006025,640707,4832913,"P08_CFL_342","IMP",8,"8",2002,"1"
"11874","8156",32006031,641599,4832609,"P08_CFL_342","IMP",8,"8",2002,"2"
"11875","8159",32006034,641606,4832510,"P08_CFL_342","IMP",8,"8",2002,"2"
"11876","816",31003585,579083,4914961,"P04_CFL_19","BWC",4,"L4",2000,"2"
"11877","8160",32006035,641403,4832461,"P08_CFL_342","IMP",8,"8",2002,"2"
"11878","8163",32006038,639404,4832258,"P08_TSC_18","IMP",8,"8",2002,"2"
"11879","8168",32006044,641349,4832018,"P08_CFL_342","IMP",8,"8",2002,"2"
"11880","8169",32006045,643150,4832007,"P08_CFL_342","IMP",8,"8",2002,"2"
"11881","817",31003586,578977,4918006,"P04_CFL_19","BWC",4,"L4",2000,"2"
"11882","8170",32006046,642404,4831905,"P08_CFL_342","IMP",8,"8",2002,"1"
"11883","8175",32006051,642660,4831660,"P08_CFL_342","IMP",8,"8",2002,"2"
"11884","8176",32006052,643257,4831621,"P08_CFL_342","IMP",8,"8",2002,"2"
"11885","8177",32006053,639906,4831559,"P08_CFL_342","IMP",8,"8",2002,"2"
"11886","8178",32006054,643009,4831561,"P08_CFL_342","IMP",8,"8",2002,"2"
"11887","8179",32006055,642501,4831509,"P08_CFL_342","IMP",8,"8",2002,"1"
"11888","818",31003587,578983,4917909,"P04_CFL_19","BWC",4,"L4",2000,"2"
"11889","8181",32006057,639914,4831318,"P08_CFL_342","IMP",8,"8",2002,"2"
"11890","8183",32006059,641656,4831164,"P08_CFL_342","IMP",8,"8",2002,"1"
"11891","8187",32006063,643105,4831068,"P08_CFL_342","IMP",8,"8",2002,"2"
"11892","819",31003588,579079,4917758,"P04_CFL_19","BWC",4,"L4",2000,"2"
"11893","82",31002025,538882,4936206,"P04_TSC_11","SC",4,"U4",1998,"2"
"11894","820",31003590,572078,4919553,"P04_CFL_117","BWC",4,"L4",2000,"2"
"11895","8206",32006082,640005,4830214,"P08_CFL_342","IMP",8,"8",2002,"2"
"11896","8209",32006085,641957,4830111,"P08_CFL_342","IMP",8,"8",2002,"2"
"11897","821",31003592,571779,4918360,"P04_CFL_20","BWC",4,"L4",2000,"2"
"11898","8210",32006086,640408,4830009,"P08_CFL_342","IMP",8,"8",2002,"2"
"11899","8213",32006089,642559,4829964,"P08_CFL_342","IMP",8,"8",2002,"2"
"11900","8215",32006091,639705,4829758,"P08_CFL_340","IMP",8,"8",2002,"2"
"11901","822",31003593,581233,4912607,"P04_CFL_44","BWC",4,"L4",2000,"2"
"11902","823",31003594,581428,4912411,"P04_CFL_44","BWC",4,"L4",2000,"2"
"11903","8231",32006107,641809,4828665,"P08_CFL_342","IMP",8,"8",2002,"1"
"11904","8236",32006112,641404,4828068,"P08_CFL_340","IMP",8,"8",2002,"2"
"11905","8238",32006114,643406,4836911,"P08_CFL_27","IMP",8,"8",2002,"2"
"11906","8239",32006115,643305,4836109,"P08_CFL_27","IMP",8,"8",2002,"2"
"11907","824",31003595,579584,4911858,"P04_CFL_44","BWC",4,"L4",2000,"2"
"11908","8240",32006116,643108,4835367,"P08_CFL_27","IMP",8,"8",2002,"2"
"11909","8241",32006117,642906,4834761,"P08_CFL_349","IMP",8,"8",2002,"2"
"11910","8242",32006118,640450,4829068,"P08_CFL_340","IMP",8,"8",2002,"2"
"11911","8243",32006119,641010,4828471,"P08_CFL_340","IMP",8,"8",2002,"2"
"11912","8244",32006120,643353,4828464,"P08_CFL_339","IMP",8,"8",2002,"2"
"11913","8246",32007227,641202,4847062,"P08_SCB_26","MBC",8,"8",2004,"2"
"11914","825",31003596,579478,4911817,"P04_CFL_44","BWC",4,"L4",2000,"2"
"11915","826",31003597,579681,4911456,"P04_CFL_44","BWC",4,"L4",2000,"2"
"11916","827",31003598,579829,4911360,"P04_CFL_44","BWC",4,"L4",2000,"2"
"11917","8279",32007261,639750,4840159,"P08_SCB_25","MBC",8,"8",2004,"2"
"11918","8282",32007264,639951,4837507,"P08_SCB_25","MBC",8,"8",2004,"2"
"11919","8284",32007266,640399,4836362,"P08_SCB_24","MBC",8,"8",2004,"2"
"11920","8285",32007267,640501,4836315,"P08_SCB_24","MBC",8,"8",2004,"1"
"11921","8286",32007268,640650,4836219,"P08_SCB_24","MBC",8,"8",2004,"2"
"11922","8288",32007270,641604,4835013,"P08_SCB_21","MBC",8,"8",2004,"2"
"11923","829",31003602,584634,4911458,"P04_CFL_250","BWC",4,"L4",2000,"2"
"11924","8292",32007274,642555,4826563,"P08_CFL_338","MBC",8,"8",2004,"2"
"11925","8293",32007275,642603,4826414,"P08_CFL_338","MBC",8,"8",2004,"2"
"11926","830",31003603,584530,4910855,"P04_CFL_268","BWC",4,"L4",2000,"2"
"11927","831",31003604,584281,4910758,"P04_CFL_253","BWC",4,"L4",2000,"2"
"11928","8318",32007301,641609,4848506,"P08_SCB_26","MBC",8,"8",2004,"2"
"11929","832",31003605,584533,4910762,"P04_TSC_31","BWC",4,"L4",2000,"2"
"11930","8323",32007306,640755,4844363,"P08_SC_9","MBC",8,"8",2004,"2"
"11931","833",31003606,584380,4910710,"P04_CFL_253","BWC",4,"L4",2000,"2"
"11932","8330",32007313,639805,4838817,"P08_SCB_25","MBC",8,"8",2004,"2"
"11933","8331",32007314,639710,4838760,"P08_SCB_25","MBC",8,"8",2004,"2"
"11934","8332",32007315,639206,4837912,"P08_SCB_22","MBC",8,"8",2004,"2"
"11935","8334",32007317,639453,4837609,"P08_SCB_22","MBC",8,"8",2004,"2"
"11936","8335",32007318,639956,4837612,"P08_SCB_25","MBC",8,"8",2004,"2"
"11937","8336",32007319,639506,4837502,"P08_SCB_22","MBC",8,"8",2004,"2"
"11938","8337",32007320,639557,4837463,"P08_SCB_22","MBC",8,"8",2004,"2"
"11939","8338",32007321,640955,4836215,"P08_SCB_24","MBC",8,"8",2004,"2"
"11940","8339",32007322,642502,4826761,"P08_CFL_338","MBC",8,"8",2004,"2"
"11941","834",31003607,584530,4910708,"P04_TSC_31","BWC",4,"L4",2000,"2"
"11942","8340",32007323,642504,4826363,"P08_CFL_338","MBC",8,"8",2004,"2"
"11943","8345",32007328,639204,4856464,"P08_CFL_322","SC",8,"8",2004,"2"
"11944","835",31003608,580034,4917658,"P04_CFL_19","BWC",4,"L4",2000,"2"
"11945","8353",32007339,642313,4846365,"P08_CFL_246","SC",8,"8",2004,"2"
"11946","8355",32007342,642400,4846120,"P08_SC_11","SC",8,"8",2004,"2"
"11947","8356",32007343,641455,4846065,"P08_CFL_247","SC",8,"8",2004,"2"
"11948","836",31003609,580179,4917406,"P04_CFL_19","BWC",4,"L4",2000,"2"
"11949","8369",32007357,643707,4844410,"P08_TSC_69","SC",8,"8",2004,"1"
"11950","8373",32007361,641806,4843118,"P08_SC_11","SC",8,"8",2004,"2"
"11951","8376",32007364,641505,4842309,"P08_SC_11","SC",8,"8",2004,"2"
"11952","8380",32007368,640303,4841905,"P08_SCB_25","SC",8,"8",2004,"2"
"11953","8382",32007370,640456,4841760,"P08_CFL_115","SC",8,"8",2004,"2"
"11954","8384",32007372,643257,4841713,"P08_TSC_49","SC",8,"8",2004,"2"
"11955","8389",32007377,642756,4841110,"P08_SC_11","SC",8,"8",2004,"1"
"11956","8391",32007379,642453,4840714,"P08_TSC_41","SC",8,"8",2004,"1"
"11957","8392",32007380,640503,4840560,"P08_CFL_84","SC",8,"8",2004,"2"
"11958","8394",32007382,640008,4838515,"P08_CFL_41","SC",8,"8",2004,"2"
"11959","84",31002028,556079,4924411,"P04_CFL_100","BWC",4,"U4",1998,"2"
"11960","840",31003613,579828,4917057,"P04_CFL_19","BWC",4,"L4",2000,"2"
"11961","8401",32007389,638708,4854661,"P08_SC_17","SC",8,"8",2004,"2"
"11962","8404",32007392,638807,4853908,"P08_SC_15","SC",8,"8",2004,"2"
"11963","8415",32007404,641562,4840668,"P08_SC_4","SC",8,"8",2004,"2"
"11964","8419",32007408,642405,4844011,"P08_CFL_182","SC",8,"8",2004,"2"
"11965","8426",32007417,640099,4840613,"P08_CFL_88","SC",8,"8",2004,"2"
"11966","8427",32007418,642557,4840610,"P08_CFL_92","SC",8,"8",2004,"2"
"11967","8428",32007419,640557,4839017,"P08_CFL_40","SC",8,"8",2004,"2"
"11968","8429",32007420,638910,4837066,"P08_TSC_24","SC",8,"8",2004,"2"
"11969","843",31003616,579578,4916553,"P04_CFL_19","BWC",4,"L4",2000,"2"
"11970","8430",32007421,641959,4849314,"P08_TSC_70","SC",8,"8",2004,"2"
"11971","8431",32007422,642603,4847910,"P08_CFL_281","SC",8,"8",2004,"2"
"11972","8432",32007423,641708,4843966,"P08_TSC_59","SC",8,"8",2004,"2"
"11973","8433",32007424,641753,4843964,"P08_CFL_177","SC",8,"8",2004,"2"
"11974","8434",32007426,640958,4842661,"P08_CFL_128","SC",8,"8",2004,"2"
"11975","8435",32007427,640956,4841962,"P08_CFL_128","SC",8,"8",2004,"2"
"11976","8436",32007428,640956,4841913,"P08_CFL_128","SC",8,"8",2004,"2"
"11977","8437",32007429,638912,4837117,"P08_TSC_24","SC",8,"8",2004,"2"
"11978","8439",32007431,639664,4835661,"P08_TSC_22","SC",8,"8",2004,"1"
"11979","844",31003617,580080,4916508,"P04_CFL_19","BWC",4,"L4",2000,"2"
"11980","8443",32007435,642157,4835361,"P08_CFL_349","SC",8,"8",2004,"2"
"11981","8445",32007437,640204,4829807,"P08_SC_1","SC",8,"8",2004,"2"
"11982","8448",32007440,642258,4834815,"P08_CFL_349","SC",8,"8",2004,"2"
"11983","8449",32007441,642205,4834708,"P08_CFL_349","SC",8,"8",2004,"1"
"11984","845",31003618,581081,4916510,"P04_CFL_19","BWC",4,"L4",2000,"2"
"11985","8454",32007447,638654,4857859,"P08_CFL_335","BWC",8,"8",2004,"2"
"11986","8458",32007452,640407,4848507,"P08_CFL_364","BWC",8,"8",2004,"2"
"11987","8460",32007456,644461,4843709,"P08_CFL_162","BWC",8,"8",2004,"2"
"11988","8461",32007457,644201,4843413,"P08_CFL_162","BWC",8,"8",2004,"2"
"11989","8462",32007458,643058,4842914,"P08_CFL_159","BWC",8,"8",2004,"2"
"11990","8463",32007459,643206,4842914,"P08_CFL_159","BWC",8,"8",2004,"2"
"11991","8464",32007460,638553,4857514,"P08_CFL_335","BWC",8,"8",2004,"2"
"11992","8465",32007461,638504,4856367,"P08_CFL_325","BWC",8,"8",2004,"2"
"11993","8466",32007462,641958,4848615,"P08_CFL_286","BWC",8,"8",2004,"2"
"11994","8467",32007463,641907,4848509,"P08_CFL_286","BWC",8,"8",2004,"2"
"11995","8468",32007467,643264,4844254,"P08_CFL_179","BWC",8,"8",2004,"2"
"11996","8469",32007468,644654,4843360,"P08_CFL_162","BWC",8,"8",2004,"2"
"11997","847",31003620,579180,4916309,"P04_CFL_19","BWC",4,"L4",2000,"2"
"11998","8470",32007469,644657,4843314,"P08_CFL_162","BWC",8,"8",2004,"2"
"11999","8471",32007470,644707,4843308,"P08_CFL_162","BWC",8,"8",2004,"2"
"12000","8472",32007471,640052,4839552,"P08_CFL_56","BWC",8,"8",2004,"2"
"12001","8473",32007472,639699,4836466,"P08_CFL_337","BWC",8,"8",2004,"2"
"12002","8474",32007473,640259,4836165,"P08_SCB_21","BWC",8,"8",2004,"2"
"12003","8475",32007474,637807,4858016,"P08_CFL_334","BWC",8,"8",2004,"2"
"12004","8476",32007475,644155,4842968,"P08_TSC_53","BWC",8,"8",2004,"2"
"12005","8477",32007477,640249,4839906,"P08_CFL_56","BWC",8,"8",2004,"2"
"12006","8478",32007478,637460,4858008,"P08_CFL_334","BWC",8,"8",2004,"2"
"12007","8479",32007479,642153,4846407,"P08_CFL_246","BWC",8,"8",2004,"2"
"12008","8480",32007480,642960,4843661,"P08_CFL_159","BWC",8,"8",2004,"2"
"12009","8481",32007482,640110,4840116,"","BWC",8,"8",2004,"2"
"12010","8482",32007483,640159,4839716,"P08_CFL_56","BWC",8,"8",2004,"2"
"12011","8483",32007484,640257,4839615,"P08_CFL_56","BWC",8,"8",2004,"2"
"12012","8484",32007485,639905,4836162,"P08_CFL_337","BWC",8,"8",2004,"2"
"12013","8485",32007486,639905,4835909,"P08_CFL_337","BWC",8,"8",2004,"2"
"12014","8486",32007487,640405,4835812,"P08_CFL_337","BWC",8,"8",2004,"2"
"12015","8487",32007488,639954,4835566,"P08_CFL_337","BWC",8,"8",2004,"2"
"12016","8488",32007489,640409,4835408,"P08_CFL_337","BWC",8,"8",2004,"2"
"12017","8489",32007490,639751,4849863,"P08_CFL_293","BWC",8,"8",2004,"2"
"12018","8490",32007492,639753,4849809,"P08_CFL_293","BWC",8,"8",2004,"2"
"12019","8491",32007493,640053,4836511,"P08_USCB_6","BWC",8,"8",2004,"2"
"12020","8492",32007494,643158,4841012,"P08_CFL_109","BWC",8,"8",2004,"2"
"12021","8493",32007495,640356,4839360,"P08_CFL_56","BWC",8,"8",2004,"2"
"12022","8494",32007496,637807,4857512,"P08_CFL_334","BWC",8,"8",2004,"2"
"12023","8495",32007497,638753,4857460,"P08_CFL_335","BWC",8,"8",2004,"2"
"12024","8497",32007501,644109,4841817,"P08_CFL_119","BWC",8,"8",2004,"2"
"12025","8498",32007502,643760,4841660,"P08_CFL_119","BWC",8,"8",2004,"2"
"12026","8499",32007503,643653,4841558,"P08_CFL_119","BWC",8,"8",2004,"2"
"12027","8500",32007504,643852,4841369,"P08_CFL_119","BWC",8,"8",2004,"2"
"12028","8501",32007505,643660,4841312,"P08_CFL_119","BWC",8,"8",2004,"2"
"12029","8502",32007507,641002,4840019,"P08_CFL_72","BWC",8,"8",2004,"2"
"12030","8503",32007508,639956,4838465,"P08_CFL_41","BWC",8,"8",2004,"2"
"12031","8504",32007509,639805,4835662,"P08_CFL_337","BWC",8,"8",2004,"2"
"12032","8505",32007510,642300,4847768,"P08_CFL_283","BWC",8,"8",2004,"2"
"12033","8507",32007514,641905,4842762,"P08_TSC_55","BWC",8,"8",2004,"2"
"12034","8508",32007515,642256,4841965,"P08_CFL_122","BWC",8,"8",2004,"2"
"12035","8509",32007516,643295,4841564,"P08_CFL_119","BWC",8,"8",2004,"2"
"12036","851",31003624,580284,4916156,"P04_CFL_19","BWC",4,"L4",2000,"2"
"12037","8510",32007517,640754,4841163,"P08_CFL_96","BWC",8,"8",2004,"2"
"12038","8511",32007518,642208,4841114,"P08_TSC_45","BWC",8,"8",2004,"2"
"12039","8512",32007519,642306,4840814,"P08_CFL_94","BWC",8,"8",2004,"2"
"12040","8513",32007520,641205,4840663,"P08_TSC_43","BWC",8,"8",2004,"2"
"12041","8514",32007521,641006,4840512,"P08_SC_5","BWC",8,"8",2004,"1"
"12042","8515",32007522,640958,4839312,"P08_CFL_48","BWC",8,"8",2004,"2"
"12043","8516",32007523,638258,4858358,"P08_CFL_335","BWC",8,"8",2004,"2"
"12044","8517",32007524,638052,4857760,"P08_CFL_334","BWC",8,"8",2004,"2"
"12045","8518",32007525,637806,4857564,"P08_CFL_334","BWC",8,"8",2004,"2"
"12046","8520",32007527,637803,4857317,"P08_CFL_334","BWC",8,"8",2004,"2"
"12047","8522",32007529,638661,4857113,"P08_CFL_335","BWC",8,"8",2004,"2"
"12048","8524",32007531,638706,4856714,"P08_CFL_335","BWC",8,"8",2004,"2"
"12049","8525",32007532,638705,4856363,"P08_CFL_325","BWC",8,"8",2004,"2"
"12050","8526",32007533,639200,4855717,"P08_CFL_321","BWC",8,"8",2004,"2"
"12051","8527",32007536,641852,4849313,"P08_TSC_70","BWC",8,"8",2004,"2"
"12052","8528",32007537,639611,4849265,"P08_CFL_291","BWC",8,"8",2004,"2"
"12053","853",31003626,581332,4916056,"P04_CFL_19","BWC",4,"L4",2000,"2"
"12054","8530",32007539,640851,4847816,"P08_CFL_291","BWC",8,"8",2004,"2"
"12055","8531",32007540,642953,4847561,"P08_SC_11","BWC",8,"8",2004,"2"
"12056","8532",32007541,641902,4846969,"P08_CFL_260","BWC",8,"8",2004,"2"
"12057","8533",32007543,641453,4845620,"P08_CFL_221","BWC",8,"8",2004,"2"
"12058","8534",32007544,641947,4845460,"P08_CFL_209","BWC",8,"8",2004,"2"
"12059","8535",32007548,641406,4844256,"P08_CFL_177","BWC",8,"8",2004,"2"
"12060","8536",32007549,642036,4844282,"P08_CFL_228","BWC",8,"8",2004,"2"
"12061","8537",32007550,641057,4843810,"P08_CFL_164","BWC",8,"8",2004,"2"
"12062","8538",32007551,642110,4843161,"P08_TSC_55","BWC",8,"8",2004,"2"
"12063","8539",32007552,643164,4842705,"P08_CFL_159","BWC",8,"8",2004,"2"
"12064","8540",32007554,641809,4842314,"P08_CFL_122","BWC",8,"8",2004,"2"
"12065","8541",32007555,642715,4842204,"P08_CFL_159","BWC",8,"8",2004,"2"
"12066","8542",32007556,642908,4842059,"P08_CFL_159","BWC",8,"8",2004,"2"
"12067","8543",32007557,640556,4841863,"P08_CFL_115","BWC",8,"8",2004,"2"
"12068","8544",32007558,641456,4841864,"P08_CFL_114","BWC",8,"8",2004,"2"
"12069","8546",32007560,641507,4841664,"P08_CFL_107","BWC",8,"8",2004,"2"
"12070","8547",32007562,643515,4841560,"P08_CFL_119","BWC",8,"8",2004,"2"
"12071","8549",32007565,643002,4840857,"P08_CFL_85","BWC",8,"8",2004,"2"
"12072","8550",32007566,642009,4840714,"P08_CFL_94","BWC",8,"8",2004,"2"
"12073","8551",32007567,643201,4840659,"P08_CFL_78","BWC",8,"8",2004,"2"
"12074","8552",32007568,640251,4840264,"P08_CFL_58","BWC",8,"8",2004,"2"
"12075","8553",32007569,638857,4837961,"P08_CFL_344","BWC",8,"8",2004,"2"
"12076","8554",32007570,640055,4837659,"P08_CFL_343","BWC",8,"8",2004,"2"
"12077","8555",32007571,638504,4851261,"P08_CFL_348","BWC",8,"8",2004,"2"
"12078","8556",32007572,638403,4851067,"P08_CFL_348","BWC",8,"8",2004,"2"
"12079","8557",32007573,638706,4851013,"P08_CFL_348","BWC",8,"8",2004,"2"
"12080","8558",32007574,638354,4850864,"P08_CFL_348","BWC",8,"8",2004,"2"
"12081","8559",32007575,637902,4850065,"P08_CFL_348","BWC",8,"8",2004,"2"
"12082","856",31003629,580827,4915659,"P04_CFL_19","BWC",4,"L4",2000,"2"
"12083","8560",32007576,639905,4845962,"P08_CFL_224","BWC",8,"8",2004,"2"
"12084","8561",32007577,639805,4845715,"P08_CFL_224","BWC",8,"8",2004,"2"
"12085","8562",32007578,639404,4845313,"P08_CFL_224","BWC",8,"8",2004,"2"
"12086","8563",32007579,639206,4844862,"P08_CFL_224","BWC",8,"8",2004,"2"
"12087","8564",32007580,639406,4844814,"P08_CFL_224","BWC",8,"8",2004,"2"
"12088","8565",32007581,639655,4844815,"P08_CFL_224","BWC",8,"8",2004,"2"
"12089","8566",32007582,639055,4844611,"P08_CFL_224","BWC",8,"8",2004,"2"
"12090","8567",32007583,639156,4844462,"P08_CFL_224","BWC",8,"8",2004,"2"
"12091","8568",32007584,639857,4844508,"P08_CFL_224","BWC",8,"8",2004,"2"
"12092","8569",32007585,639157,4844413,"P08_CFL_224","BWC",8,"8",2004,"2"
"12093","857",31003630,581637,4915504,"P04_CFL_19","BWC",4,"L4",2000,"2"
"12094","8570",32007586,639656,4844316,"P08_CFL_224","BWC",8,"8",2004,"2"
"12095","8571",32007587,639308,4844163,"P08_CFL_224","BWC",8,"8",2004,"2"
"12096","8572",32007588,638903,4850613,"P08_CFL_348","BWC",8,"8",2004,"2"
"12097","8573",32007589,638849,4850566,"P08_CFL_348","BWC",8,"8",2004,"2"
"12098","8574",32007590,639051,4850558,"P08_CFL_348","BWC",8,"8",2004,"2"
"12099","8576",32007592,639458,4844164,"P08_CFL_224","BWC",8,"8",2004,"2"
"12100","8577",32007593,639505,4844163,"P08_CFL_224","BWC",8,"8",2004,"2"
"12101","8578",32007594,639306,4843869,"P08_CFL_224","BWC",8,"8",2004,"2"
"12102","8579",32007595,639604,4843860,"P08_CFL_224","BWC",8,"8",2004,"2"
"12103","858",31003631,580280,4915510,"P04_CFL_19","BWC",4,"L4",2000,"2"
"12104","8580",32007596,639501,4843812,"P08_CFL_224","BWC",8,"8",2004,"2"
"12105","8581",32007597,639806,4843610,"P08_CFL_224","BWC",8,"8",2004,"2"
"12106","8582",32007598,639505,4843513,"P08_CFL_224","BWC",8,"8",2004,"2"
"12107","8583",32007599,639904,4843467,"P08_CFL_224","BWC",8,"8",2004,"2"
"12108","8584",32007600,639707,4843360,"P08_CFL_224","BWC",8,"8",2004,"2"
"12109","8585",32007601,639455,4843255,"P08_CFL_224","BWC",8,"8",2004,"2"
"12110","8586",32007602,639751,4843261,"P08_CFL_224","BWC",8,"8",2004,"2"
"12111","8587",32007603,639460,4843015,"P08_CFL_224","BWC",8,"8",2004,"2"
"12112","8588",32007604,639255,4842263,"P08_CFL_224","BWC",8,"8",2004,"2"
"12113","8589",32007605,639203,4843909,"P08_CFL_224","BWC",8,"8",2004,"2"
"12114","859",31003632,580427,4915461,"P04_CFL_19","BWC",4,"L4",2000,"2"
"12115","8590",32007606,640103,4843861,"P08_CFL_224","BWC",8,"8",2004,"2"
"12116","8591",32007607,639207,4843503,"P08_CFL_224","BWC",8,"8",2004,"2"
"12117","8592",32007608,639603,4842415,"P08_CFL_224","BWC",8,"8",2004,"2"
"12118","8593",32007609,639256,4841967,"P08_CFL_224","BWC",8,"8",2004,"2"
"12119","8594",32007610,641302,4840466,"P08_CFL_79","BWC",8,"8",2004,"2"
"12120","8596",32007612,642059,4840304,"P08_CFL_66","BWC",8,"8",2004,"2"
"12121","8598",32007614,643712,4840717,"P08_CFL_119","BWC",8,"8",2004,"2"
"12122","86",31002031,537125,4937354,"P04_CFL_54","BWC",4,"U4",1998,"2"
"12123","860",31003633,580580,4915455,"P04_CFL_19","BWC",4,"L4",2000,"2"
"12124","8601",32007618,642855,4840072,"P08_CFL_343","BWC",8,"8",2004,"2"
"12125","8602",32007619,641057,4839964,"P08_CFL_343","BWC",8,"8",2004,"2"
"12126","8603",32007620,643312,4840511,"P08_CFL_343","BWC",8,"8",2004,"2"
"12127","8604",32007621,639249,4834108,"P08_CFL_17","IMP",8,"8",2004,"2"
"12128","8605",32007622,639308,4833258,"P08_CFL_17","IMP",8,"8",2004,"2"
"12129","8606",32007623,639802,4829216,"P08_CFL_340","IMP",8,"8",2004,"2"
"12130","8608",32007625,641904,4840212,"P08_TSC_31","IMP",8,"8",2004,"2"
"12131","8609",32007626,643307,4833059,"P08_CFL_349","IMP",8,"8",2004,"2"
"12132","8610",32007627,639856,4829562,"P08_CFL_340","IMP",8,"8",2004,"2"
"12133","8611",32007628,640058,4829362,"P08_CFL_340","IMP",8,"8",2004,"2"
"12134","8612",32007629,640156,4829260,"P08_CFL_340","IMP",8,"8",2004,"2"
"12135","8613",32007630,641859,4839903,"P08_TSC_31","IMP",8,"8",2004,"2"
"12136","8614",32007631,642054,4837307,"P08_CFL_343","IMP",8,"8",2004,"2"
"12137","8616",32007633,640455,4834310,"P08_CFL_337","IMP",8,"8",2004,"2"
"12138","862",31003635,579979,4915312,"P04_CFL_19","BWC",4,"L4",2000,"2"
"12139","8624",32007641,643611,4840505,"P08_CFL_343","IMP",8,"8",2004,"2"
"12140","8625",32007642,642108,4840059,"P08_CFL_343","IMP",8,"8",2004,"2"
"12141","8626",32007643,643554,4840014,"P08_CFL_343","IMP",8,"8",2004,"2"
"12142","8627",32007644,642256,4839868,"P08_CFL_343","IMP",8,"8",2004,"2"
"12143","8631",32007648,642207,4839466,"P08_CFL_343","IMP",8,"8",2004,"2"
"12144","8633",32007650,643302,4839410,"P08_CFL_343","IMP",8,"8",2004,"1"
"12145","8634",32007651,643154,4839268,"P08_CFL_343","IMP",8,"8",2004,"2"
"12146","8635",32007652,643407,4839266,"P08_CFL_343","IMP",8,"8",2004,"2"
"12147","8636",32007653,641656,4839211,"P08_CFL_343","IMP",8,"8",2004,"1"
"12148","8637",32007654,641162,4839155,"P08_CFL_343","IMP",8,"8",2004,"2"
"12149","8638",32007655,641803,4839111,"P08_CFL_343","IMP",8,"8",2004,"2"
"12150","8639",32007656,643302,4839116,"P08_CFL_343","IMP",8,"8",2004,"2"
"12151","8640",32007657,641551,4839061,"P08_TSC_26","IMP",8,"8",2004,"1"
"12152","8641",32007658,641755,4838911,"P08_CFL_343","IMP",8,"8",2004,"2"
"12153","8642",32007659,643158,4838712,"P08_CFL_343","IMP",8,"8",2004,"1"
"12154","8644",32007661,640705,4838608,"P08_CFL_343","IMP",8,"8",2004,"2"
"12155","8645",32007662,641554,4838613,"P08_CFL_343","IMP",8,"8",2004,"2"
"12156","8646",32007663,641103,4838560,"P08_CFL_343","IMP",8,"8",2004,"2"
"12157","8647",32007664,640706,4838411,"P08_CFL_343","IMP",8,"8",2004,"2"
"12158","8649",32007666,640707,4838259,"P08_CFL_343","IMP",8,"8",2004,"2"
"12159","8651",32007668,643204,4838262,"P08_CFL_343","IMP",8,"8",2004,"2"
"12160","8652",32007669,643205,4838213,"P08_CFL_343","IMP",8,"8",2004,"1"
"12161","8654",32007671,641202,4838110,"P08_CFL_343","IMP",8,"8",2004,"2"
"12162","8656",32007673,640906,4837961,"P08_CFL_343","IMP",8,"8",2004,"2"
"12163","8657",32007674,641054,4837861,"P08_CFL_343","IMP",8,"8",2004,"1"
"12164","8659",32007676,641157,4837663,"P08_CFL_343","IMP",8,"8",2004,"1"
"12165","866",31003639,580730,4915212,"P04_CFL_19","BWC",4,"L4",2000,"2"
"12166","8660",32007677,641208,4837661,"P08_CFL_343","IMP",8,"8",2004,"2"
"12167","8663",32007680,643056,4837613,"P08_CFL_343","IMP",8,"8",2004,"2"
"12168","8666",32007683,643254,4837462,"P08_CFL_27","IMP",8,"8",2004,"2"
"12169","8668",32007685,641254,4837363,"P08_CFL_343","IMP",8,"8",2004,"2"
"12170","8669",32007686,640607,4837213,"P08_CFL_343","IMP",8,"8",2004,"2"
"12171","8670",32007687,640609,4837163,"P08_CFL_343","IMP",8,"8",2004,"2"
"12172","8674",32007691,640403,4836911,"P08_CFL_343","IMP",8,"8",2004,"2"
"12173","8675",32007692,640756,4836763,"P08_CFL_343","IMP",8,"8",2004,"2"
"12174","8676",32007693,643356,4836663,"P08_CFL_27","IMP",8,"8",2004,"2"
"12175","8678",32007695,643262,4836567,"P08_CFL_27","IMP",8,"8",2004,"2"
"12176","8680",32007697,642855,4836413,"P08_CFL_27","IMP",8,"8",2004,"2"
"12177","8682",32007699,642197,4836161,"P08_CFL_27","IMP",8,"8",2004,"2"
"12178","8684",32007701,642259,4835961,"P08_CFL_27","IMP",8,"8",2004,"2"
"12179","8685",32007702,642454,4835963,"P08_CFL_27","IMP",8,"8",2004,"2"
"12180","8686",32007703,642906,4835913,"P08_CFL_27","IMP",8,"8",2004,"2"
"12181","8687",32007704,643002,4835661,"P08_CFL_27","IMP",8,"8",2004,"2"
"12182","8688",32007705,640954,4835612,"P08_CFL_337","IMP",8,"8",2004,"2"
"12183","8689",32007706,641105,4835514,"P08_CFL_337","IMP",8,"8",2004,"2"
"12184","869",31003642,580330,4915058,"P04_CFL_19","BWC",4,"L4",2000,"2"
"12185","8690",32007707,640902,4835461,"P08_CFL_337","IMP",8,"8",2004,"2"
"12186","8691",32007708,642706,4835467,"P08_CFL_27","IMP",8,"8",2004,"2"
"12187","8692",32007709,643056,4835415,"P08_CFL_27","IMP",8,"8",2004,"2"
"12188","8694",32007711,640852,4835216,"P08_CFL_337","IMP",8,"8",2004,"2"
"12189","8696",32007713,640807,4835061,"P08_CFL_337","IMP",8,"8",2004,"2"
"12190","8697",32007714,640103,4834913,"P08_CFL_337","IMP",8,"8",2004,"2"
"12191","8699",32007716,640954,4834762,"P08_CFL_337","IMP",8,"8",2004,"2"
"12192","87",31002033,542730,4936155,"P04_CFL_67","BWC",4,"U4",1998,"2"
"12193","870",31003643,580633,4915011,"P04_CFL_19","BWC",4,"L4",2000,"2"
"12194","8700",32007717,641102,4834759,"P08_CFL_337","IMP",8,"8",2004,"2"
"12195","8701",32007718,639905,4834712,"P08_SC_1","IMP",8,"8",2004,"2"
"12196","8702",32007719,640954,4834666,"P08_CFL_337","IMP",8,"8",2004,"2"
"12197","8703",32007720,641456,4834662,"P08_CFL_342","IMP",8,"8",2004,"2"
"12198","8704",32007721,640606,4834613,"P08_CFL_337","IMP",8,"8",2004,"2"
"12199","8706",32007724,640461,4834461,"P08_CFL_337","IMP",8,"8",2004,"2"
"12200","8707",32007725,641048,4834362,"P08_CFL_342","IMP",8,"8",2004,"2"
"12201","8708",32007726,642853,4834356,"P08_CFL_349","IMP",8,"8",2004,"1"
"12202","871",31003644,580933,4915009,"P04_CFL_19","BWC",4,"L4",2000,"2"
"12203","8710",32007728,640753,4834212,"P08_CFL_342","IMP",8,"8",2004,"1"
"12204","8713",32007731,641351,4834063,"P08_CFL_342","IMP",8,"8",2004,"2"
"12205","8714",32007732,642651,4834012,"P08_CFL_349","IMP",8,"8",2004,"2"
"12206","8715",32007733,641455,4833959,"P08_CFL_342","IMP",8,"8",2004,"2"
"12207","8718",32007736,641157,4833663,"P08_CFL_342","IMP",8,"8",2004,"2"
"12208","8719",32007737,640251,4833610,"P08_CFL_10","IMP",8,"8",2004,"1"
"12209","872",31003646,579577,4914961,"P04_CFL_19","BWC",4,"L4",2000,"2"
"12210","8721",32007739,640657,4833560,"P08_CFL_342","IMP",8,"8",2004,"1"
"12211","8722",32007740,640799,4833515,"P08_CFL_342","IMP",8,"8",2004,"2"
"12212","8723",32007741,641804,4833513,"P08_CFL_342","IMP",8,"8",2004,"2"
"12213","8724",32007742,639954,4833413,"P08_CFL_15","IMP",8,"8",2004,"2"
"12214","8725",32007743,641899,4833263,"P08_CFL_342","IMP",8,"8",2004,"2"
"12215","8726",32007744,641205,4833164,"P08_CFL_342","IMP",8,"8",2004,"2"
"12216","8728",32007746,642203,4833109,"P08_CFL_342","IMP",8,"8",2004,"2"
"12217","8729",32007747,640409,4832964,"P08_CFL_7","IMP",8,"8",2004,"2"
"12218","8730",32007748,640609,4832959,"P08_CFL_342","IMP",8,"8",2004,"2"
"12219","8731",32007749,643352,4832959,"P08_CFL_349","IMP",8,"8",2004,"2"
"12220","8732",32007750,640707,4832910,"P08_CFL_342","IMP",8,"8",2004,"1"
"12221","8735",32007753,641206,4832661,"P08_CFL_342","IMP",8,"8",2004,"1"
"12222","8736",32007754,639805,4832607,"P08_SC_1","IMP",8,"8",2004,"2"
"12223","8738",32007756,641605,4832611,"P08_CFL_342","IMP",8,"8",2004,"2"
"12224","8739",32007757,640054,4832560,"P08_SC_1","IMP",8,"8",2004,"2"
"12225","874",31003648,581627,4914960,"P04_CFL_19","BWC",4,"L4",2000,"2"
"12226","8741",32007759,641603,4832511,"P08_CFL_342","IMP",8,"8",2004,"2"
"12227","8742",32007760,641405,4832463,"P08_CFL_342","IMP",8,"8",2004,"2"
"12228","8745",32007763,639408,4832260,"P08_TSC_18","IMP",8,"8",2004,"2"
"12229","8746",32007764,641758,4832263,"P08_CFL_342","IMP",8,"8",2004,"2"
"12230","8750",32007768,642705,4832160,"P08_CFL_342","IMP",8,"8",2004,"2"
"12231","8751",32007769,641359,4832015,"P08_CFL_342","IMP",8,"8",2004,"2"
"12232","8752",32007770,643155,4832012,"P08_CFL_342","IMP",8,"8",2004,"1"
"12233","8753",32007771,642408,4831911,"P08_CFL_342","IMP",8,"8",2004,"1"
"12234","8754",32007772,642058,4831862,"P08_CFL_342","IMP",8,"8",2004,"1"
"12235","8758",32007776,642655,4831661,"P08_CFL_342","IMP",8,"8",2004,"2"
"12236","8759",32007777,643253,4831613,"P08_CFL_342","IMP",8,"8",2004,"2"
"12237","8760",32007778,639905,4831563,"P08_CFL_342","IMP",8,"8",2004,"2"
"12238","8762",32007780,642503,4831510,"P08_CFL_342","IMP",8,"8",2004,"1"
"12239","8763",32007781,642498,4831361,"P08_CFL_342","IMP",8,"8",2004,"1"
"12240","8764",32007782,639902,4831315,"P08_CFL_342","IMP",8,"8",2004,"2"
"12241","8765",32007783,640203,4831215,"P08_CFL_342","IMP",8,"8",2004,"2"
"12242","8770",32007788,643100,4831064,"P08_CFL_342","IMP",8,"8",2004,"2"
"12243","8771",32007789,640806,4831013,"P08_CFL_342","IMP",8,"8",2004,"2"
"12244","8778",32007796,640404,4830562,"P08_CFL_342","IMP",8,"8",2004,"2"
"12245","878",31003652,581481,4914859,"P04_CFL_19","BWC",4,"L4",2000,"1"
"12246","8789",32007807,640006,4830211,"P08_CFL_342","IMP",8,"8",2004,"2"
"12247","879",31003653,579881,4914808,"P04_CFL_19","BWC",4,"L4",2000,"2"
"12248","8792",32007810,641956,4830112,"P08_CFL_342","IMP",8,"8",2004,"2"
"12249","8797",32007816,639701,4829759,"P08_CFL_340","IMP",8,"8",2004,"2"
"12250","8798",32007817,640354,4829659,"P08_CFL_342","IMP",8,"8",2004,"2"
"12251","88",31002034,542579,4936109,"P04_CFL_67","BWC",4,"U4",1998,"2"
"12252","881",31003655,580680,4914655,"P04_CFL_19","BWC",4,"L4",2000,"2"
"12253","8812",32007831,641758,4828863,"P08_CFL_342","IMP",8,"8",2004,"2"
"12254","8813",32007832,641804,4828666,"P08_CFL_342","IMP",8,"8",2004,"1"
"12255","8814",32007833,643363,4828610,"P08_CFL_339","IMP",8,"8",2004,"1"
"12256","8818",32007837,641409,4828070,"P08_CFL_340","IMP",8,"8",2004,"2"
"12257","8820",32007839,643403,4836913,"P08_CFL_27","IMP",8,"8",2004,"2"
"12258","8821",32007840,643308,4836116,"P08_CFL_27","IMP",8,"8",2004,"2"
"12259","8822",32007841,643099,4835362,"P08_CFL_27","IMP",8,"8",2004,"2"
"12260","8823",32007842,642909,4834763,"P08_CFL_349","IMP",8,"8",2004,"2"
"12261","8824",32007843,640454,4829063,"P08_CFL_340","IMP",8,"8",2004,"2"
"12262","8825",32007844,641003,4828465,"P08_CFL_340","IMP",8,"8",2004,"2"
"12263","8826",32007845,643355,4828456,"P08_CFL_339","IMP",8,"8",2004,"2"
"12264","884",31003658,582278,4914657,"P04_CFL_19","BWC",4,"L4",2000,"1"
"12265","8843",32007892,640756,4844015,"P08_SC_9","MBC",8,"8",2005,"2"
"12266","8845",32007894,640704,4843664,"P08_SCB_26","MBC",8,"8",2005,"2"
"12267","8846",32007895,640708,4843516,"P08_SCB_26","MBC",8,"8",2005,"2"
"12268","885",31003659,580629,4914509,"P04_CFL_19","BWC",4,"L4",2000,"2"
"12269","8858",32007907,640852,4836211,"P08_SCB_24","MBC",8,"8",2005,"2"
"12270","886",31003660,581530,4914512,"P04_CFL_19","BWC",4,"L4",2000,"2"
"12271","8861",32007910,641605,4834811,"P08_USCB_5","MBC",8,"8",2005,"2"
"12272","8865",32007914,642557,4826665,"P08_CFL_338","MBC",8,"8",2005,"2"
"12273","8866",32007915,642558,4826616,"P08_CFL_338","MBC",8,"8",2005,"2"
"12274","8867",32007916,638253,4854905,"P08_SCB_33","MBC",8,"8",2005,"2"
"12275","8868",32007917,639662,4851516,"P08_SCB_29","MBC",8,"8",2005,"2"
"12276","8876",32007925,640110,4851918,"P08_USCB_13","MBC",8,"8",2005,"2"
"12277","888",31003662,581678,4914459,"P04_CFL_19","BWC",4,"L4",2000,"2"
"12278","8882",32007931,641206,4847116,"P08_SCB_26","MBC",8,"8",2005,"2"
"12279","8888",32007937,640306,4843770,"P08_SCB_23","MBC",8,"8",2005,"2"
"12280","8889",32007938,640750,4843515,"P08_SCB_26","MBC",8,"8",2005,"2"
"12281","8892",32007941,639256,4838767,"P08_SCB_22","MBC",8,"8",2005,"2"
"12282","8893",32007942,639706,4837766,"P08_SCB_25","MBC",8,"8",2005,"2"
"12283","8894",32007943,639956,4837553,"P08_SCB_25","MBC",8,"8",2005,"2"
"12284","8895",32007944,640751,4836252,"P08_SCB_24","MBC",8,"8",2005,"2"
"12285","89",31002035,542222,4935755,"P04_CFL_67","BWC",4,"U4",1998,"2"
"12286","890",31003664,581880,4914408,"P04_CFL_19","BWC",4,"L4",2000,"2"
"12287","8901",32007950,643049,4847269,"P08_TSC_82","SC",8,"8",2005,"2"
"12288","8902",32007951,640656,4847071,"P08_TSC_12","SC",8,"8",2005,"2"
"12289","8904",32007953,642507,4846504,"P08_SC_11","SC",8,"8",2005,"2"
"12290","8905",32007954,641360,4846319,"P08_CFL_247","SC",8,"8",2005,"2"
"12291","8906",32007955,641606,4846066,"P08_CFL_247","SC",8,"8",2005,"2"
"12292","8907",32007956,643107,4845763,"P08_CFL_217","SC",8,"8",2005,"2"
"12293","891",31003665,581080,4914309,"P04_CFL_19","BWC",4,"L4",2000,"2"
"12294","8914",32007964,640007,4842967,"P08_SC_7","SC",8,"8",2005,"2"
"12295","892",31003666,581879,4914309,"P04_CFL_19","BWC",4,"L4",2000,"2"
"12296","8921",32007971,641908,4841206,"P08_TSC_45","SC",8,"8",2005,"2"
"12297","8922",32007972,642556,4840913,"P08_CFL_92","SC",8,"8",2005,"2"
"12298","893",31003668,580079,4913058,"P04_CFL_44","BWC",4,"L4",2000,"1"
"12299","8934",32007987,642551,4847664,"P08_SC_11","SC",8,"8",2005,"2"
"12300","8937",32007990,640707,4842064,"P08_CFL_128","SC",8,"8",2005,"2"
"12301","8939",32007992,642349,4841504,"P08_CFL_113","SC",8,"8",2005,"2"
"12302","894",31003669,580730,4913062,"P04_CFL_44","BWC",4,"L4",2000,"2"
"12303","8941",32007994,640756,4839521,"P08_CFL_58","SC",8,"8",2005,"2"
"12304","8943",32007997,642995,4847766,"P08_CFL_279","SC",8,"8",2005,"2"
"12305","8944",32007998,641363,4843612,"P08_CFL_158","SC",8,"8",2005,"2"
"12306","8945",32008001,639313,4834814,"P08_CFL_18","SC",8,"8",2005,"2"
"12307","895",31003670,579279,4912710,"P04_CFL_44","BWC",4,"L4",2000,"2"
"12308","8952",32008008,642160,4834818,"P08_CFL_349","SC",8,"8",2005,"2"
"12309","8953",32008009,642204,4834664,"P08_CFL_349","SC",8,"8",2005,"2"
"12310","8955",32008011,638651,4851064,"P08_CFL_348","BWC",8,"8",2005,"2"
"12311","8956",32008012,641655,4843613,"P08_CFL_156","BWC",8,"8",2005,"2"
"12312","8957",32008013,639154,4848463,"P08_CFL_357","BWC",8,"8",2005,"2"
"12313","8958",32008015,640257,4848266,"P08_CFL_362","BWC",8,"8",2005,"2"
"12314","8959",32008016,644210,4843560,"P08_CFL_162","BWC",8,"8",2005,"2"
"12315","896",31003671,579334,4912656,"P04_CFL_44","BWC",4,"L4",2000,"2"
"12316","8960",32008017,644452,4843564,"P08_CFL_162","BWC",8,"8",2005,"2"
"12317","8961",32008019,638558,4856214,"P08_CFL_325","BWC",8,"8",2005,"2"
"12318","8962",32008021,644358,4845624,"P08_CFL_238","BWC",8,"8",2005,"2"
"12319","8963",32008022,644462,4845618,"P08_CFL_238","BWC",8,"8",2005,"2"
"12320","8964",32008023,644407,4845014,"P08_CFL_238","BWC",8,"8",2005,"2"
"12321","8965",32008024,643311,4844348,"P08_CFL_179","BWC",8,"8",2005,"2"
"12322","8966",32008025,644406,4842053,"P08_CFL_119","BWC",8,"8",2005,"2"
"12323","8967",32008026,639653,4836865,"P08_CFL_337","BWC",8,"8",2005,"2"
"12324","8968",32008027,639800,4836559,"P08_CFL_337","BWC",8,"8",2005,"2"
"12325","8969",32008028,639599,4836364,"P08_TSC_22","BWC",8,"8",2005,"2"
"12326","897",31003672,579379,4912659,"P04_CFL_44","BWC",4,"L4",2000,"2"
"12327","8970",32008029,637504,4858015,"P08_CFL_334","BWC",8,"8",2005,"2"
"12328","8971",32008031,639752,4836017,"P08_CFL_337","BWC",8,"8",2005,"2"
"12329","8972",32008032,640104,4835916,"P08_CFL_337","BWC",8,"8",2005,"2"
"12330","8973",32008033,639807,4835814,"P08_CFL_337","BWC",8,"8",2005,"2"
"12331","8974",32008034,640209,4835362,"P08_CFL_337","BWC",8,"8",2005,"2"
"12332","8977",32008037,642600,4840710,"P08_CFL_92","BWC",8,"8",2005,"2"
"12333","8978",32008038,640311,4838867,"P08_CFL_42","BWC",8,"8",2005,"2"
"12334","8979",32008039,643658,4845368,"P08_TSC_69","BWC",8,"8",2005,"2"
"12335","898",31003673,580429,4912658,"P04_CFL_44","BWC",4,"L4",2000,"2"
"12336","8980",32008040,643562,4844909,"P08_CFL_194","BWC",8,"8",2005,"2"
"12337","8981",32008041,644252,4841914,"P08_CFL_119","BWC",8,"8",2005,"2"
"12338","8982",32008042,642206,4841817,"P08_CFL_122","BWC",8,"8",2005,"2"
"12339","8983",32008043,644056,4841419,"P08_CFL_119","BWC",8,"8",2005,"2"
"12340","8984",32008044,643548,4841159,"P08_CFL_119","BWC",8,"8",2005,"2"
"12341","8985",32008045,642501,4840612,"P08_CFL_92","BWC",8,"8",2005,"2"
"12342","8987",32008047,639355,4834312,"P08_CFL_18","BWC",8,"8",2005,"2"
"12343","8988",32008048,638559,4856715,"P08_CFL_328","BWC",8,"8",2005,"2"
"12344","8989",32008049,643055,4846313,"P08_TSC_82","BWC",8,"8",2005,"2"
"12345","899",31003674,579881,4912561,"P04_CFL_44","BWC",4,"L4",2000,"2"
"12346","8990",32008050,642900,4845263,"P08_TSC_85","BWC",8,"8",2005,"2"
"12347","8991",32008051,642554,4844509,"P08_CFL_184","BWC",8,"8",2005,"2"
"12348","8992",32008052,642410,4844415,"P08_SC_11","BWC",8,"8",2005,"2"
"12349","8993",32008053,641998,4843612,"P08_CFL_157","BWC",8,"8",2005,"2"
"12350","8994",32008055,640251,4838755,"P08_CFL_42","BWC",8,"8",2005,"2"
"12351","8997",32008058,638357,4857368,"P08_CFL_334","BWC",8,"8",2005,"2"
"12352","8998",32008059,638604,4857210,"P08_CFL_335","BWC",8,"8",2005,"2"
"12353","90",31002036,542427,4935707,"P04_CFL_67","BWC",4,"U4",1998,"2"
"12354","900",31003675,580032,4912559,"P04_CFL_44","BWC",4,"L4",2000,"2"
"12355","9000",32008061,638757,4856664,"P08_CFL_335","BWC",8,"8",2005,"2"
"12356","9001",32008062,637510,4856252,"P08_CFL_326","BWC",8,"8",2005,"2"
"12357","9002",32008063,639309,4849814,"P08_CFL_295","BWC",8,"8",2005,"2"
"12358","9003",32008064,639602,4849162,"P08_CFL_291","BWC",8,"8",2005,"2"
"12359","9004",32008065,642256,4847961,"P08_CFL_283","BWC",8,"8",2005,"2"
"12360","9005",32008066,642056,4847812,"P08_CFL_369","BWC",8,"8",2005,"2"
"12361","9006",32008067,640259,4847670,"P08_CFL_365","BWC",8,"8",2005,"2"
"12362","9007",32008068,643196,4847006,"P08_CFL_259","BWC",8,"8",2005,"2"
"12363","9008",32008070,643006,4846414,"P08_CFL_354","BWC",8,"8",2005,"2"
"12364","9009",32008071,641744,4846261,"P08_CFL_242","BWC",8,"8",2005,"2"
"12365","901",31003676,580582,4912561,"P04_CFL_44","BWC",4,"L4",2000,"2"
"12366","9010",32008072,643203,4846110,"P08_CFL_237","BWC",8,"8",2005,"2"
"12367","9011",32008073,641057,4845764,"P08_CFL_220","BWC",8,"8",2005,"2"
"12368","9012",32008074,641906,4845712,"P08_TSC_67","BWC",8,"8",2005,"2"
"12369","9013",32008075,643808,4845656,"P08_CFL_234","BWC",8,"8",2005,"2"
"12370","9014",32008076,643401,4845418,"P08_CFL_210","BWC",8,"8",2005,"2"
"12371","9015",32008077,643155,4845359,"P08_CFL_206","BWC",8,"8",2005,"2"
"12372","9017",32008079,642362,4844220,"P08_CFL_182","BWC",8,"8",2005,"2"
"12373","9018",32008080,643753,4844214,"P08_CFL_178","BWC",8,"8",2005,"2"
"12374","9019",32008082,641398,4843360,"P08_TSC_58","BWC",8,"8",2005,"2"
"12375","902",31003677,580034,4912404,"P04_CFL_44","BWC",4,"L4",2000,"2"
"12376","9020",32008083,642054,4842060,"P08_CFL_122","BWC",8,"8",2005,"2"
"12377","9021",32008084,644352,4841961,"P08_CFL_119","BWC",8,"8",2005,"2"
"12378","9022",32008085,642800,4841569,"P08_CFL_159","BWC",8,"8",2005,"2"
"12379","9023",32008086,641004,4841410,"P08_CFL_102","BWC",8,"8",2005,"2"
"12380","9024",32008087,642014,4841412,"P08_CFL_99","BWC",8,"8",2005,"2"
"12381","9025",32008088,641513,4841311,"P08_CFL_103","BWC",8,"8",2005,"2"
"12382","9026",32008089,641210,4840862,"P08_CFL_89","BWC",8,"8",2005,"2"
"12383","9027",32008090,641998,4840859,"P08_CFL_94","BWC",8,"8",2005,"2"
"12384","9029",32008092,640352,4839460,"P08_CFL_56","BWC",8,"8",2005,"2"
"12385","903",31003678,579925,4912316,"P04_CFL_44","BWC",4,"L4",2000,"2"
"12386","9030",32008094,638945,4837518,"P08_CFL_344","BWC",8,"8",2005,"2"
"12387","9031",32008095,639412,4836416,"P08_CFL_23","BWC",8,"8",2005,"2"
"12388","9033",32008097,638251,4851214,"P08_CFL_348","BWC",8,"8",2005,"2"
"12389","9034",32008098,638547,4851012,"P08_CFL_348","BWC",8,"8",2005,"2"
"12390","9035",32008099,638602,4851012,"P08_CFL_348","BWC",8,"8",2005,"2"
"12391","9036",32008100,637907,4850013,"P08_CFL_348","BWC",8,"8",2005,"2"
"12392","9037",32008101,637458,4849809,"P08_CFL_348","BWC",8,"8",2005,"2"
"12393","9038",32008102,638364,4849915,"P08_CFL_348","BWC",8,"8",2005,"2"
"12394","9039",32008103,639655,4844716,"P08_CFL_224","BWC",8,"8",2005,"2"
"12395","904",31003679,579480,4912111,"P04_CFL_44","BWC",4,"L4",2000,"2"
"12396","9040",32008104,639308,4844364,"P08_CFL_224","BWC",8,"8",2005,"2"
"12397","9041",32008105,638755,4850455,"P08_CFL_348","BWC",8,"8",2005,"2"
"12398","9042",32008106,639014,4850358,"P08_CFL_348","BWC",8,"8",2005,"2"
"12399","9043",32008107,638956,4850312,"P08_CFL_348","BWC",8,"8",2005,"2"
"12400","9044",32008108,639906,4843911,"P08_CFL_224","BWC",8,"8",2005,"2"
"12401","9045",32008109,639404,4843613,"P08_CFL_224","BWC",8,"8",2005,"2"
"12402","9046",32008110,639905,4843465,"P08_CFL_224","BWC",8,"8",2005,"2"
"12403","9047",32008111,639352,4843017,"P08_CFL_224","BWC",8,"8",2005,"2"
"12404","9048",32008112,639307,4842965,"P08_CFL_224","BWC",8,"8",2005,"2"
"12405","9049",32008113,638809,4850113,"P08_CFL_348","BWC",8,"8",2005,"2"
"12406","905",31003680,580077,4912053,"P04_CFL_44","BWC",4,"L4",2000,"2"
"12407","9050",32008114,639359,4841914,"P08_CFL_224","BWC",8,"8",2005,"2"
"12408","9051",32008115,641301,4840463,"P08_CFL_79","BWC",8,"8",2005,"2"
"12409","9052",32008116,642353,4840515,"P08_CFL_94","BWC",8,"8",2005,"2"
"12410","9053",32008120,641158,4839366,"P08_CFL_343","BWC",8,"8",2005,"2"
"12411","9054",32008121,639206,4833760,"P08_CFL_17","IMP",8,"8",2005,"2"
"12412","9055",32008122,639455,4833615,"P08_CFL_17","IMP",8,"8",2005,"2"
"12413","9056",32008123,639457,4833413,"P08_CFL_17","IMP",8,"8",2005,"2"
"12414","9057",32008124,639402,4833261,"P08_CFL_17","IMP",8,"8",2005,"2"
"12415","9058",32008125,639455,4833216,"P08_CFL_17","IMP",8,"8",2005,"2"
"12416","9059",32008126,639552,4833214,"P08_CFL_17","IMP",8,"8",2005,"2"
"12417","906",31003681,583680,4909660,"P04_CFL_240","BWC",4,"L4",2000,"1"
"12418","9060",32008127,639258,4832959,"P08_CFL_17","IMP",8,"8",2005,"2"
"12419","9061",32008128,639405,4832764,"P08_CFL_17","IMP",8,"8",2005,"2"
"12420","9062",32008129,639401,4832559,"P08_CFL_17","IMP",8,"8",2005,"2"
"12421","9063",32008130,643004,4833514,"P08_CFL_349","IMP",8,"8",2005,"2"
"12422","9064",32008131,643457,4833412,"P08_CFL_11","IMP",8,"8",2005,"2"
"12423","9065",32008132,641854,4834916,"P08_CFL_349","IMP",8,"8",2005,"2"
"12424","9066",32008133,640863,4836709,"P08_CFL_343","IMP",8,"8",2005,"2"
"12425","9067",32008134,641455,4836515,"P08_CFL_343","IMP",8,"8",2005,"2"
"12426","9068",32008135,643256,4836512,"P08_CFL_27","IMP",8,"8",2005,"2"
"12427","9069",32008136,641052,4834712,"P08_CFL_337","IMP",8,"8",2005,"2"
"12428","907",31003682,583730,4909605,"P04_CFL_240","BWC",4,"L4",2000,"2"
"12429","9070",32008137,641060,4832704,"P08_CFL_342","IMP",8,"8",2005,"2"
"12430","9071",32008138,643252,4831720,"P08_CFL_342","IMP",8,"8",2005,"2"
"12431","9076",32008143,642505,4840313,"P08_SC_11","IMP",8,"8",2005,"2"
"12432","9077",32008145,642857,4839962,"P08_CFL_343","IMP",8,"8",2005,"2"
"12433","9078",32008146,643159,4839917,"P08_CFL_343","IMP",8,"8",2005,"2"
"12434","908",31003683,583980,4909562,"P04_CFL_240","BWC",4,"L4",2000,"2"
"12435","9080",32008148,641755,4839514,"P08_CFL_343","IMP",8,"8",2005,"2"
"12436","9083",32008151,641253,4839213,"P08_CFL_343","IMP",8,"8",2005,"2"
"12437","9085",32008153,641508,4838914,"P08_CFL_343","IMP",8,"8",2005,"2"
"12438","9088",32008156,643357,4838310,"P08_CFL_343","IMP",8,"8",2005,"2"
"12439","909",31003684,583781,4909454,"P04_CFL_240","BWC",4,"L4",2000,"2"
"12440","9090",32008158,643301,4838211,"P08_CFL_343","IMP",8,"8",2005,"2"
"12441","9091",32008159,643305,4838062,"P08_CFL_343","IMP",8,"8",2005,"2"
"12442","9093",32008161,641807,4837963,"P08_CFL_343","IMP",8,"8",2005,"1"
"12443","9094",32008162,641206,4837861,"P08_CFL_343","IMP",8,"8",2005,"2"
"12444","9095",32008163,641809,4837866,"P08_TSC_26","IMP",8,"8",2005,"2"
"12445","9096",32008164,640655,4837816,"P08_CFL_343","IMP",8,"8",2005,"2"
"12446","9098",32008166,640559,4837709,"P08_CFL_343","IMP",8,"8",2005,"1"
"12447","9099",32008167,640551,4837565,"P08_CFL_343","IMP",8,"8",2005,"2"
"12448","91",31002037,542176,4935657,"P04_CFL_67","BWC",4,"U4",1998,"2"
"12449","910",31003685,583874,4909403,"P04_CFL_240","BWC",4,"L4",2000,"2"
"12450","9100",32008168,641051,4837558,"P08_CFL_343","IMP",8,"8",2005,"2"
"12451","9101",32008169,640508,4837513,"P08_CFL_343","IMP",8,"8",2005,"2"
"12452","9103",32008171,640661,4837462,"P08_CFL_343","IMP",8,"8",2005,"2"
"12453","9104",32008172,643207,4837412,"P08_CFL_27","IMP",8,"8",2005,"2"
"12454","9105",32008173,641203,4837312,"P08_CFL_343","IMP",8,"8",2005,"2"
"12455","9106",32008174,641556,4837308,"P08_CFL_343","IMP",8,"8",2005,"2"
"12456","9107",32008175,642860,4837165,"P08_CFL_27","IMP",8,"8",2005,"2"
"12457","9108",32008176,641407,4837112,"P08_CFL_343","IMP",8,"8",2005,"2"
"12458","9109",32008177,641207,4837063,"P08_CFL_343","IMP",8,"8",2005,"2"
"12459","911",31003686,584431,4909405,"P04_CFL_240","BWC",4,"L4",2000,"2"
"12460","9110",32008178,640806,4836958,"P08_CFL_343","IMP",8,"8",2005,"2"
"12461","9111",32008179,642707,4836915,"P08_CFL_27","IMP",8,"8",2005,"2"
"12462","9112",32008180,641806,4836858,"P08_CFL_343","IMP",8,"8",2005,"2"
"12463","9113",32008181,640702,4836760,"P08_CFL_343","IMP",8,"8",2005,"2"
"12464","9114",32008182,642758,4836764,"P08_CFL_27","IMP",8,"8",2005,"2"
"12465","9115",32008183,641510,4836715,"P08_CFL_343","IMP",8,"8",2005,"2"
"12466","9116",32008184,642359,4836617,"P08_CFL_343","IMP",8,"8",2005,"2"
"12467","9117",32008185,642855,4836463,"P08_CFL_27","IMP",8,"8",2005,"2"
"12468","9118",32008186,643158,4836358,"P08_CFL_27","IMP",8,"8",2005,"2"
"12469","9119",32008187,641656,4836215,"P08_CFL_343","IMP",8,"8",2005,"2"
"12470","9121",32008189,640908,4835959,"P08_CFL_337","IMP",8,"8",2005,"2"
"12471","9122",32008190,640855,4835812,"P08_CFL_337","IMP",8,"8",2005,"2"
"12472","9123",32008191,642603,4835814,"P08_CFL_27","IMP",8,"8",2005,"2"
"12473","9124",32008192,642762,4835757,"P08_CFL_27","IMP",8,"8",2005,"2"
"12474","9125",32008193,642948,4835768,"P08_CFL_27","IMP",8,"8",2005,"2"
"12475","9126",32008194,642610,4835720,"P08_CFL_27","IMP",8,"8",2005,"2"
"12476","9127",32008195,640906,4835512,"P08_CFL_337","IMP",8,"8",2005,"2"
"12477","9128",32008196,639906,4835315,"P08_CFL_337","IMP",8,"8",2005,"2"
"12478","9129",32008197,640953,4835113,"P08_CFL_337","IMP",8,"8",2005,"2"
"12479","9130",32008198,640005,4834863,"P08_CFL_337","IMP",8,"8",2005,"2"
"12480","9131",32008199,641404,4834813,"P08_CFL_342","IMP",8,"8",2005,"2"
"12481","9132",32008200,640159,4834614,"P08_CFL_337","IMP",8,"8",2005,"2"
"12482","9133",32008201,640359,4834611,"P08_CFL_337","IMP",8,"8",2005,"2"
"12483","9134",32008202,642809,4834561,"P08_CFL_349","IMP",8,"8",2005,"2"
"12484","9137",32008205,640700,4834365,"P08_CFL_342","IMP",8,"8",2005,"2"
"12485","9138",32008206,641101,4834360,"P08_CFL_342","IMP",8,"8",2005,"2"
"12486","9139",32008207,642807,4834313,"P08_CFL_349","IMP",8,"8",2005,"2"
"12487","914",31003689,584629,4908858,"P04_CFL_240","BWC",4,"L4",2000,"2"
"12488","9140",32008208,639854,4834161,"P08_CFL_350","IMP",8,"8",2005,"2"
"12489","9141",32008209,642854,4834159,"P08_CFL_349","IMP",8,"8",2005,"2"
"12490","9142",32008210,642562,4834110,"P08_CFL_349","IMP",8,"8",2005,"2"
"12491","9143",32008211,642551,4834061,"P08_CFL_349","IMP",8,"8",2005,"2"
"12492","9144",32008212,641206,4833962,"P08_CFL_342","IMP",8,"8",2005,"2"
"12493","9145",32008213,640349,4833913,"P08_CFL_337","IMP",8,"8",2005,"2"
"12494","9146",32008214,641159,4833816,"P08_CFL_342","IMP",8,"8",2005,"2"
"12495","9147",32008215,641355,4833809,"P08_CFL_342","IMP",8,"8",2005,"2"
"12496","9148",32008216,642552,4833811,"P08_CFL_349","IMP",8,"8",2005,"2"
"12497","9149",32008217,642657,4833817,"P08_CFL_349","IMP",8,"8",2005,"2"
"12498","915",31003690,584984,4908805,"P04_CFL_240","BWC",4,"L4",2000,"2"
"12499","9152",32008220,641711,4833761,"P08_CFL_342","IMP",8,"8",2005,"2"
"12500","9153",32008221,642708,4833764,"P08_CFL_349","IMP",8,"8",2005,"2"
"12501","9154",32008222,640802,4833714,"P08_CFL_342","IMP",8,"8",2005,"2"
"12502","9155",32008223,641554,4833705,"P08_CFL_342","IMP",8,"8",2005,"2"
"12503","9156",32008224,641907,4833666,"P08_CFL_342","IMP",8,"8",2005,"2"
"12504","9157",32008225,640554,4833459,"P08_CFL_342","IMP",8,"8",2005,"2"
"12505","9158",32008226,640907,4833312,"P08_CFL_342","IMP",8,"8",2005,"2"
"12506","9159",32008227,640612,4833263,"P08_CFL_342","IMP",8,"8",2005,"2"
"12507","916",31003691,584734,4908758,"P04_CFL_240","BWC",4,"L4",2000,"2"
"12508","9160",32008228,641000,4833214,"P08_CFL_342","IMP",8,"8",2005,"2"
"12509","9161",32008229,640355,4833014,"P08_CFL_7","IMP",8,"8",2005,"2"
"12510","9162",32008230,640656,4833012,"P08_CFL_342","IMP",8,"8",2005,"2"
"12511","9163",32008231,640900,4833017,"P08_CFL_342","IMP",8,"8",2005,"2"
"12512","9165",32008233,641003,4832713,"P08_CFL_342","IMP",8,"8",2005,"2"
"12513","9166",32008234,641804,4832712,"P08_CFL_342","IMP",8,"8",2005,"2"
"12514","9167",32008235,640608,4832663,"P08_CFL_7","IMP",8,"8",2005,"2"
"12515","9168",32008236,642253,4832610,"P08_CFL_342","IMP",8,"8",2005,"2"
"12516","9169",32008237,639707,4832518,"P08_TSC_21","IMP",8,"8",2005,"2"
"12517","9170",32008238,641304,4832516,"P08_CFL_342","IMP",8,"8",2005,"2"
"12518","9171",32008239,642715,4832473,"P08_CFL_342","IMP",8,"8",2005,"2"
"12519","9172",32008240,641202,4832412,"P08_CFL_342","IMP",8,"8",2005,"2"
"12520","9173",32008241,641352,4832417,"P08_CFL_342","IMP",8,"8",2005,"2"
"12521","9174",32008242,641554,4832417,"P08_CFL_342","IMP",8,"8",2005,"2"
"12522","9175",32008243,642811,4832357,"P08_CFL_342","IMP",8,"8",2005,"2"
"12523","9176",32008244,640355,4832320,"P08_CFL_342","IMP",8,"8",2005,"2"
"12524","9177",32008245,642962,4832162,"P08_CFL_342","IMP",8,"8",2005,"2"
"12525","9178",32008246,640217,4832110,"P08_CFL_5","IMP",8,"8",2005,"2"
"12526","9179",32008247,640159,4832016,"P08_CFL_5","IMP",8,"8",2005,"2"
"12527","918",31003693,584631,4908607,"P04_CFL_240","BWC",4,"L4",2000,"2"
"12528","9181",32008249,640104,4831766,"P08_CFL_342","IMP",8,"8",2005,"2"
"12529","9183",32008251,641559,4831667,"P08_CFL_342","IMP",8,"8",2005,"2"
"12530","9185",32008253,640162,4831468,"P08_CFL_342","IMP",8,"8",2005,"2"
"12531","9186",32008254,642508,4831470,"P08_CFL_342","IMP",8,"8",2005,"2"
"12532","9187",32008255,640205,4831406,"P08_CFL_342","IMP",8,"8",2005,"2"
"12533","9189",32008257,641706,4831312,"P08_CFL_342","IMP",8,"8",2005,"2"
"12534","919",31003694,584734,4908608,"P04_CFL_240","BWC",4,"L4",2000,"2"
"12535","9190",32008258,643157,4831313,"P08_CFL_342","IMP",8,"8",2005,"2"
"12536","9192",32008260,641409,4831221,"P08_CFL_342","IMP",8,"8",2005,"2"
"12537","9193",32008261,643055,4831168,"P08_CFL_342","IMP",8,"8",2005,"2"
"12538","9194",32008262,641361,4831068,"P08_CFL_342","IMP",8,"8",2005,"2"
"12539","9195",32008263,642008,4831063,"P08_CFL_342","IMP",8,"8",2005,"2"
"12540","9196",32008264,642704,4831070,"P08_CFL_342","IMP",8,"8",2005,"2"
"12541","9197",32008265,643003,4831070,"P08_CFL_342","IMP",8,"8",2005,"2"
"12542","9198",32008266,641012,4830817,"P08_CFL_342","IMP",8,"8",2005,"2"
"12543","9201",32008269,642853,4830816,"P08_CFL_342","IMP",8,"8",2005,"2"
"12544","9202",32008270,641907,4830711,"P08_CFL_342","IMP",8,"8",2005,"2"
"12545","9203",32008271,641957,4830668,"P08_CFL_342","IMP",8,"8",2005,"2"
"12546","9204",32008272,641660,4830266,"P08_CFL_342","IMP",8,"8",2005,"2"
"12547","9205",32008273,641963,4830216,"P08_CFL_342","IMP",8,"8",2005,"2"
"12548","9206",32008274,642008,4830214,"P08_CFL_342","IMP",8,"8",2005,"2"
"12549","9208",32008276,641210,4830064,"P08_CFL_342","IMP",8,"8",2005,"2"
"12550","9209",32008277,640112,4830020,"P08_CFL_342","IMP",8,"8",2005,"2"
"12551","921",31003696,574628,4916959,"P04_CFL_38","BWC",4,"L4",2000,"2"
"12552","9214",32008282,640764,4829513,"P08_CFL_342","IMP",8,"8",2005,"2"
"12553","9215",32008283,640258,4829417,"P08_CFL_340","IMP",8,"8",2005,"2"
"12554","9216",32008284,640562,4829170,"P08_CFL_340","IMP",8,"8",2005,"2"
"12555","9219",32008287,641916,4829018,"P08_CFL_342","IMP",8,"8",2005,"2"
"12556","922",31003697,577732,4916857,"P04_CFL_271","BWC",4,"L4",2000,"2"
"12557","9220",32008288,641758,4828865,"P08_CFL_342","IMP",8,"8",2005,"2"
"12558","9224",32008292,641761,4828567,"P08_CFL_342","IMP",8,"8",2005,"2"
"12559","9228",32008296,642308,4828259,"P08_CFL_342","IMP",8,"8",2005,"2"
"12560","923",31003698,577531,4916808,"P04_CFL_271","BWC",4,"L4",2000,"2"
"12561","9230",32008300,640556,4836513,"P08_CFL_343","IMP",8,"8",2005,"2"
"12562","9231",32008301,643254,4835763,"P08_CFL_27","IMP",8,"8",2005,"2"
"12563","9232",32008302,643253,4835666,"P08_CFL_27","IMP",8,"8",2005,"2"
"12564","9234",32008304,641356,4827913,"P08_CFL_340","IMP",8,"8",2005,"2"
"12565","9235",32008305,641756,4827862,"P08_SC_1","IMP",8,"8",2005,"2"
"12566","925",31003701,576535,4914504,"P04_CFL_39","BWC",4,"L4",2000,"2"
"12567","926",31003702,579128,4914012,"P04_CFL_42","BWC",4,"L4",2000,"2"
"12568","9267",32008357,639757,4840171,"P08_SCB_25","MBC",8,"8",2006,"2"
"12569","927",31003703,578532,4913956,"P04_TSC_42","BWC",4,"L4",2000,"2"
"12570","9270",32008360,639857,4837611,"P08_SCB_25","MBC",8,"8",2006,"2"
"12571","9273",32008363,641609,4834970,"P08_SCB_21","MBC",8,"8",2006,"2"
"12572","9274",32008364,642009,4834363,"P08_USCB_9","MBC",8,"8",2006,"2"
"12573","9276",32008366,642555,4826814,"P08_SC_1","MBC",8,"8",2006,"2"
"12574","9277",32008367,642605,4826412,"P08_CFL_338","MBC",8,"8",2006,"2"
"12575","928",31003705,580881,4913758,"P04_CFL_260","BWC",4,"L4",2000,"2"
"12576","9281",32008371,638354,4854363,"P08_SCB_30","MBC",8,"8",2006,"2"
"12577","929",31003707,578826,4913406,"P04_CFL_44","BWC",4,"L4",2000,"2"
"12578","9293",32008383,639801,4840212,"P08_SCB_25","MBC",8,"8",2006,"2"
"12579","9295",32008385,639805,4838811,"P08_SCB_25","MBC",8,"8",2006,"2"
"12580","9297",32008387,639502,4837558,"P08_SCB_22","MBC",8,"8",2006,"2"
"12581","9298",32008388,639903,4837016,"P08_USCB_6","MBC",8,"8",2006,"2"
"12582","9299",32008389,639954,4836866,"P08_USCB_6","MBC",8,"8",2006,"2"
"12583","93",31002039,542677,4935658,"P04_CFL_67","BWC",4,"U4",1998,"2"
"12584","930",31003708,579081,4913212,"P04_CFL_44","BWC",4,"L4",2000,"2"
"12585","9300",32008390,640609,4836265,"P08_SCB_24","MBC",8,"8",2006,"2"
"12586","9301",32008391,642505,4826661,"P08_CFL_338","MBC",8,"8",2006,"2"
"12587","9303",32008393,640258,4836717,"P08_SCB_24","MBC",8,"8",2006,"2"
"12588","9306",32008396,637503,4856917,"P08_SC_17","SC",8,"8",2006,"2"
"12589","9307",32008397,638502,4856007,"P08_TSC_72","SC",8,"8",2006,"2"
"12590","9308",32008398,638900,4856160,"P08_TSC_72","SC",8,"8",2006,"2"
"12591","9309",32008399,641759,4848112,"P08_SC_11","SC",8,"8",2006,"2"
"12592","931",31003710,579980,4913213,"","BWC",4,"L4",2000,"2"
"12593","9311",32008401,641904,4847562,"P08_CFL_353","SC",8,"8",2006,"2"
"12594","9312",32008402,641506,4846759,"P08_CFL_264","SC",8,"8",2006,"2"
"12595","932",31003711,583133,4912954,"P04_CFL_242","BWC",4,"L4",2000,"2"
"12596","9321",32008411,640908,4843808,"P08_SC_9","SC",8,"8",2006,"1"
"12597","9324",32008414,641356,4843115,"P08_CFL_147","SC",8,"8",2006,"2"
"12598","9327",32008417,642103,4842466,"P08_SC_11","SC",8,"8",2006,"2"
"12599","9329",32008419,642356,4841465,"P08_SC_11","SC",8,"8",2006,"2"
"12600","933",31003712,583679,4912709,"P04_CFL_258","BWC",4,"L4",2000,"2"
"12601","9330",32008420,641753,4841360,"P08_SC_11","SC",8,"8",2006,"2"
"12602","9331",32008421,640602,4841019,"P08_SC_5","SC",8,"8",2006,"2"
"12603","9332",32008422,640352,4840417,"P08_CFL_84","SC",8,"8",2006,"2"
"12604","9333",32008423,640105,4840258,"P08_TSC_44","SC",8,"8",2006,"2"
"12605","9334",32008424,640610,4838965,"P08_CFL_40","SC",8,"8",2006,"2"
"12606","9337",32008427,639706,4854365,"P08_SC_17","SC",8,"8",2006,"2"
"12607","934",31003713,582877,4912657,"P04_CFL_241","BWC",4,"L4",2000,"2"
"12608","9342",32008432,639757,4849662,"P08_SC_14","SC",8,"8",2006,"2"
"12609","9345",32008435,641907,4844010,"P08_TSC_59","SC",8,"8",2006,"2"
"12610","9347",32008437,640706,4842010,"P08_CFL_128","SC",8,"8",2006,"2"
"12611","9348",32008438,641907,4841962,"P08_TSC_50","SC",8,"8",2006,"2"
"12612","935",31003714,583928,4912508,"P04_CFL_258","BWC",4,"L4",2000,"2"
"12613","9350",32008441,639909,4840563,"P08_CFL_77","SC",8,"8",2006,"2"
"12614","9351",32008442,640456,4839557,"P08_TSC_44","SC",8,"8",2006,"2"
"12615","9352",32008443,640355,4839308,"P08_CFL_56","SC",8,"8",2006,"2"
"12616","9355",32008446,642853,4847866,"P08_TSC_90","SC",8,"8",2006,"2"
"12617","9356",32008447,641814,4843912,"P08_CFL_177","SC",8,"8",2006,"2"
"12618","9357",32008448,640903,4842261,"P08_CFL_128","SC",8,"8",2006,"2"
"12619","9359",32008450,639409,4835917,"P08_SC_1","SC",8,"8",2006,"2"
"12620","9360",32008451,639507,4835765,"P08_CFL_23","SC",8,"8",2006,"2"
"12621","9364",32008455,642302,4834961,"P08_CFL_349","SC",8,"8",2006,"2"
"12622","9366",32008457,641958,4834763,"P08_CFL_349","SC",8,"8",2006,"2"
"12623","9367",32008458,642157,4834562,"P08_CFL_349","SC",8,"8",2006,"2"
"12624","9369",32008460,640455,4838413,"P08_SC_2","SC",8,"8",2006,"2"
"12625","937",31003716,584681,4911607,"P04_CFL_269","BWC",4,"L4",2000,"2"
"12626","9370",32008461,643246,4842910,"","BWC",8,"8",2006,"2"
"12627","9371",32008462,644055,4845114,"P08_CFL_238","BWC",8,"8",2006,"2"
"12628","9373",32008465,644402,4845957,"P08_CFL_238","BWC",8,"8",2006,"2"
"12629","9374",32008466,638505,4857614,"P08_CFL_335","BWC",8,"8",2006,"2"
"12630","9375",32008467,639308,4855907,"P08_CFL_370","BWC",8,"8",2006,"2"
"12631","9376",32008469,642005,4848712,"P08_CFL_286","BWC",8,"8",2006,"2"
"12632","9377",32008470,642008,4848412,"P08_CFL_286","BWC",8,"8",2006,"2"
"12633","9378",32008471,644307,4845659,"P08_CFL_238","BWC",8,"8",2006,"2"
"12634","9379",32008472,644308,4845115,"P08_CFL_238","BWC",8,"8",2006,"2"
"12635","9380",32008473,644361,4842063,"P08_CFL_119","BWC",8,"8",2006,"2"
"12636","9381",32008474,639710,4837107,"P08_CFL_337","BWC",8,"8",2006,"2"
"12637","9382",32008475,639604,4836459,"P08_CFL_337","BWC",8,"8",2006,"2"
"12638","9383",32008476,641451,4840659,"P08_SC_4","BWC",8,"8",2006,"2"
"12639","9384",32008477,644000,4842016,"P08_CFL_119","BWC",8,"8",2006,"2"
"12640","9385",32008478,642954,4843570,"P08_CFL_159","BWC",8,"8",2006,"2"
"12641","9386",32008479,643960,4842918,"P08_CFL_140","BWC",8,"8",2006,"2"
"12642","9387",32008481,639904,4835759,"P08_CFL_337","BWC",8,"8",2006,"2"
"12643","9388",32008482,640658,4835462,"P08_CFL_337","BWC",8,"8",2006,"2"
"12644","9389",32008484,643158,4845656,"P08_TSC_86","BWC",8,"8",2006,"2"
"12645","939",31003719,584680,4911060,"P04_CFL_268","BWC",4,"L4",2000,"2"
"12646","9390",32008485,640852,4840767,"P08_SC_5","BWC",8,"8",2006,"2"
"12647","9391",32008486,642014,4840667,"P08_CFL_94","BWC",8,"8",2006,"2"
"12648","9392",32008487,640255,4839064,"P08_CFL_42","BWC",8,"8",2006,"2"
"12649","9393",32008488,639958,4838412,"P08_CFL_41","BWC",8,"8",2006,"2"
"12650","9394",32008490,637852,4857465,"P08_CFL_334","BWC",8,"8",2006,"2"
"12651","9395",32008491,638154,4857311,"P08_CFL_334","BWC",8,"8",2006,"2"
"12652","9396",32008492,638303,4857162,"P08_CFL_334","BWC",8,"8",2006,"2"
"12653","9397",32008493,638660,4856313,"P08_CFL_325","BWC",8,"8",2006,"2"
"12654","9398",32008494,644205,4841708,"P08_CFL_119","BWC",8,"8",2006,"2"
"12655","9399",32008495,643904,4841413,"P08_CFL_119","BWC",8,"8",2006,"2"
"12656","9400",32008496,643506,4841161,"P08_CFL_119","BWC",8,"8",2006,"2"
"12657","9401",32008497,639907,4838015,"P08_CFL_35","BWC",8,"8",2006,"2"
"12658","9402",32008498,640604,4835916,"P08_CFL_337","BWC",8,"8",2006,"2"
"12659","9403",32008499,639958,4835462,"P08_CFL_337","BWC",8,"8",2006,"2"
"12660","9404",32008501,639205,4834660,"P08_CFL_18","BWC",8,"8",2006,"2"
"12661","9405",32008502,642696,4847306,"P08_TSC_82","BWC",8,"8",2006,"2"
"12662","9406",32008503,643801,4845217,"P08_TSC_69","BWC",8,"8",2006,"2"
"12663","9407",32008504,641353,4843911,"P08_CFL_173","BWC",8,"8",2006,"2"
"12664","9408",32008505,641457,4843561,"P08_CFL_158","BWC",8,"8",2006,"2"
"12665","9409",32008506,640902,4842762,"P08_CFL_135","BWC",8,"8",2006,"2"
"12666","941",31003723,579283,4917955,"P04_CFL_19","BWC",4,"L4",2000,"2"
"12667","9411",32008508,642154,4841161,"P08_TSC_45","BWC",8,"8",2006,"2"
"12668","9412",32008509,641151,4840717,"P08_CFL_79","BWC",8,"8",2006,"2"
"12669","9413",32008511,642052,4840515,"P08_CFL_68","BWC",8,"8",2006,"2"
"12670","9414",32008512,641105,4839619,"P08_SC_5","BWC",8,"8",2006,"2"
"12671","9415",32008513,637806,4857718,"P08_CFL_334","BWC",8,"8",2006,"2"
"12672","9416",32008514,638604,4857459,"P08_CFL_335","BWC",8,"8",2006,"2"
"12673","9417",32008515,638655,4856411,"P08_CFL_325","BWC",8,"8",2006,"2"
"12674","9418",32008516,638759,4856321,"P08_CFL_325","BWC",8,"8",2006,"2"
"12675","9419",32008517,637504,4856262,"P08_CFL_326","BWC",8,"8",2006,"2"
"12676","942",31003724,579279,4917458,"P04_CFL_19","BWC",4,"L4",2000,"2"
"12677","9420",32008518,639352,4849963,"P08_CFL_295","BWC",8,"8",2006,"2"
"12678","9421",32008519,640454,4849909,"P08_CFL_294","BWC",8,"8",2006,"2"
"12679","9422",32008521,639557,4848966,"P08_CFL_291","BWC",8,"8",2006,"2"
"12680","9423",32008522,640607,4847963,"P08_CFL_291","BWC",8,"8",2006,"2"
"12681","9424",32008523,640596,4847613,"P08_CFL_291","BWC",8,"8",2006,"2"
"12682","9425",32008524,640655,4847409,"P08_CFL_291","BWC",8,"8",2006,"2"
"12683","9426",32008525,643053,4846860,"P08_CFL_261","BWC",8,"8",2006,"2"
"12684","9427",32008526,643006,4846413,"P08_CFL_354","BWC",8,"8",2006,"2"
"12685","9428",32008527,641903,4845761,"P08_CFL_218","BWC",8,"8",2006,"2"
"12686","9429",32008528,643245,4845656,"P08_TSC_87","BWC",8,"8",2006,"2"
"12687","943",31003726,580529,4917258,"P04_CFL_19","BWC",4,"L4",2000,"2"
"12688","9430",32008529,641262,4845611,"P08_CFL_221","BWC",8,"8",2006,"2"
"12689","9431",32008530,641953,4845411,"P08_CFL_209","BWC",8,"8",2006,"2"
"12690","9432",32008532,643553,4845352,"P08_CFL_234","BWC",8,"8",2006,"2"
"12691","9433",32008533,641011,4845161,"P08_CFL_203","BWC",8,"8",2006,"2"
"12692","9434",32008534,641162,4844869,"P08_CFL_203","BWC",8,"8",2006,"2"
"12693","9435",32008535,640952,4842910,"P08_CFL_135","BWC",8,"8",2006,"2"
"12694","9436",32008536,643003,4842209,"P08_CFL_159","BWC",8,"8",2006,"2"
"12695","9437",32008537,643613,4842218,"P08_CFL_123","BWC",8,"8",2006,"2"
"12696","9438",32008538,643155,4841812,"P08_CFL_159","BWC",8,"8",2006,"2"
"12697","9439",32008539,643604,4841610,"P08_CFL_119","BWC",8,"8",2006,"2"
"12698","9440",32008540,644012,4841213,"P08_CFL_119","BWC",8,"8",2006,"2"
"12699","9441",32008541,639854,4838958,"P08_CFL_41","BWC",8,"8",2006,"2"
"12700","9442",32008542,639905,4838863,"P08_CFL_41","BWC",8,"8",2006,"2"
"12701","9443",32008543,640203,4837862,"P08_CFL_343","BWC",8,"8",2006,"2"
"12702","9444",32008544,639509,4836459,"P08_TSC_22","BWC",8,"8",2006,"2"
"12703","9445",32008547,639702,4845062,"P08_CFL_224","BWC",8,"8",2006,"2"
"12704","9446",32008548,639455,4844911,"P08_CFL_224","BWC",8,"8",2006,"2"
"12705","9447",32008549,638307,4850660,"P08_CFL_348","BWC",8,"8",2006,"2"
"12706","9448",32008550,638406,4850656,"P08_CFL_348","BWC",8,"8",2006,"2"
"12707","9449",32008551,638300,4850459,"P08_CFL_348","BWC",8,"8",2006,"2"
"12708","945",31003729,579230,4916960,"P04_CFL_19","BWC",4,"L4",2000,"2"
"12709","9450",32008552,638405,4850113,"P08_CFL_348","BWC",8,"8",2006,"2"
"12710","9451",32008553,638359,4849812,"P08_CFL_348","BWC",8,"8",2006,"2"
"12711","9452",32008554,639762,4844665,"P08_CFL_224","BWC",8,"8",2006,"2"
"12712","9453",32008555,639455,4844610,"P08_CFL_224","BWC",8,"8",2006,"2"
"12713","9454",32008556,639455,4844560,"P08_CFL_224","BWC",8,"8",2006,"2"
"12714","9455",32008557,639708,4844559,"P08_CFL_224","BWC",8,"8",2006,"2"
"12715","9456",32008558,638654,4850464,"P08_CFL_348","BWC",8,"8",2006,"2"
"12716","9457",32008559,638857,4850160,"P08_CFL_348","BWC",8,"8",2006,"2"
"12717","9458",32008560,639555,4844263,"P08_CFL_224","BWC",8,"8",2006,"2"
"12718","9459",32008561,639854,4843565,"P08_CFL_224","BWC",8,"8",2006,"2"
"12719","946",31003731,580430,4916654,"P04_CFL_19","BWC",4,"L4",2000,"2"
"12720","9460",32008562,639753,4843366,"P08_CFL_224","BWC",8,"8",2006,"2"
"12721","9461",32008563,639307,4843062,"P08_CFL_224","BWC",8,"8",2006,"2"
"12722","9462",32008564,639257,4841716,"P08_CFL_224","BWC",8,"8",2006,"2"
"12723","9463",32008565,639162,4843960,"P08_CFL_224","BWC",8,"8",2006,"2"
"12724","9464",32008566,641557,4840362,"P08_SC_4","BWC",8,"8",2006,"2"
"12725","9465",32008567,642856,4840162,"P08_CFL_343","BWC",8,"8",2006,"2"
"12726","9466",32008568,641152,4840065,"P08_CFL_343","BWC",8,"8",2006,"2"
"12727","9467",32008570,640155,4837363,"P08_CFL_343","BWC",8,"8",2006,"2"
"12728","9468",32008571,639504,4833615,"P08_CFL_17","IMP",8,"8",2006,"2"
"12729","9469",32008572,639402,4833563,"P08_CFL_17","IMP",8,"8",2006,"2"
"12730","947",31003732,580032,4916557,"P04_CFL_19","BWC",4,"L4",2000,"2"
"12731","9470",32008573,639456,4833415,"P08_CFL_17","IMP",8,"8",2006,"2"
"12732","9471",32008574,639454,4833362,"P08_CFL_17","IMP",8,"8",2006,"2"
"12733","9472",32008575,639503,4832966,"P08_CFL_17","IMP",8,"8",2006,"2"
"12734","9473",32008576,639754,4829162,"P08_CFL_340","IMP",8,"8",2006,"2"
"12735","9475",32008579,639603,4833961,"P08_CFL_350","IMP",8,"8",2006,"2"
"12736","9476",32008580,643057,4833463,"P08_CFL_349","IMP",8,"8",2006,"2"
"12737","9477",32008581,642055,4839514,"P08_CFL_343","IMP",8,"8",2006,"2"
"12738","9478",32008582,641254,4838914,"P08_CFL_343","IMP",8,"8",2006,"2"
"12739","9479",32008583,640854,4837511,"P08_CFL_343","IMP",8,"8",2006,"2"
"12740","9480",32008584,641060,4837512,"P08_CFL_343","IMP",8,"8",2006,"2"
"12741","9481",32008585,641255,4835313,"P08_CFL_342","IMP",8,"8",2006,"2"
"12742","9482",32008586,640854,4834914,"P08_CFL_337","IMP",8,"8",2006,"2"
"12743","9483",32008587,642858,4834112,"P08_CFL_349","IMP",8,"8",2006,"2"
"12744","9485",32008589,641252,4832313,"P08_CFL_342","IMP",8,"8",2006,"2"
"12745","9486",32008590,641252,4828312,"P08_CFL_340","IMP",8,"8",2006,"2"
"12746","9488",32008592,642162,4836367,"P08_CFL_343","IMP",8,"8",2006,"2"
"12747","949",31003735,579177,4916058,"P04_CFL_19","BWC",4,"L4",2000,"2"
"12748","9490",32008594,643005,4840214,"P08_CFL_343","IMP",8,"8",2006,"2"
"12749","9491",32008595,643107,4840013,"P08_CFL_343","IMP",8,"8",2006,"2"
"12750","9492",32008596,643556,4840013,"P08_CFL_343","IMP",8,"8",2006,"2"
"12751","9494",32008598,641760,4839562,"P08_CFL_343","IMP",8,"8",2006,"2"
"12752","9495",32008599,642105,4839563,"P08_CFL_343","IMP",8,"8",2006,"2"
"12753","9498",32008602,642153,4839313,"P08_CFL_343","IMP",8,"8",2006,"2"
"12754","9499",32008603,641407,4839265,"P08_CFL_343","IMP",8,"8",2006,"2"
"12755","95",31002041,542983,4935461,"P04_CFL_67","BWC",4,"U4",1998,"2"
"12756","950",31003737,578376,4915811,"P04_CFL_19","BWC",4,"L4",2000,"1"
"12757","9500",32008604,641851,4839269,"P08_CFL_343","IMP",8,"8",2006,"2"
"12758","9503",32008607,642254,4838961,"P08_CFL_343","IMP",8,"8",2006,"2"
"12759","9504",32008608,641054,4838813,"P08_CFL_343","IMP",8,"8",2006,"2"
"12760","9505",32008609,641905,4838713,"P08_CFL_343","IMP",8,"8",2006,"2"
"12761","9507",32008611,642958,4838612,"P08_CFL_343","IMP",8,"8",2006,"2"
"12762","9508",32008612,641953,4838466,"P08_CFL_343","IMP",8,"8",2006,"2"
"12763","9509",32008613,640555,4838408,"P08_CFL_343","IMP",8,"8",2006,"2"
"12764","951",31003740,579828,4915555,"P04_CFL_19","BWC",4,"L4",2000,"2"
"12765","9511",32008615,643354,4838314,"P08_CFL_343","IMP",8,"8",2006,"2"
"12766","9512",32008616,642001,4838267,"P08_CFL_343","IMP",8,"8",2006,"2"
"12767","9514",32008618,643158,4838117,"P08_CFL_343","IMP",8,"8",2006,"2"
"12768","9515",32008619,643307,4838018,"P08_CFL_343","IMP",8,"8",2006,"2"
"12769","9516",32008620,641354,4837967,"P08_CFL_343","IMP",8,"8",2006,"2"
"12770","9517",32008621,640511,4837911,"P08_CFL_343","IMP",8,"8",2006,"2"
"12771","952",31003741,579778,4915412,"P04_CFL_19","BWC",4,"L4",2000,"2"
"12772","9520",32008624,641305,4837814,"P08_CFL_343","IMP",8,"8",2006,"2"
"12773","9522",32008626,642961,4837418,"P08_CFL_27","IMP",8,"8",2006,"2"
"12774","9525",32008629,640903,4836866,"P08_CFL_343","IMP",8,"8",2006,"2"
"12775","9526",32008630,641559,4836861,"P08_CFL_343","IMP",8,"8",2006,"2"
"12776","9527",32008631,642607,4836859,"P08_CFL_27","IMP",8,"8",2006,"2"
"12777","9528",32008632,640605,4836812,"P08_CFL_343","IMP",8,"8",2006,"2"
"12778","9529",32008633,641409,4836817,"P08_CFL_343","IMP",8,"8",2006,"2"
"12779","953",31003742,579533,4915158,"P04_CFL_19","BWC",4,"L4",2000,"2"
"12780","9530",32008634,643210,4836817,"P08_CFL_27","IMP",8,"8",2006,"2"
"12781","9532",32008636,643108,4836668,"P08_CFL_27","IMP",8,"8",2006,"2"
"12782","9533",32008637,642805,4836514,"P08_CFL_27","IMP",8,"8",2006,"2"
"12783","9536",32008640,642506,4836361,"P08_CFL_27","IMP",8,"8",2006,"2"
"12784","9537",32008641,643110,4836262,"P08_CFL_27","IMP",8,"8",2006,"2"
"12785","9538",32008642,642705,4836160,"P08_CFL_27","IMP",8,"8",2006,"2"
"12786","9539",32008643,642708,4835856,"P08_CFL_27","IMP",8,"8",2006,"2"
"12787","954",31003743,580484,4914857,"P04_CFL_19","BWC",4,"L4",2000,"2"
"12788","9540",32008644,642807,4835861,"P08_CFL_27","IMP",8,"8",2006,"2"
"12789","9541",32008645,640852,4835814,"P08_CFL_337","IMP",8,"8",2006,"2"
"12790","9542",32008646,642107,4835564,"P08_CFL_343","IMP",8,"8",2006,"2"
"12791","9543",32008647,643154,4835561,"P08_CFL_27","IMP",8,"8",2006,"2"
"12792","9544",32008648,640860,4835406,"P08_CFL_337","IMP",8,"8",2006,"2"
"12793","9546",32008650,642906,4835208,"P08_CFL_27","IMP",8,"8",2006,"2"
"12794","9547",32008651,640607,4835010,"P08_CFL_337","IMP",8,"8",2006,"2"
"12795","9548",32008652,639956,4834812,"P08_CFL_337","IMP",8,"8",2006,"2"
"12796","9549",32008653,640657,4834760,"P08_CFL_337","IMP",8,"8",2006,"2"
"12797","955",31003744,580480,4914461,"P04_CFL_19","BWC",4,"L4",2000,"2"
"12798","9550",32008654,640709,4834763,"P08_CFL_337","IMP",8,"8",2006,"2"
"12799","9551",32008655,640802,4834764,"P08_CFL_337","IMP",8,"8",2006,"2"
"12800","9552",32008656,640610,4834663,"P08_CFL_337","IMP",8,"8",2006,"2"
"12801","9553",32008657,640702,4834666,"P08_CFL_337","IMP",8,"8",2006,"2"
"12802","9554",32008658,641408,4834514,"P08_CFL_342","IMP",8,"8",2006,"2"
"12803","9555",32008659,640854,4834413,"P08_CFL_342","IMP",8,"8",2006,"2"
"12804","9557",32008661,642551,4834017,"P08_CFL_349","IMP",8,"8",2006,"2"
"12805","9558",32008662,642756,4833766,"P08_CFL_349","IMP",8,"8",2006,"2"
"12806","956",31003745,581226,4914359,"P04_CFL_19","BWC",4,"L4",2000,"2"
"12807","9560",32008664,641004,4833566,"P08_CFL_342","IMP",8,"8",2006,"2"
"12808","9561",32008665,640509,4833511,"P08_CFL_342","IMP",8,"8",2006,"2"
"12809","9562",32008666,641806,4833411,"P08_CFL_342","IMP",8,"8",2006,"2"
"12810","9564",32008668,640555,4833161,"P08_CFL_342","IMP",8,"8",2006,"2"
"12811","9565",32008669,641107,4833162,"P08_CFL_342","IMP",8,"8",2006,"2"
"12812","9566",32008670,640605,4833064,"P08_CFL_342","IMP",8,"8",2006,"2"
"12813","9567",32008671,641058,4833010,"P08_CFL_342","IMP",8,"8",2006,"2"
"12814","9568",32008672,641908,4832963,"P08_CFL_342","IMP",8,"8",2006,"2"
"12815","9569",32008673,641960,4832906,"P08_CFL_342","IMP",8,"8",2006,"2"
"12816","957",31003746,581329,4914361,"P04_CFL_19","BWC",4,"L4",2000,"2"
"12817","9570",32008674,641903,4832862,"P08_CFL_342","IMP",8,"8",2006,"2"
"12818","9571",32008675,640552,4832815,"P08_CFL_7","IMP",8,"8",2006,"2"
"12819","9572",32008676,641506,4832813,"P08_CFL_342","IMP",8,"8",2006,"2"
"12820","9573",32008677,642007,4832815,"P08_CFL_342","IMP",8,"8",2006,"2"
"12821","9574",32008678,640955,4832762,"P08_CFL_342","IMP",8,"8",2006,"2"
"12822","9576",32008680,642355,4832712,"P08_CFL_342","IMP",8,"8",2006,"2"
"12823","9577",32008681,640750,4832667,"P08_CFL_342","IMP",8,"8",2006,"2"
"12824","9578",32008682,642061,4832614,"P08_CFL_342","IMP",8,"8",2006,"1"
"12825","9579",32008683,641454,4832410,"P08_CFL_342","IMP",8,"8",2006,"2"
"12826","958",31003747,581630,4914255,"P04_CFL_19","BWC",4,"L4",2000,"2"
"12827","9580",32008684,642456,4832411,"P08_CFL_342","IMP",8,"8",2006,"2"
"12828","9581",32008685,640256,4832363,"P08_TSC_19","IMP",8,"8",2006,"2"
"12829","9582",32008686,640558,4832362,"P08_CFL_342","IMP",8,"8",2006,"2"
"12830","9583",32008687,640304,4832312,"P08_CFL_342","IMP",8,"8",2006,"2"
"12831","9584",32008688,641705,4832318,"P08_CFL_342","IMP",8,"8",2006,"2"
"12832","9585",32008689,641402,4832210,"P08_CFL_342","IMP",8,"8",2006,"2"
"12833","9586",32008690,640714,4832109,"P08_CFL_342","IMP",8,"8",2006,"2"
"12834","9587",32008691,641302,4832110,"P08_CFL_342","IMP",8,"8",2006,"2"
"12835","9588",32008692,642105,4832115,"P08_CFL_342","IMP",8,"8",2006,"2"
"12836","9589",32008693,640755,4832017,"P08_CFL_342","IMP",8,"8",2006,"2"
"12837","959",31003748,581427,4914105,"P04_CFL_19","BWC",4,"L4",2000,"2"
"12838","9592",32008696,641552,4831916,"P08_CFL_342","IMP",8,"8",2006,"2"
"12839","9593",32008697,640253,4831859,"P08_CFL_5","IMP",8,"8",2006,"2"
"12840","9594",32008698,641554,4831861,"P08_CFL_342","IMP",8,"8",2006,"2"
"12841","9595",32008699,640053,4831811,"P08_CFL_5","IMP",8,"8",2006,"2"
"12842","9598",32008702,642754,4831662,"P08_CFL_342","IMP",8,"8",2006,"2"
"12843","9599",32008703,642658,4831613,"P08_CFL_342","IMP",8,"8",2006,"2"
"12844","96",31002042,542478,4935411,"P04_CFL_67","BWC",4,"U4",1998,"2"
"12845","960",31003750,580732,4912613,"P04_CFL_44","BWC",4,"L4",2000,"2"
"12846","9600",32008704,643055,4831562,"P08_CFL_342","IMP",8,"8",2006,"2"
"12847","9601",32008705,642157,4831461,"P08_CFL_342","IMP",8,"8",2006,"1"
"12848","9602",32008706,642955,4831462,"P08_CFL_342","IMP",8,"8",2006,"1"
"12849","9603",32008707,643205,4831416,"P08_CFL_342","IMP",8,"8",2006,"2"
"12850","9604",32008708,641908,4831363,"P08_CFL_342","IMP",8,"8",2006,"2"
"12851","9605",32008709,641959,4831367,"P08_CFL_342","IMP",8,"8",2006,"2"
"12852","9606",32008710,642311,4831368,"P08_CFL_342","IMP",8,"8",2006,"1"
"12853","9607",32008711,640008,4831309,"P08_CFL_342","IMP",8,"8",2006,"2"
"12854","9608",32008712,640001,4831213,"P08_CFL_342","IMP",8,"8",2006,"2"
"12855","9609",32008713,641561,4831214,"P08_CFL_342","IMP",8,"8",2006,"2"
"12856","961",31003751,580322,4912312,"P04_CFL_44","BWC",4,"L4",2000,"2"
"12857","9611",32008715,640004,4831113,"P08_CFL_342","IMP",8,"8",2006,"2"
"12858","9616",32008720,643162,4831010,"P08_CFL_342","IMP",8,"8",2006,"2"
"12859","9617",32008721,640398,4830863,"P08_CFL_342","IMP",8,"8",2006,"2"
"12860","962",31003752,580233,4912063,"P04_CFL_44","BWC",4,"L4",2000,"2"
"12861","9621",32008725,641709,4830663,"P08_CFL_342","IMP",8,"8",2006,"2"
"12862","9623",32008727,640010,4830216,"P08_CFL_342","IMP",8,"8",2006,"2"
"12863","9626",32008730,640360,4830116,"P08_CFL_342","IMP",8,"8",2006,"2"
"12864","9627",32008731,640308,4830017,"P08_CFL_342","IMP",8,"8",2006,"2"
"12865","9628",32008732,641550,4829666,"P08_CFL_342","IMP",8,"8",2006,"1"
"12866","9629",32008733,641654,4829620,"P08_CFL_342","IMP",8,"8",2006,"2"
"12867","963",31003753,579979,4911954,"P04_CFL_44","BWC",4,"L4",2000,"2"
"12868","9631",32008735,641557,4829464,"P08_CFL_342","IMP",8,"8",2006,"2"
"12869","9634",32008738,641601,4829362,"P08_CFL_342","IMP",8,"8",2006,"2"
"12870","9635",32008739,641550,4829312,"P08_CFL_342","IMP",8,"8",2006,"1"
"12871","9636",32008740,641608,4829211,"P08_CFL_342","IMP",8,"8",2006,"2"
"12872","9637",32008741,641708,4829164,"P08_CFL_342","IMP",8,"8",2006,"2"
"12873","964",31003754,581376,4911511,"P04_CFL_44","BWC",4,"L4",2000,"2"
"12874","9640",32008744,643251,4828959,"P08_CFL_339","IMP",8,"8",2006,"2"
"12875","9643",32008747,641801,4828508,"P08_CFL_342","IMP",8,"8",2006,"2"
"12876","9647",32008751,642853,4828015,"P08_CFL_342","IMP",8,"8",2006,"2"
"12877","9649",32008753,641655,4834313,"P08_CFL_342","IMP",8,"8",2006,"2"
"12878","965",31003755,580377,4911258,"P04_CFL_44","BWC",4,"L4",2000,"2"
"12879","9650",32008754,642506,4837014,"P08_TSC_29","IMP",8,"8",2006,"2"
"12880","9651",32008755,642953,4834067,"P08_CFL_349","IMP",8,"8",2006,"2"
"12881","9652",32008776,641204,4847061,"P08_SCB_26","MBC",8,"8",2007,"2"
"12882","966",31003756,580234,4911160,"P04_CFL_44","BWC",4,"L4",2000,"2"
"12883","9666",32008790,640801,4843716,"P08_SC_9","MBC",8,"8",2007,"2"
"12884","9668",32008792,640701,4843562,"P08_SCB_26","MBC",8,"8",2007,"2"
"12885","967",31003757,583480,4909958,"P04_CFL_240","BWC",4,"L4",2000,"2"
"12886","9677",32008802,639748,4837712,"P08_SCB_25","MBC",8,"8",2007,"2"
"12887","9680",32008805,641109,4836166,"P08_USCB_9","MBC",8,"8",2007,"2"
"12888","9682",32008807,643105,4832513,"P08_USCB_3","MBC",8,"8",2007,"2"
"12889","969",31003759,583777,4909806,"P04_CFL_240","BWC",4,"L4",2000,"2"
"12890","9693",32008820,639606,4851412,"P08_SCB_29","MBC",8,"8",2007,"2"
"12891","9698",32008825,641054,4849052,"P08_SCB_26","MBC",8,"8",2007,"2"
"12892","97",31002043,542376,4935360,"P04_CFL_67","BWC",4,"U4",1998,"2"
"12893","9709",32008839,639456,4837610,"P08_SCB_22","MBC",8,"8",2007,"2"
"12894","971",31003761,584530,4908358,"P04_CFL_240","BWC",4,"L4",2000,"2"
"12895","9710",32008840,639461,4837558,"P08_SCB_22","MBC",8,"8",2007,"2"
"12896","9711",32008841,639999,4837513,"P08_SCB_25","MBC",8,"8",2007,"2"
"12897","9713",32008844,643103,4832664,"P08_SCB_19","MBC",8,"8",2007,"2"
"12898","9714",32008846,642552,4844814,"P08_TSC_63","SC",8,"8",2007,"2"
"12899","9715",32008847,642202,4840963,"P08_CFL_94","SC",8,"8",2007,"2"
"12900","9719",32008851,640856,4847410,"P08_TSC_12","SC",8,"8",2007,"2"
"12901","9726",32008859,641143,4844453,"P08_SC_10","SC",8,"8",2007,"2"
"12902","9730",32008863,641753,4844118,"P08_CFL_177","SC",8,"8",2007,"2"
"12903","9733",32008866,644247,4842963,"P08_SC_8","SC",8,"8",2007,"2"
"12904","9734",32008867,640648,4841958,"P08_CFL_128","SC",8,"8",2007,"2"
"12905","9736",32008869,640658,4841508,"P08_CFL_110","SC",8,"8",2007,"2"
"12906","9737",32008870,640001,4841461,"P08_TSC_46","SC",8,"8",2007,"2"
"12907","9739",32008872,641260,4840716,"P08_TSC_43","SC",8,"8",2007,"2"
"12908","974",31004026,543126,4934352,"P04_USCB_19","MBC",4,"U4",2001,"2"
"12909","9740",32008873,639758,4840558,"P08_CFL_76","SC",8,"8",2007,"2"
"12910","9741",32008874,640566,4839512,"P08_SC_3","SC",8,"8",2007,"1"
"12911","9742",32008875,641052,4849100,"P08_SC_13","SC",8,"8",2007,"2"
"12912","9745",32008878,638156,4855803,"P08_SC_17","SC",8,"8",2007,"2"
"12913","9747",32008880,638956,4854567,"P08_SC_17","SC",8,"8",2007,"2"
"12914","9752",32008885,639409,4837018,"P08_CFL_25","SC",8,"8",2007,"2"
"12915","9757",32008890,643548,4842113,"P08_TSC_49","SC",8,"8",2007,"2"
"12916","9758",32008891,641658,4842058,"P08_SC_11","SC",8,"8",2007,"2"
"12917","9759",32008892,640707,4841958,"P08_CFL_128","SC",8,"8",2007,"2"
"12918","9760",32008893,641101,4841909,"P08_CFL_128","SC",8,"8",2007,"2"
"12919","9761",32008894,642763,4841308,"P08_CFL_98","SC",8,"8",2007,"2"
"12920","9762",32008895,641258,4841212,"P08_CFL_102","SC",8,"8",2007,"2"
"12921","9763",32008896,642713,4840915,"P08_SC_11","SC",8,"8",2007,"2"
"12922","9765",32008898,641355,4849963,"P08_TSC_70","SC",8,"8",2007,"2"
"12923","9766",32008899,642051,4849207,"P08_TSC_70","SC",8,"8",2007,"2"
"12924","9767",32008900,642256,4848952,"P08_TSC_70","SC",8,"8",2007,"2"
"12925","9769",32008902,639504,4835763,"P08_CFL_23","SC",8,"8",2007,"2"
"12926","9770",32008903,639257,4835458,"P08_CFL_21","SC",8,"8",2007,"2"
"12927","9778",32008911,641011,4840671,"P08_CFL_79","BWC",8,"8",2007,"2"
"12928","9779",32008912,639164,4856909,"P08_CFL_372","BWC",8,"8",2007,"2"
"12929","9780",32008913,640147,4836110,"P08_CFL_337","BWC",8,"8",2007,"2"
"12930","9782",32008918,643409,4841408,"P08_CFL_119","BWC",8,"8",2007,"2"
"12931","9783",32008919,643143,4847567,"P08_SC_11","BWC",8,"8",2007,"1"
"12932","9784",32008920,640058,4848911,"P08_CFL_358","BWC",8,"8",2007,"2"
"12933","9785",32008921,644054,4846061,"P08_CFL_238","BWC",8,"8",2007,"2"
"12934","9786",32008922,644250,4846005,"P08_CFL_238","BWC",8,"8",2007,"2"
"12935","9787",32008925,638512,4857610,"P08_CFL_335","BWC",8,"8",2007,"2"
"12936","9788",32008930,639756,4837156,"P08_CFL_337","BWC",8,"8",2007,"2"
"12937","9789",32008931,641562,4840710,"P08_CFL_81","BWC",8,"8",2007,"2"
"12938","9790",32008932,640396,4839807,"P08_CFL_50","BWC",8,"8",2007,"2"
"12939","9791",32008933,642596,4846761,"P08_CFL_354","BWC",8,"8",2007,"2"
"12940","9792",32008934,643159,4843764,"P08_CFL_179","BWC",8,"8",2007,"2"
"12941","9793",32008935,643205,4843763,"P08_CFL_179","BWC",8,"8",2007,"2"
"12942","9794",32008936,643003,4843563,"P08_CFL_159","BWC",8,"8",2007,"2"
"12943","9795",32008937,640156,4835763,"P08_CFL_337","BWC",8,"8",2007,"2"
"12944","9796",32008938,640151,4835662,"P08_CFL_337","BWC",8,"8",2007,"2"
"12945","9797",32008939,640254,4835656,"P08_CFL_337","BWC",8,"8",2007,"2"
"12946","9798",32008940,640504,4835562,"P08_CFL_337","BWC",8,"8",2007,"2"
"12947","9799",32008941,640056,4836517,"P08_USCB_6","BWC",8,"8",2007,"2"
"12948","98",31002044,543020,4935309,"P04_CFL_67","BWC",4,"U4",1998,"2"
"12949","9800",32008942,641457,4840706,"P08_SC_4","BWC",8,"8",2007,"1"
"12950","9801",32008946,640995,4840162,"P08_CFL_62","BWC",8,"8",2007,"2"
"12951","9802",32008947,640352,4838363,"P08_CFL_36","BWC",8,"8",2007,"2"
"12952","9803",32008948,639557,4835309,"P08_CFL_20","BWC",8,"8",2007,"2"
"12953","9804",32008949,642407,4844575,"P08_TSC_62","BWC",8,"8",2007,"2"
"12954","9806",32008951,641199,4842862,"P08_SC_9","BWC",8,"8",2007,"2"
"12955","9807",32008952,641894,4841658,"P08_CFL_112","BWC",8,"8",2007,"2"
"12956","9808",32008954,640756,4841212,"P08_CFL_96","BWC",8,"8",2007,"2"
"12957","9809",32008956,638814,4857459,"P08_CFL_335","BWC",8,"8",2007,"2"
"12958","9810",32008957,638559,4856959,"P08_CFL_335","BWC",8,"8",2007,"2"
"12959","9812",32008959,638695,4856762,"P08_CFL_335","BWC",8,"8",2007,"2"
"12960","9815",32008962,640004,4849361,"P08_CFL_289","BWC",8,"8",2007,"2"
"12961","9816",32008963,642004,4848961,"P08_CFL_352","BWC",8,"8",2007,"2"
"12962","9817",32008964,643153,4846060,"P08_TSC_86","BWC",8,"8",2007,"2"
"12963","9818",32008966,643901,4845515,"P08_CFL_238","BWC",8,"8",2007,"2"
"12964","9819",32008967,642614,4845313,"","BWC",8,"8",2007,"2"
"12965","9820",32008968,644001,4845263,"P08_CFL_238","BWC",8,"8",2007,"2"
"12966","9821",32008970,641150,4845206,"P08_TSC_64","BWC",8,"8",2007,"2"
"12967","9822",32008971,643559,4845053,"P08_CFL_194","BWC",8,"8",2007,"2"
"12968","9823",32008972,643520,4844920,"P08_CFL_194","BWC",8,"8",2007,"2"
"12969","9824",32008973,643758,4844911,"P08_CFL_193","BWC",8,"8",2007,"2"
"12970","9825",32008975,641513,4844257,"P08_CFL_177","BWC",8,"8",2007,"2"
"12971","9826",32008977,641809,4842312,"P08_CFL_122","BWC",8,"8",2007,"2"
"12972","9827",32008979,642855,4842163,"P08_CFL_159","BWC",8,"8",2007,"2"
"12973","9828",32008980,640558,4841809,"P08_CFL_115","BWC",8,"8",2007,"2"
"12974","9829",32008982,640057,4840804,"P08_CFL_88","BWC",8,"8",2007,"2"
"12975","9830",32008983,640622,4840796,"P08_CFL_87","BWC",8,"8",2007,"2"
"12976","9832",32008985,640050,4840307,"P08_CFL_64","BWC",8,"8",2007,"2"
"12977","9833",32008987,640703,4839307,"P08_CFL_45","BWC",8,"8",2007,"2"
"12978","9834",32008988,640304,4839165,"P08_CFL_42","BWC",8,"8",2007,"2"
"12979","9835",32008989,640205,4838165,"P08_SC_2","BWC",8,"8",2007,"2"
"12980","9836",32008990,638863,4837554,"P08_CFL_344","BWC",8,"8",2007,"2"
"12981","9837",32008996,639062,4844657,"P08_CFL_224","BWC",8,"8",2007,"2"
"12982","9838",32008997,638361,4850508,"P08_CFL_348","BWC",8,"8",2007,"2"
"12983","9839",32008998,639349,4844659,"P08_CFL_224","BWC",8,"8",2007,"2"
"12984","9840",32009000,639308,4844159,"P08_CFL_224","BWC",8,"8",2007,"2"
"12985","9841",32009001,639652,4843013,"P08_CFL_224","BWC",8,"8",2007,"2"
"12986","9842",32009002,638856,4850712,"P08_CFL_348","BWC",8,"8",2007,"2"
"12987","9843",32009003,639003,4850665,"P08_CFL_348","BWC",8,"8",2007,"2"
"12988","9844",32009004,639005,4850611,"P08_CFL_348","BWC",8,"8",2007,"2"
"12989","9845",32009005,638652,4850161,"P08_CFL_348","BWC",8,"8",2007,"2"
"12990","9846",32009006,638800,4850163,"P08_CFL_348","BWC",8,"8",2007,"2"
"12991","9847",32009007,639551,4844310,"P08_CFL_224","BWC",8,"8",2007,"2"
"12992","9848",32009008,639404,4844113,"P08_CFL_224","BWC",8,"8",2007,"2"
"12993","9849",32009009,639654,4843558,"P08_CFL_224","BWC",8,"8",2007,"2"
"12994","9850",32009010,639501,4843062,"P08_CFL_224","BWC",8,"8",2007,"2"
"12995","9851",32009011,639606,4843069,"P08_CFL_224","BWC",8,"8",2007,"2"
"12996","9852",32009012,639255,4841708,"P08_CFL_224","BWC",8,"8",2007,"2"
"12997","9853",32009013,640005,4844211,"P08_CFL_224","BWC",8,"8",2007,"2"
"12998","9855",32009019,642103,4840162,"P08_CFL_343","BWC",8,"8",2007,"2"
"12999","9856",32009020,641103,4840112,"P08_CFL_343","BWC",8,"8",2007,"2"
"13000","9857",32009021,639255,4833105,"P08_CFL_17","IMP",8,"8",2007,"2"
"13001","9858",32009022,639752,4829414,"P08_CFL_340","IMP",8,"8",2007,"2"
"13002","9859",32009023,641856,4840214,"P08_TSC_31","IMP",8,"8",2007,"2"
"13003","9860",32009025,641606,4840108,"P08_CFL_343","IMP",8,"8",2007,"2"
"13004","9861",32009026,639750,4834764,"P08_SC_1","IMP",8,"8",2007,"2"
"13005","9862",32009027,642951,4833562,"P08_CFL_349","IMP",8,"8",2007,"2"
"13006","9863",32009028,639999,4829215,"P08_CFL_340","IMP",8,"8",2007,"2"
"13007","9865",32009030,643452,4839508,"P08_CFL_343","IMP",8,"8",2007,"2"
"13008","9866",32009031,641652,4839308,"P08_CFL_343","IMP",8,"8",2007,"2"
"13009","9867",32009032,640859,4837716,"P08_CFL_343","IMP",8,"8",2007,"2"
"13010","9868",32009033,642463,4836709,"P08_CFL_343","IMP",8,"8",2007,"2"
"13011","9869",32009034,642457,4836513,"P08_CFL_27","IMP",8,"8",2007,"2"
"13012","9870",32009035,641259,4834313,"P08_CFL_342","IMP",8,"8",2007,"2"
"13013","9871",32009036,642253,4831907,"P08_CFL_342","IMP",8,"8",2007,"2"
"13014","9872",32009037,642200,4836410,"P08_CFL_343","IMP",8,"8",2007,"2"
"13015","9874",32009039,641557,4835364,"P08_SCB_21","IMP",8,"8",2007,"2"
"13016","9877",32009042,639903,4830310,"P08_CFL_342","IMP",8,"8",2007,"2"
"13017","9879",32009048,642299,4840010,"P08_CFL_343","IMP",8,"8",2007,"2"
"13018","9880",32009053,642703,4839763,"P08_CFL_343","IMP",8,"8",2007,"2"
"13019","9881",32009055,641351,4839261,"P08_CFL_343","IMP",8,"8",2007,"2"
"13020","9882",32009056,643150,4839259,"P08_CFL_343","IMP",8,"8",2007,"2"
"13021","9883",32009057,641402,4839164,"P08_CFL_343","IMP",8,"8",2007,"2"
"13022","9884",32009058,641749,4839058,"P08_CFL_343","IMP",8,"8",2007,"2"
"13023","9885",32009059,641055,4838961,"P08_CFL_343","IMP",8,"8",2007,"2"
"13024","9886",32009060,641204,4838862,"P08_CFL_343","IMP",8,"8",2007,"2"
"13025","9887",32009061,641607,4838762,"P08_CFL_343","IMP",8,"8",2007,"2"
"13026","9889",32009063,641202,4838510,"P08_CFL_343","IMP",8,"8",2007,"2"
"13027","9890",32009064,643305,4838359,"P08_CFL_343","IMP",8,"8",2007,"2"
"13028","9891",32009065,641556,4838315,"P08_CFL_343","IMP",8,"8",2007,"2"
"13029","9892",32009066,641104,4838007,"P08_CFL_343","IMP",8,"8",2007,"2"
"13030","9893",32009067,640959,4837907,"P08_CFL_343","IMP",8,"8",2007,"2"
"13031","9895",32009069,642350,4837802,"P08_CFL_343","IMP",8,"8",2007,"2"
"13032","9897",32009071,641051,4837663,"P08_CFL_343","IMP",8,"8",2007,"2"
"13033","9898",32009072,643197,4837614,"P08_CFL_343","IMP",8,"8",2007,"2"
"13034","9899",32009073,640355,4837563,"P08_CFL_343","IMP",8,"8",2007,"2"
"13035","99",31002045,542981,4935253,"P04_CFL_67","BWC",4,"U4",1998,"2"
"13036","9900",32009074,641497,4837508,"P08_CFL_343","IMP",8,"8",2007,"2"
"13037","9901",32009075,643304,4837466,"P08_CFL_27","IMP",8,"8",2007,"2"
"13038","9902",32009076,643049,4837410,"P08_CFL_27","IMP",8,"8",2007,"2"
"13039","9903",32009077,641209,4837209,"P08_CFL_343","IMP",8,"8",2007,"2"
"13040","9904",32009078,642759,4837214,"P08_CFL_27","IMP",8,"8",2007,"2"
"13041","9905",32009079,641405,4837152,"P08_CFL_343","IMP",8,"8",2007,"2"
"13042","9906",32009080,641351,4837109,"P08_CFL_343","IMP",8,"8",2007,"2"
"13043","9908",32009082,642803,4837061,"P08_CFL_27","IMP",8,"8",2007,"2"
"13044","9909",32009083,640306,4837013,"P08_CFL_343","IMP",8,"8",2007,"2"
"13045","991",31004049,543328,4934556,"P04_USCB_5","MBC",4,"U4",2001,"2"
"13046","9910",32009084,640356,4836960,"P08_CFL_343","IMP",8,"8",2007,"2"
"13047","9911",32009085,641606,4836964,"P08_CFL_343","IMP",8,"8",2007,"2"
"13048","9912",32009086,641707,4836966,"P08_CFL_343","IMP",8,"8",2007,"2"
"13049","9914",32009088,641555,4836862,"P08_CFL_343","IMP",8,"8",2007,"2"
"13050","9915",32009089,642907,4836858,"P08_CFL_27","IMP",8,"8",2007,"2"
"13051","9916",32009090,640249,4836811,"P08_CFL_343","IMP",8,"8",2007,"2"
"13052","9917",32009091,640656,4836811,"P08_CFL_343","IMP",8,"8",2007,"2"
"13053","9920",32009094,642710,4836765,"P08_CFL_27","IMP",8,"8",2007,"2"
"13054","9921",32009095,640702,4836556,"P08_CFL_343","IMP",8,"8",2007,"2"
"13055","9922",32009096,640858,4836561,"P08_CFL_343","IMP",8,"8",2007,"2"
"13056","9923",32009097,640600,4836514,"P08_CFL_343","IMP",8,"8",2007,"2"
"13057","9924",32009098,642297,4836415,"P08_CFL_343","IMP",8,"8",2007,"2"
"13058","9925",32009099,643106,4836357,"P08_CFL_27","IMP",8,"8",2007,"2"
"13059","9926",32009100,642142,4836061,"P08_CFL_343","IMP",8,"8",2007,"2"
"13060","9927",32009101,641105,4835816,"P08_CFL_337","IMP",8,"8",2007,"2"
"13061","9928",32009102,642853,4835563,"P08_CFL_27","IMP",8,"8",2007,"2"
"13062","9929",32009103,641401,4835517,"P08_CFL_342","IMP",8,"8",2007,"2"
"13063","9930",32009104,642854,4835366,"P08_CFL_27","IMP",8,"8",2007,"2"
"13064","9931",32009105,642509,4835314,"P08_CFL_349","IMP",8,"8",2007,"2"
"13065","9932",32009106,639856,4835211,"P08_CFL_337","IMP",8,"8",2007,"2"
"13066","9934",32009108,641505,4835108,"P08_CFL_342","IMP",8,"8",2007,"2"
"13067","9936",32009110,640310,4835008,"P08_CFL_337","IMP",8,"8",2007,"2"
"13068","9937",32009111,642654,4834964,"P08_CFL_349","IMP",8,"8",2007,"1"
"13069","9938",32009112,640758,4834810,"P08_CFL_337","IMP",8,"8",2007,"2"
"13070","9939",32009113,642602,4834811,"P08_CFL_349","IMP",8,"8",2007,"2"
"13071","9940",32009114,640355,4834612,"P08_CFL_337","IMP",8,"8",2007,"2"
"13072","9941",32009115,641056,4834458,"P08_CFL_342","IMP",8,"8",2007,"2"
"13073","9942",32009116,640806,4834311,"P08_CFL_342","IMP",8,"8",2007,"2"
"13074","9943",32009117,640853,4834215,"P08_CFL_342","IMP",8,"8",2007,"2"
"13075","9944",32009118,640959,4834054,"P08_CFL_342","IMP",8,"8",2007,"2"
"13076","9945",32009119,641761,4834062,"P08_CFL_342","IMP",8,"8",2007,"2"
"13077","9946",32009120,640308,4834014,"P08_TSC_20","IMP",8,"8",2007,"2"
"13078","9947",32009121,641204,4833966,"P08_CFL_342","IMP",8,"8",2007,"2"
"13079","9948",32009122,642706,4833908,"P08_CFL_349","IMP",8,"8",2007,"2"
"13080","9949",32009123,640951,4833815,"P08_CFL_342","IMP",8,"8",2007,"2"
"13081","995",31004053,572229,4918254,"P04_USCB_13","MBC",4,"L4",2001,"2"
"13082","9950",32009124,640761,4833761,"P08_CFL_342","IMP",8,"8",2007,"2"
"13083","9951",32009125,641006,4833714,"P08_CFL_342","IMP",8,"8",2007,"2"
"13084","9952",32009126,640408,4833656,"P08_CFL_342","IMP",8,"8",2007,"2"
"13085","9953",32009127,640902,4833463,"P08_CFL_342","IMP",8,"8",2007,"2"
"13086","9954",32009128,640307,4833262,"P08_CFL_8","IMP",8,"8",2007,"2"
"13087","9955",32009129,641652,4833161,"P08_CFL_342","IMP",8,"8",2007,"2"
"13088","9956",32009130,642152,4833159,"P08_CFL_342","IMP",8,"8",2007,"2"
"13089","9957",32009131,640860,4833060,"P08_CFL_342","IMP",8,"8",2007,"2"
"13090","9958",32009132,641198,4833063,"P08_CFL_342","IMP",8,"8",2007,"2"
"13091","9959",32009133,643053,4833011,"P08_CFL_349","IMP",8,"8",2007,"2"
"13092","996",31004054,572524,4917953,"P04_USCB_13","MBC",4,"L4",2001,"2"
"13093","9960",32009134,642001,4832955,"P08_CFL_342","IMP",8,"8",2007,"2"
"13094","9961",32009135,643401,4832909,"P08_CFL_349","IMP",8,"8",2007,"2"
"13095","9962",32009137,640857,4832809,"P08_CFL_342","IMP",8,"8",2007,"2"
"13096","9963",32009138,640901,4832816,"P08_CFL_342","IMP",8,"8",2007,"2"
"13097","9965",32009140,642366,4832716,"P08_CFL_342","IMP",8,"8",2007,"2"
"13098","9966",32009141,642409,4832712,"P08_CFL_342","IMP",8,"8",2007,"2"
"13099","9967",32009142,640600,4832611,"P08_CFL_7","IMP",8,"8",2007,"2"
"13100","9968",32009143,641806,4832559,"P08_CFL_342","IMP",8,"8",2007,"2"
"13101","9969",32009144,640706,4832460,"P08_CFL_342","IMP",8,"8",2007,"2"
"13102","9970",32009145,639455,4832408,"P08_CFL_17","IMP",8,"8",2007,"2"
"13103","9971",32009146,641597,4832307,"P08_CFL_342","IMP",8,"8",2007,"2"
"13104","9973",32009148,642208,4832218,"P08_CFL_342","IMP",8,"8",2007,"2"
"13105","9974",32009149,640306,4832113,"P08_CFL_4","IMP",8,"8",2007,"2"
"13106","9976",32009151,642663,4832060,"P08_CFL_342","IMP",8,"8",2007,"2"
"13107","9977",32009152,642501,4831961,"P08_CFL_342","IMP",8,"8",2007,"1"
"13108","9978",32009153,640254,4831763,"P08_CFL_342","IMP",8,"8",2007,"2"
"13109","9979",32009154,640303,4831764,"P08_CFL_342","IMP",8,"8",2007,"2"
"13110","9980",32009155,642313,4831719,"P08_CFL_342","IMP",8,"8",2007,"1"
"13111","9981",32009156,642899,4831611,"P08_CFL_342","IMP",8,"8",2007,"1"
"13112","9982",32009157,643107,4831564,"P08_CFL_342","IMP",8,"8",2007,"1"
"13113","9983",32009158,641706,4831507,"P08_CFL_342","IMP",8,"8",2007,"2"
"13114","9984",32009159,643208,4831461,"P08_CFL_342","IMP",8,"8",2007,"2"
"13115","9985",32009160,642555,4831409,"P08_CFL_342","IMP",8,"8",2007,"2"
"13116","9987",32009162,642951,4831261,"P08_CFL_342","IMP",8,"8",2007,"2"
"13117","9988",32009163,640163,4831212,"P08_CFL_342","IMP",8,"8",2007,"2"
"13118","9989",32009164,642507,4831206,"P08_CFL_342","IMP",8,"8",2007,"2"
"13119","9990",32009165,639902,4831167,"P08_CFL_342","IMP",8,"8",2007,"2"
"13120","9992",32009167,642861,4831157,"P08_CFL_342","IMP",8,"8",2007,"2"
"13121","9994",32009169,639954,4831106,"P08_CFL_342","IMP",8,"8",2007,"2"
"13122","9995",32009170,643107,4831054,"P08_CFL_342","IMP",8,"8",2007,"2"
"13123","9996",32009171,639906,4830864,"P08_CFL_342","IMP",8,"8",2007,"2"
