PLOT,EASTING,NORTHING,STRATUM,OLDPOOLNAME,POOL,YEAR
31001748,535045,4937766,MBC,4,U4,1998
31001749,544741,4934399,MBC,4,U4,1998
31001750,571209,4918295,MBC,4,L4,1998
31001751,572330,4918209,MBC,4,L4,1998
31001752,572133,4918052,MBC,4,L4,1998
31001753,572795,4917812,MBC,4,L4,1998
31001754,573926,4916951,MBC,4,L4,1998
31001755,578349,4914524,MBC,4,L4,1998
31001756,578649,4914440,MBC,4,L4,1998
31001758,580781,4913213,MBC,4,L4,1998
31001759,580890,4913199,MBC,4,L4,1998
31001761,580939,4913151,MBC,4,L4,1998
31001765,582385,4912613,MBC,4,L4,1998
31001766,582377,4912555,MBC,4,L4,1998
31001767,583128,4911857,MBC,4,L4,1998
31001768,583438,4911359,MBC,4,L4,1998
31001769,583181,4911162,MBC,4,L4,1998
31001770,583476,4911116,MBC,4,L4,1998
31001772,584328,4910556,MBC,4,L4,1998
31001773,583727,4910447,MBC,4,L4,1998
31001774,583689,4910357,MBC,4,L4,1998
31001775,584089,4910354,MBC,4,L4,1998
31001776,583684,4910314,MBC,4,L4,1998
31001778,584785,4910113,MBC,4,L4,1998
31001779,584035,4910009,MBC,4,L4,1998
31001782,584540,4909655,MBC,4,L4,1998
31001784,531597,4940103,MBC,4,U4,1998
31001785,531617,4940081,MBC,4,U4,1998
31001787,535525,4935627,MBC,4,U4,1998
31001788,541631,4935113,MBC,4,U4,1998
31001789,541886,4935011,MBC,4,U4,1998
31001790,542933,4934674,MBC,4,U4,1998
31001791,571230,4918351,MBC,4,L4,1998
31001792,572375,4918215,MBC,4,L4,1998
31001793,572428,4918161,MBC,4,L4,1998
31001794,575985,4915858,MBC,4,L4,1998
31001796,576578,4915357,MBC,4,L4,1998
31001797,581235,4913457,MBC,4,L4,1998
31001798,581539,4913407,MBC,4,L4,1998
31001801,582032,4912698,MBC,4,L4,1998
31001802,582934,4912510,MBC,4,L4,1998
31001803,582932,4912459,MBC,4,L4,1998
31001804,583778,4911405,MBC,4,L4,1998
31001805,584429,4910404,MBC,4,L4,1998
31001806,585529,4909866,MBC,4,L4,1998
31001807,544982,4934810,SC,4,U4,1998
31001830,537735,4936205,SC,4,U4,1998
31001831,538275,4936208,SC,4,U4,1998
31001863,536315,4937238,SC,4,U4,1998
31001864,538690,4936907,SC,4,U4,1998
31001865,539129,4936753,SC,4,U4,1998
31001866,540984,4936450,SC,4,U4,1998
31001867,539980,4936200,SC,4,U4,1998
31001868,541593,4936113,SC,4,U4,1998
31001872,542124,4935058,SC,4,U4,1998
31001873,543631,4935070,SC,4,U4,1998
31001874,543550,4935014,SC,4,U4,1998
31001875,542735,4934797,SC,4,U4,1998
31001885,535329,4937844,SC,4,U4,1998
31001888,536631,4937094,SC,4,U4,1998
31001889,536677,4937120,SC,4,U4,1998
31001890,536789,4937064,SC,4,U4,1998
31001891,536521,4936968,SC,4,U4,1998
31001892,537137,4936961,SC,4,U4,1998
31001894,538494,4936931,SC,4,U4,1998
31001895,538841,4936849,SC,4,U4,1998
31001896,539050,4936763,SC,4,U4,1998
31001897,539174,4936568,SC,4,U4,1998
31001898,539388,4936555,SC,4,U4,1998
31001899,541285,4936409,SC,4,U4,1998
31001900,540023,4936354,SC,4,U4,1998
31002001,540498,4936305,SC,4,U4,1998
31002002,541567,4936269,SC,4,U4,1998
31002003,541467,4936205,SC,4,U4,1998
31002004,541728,4936010,SC,4,U4,1998
31002006,537990,4935460,SC,4,U4,1998
31002007,542483,4935061,SC,4,U4,1998
31002008,542637,4935006,SC,4,U4,1998
31002009,543032,4935008,SC,4,U4,1998
31002010,542696,4934901,SC,4,U4,1998
31002011,542625,4934815,SC,4,U4,1998
31002025,538882,4936206,SC,4,U4,1998
31002026,538828,4936158,SC,4,U4,1998
31002028,556079,4924411,BWC,4,U4,1998
31002029,537724,4936706,BWC,4,U4,1998
31002031,537125,4937354,BWC,4,U4,1998
31002033,542730,4936155,BWC,4,U4,1998
31002034,542579,4936109,BWC,4,U4,1998
31002035,542222,4935755,BWC,4,U4,1998
31002036,542427,4935707,BWC,4,U4,1998
31002037,542176,4935657,BWC,4,U4,1998
31002038,542627,4935659,BWC,4,U4,1998
31002039,542677,4935658,BWC,4,U4,1998
31002040,542930,4935558,BWC,4,U4,1998
31002041,542983,4935461,BWC,4,U4,1998
31002042,542478,4935411,BWC,4,U4,1998
31002043,542376,4935360,BWC,4,U4,1998
31002044,543020,4935309,BWC,4,U4,1998
31002045,542981,4935253,BWC,4,U4,1998
31002046,544073,4934111,BWC,4,U4,1998
31002047,544729,4933806,BWC,4,U4,1998
31002048,544326,4933760,BWC,4,U4,1998
31002049,544424,4933758,BWC,4,U4,1998
31002050,545229,4933705,BWC,4,U4,1998
31002052,542076,4936257,BWC,4,U4,1998
31002053,542324,4936110,BWC,4,U4,1998
31002055,542731,4936007,BWC,4,U4,1998
31002056,542676,4935854,BWC,4,U4,1998
31002057,542077,4935506,BWC,4,U4,1998
31002058,542477,4935258,BWC,4,U4,1998
31002059,542877,4935255,BWC,4,U4,1998
31002060,541636,4934757,BWC,4,U4,1998
31002061,541833,4934707,BWC,4,U4,1998
31002062,543528,4934259,BWC,4,U4,1998
31002063,543526,4934159,BWC,4,U4,1998
31002064,543778,4933993,BWC,4,U4,1998
31002065,536526,4936310,BWC,4,U4,1998
31002066,536523,4936211,BWC,4,U4,1998
31002067,538824,4935863,BWC,4,U4,1998
31002068,539380,4935562,BWC,4,U4,1998
31002069,539025,4935509,BWC,4,U4,1998
31002070,539481,4935503,BWC,4,U4,1998
31002071,540579,4936756,BWC,4,U4,1998
31002072,540771,4936561,BWC,4,U4,1998
31002073,536929,4936408,BWC,4,U4,1998
31002074,536625,4936260,BWC,4,U4,1998
31002075,536778,4936155,BWC,4,U4,1998
31002076,537131,4936158,BWC,4,U4,1998
31002077,537128,4936110,BWC,4,U4,1998
31002079,539921,4935863,BWC,4,U4,1998
31002080,540588,4935759,BWC,4,U4,1998
31002081,539731,4935611,BWC,4,U4,1998
31002082,540190,4935609,BWC,4,U4,1998
31002083,539778,4935505,BWC,4,U4,1998
31002084,539830,4935510,BWC,4,U4,1998
31002085,540286,4935457,BWC,4,U4,1998
31002086,540133,4935406,BWC,4,U4,1998
31002087,539886,4935355,BWC,4,U4,1998
31002089,539577,4936753,BWC,4,U4,1998
31002090,536929,4936260,BWC,4,U4,1998
31002093,539447,4935956,BWC,4,U4,1998
31002094,540128,4935954,BWC,4,U4,1998
31002095,536673,4935907,BWC,4,U4,1998
31002096,541534,4935856,BWC,4,U4,1998
31002097,540485,4935514,BWC,4,U4,1998
31002098,536228,4936019,BWC,4,U4,1998
31002099,536327,4935863,BWC,4,U4,1998
31002100,536467,4935654,BWC,4,U4,1998
31002101,536477,4935559,BWC,4,U4,1998
31002102,574731,4918252,BWC,4,L4,1998
31002103,579185,4917709,BWC,4,L4,1998
31002104,578380,4917603,BWC,4,L4,1998
31002105,578734,4917453,BWC,4,L4,1998
31002106,575587,4917303,BWC,4,L4,1998
31002107,571985,4918416,BWC,4,L4,1998
31002109,572181,4918457,BWC,4,L4,1998
31002110,571725,4918619,BWC,4,L4,1998
31002111,571431,4918862,BWC,4,L4,1998
31002112,582579,4913508,BWC,4,L4,1998
31002113,582685,4913368,BWC,4,L4,1998
31002114,582529,4913316,BWC,4,L4,1998
31002116,584581,4912007,BWC,4,L4,1998
31002117,585132,4911561,BWC,4,L4,1998
31002118,584385,4911358,BWC,4,L4,1998
31002119,585274,4910961,BWC,4,L4,1998
31002120,584677,4910910,BWC,4,L4,1998
31002121,585329,4910610,BWC,4,L4,1998
31002122,577379,4917007,BWC,4,L4,1998
31002123,574619,4916910,BWC,4,L4,1998
31002126,577734,4916105,BWC,4,L4,1998
31002127,577284,4916063,BWC,4,L4,1998
31002128,577729,4915609,BWC,4,L4,1998
31002129,576478,4914557,BWC,4,L4,1998
31002130,580730,4914162,BWC,4,L4,1998
31002131,582336,4913951,BWC,4,L4,1998
31002132,582482,4913956,BWC,4,L4,1998
31002133,582525,4913912,BWC,4,L4,1998
31002134,582631,4913874,BWC,4,L4,1998
31002135,580875,4913814,BWC,4,L4,1998
31002137,582590,4913800,BWC,4,L4,1998
31002138,581328,4913758,BWC,4,L4,1998
31002139,582687,4913759,BWC,4,L4,1998
31002140,581332,4913701,BWC,4,L4,1998
31002141,579680,4913355,BWC,4,L4,1998
31002142,582981,4913306,BWC,4,L4,1998
31002143,582878,4913255,BWC,4,L4,1998
31002144,579579,4913206,BWC,4,L4,1998
31002146,579926,4913119,BWC,4,L4,1998
31002147,583534,4913004,BWC,4,L4,1998
31002148,582680,4912958,BWC,4,L4,1998
31002149,583676,4912911,BWC,4,L4,1998
31002150,583925,4912510,BWC,4,L4,1998
31002151,583782,4912453,BWC,4,L4,1998
31002152,584179,4912408,BWC,4,L4,1998
31002153,583433,4912213,BWC,4,L4,1998
31002154,583482,4912107,BWC,4,L4,1998
31002155,584233,4912111,BWC,4,L4,1998
31002156,584279,4912105,BWC,4,L4,1998
31002157,583827,4911655,BWC,4,L4,1998
31002158,584276,4911310,BWC,4,L4,1998
31002159,581380,4911065,BWC,4,L4,1998
31002160,584980,4910909,BWC,4,L4,1998
31002161,585633,4910411,BWC,4,L4,1998
31002163,579631,4911404,BWC,4,L4,1998
31002164,579131,4916762,BWC,4,L4,1998
31002165,580381,4916506,BWC,4,L4,1998
31002166,581131,4916506,BWC,4,L4,1998
31002167,579978,4916456,BWC,4,L4,1998
31002168,581231,4916408,BWC,4,L4,1998
31002169,579628,4916312,BWC,4,L4,1998
31002170,580932,4916301,BWC,4,L4,1998
31002171,581240,4916209,BWC,4,L4,1998
31002172,580223,4916166,BWC,4,L4,1998
31002173,579881,4916108,BWC,4,L4,1998
31002174,580328,4916110,BWC,4,L4,1998
31002175,580339,4915754,BWC,4,L4,1998
31002176,580926,4915754,BWC,4,L4,1998
31002177,580734,4915659,BWC,4,L4,1998
31002179,580385,4915546,BWC,4,L4,1998
31002180,580829,4915410,BWC,4,L4,1998
31002181,581137,4915418,BWC,4,L4,1998
31002182,581030,4915304,BWC,4,L4,1998
31002183,579538,4915260,BWC,4,L4,1998
31002184,580330,4915163,BWC,4,L4,1998
31002185,581834,4915158,BWC,4,L4,1998
31002186,580983,4915056,BWC,4,L4,1998
31002187,581386,4915011,BWC,4,L4,1998
31002188,579982,4914863,BWC,4,L4,1998
31002189,581332,4914861,BWC,4,L4,1998
31002191,581636,4914803,BWC,4,L4,1998
31002192,581481,4914751,BWC,4,L4,1998
31002193,581534,4914756,BWC,4,L4,1998
31002194,581888,4914510,BWC,4,L4,1998
31002195,580633,4914458,BWC,4,L4,1998
31002196,581494,4914400,BWC,4,L4,1998
31002197,581640,4914367,BWC,4,L4,1998
31002198,581931,4914295,BWC,4,L4,1998
31002199,581838,4914203,BWC,4,L4,1998
31002200,580277,4913107,BWC,4,L4,1998
31002201,580732,4913057,BWC,4,L4,1998
31002202,580078,4912958,BWC,4,L4,1998
31002203,579882,4912905,BWC,4,L4,1998
31002204,580729,4912909,BWC,4,L4,1998
31002205,580979,4912762,BWC,4,L4,1998
31002206,579331,4912707,BWC,4,L4,1998
31002207,580282,4912703,BWC,4,L4,1998
31002208,580579,4912510,BWC,4,L4,1998
31002209,580630,4912409,BWC,4,L4,1998
31002210,579330,4912355,BWC,4,L4,1998
31002211,579681,4912313,BWC,4,L4,1998
31002212,579888,4912158,BWC,4,L4,1998
31002213,580328,4912002,BWC,4,L4,1998
31002214,579526,4911954,BWC,4,L4,1998
31002215,580785,4911956,BWC,4,L4,1998
31002216,583527,4909906,BWC,4,L4,1998
31002218,583729,4909363,BWC,4,L4,1998
31002219,583887,4909246,BWC,4,L4,1998
31002220,583778,4909212,BWC,4,L4,1998
31002221,584433,4909203,BWC,4,L4,1998
31002222,584130,4909162,BWC,4,L4,1998
31002223,584184,4909158,BWC,4,L4,1998
31002224,584133,4908909,BWC,4,L4,1998
31002225,584435,4908657,BWC,4,L4,1998
31002226,584071,4908608,BWC,4,L4,1998
31002228,584733,4908557,BWC,4,L4,1998
31002229,579802,4917639,BWC,4,L4,1998
31002232,579527,4917706,BWC,4,L4,1998
31002233,580122,4917557,BWC,4,L4,1998
31002234,579832,4917505,BWC,4,L4,1998
31002235,579877,4917514,BWC,4,L4,1998
31002236,578830,4917304,BWC,4,L4,1998
31002238,579398,4916941,BWC,4,L4,1998
31002239,579532,4916659,BWC,4,L4,1998
31002241,578224,4916261,BWC,4,L4,1998
31002242,579082,4916209,BWC,4,L4,1998
31002243,578680,4915964,BWC,4,L4,1998
31002244,578326,4915908,BWC,4,L4,1998
31002245,580237,4915898,BWC,4,L4,1998
31002246,580028,4915456,BWC,4,L4,1998
31002248,580223,4914907,BWC,4,L4,1998
31002249,579531,4914671,BWC,4,L4,1998
31002250,580727,4914459,BWC,4,L4,1998
31002251,580483,4913103,BWC,4,L4,1998
31002252,579230,4912359,BWC,4,L4,1998
31002254,580730,4912112,BWC,4,L4,1998
31002255,580678,4912059,BWC,4,L4,1998
31002256,580531,4911805,BWC,4,L4,1998
31002257,580328,4911258,BWC,4,L4,1998
31002258,583877,4909906,BWC,4,L4,1998
31002259,583881,4909855,BWC,4,L4,1998
31002260,583432,4909456,BWC,4,L4,1998
31002607,535086,4938003,MBC,4,U4,1999
31002608,535083,4937848,MBC,4,U4,1999
31002609,545030,4934107,MBC,4,U4,1999
31002610,572128,4918154,MBC,4,L4,1999
31002611,572336,4918158,MBC,4,L4,1999
31002612,572430,4918107,MBC,4,L4,1999
31002613,572685,4917806,MBC,4,L4,1999
31002615,581643,4913410,MBC,4,L4,1999
31002616,580883,4913212,MBC,4,L4,1999
31002617,581736,4913054,MBC,4,L4,1999
31002618,581777,4913010,MBC,4,L4,1999
31002619,582137,4912801,MBC,4,L4,1999
31002620,582831,4912209,MBC,4,L4,1999
31002621,583076,4911902,MBC,4,L4,1999
31002622,583079,4911703,MBC,4,L4,1999
31002623,583192,4911603,MBC,4,L4,1999
31002624,583231,4911510,MBC,4,L4,1999
31002625,583182,4911460,MBC,4,L4,1999
31002626,583434,4911159,MBC,4,L4,1999
31002627,583433,4911003,MBC,4,L4,1999
31002628,583386,4910954,MBC,4,L4,1999
31002629,583380,4910854,MBC,4,L4,1999
31002630,583688,4910400,MBC,4,L4,1999
31002631,583787,4910160,MBC,4,L4,1999
31002632,584230,4910150,MBC,4,L4,1999
31002633,584090,4909918,MBC,4,L4,1999
31002634,584335,4909706,MBC,4,L4,1999
31002635,584449,4909674,MBC,4,L4,1999
31002636,584534,4909673,MBC,4,L4,1999
31002637,531280,4940107,MBC,4,U4,1999
31002639,531878,4939911,MBC,4,U4,1999
31002640,531588,4939853,MBC,4,U4,1999
31002644,540829,4935158,MBC,4,U4,1999
31002645,543879,4934605,MBC,4,U4,1999
31002646,573024,4917907,MBC,4,L4,1999
31002648,573331,4917461,MBC,4,L4,1999
31002649,573684,4917304,MBC,4,L4,1999
31002650,575228,4917159,MBC,4,L4,1999
31002652,577437,4915158,MBC,4,L4,1999
31002653,578542,4914765,MBC,4,L4,1999
31002654,577929,4914605,MBC,4,L4,1999
31002655,577974,4914562,MBC,4,L4,1999
31002656,579591,4913953,MBC,4,L4,1999
31002657,579573,4913906,MBC,4,L4,1999
31002658,580282,4913758,MBC,4,L4,1999
31002659,581425,4913453,MBC,4,L4,1999
31002660,582028,4912756,MBC,4,L4,1999
31002661,582533,4912507,MBC,4,L4,1999
31002662,583482,4911851,MBC,4,L4,1999
31002663,583026,4911702,MBC,4,L4,1999
31002664,585289,4910010,MBC,4,L4,1999
31002666,585233,4909653,MBC,4,L4,1999
31002667,545139,4934811,SC,4,U4,1999
31002684,532627,4939054,SC,4,U4,1999
31002687,537777,4936211,SC,4,U4,1999
31002716,536381,4937154,SC,4,U4,1999
31002717,536631,4937055,SC,4,U4,1999
31002718,538431,4937009,SC,4,U4,1999
31002719,536831,4936958,SC,4,U4,1999
31002720,536929,4936955,SC,4,U4,1999
31002721,538534,4936958,SC,4,U4,1999
31002722,537130,4936908,SC,4,U4,1999
31002723,537281,4936808,SC,4,U4,1999
31002724,539333,4936554,SC,4,U4,1999
31002725,540430,4936356,SC,4,U4,1999
31002726,540079,4936311,SC,4,U4,1999
31002727,540229,4936309,SC,4,U4,1999
31002728,539783,4936256,SC,4,U4,1999
31002729,541428,4936260,SC,4,U4,1999
31002730,543529,4935058,SC,4,U4,1999
31002731,543683,4935061,SC,4,U4,1999
31002732,543179,4935011,SC,4,U4,1999
31002734,543481,4934908,SC,4,U4,1999
31002735,542732,4934811,SC,4,U4,1999
31002736,542777,4934808,SC,4,U4,1999
31002737,542982,4934808,SC,4,U4,1999
31002738,543182,4934756,SC,4,U4,1999
31002748,535426,4937955,SC,4,U4,1999
31002749,535180,4937854,SC,4,U4,1999
31002751,536028,4937356,SC,4,U4,1999
31002753,537878,4937206,SC,4,U4,1999
31002754,537726,4937162,SC,4,U4,1999
31002755,537829,4937157,SC,4,U4,1999
31002756,536683,4937060,SC,4,U4,1999
31002757,536579,4936955,SC,4,U4,1999
31002758,538481,4936904,SC,4,U4,1999
31002759,539035,4936703,SC,4,U4,1999
31002760,539124,4936562,SC,4,U4,1999
31002761,539382,4936555,SC,4,U4,1999
31002763,540029,4936356,SC,4,U4,1999
31002764,540334,4936362,SC,4,U4,1999
31002765,540382,4936356,SC,4,U4,1999
31002766,540234,4936262,SC,4,U4,1999
31002767,540034,4936202,SC,4,U4,1999
31002768,541683,4936058,SC,4,U4,1999
31002769,537929,4935558,SC,4,U4,1999
31002770,541783,4935505,SC,4,U4,1999
31002771,538329,4935407,SC,4,U4,1999
31002772,539084,4935112,SC,4,U4,1999
31002773,539432,4935055,SC,4,U4,1999
31002774,543379,4935061,SC,4,U4,1999
31002775,539529,4935008,SC,4,U4,1999
31002776,543081,4935005,SC,4,U4,1999
31002777,543081,4934955,SC,4,U4,1999
31002778,542832,4934903,SC,4,U4,1999
31002779,542629,4934803,SC,4,U4,1999
31002787,564075,4922608,BWC,4,U4,1999
31002788,536280,4935806,BWC,4,U4,1999
31002789,536181,4935707,BWC,4,U4,1999
31002790,536427,4935562,BWC,4,U4,1999
31002793,538034,4936863,BWC,4,U4,1999
31002794,536429,4936205,BWC,4,U4,1999
31002795,536583,4936211,BWC,4,U4,1999
31002796,538726,4935858,BWC,4,U4,1999
31002797,539082,4935807,BWC,4,U4,1999
31002798,538930,4935757,BWC,4,U4,1999
31002799,542031,4936215,BWC,4,U4,1999
31002800,542288,4935948,BWC,4,U4,1999
31002801,542478,4935912,BWC,4,U4,1999
31002802,542276,4935854,BWC,4,U4,1999
31002803,543027,4935763,BWC,4,U4,1999
31002805,542582,4935603,BWC,4,U4,1999
31002806,542881,4935512,BWC,4,U4,1999
31002807,541583,4935459,BWC,4,U4,1999
31002808,542977,4935462,BWC,4,U4,1999
31002809,539874,4934605,BWC,4,U4,1999
31002810,544675,4934312,BWC,4,U4,1999
31002811,544380,4933906,BWC,4,U4,1999
31002812,545180,4933864,BWC,4,U4,1999
31002813,545178,4933659,BWC,4,U4,1999
31002814,540330,4936807,BWC,4,U4,1999
31002815,540182,4936758,BWC,4,U4,1999
31002816,540734,4936659,BWC,4,U4,1999
31002817,540684,4936604,BWC,4,U4,1999
31002818,536876,4936506,BWC,4,U4,1999
31002819,536625,4936357,BWC,4,U4,1999
31002820,536780,4936158,BWC,4,U4,1999
31002821,540781,4936059,BWC,4,U4,1999
31002822,539384,4935958,BWC,4,U4,1999
31002823,540633,4935955,BWC,4,U4,1999
31002824,540979,4935955,BWC,4,U4,1999
31002825,537329,4935910,BWC,4,U4,1999
31002826,540226,4935854,BWC,4,U4,1999
31002827,540527,4935861,BWC,4,U4,1999
31002828,539727,4935805,BWC,4,U4,1999
31002829,540529,4935803,BWC,4,U4,1999
31002830,540479,4935611,BWC,4,U4,1999
31002831,539931,4935506,BWC,4,U4,1999
31002832,540276,4935454,BWC,4,U4,1999
31002833,540832,4935456,BWC,4,U4,1999
31002834,540025,4935354,BWC,4,U4,1999
31002835,535527,4937958,BWC,4,U4,1999
31002836,539025,4937013,BWC,4,U4,1999
31002837,541128,4936610,BWC,4,U4,1999
31002839,542727,4936312,BWC,4,U4,1999
31002840,542232,4936267,BWC,4,U4,1999
31002841,539729,4936156,BWC,4,U4,1999
31002842,542878,4936058,BWC,4,U4,1999
31002844,542430,4935260,BWC,4,U4,1999
31002845,542933,4935207,BWC,4,U4,1999
31002846,542973,4935203,BWC,4,U4,1999
31002847,541089,4934858,BWC,4,U4,1999
31002848,540826,4934809,BWC,4,U4,1999
31002850,539731,4936956,BWC,4,U4,1999
31002851,536624,4936558,BWC,4,U4,1999
31002852,537129,4936456,BWC,4,U4,1999
31002854,540928,4936161,BWC,4,U4,1999
31002855,539631,4935958,BWC,4,U4,1999
31002856,537377,4935804,BWC,4,U4,1999
31002857,537084,4935763,BWC,4,U4,1999
31002858,539527,4935757,BWC,4,U4,1999
31002859,541026,4935656,BWC,4,U4,1999
31002860,540432,4935455,BWC,4,U4,1999
31002861,538879,4934959,BWC,4,U4,1999
31002862,574974,4918710,BWC,4,L4,1999
31002863,574726,4918261,BWC,4,L4,1999
31002864,574737,4918010,BWC,4,L4,1999
31002865,579126,4915064,BWC,4,L4,1999
31002866,578375,4917813,BWC,4,L4,1999
31002868,578479,4917504,BWC,4,L4,1999
31002870,577378,4915757,BWC,4,L4,1999
31002871,572526,4918457,BWC,4,L4,1999
31002872,572132,4918409,BWC,4,L4,1999
31002873,572130,4918463,BWC,4,L4,1999
31002874,571277,4918512,BWC,4,L4,1999
31002875,571631,4918608,BWC,4,L4,1999
31002876,571330,4918657,BWC,4,L4,1999
31002877,571228,4918708,BWC,4,L4,1999
31002879,571220,4918897,BWC,4,L4,1999
31002880,580983,4912554,BWC,4,L4,1999
31002881,581083,4912560,BWC,4,L4,1999
31002882,577930,4917010,BWC,4,L4,1999
31002883,577533,4916108,BWC,4,L4,1999
31002884,582477,4913563,BWC,4,L4,1999
31002885,582380,4913511,BWC,4,L4,1999
31002886,582580,4913357,BWC,4,L4,1999
31002887,583037,4913254,BWC,4,L4,1999
31002888,583079,4913261,BWC,4,L4,1999
31002889,583129,4913012,BWC,4,L4,1999
31002890,583483,4911957,BWC,4,L4,1999
31002891,584972,4911212,BWC,4,L4,1999
31002892,585544,4910961,BWC,4,L4,1999
31002893,584637,4910908,BWC,4,L4,1999
31002894,584326,4910711,BWC,4,L4,1999
31002895,579155,4917315,BWC,4,L4,1999
31002896,580479,4917207,BWC,4,L4,1999
31002897,580582,4917063,BWC,4,L4,1999
31002898,580022,4916977,BWC,4,L4,1999
31002899,580135,4916955,BWC,4,L4,1999
31002900,579626,4916808,BWC,4,L4,1999
31002901,580279,4916708,BWC,4,L4,1999
31002902,579729,4916646,BWC,4,L4,1999
31002903,579276,4916597,BWC,4,L4,1999
31002904,581135,4916458,BWC,4,L4,1999
31002906,580387,4916407,BWC,4,L4,1999
31002907,580736,4916255,BWC,4,L4,1999
31002908,580577,4916207,BWC,4,L4,1999
31002909,579586,4916146,BWC,4,L4,1999
31002910,580735,4916103,BWC,4,L4,1999
31002911,581234,4916012,BWC,4,L4,1999
31002912,581182,4915956,BWC,4,L4,1999
31002913,580428,4915909,BWC,4,L4,1999
31002914,580981,4915858,BWC,4,L4,1999
31002915,581080,4915856,BWC,4,L4,1999
31002916,581329,4915756,BWC,4,L4,1999
31002917,580730,4915558,BWC,4,L4,1999
31002918,581329,4915406,BWC,4,L4,1999
31002919,582035,4915356,BWC,4,L4,1999
31002920,579982,4915310,BWC,4,L4,1999
31002921,581234,4915208,BWC,4,L4,1999
31002922,581528,4915207,BWC,4,L4,1999
31002923,581130,4915106,BWC,4,L4,1999
31002924,581282,4915059,BWC,4,L4,1999
31002925,581433,4915057,BWC,4,L4,1999
31002926,581076,4915009,BWC,4,L4,1999
31002927,581484,4915003,BWC,4,L4,1999
31002928,580029,4914961,BWC,4,L4,1999
31002929,580935,4914958,BWC,4,L4,1999
31002930,580983,4914906,BWC,4,L4,1999
31002931,579976,4914810,BWC,4,L4,1999
31002932,581027,4914717,BWC,4,L4,1999
31002933,580772,4914610,BWC,4,L4,1999
31002934,580932,4914617,BWC,4,L4,1999
31002935,580986,4914560,BWC,4,L4,1999
31002936,581631,4914555,BWC,4,L4,1999
31002937,580834,4914505,BWC,4,L4,1999
31002938,582084,4914463,BWC,4,L4,1999
31002939,581780,4914410,BWC,4,L4,1999
31002940,581830,4914307,BWC,4,L4,1999
31002941,581880,4914161,BWC,4,L4,1999
31002942,582082,4914162,BWC,4,L4,1999
31002943,580787,4913111,BWC,4,L4,1999
31002944,580283,4913011,BWC,4,L4,1999
31002945,580131,4912954,BWC,4,L4,1999
31002946,580683,4912963,BWC,4,L4,1999
31002947,579588,4912807,BWC,4,L4,1999
31002948,579781,4912757,BWC,4,L4,1999
31002949,579882,4912606,BWC,4,L4,1999
31002950,580029,4912510,BWC,4,L4,1999
31002951,580336,4912459,BWC,4,L4,1999
31002952,579324,4912407,BWC,4,L4,1999
31002953,580731,4912311,BWC,4,L4,1999
31002954,579732,4912210,BWC,4,L4,1999
31002955,579930,4912157,BWC,4,L4,1999
31002956,579933,4912112,BWC,4,L4,1999
31002957,583831,4909509,BWC,4,L4,1999
31002958,584127,4909403,BWC,4,L4,1999
31002959,584178,4909405,BWC,4,L4,1999
31002960,583584,4909206,BWC,4,L4,1999
31002961,584479,4909153,BWC,4,L4,1999
31002962,583935,4909108,BWC,4,L4,1999
31002963,584430,4908910,BWC,4,L4,1999
31002964,584730,4908906,BWC,4,L4,1999
31002965,584680,4908808,BWC,4,L4,1999
31002966,584936,4908810,BWC,4,L4,1999
31002967,584234,4908760,BWC,4,L4,1999
31002968,584132,4908557,BWC,4,L4,1999
31002969,584781,4908456,BWC,4,L4,1999
31002970,574680,4916957,BWC,4,L4,1999
31002971,577832,4916711,BWC,4,L4,1999
31002973,579328,4914012,BWC,4,L4,1999
31002974,582381,4913959,BWC,4,L4,1999
31002975,582479,4913809,BWC,4,L4,1999
31002976,582582,4913461,BWC,4,L4,1999
31002979,583706,4913016,BWC,4,L4,1999
31002980,582781,4912956,BWC,4,L4,1999
31002981,584424,4912146,BWC,4,L4,1999
31002982,584130,4912057,BWC,4,L4,1999
31002983,584934,4911857,BWC,4,L4,1999
31002984,584725,4911822,BWC,4,L4,1999
31002985,584826,4911603,BWC,4,L4,1999
31002986,584980,4911454,BWC,4,L4,1999
31002987,584382,4911259,BWC,4,L4,1999
31002988,584879,4910806,BWC,4,L4,1999
31002989,585030,4910511,BWC,4,L4,1999
31002990,579601,4918002,BWC,4,L4,1999
31002991,579744,4917631,BWC,4,L4,1999
31002992,579842,4917568,BWC,4,L4,1999
31002993,579475,4917463,BWC,4,L4,1999
31002994,579365,4917422,BWC,4,L4,1999
31002995,578952,4917071,BWC,4,L4,1999
31002996,580482,4917005,BWC,4,L4,1999
31002997,579444,4916957,BWC,4,L4,1999
31002998,580433,4916953,BWC,4,L4,1999
31002999,580230,4916656,BWC,4,L4,1999
31003000,578383,4916487,BWC,4,L4,1999
31003001,578272,4916209,BWC,4,L4,1999
31003002,579489,4916172,BWC,4,L4,1999
31003003,578035,4915776,BWC,4,L4,1999
31003004,580032,4915709,BWC,4,L4,1999
31003005,578255,4915673,BWC,4,L4,1999
31003007,579333,4915213,BWC,4,L4,1999
31003008,579681,4915210,BWC,4,L4,1999
31003009,579583,4914759,BWC,4,L4,1999
31003010,581175,4914649,BWC,4,L4,1999
31003011,581036,4914203,BWC,4,L4,1999
31003013,580931,4912763,BWC,4,L4,1999
31003014,580229,4912355,BWC,4,L4,1999
31003015,579279,4912314,BWC,4,L4,1999
31003016,581121,4912064,BWC,4,L4,1999
31003017,580234,4911958,BWC,4,L4,1999
31003018,580577,4911912,BWC,4,L4,1999
31003019,583730,4909961,BWC,4,L4,1999
31003020,583343,4909820,BWC,4,L4,1999
31003021,584778,4909058,BWC,4,L4,1999
31003312,535034,4938104,MBC,4,U4,2000
31003313,534979,4937950,MBC,4,U4,2000
31003314,544979,4934254,MBC,4,U4,2000
31003315,545132,4934107,MBC,4,U4,2000
31003316,545379,4934111,MBC,4,U4,2000
31003317,545428,4934059,MBC,4,U4,2000
31003318,545180,4934008,MBC,4,U4,2000
31003319,545527,4934007,MBC,4,U4,2000
31003320,545228,4933956,MBC,4,U4,2000
31003321,545327,4933908,MBC,4,U4,2000
31003322,531588,4940057,MBC,4,U4,2000
31003323,531930,4939605,MBC,4,U4,2000
31003324,534982,4938155,MBC,4,U4,2000
31003325,535230,4937450,MBC,4,U4,2000
31003326,535332,4937252,MBC,4,U4,2000
31003327,535380,4937204,MBC,4,U4,2000
31003328,535380,4937151,MBC,4,U4,2000
31003329,537528,4935807,MBC,4,U4,2000
31003330,537579,4935811,MBC,4,U4,2000
31003331,539276,4935362,MBC,4,U4,2000
31003332,540929,4935212,MBC,4,U4,2000
31003333,539825,4935154,MBC,4,U4,2000
31003334,541629,4935104,MBC,4,U4,2000
31003335,540629,4935058,MBC,4,U4,2000
31003336,544530,4934707,MBC,4,U4,2000
31003337,543829,4934606,MBC,4,U4,2000
31003338,544827,4934559,MBC,4,U4,2000
31003339,543227,4934310,MBC,4,U4,2000
31003340,543276,4934308,MBC,4,U4,2000
31003341,545328,4934209,MBC,4,U4,2000
31003342,572428,4918106,MBC,4,L4,2000
31003343,573076,4917610,MBC,4,L4,2000
31003344,574031,4916958,MBC,4,L4,2000
31003345,578731,4914708,MBC,4,L4,2000
31003346,578380,4914507,MBC,4,L4,2000
31003347,581639,4913356,MBC,4,L4,2000
31003348,582079,4913258,MBC,4,L4,2000
31003349,582180,4913157,MBC,4,L4,2000
31003350,581629,4913057,MBC,4,L4,2000
31003351,581733,4913011,MBC,4,L4,2000
31003352,582275,4912608,MBC,4,L4,2000
31003353,583079,4911908,MBC,4,L4,2000
31003354,583227,4911311,MBC,4,L4,2000
31003355,583326,4911256,MBC,4,L4,2000
31003356,583431,4911060,MBC,4,L4,2000
31003357,583379,4910960,MBC,4,L4,2000
31003358,583480,4910962,MBC,4,L4,2000
31003359,583476,4910608,MBC,4,L4,2000
31003360,583631,4910508,MBC,4,L4,2000
31003361,583731,4910456,MBC,4,L4,2000
31003362,584081,4909907,MBC,4,L4,2000
31003363,584285,4909758,MBC,4,L4,2000
31003364,571330,4918302,MBC,4,L4,2000
31003365,573329,4917457,MBC,4,L4,2000
31003366,573527,4917358,MBC,4,L4,2000
31003367,574577,4917353,MBC,4,L4,2000
31003368,575381,4916706,MBC,4,L4,2000
31003369,575880,4915907,MBC,4,L4,2000
31003370,578433,4914760,MBC,4,L4,2000
31003371,579134,4914308,MBC,4,L4,2000
31003372,579236,4914253,MBC,4,L4,2000
31003373,580883,4913510,MBC,4,L4,2000
31003374,581181,4913459,MBC,4,L4,2000
31003375,581831,4913356,MBC,4,L4,2000
31003376,581882,4913308,MBC,4,L4,2000
31003377,582481,4912900,MBC,4,L4,2000
31003378,582534,4912853,MBC,4,L4,2000
31003379,583930,4911159,MBC,4,L4,2000
31003380,585482,4910007,MBC,4,L4,2000
31003381,585278,4909607,MBC,4,L4,2000
31003383,532031,4939208,SC,4,U4,2000
31003384,533132,4938615,SC,4,U4,2000
31003386,535233,4937957,SC,4,U4,2000
31003387,535739,4937649,SC,4,U4,2000
31003388,536834,4936913,SC,4,U4,2000
31003389,537188,4936858,SC,4,U4,2000
31003390,539628,4936408,SC,4,U4,2000
31003391,539677,4936357,SC,4,U4,2000
31003392,539777,4936358,SC,4,U4,2000
31003393,539727,4936306,SC,4,U4,2000
31003394,540029,4936307,SC,4,U4,2000
31003395,540281,4936306,SC,4,U4,2000
31003396,541628,4936004,SC,4,U4,2000
31003397,541677,4935753,SC,4,U4,2000
31003398,543476,4935057,SC,4,U4,2000
31003399,543329,4935009,SC,4,U4,2000
31003400,543431,4934910,SC,4,U4,2000
31003401,543529,4934904,SC,4,U4,2000
31003402,543330,4934855,SC,4,U4,2000
31003403,543035,4934806,SC,4,U4,2000
31003404,538981,4936809,SC,4,U4,2000
31003405,539225,4936762,SC,4,U4,2000
31003406,539579,4936305,SC,4,U4,2000
31003407,537676,4936257,SC,4,U4,2000
31003408,541481,4936209,SC,4,U4,2000
31003409,538128,4935505,SC,4,U4,2000
31003410,537875,4935458,SC,4,U4,2000
31003411,541831,4935404,SC,4,U4,2000
31003412,541933,4935361,SC,4,U4,2000
31003413,541927,4935308,SC,4,U4,2000
31003414,538525,4935258,SC,4,U4,2000
31003415,543183,4935106,SC,4,U4,2000
31003416,542829,4934908,SC,4,U4,2000
31003417,542932,4934906,SC,4,U4,2000
31003418,543679,4934911,SC,4,U4,2000
31003420,542930,4934859,SC,4,U4,2000
31003421,538831,4936159,SC,4,U4,2000
31003482,537576,4936507,BWC,4,U4,2000
31003483,564523,4922358,BWC,4,U4,2000
31003485,536179,4936056,BWC,4,U4,2000
31003486,536277,4935856,BWC,4,U4,2000
31003487,536080,4935813,BWC,4,U4,2000
31003488,536326,4935809,BWC,4,U4,2000
31003489,536328,4935610,BWC,4,U4,2000
31003490,536378,4935608,BWC,4,U4,2000
31003491,536129,4935555,BWC,4,U4,2000
31003492,554175,4934507,BWC,4,U4,2000
31003493,562979,4922810,BWC,4,U4,2000
31003495,536829,4937408,BWC,4,U4,2000
31003496,536926,4937160,BWC,4,U4,2000
31003497,536531,4936505,BWC,4,U4,2000
31003498,538833,4936008,BWC,4,U4,2000
31003499,538781,4935961,BWC,4,U4,2000
31003500,539029,4935857,BWC,4,U4,2000
31003501,538979,4935660,BWC,4,U4,2000
31003502,539027,4935509,BWC,4,U4,2000
31003503,542130,4936310,BWC,4,U4,2000
31003504,542729,4936261,BWC,4,U4,2000
31003505,542631,4936206,BWC,4,U4,2000
31003506,542079,4936061,BWC,4,U4,2000
31003507,542378,4936058,BWC,4,U4,2000
31003508,543127,4936062,BWC,4,U4,2000
31003509,542532,4935905,BWC,4,U4,2000
31003510,542581,4935907,BWC,4,U4,2000
31003511,542425,4935860,BWC,4,U4,2000
31003512,543029,4935758,BWC,4,U4,2000
31003513,542129,4935709,BWC,4,U4,2000
31003514,542981,4935710,BWC,4,U4,2000
31003515,543081,4935610,BWC,4,U4,2000
31003516,542532,4935558,BWC,4,U4,2000
31003517,542380,4935510,BWC,4,U4,2000
31003518,542779,4935505,BWC,4,U4,2000
31003519,542429,4935461,BWC,4,U4,2000
31003520,541079,4934808,BWC,4,U4,2000
31003521,541427,4934804,BWC,4,U4,2000
31003522,544680,4934308,BWC,4,U4,2000
31003524,544232,4934008,BWC,4,U4,2000
31003525,545079,4934007,BWC,4,U4,2000
31003526,544679,4933958,BWC,4,U4,2000
31003527,545229,4933908,BWC,4,U4,2000
31003528,544529,4933862,BWC,4,U4,2000
31003529,544933,4933708,BWC,4,U4,2000
31003530,539624,4936909,BWC,4,U4,2000
31003531,539628,4936809,BWC,4,U4,2000
31003532,539880,4936812,BWC,4,U4,2000
31003533,540727,4936762,BWC,4,U4,2000
31003534,540231,4936704,BWC,4,U4,2000
31003535,537032,4936504,BWC,4,U4,2000
31003536,536581,4936456,BWC,4,U4,2000
31003537,537083,4936456,BWC,4,U4,2000
31003538,536979,4936410,BWC,4,U4,2000
31003539,541032,4936107,BWC,4,U4,2000
31003541,540934,4935957,BWC,4,U4,2000
31003542,539832,4935858,BWC,4,U4,2000
31003543,540586,4935813,BWC,4,U4,2000
31003544,539982,4935754,BWC,4,U4,2000
31003545,540228,4935758,BWC,4,U4,2000
31003546,539979,4935659,BWC,4,U4,2000
31003547,539931,4935560,BWC,4,U4,2000
31003548,540272,4935455,BWC,4,U4,2000
31003549,539826,4935409,BWC,4,U4,2000
31003550,540080,4935405,BWC,4,U4,2000
31003551,540080,4935354,BWC,4,U4,2000
31003553,535631,4937904,BWC,4,U4,2000
31003554,541835,4936907,BWC,4,U4,2000
31003555,538524,4936608,BWC,4,U4,2000
31003556,541126,4936556,BWC,4,U4,2000
31003557,542230,4936358,BWC,4,U4,2000
31003558,539774,4936162,BWC,4,U4,2000
31003559,541932,4936159,BWC,4,U4,2000
31003560,542928,4936110,BWC,4,U4,2000
31003561,542032,4936056,BWC,4,U4,2000
31003562,542976,4936008,BWC,4,U4,2000
31003563,542678,4935858,BWC,4,U4,2000
31003564,543228,4935558,BWC,4,U4,2000
31003565,541328,4935403,BWC,4,U4,2000
31003566,542829,4935257,BWC,4,U4,2000
31003567,540780,4934755,BWC,4,U4,2000
31003568,540778,4934710,BWC,4,U4,2000
31003569,541780,4934710,BWC,4,U4,2000
31003572,543682,4934056,BWC,4,U4,2000
31003573,544476,4933708,BWC,4,U4,2000
31003574,540729,4936808,BWC,4,U4,2000
31003575,541233,4936109,BWC,4,U4,2000
31003576,540379,4936009,BWC,4,U4,2000
31003579,537379,4935803,BWC,4,U4,2000
31003580,539680,4935810,BWC,4,U4,2000
31003581,540629,4935607,BWC,4,U4,2000
31003584,574979,4917710,BWC,4,L4,2000
31003585,579083,4914961,BWC,4,L4,2000
31003586,578977,4918006,BWC,4,L4,2000
31003587,578983,4917909,BWC,4,L4,2000
31003588,579079,4917758,BWC,4,L4,2000
31003590,572078,4919553,BWC,4,L4,2000
31003592,571779,4918360,BWC,4,L4,2000
31003593,581233,4912607,BWC,4,L4,2000
31003594,581428,4912411,BWC,4,L4,2000
31003595,579584,4911858,BWC,4,L4,2000
31003596,579478,4911817,BWC,4,L4,2000
31003597,579681,4911456,BWC,4,L4,2000
31003598,579829,4911360,BWC,4,L4,2000
31003601,584938,4911753,BWC,4,L4,2000
31003602,584634,4911458,BWC,4,L4,2000
31003603,584530,4910855,BWC,4,L4,2000
31003604,584281,4910758,BWC,4,L4,2000
31003605,584533,4910762,BWC,4,L4,2000
31003606,584380,4910710,BWC,4,L4,2000
31003607,584530,4910708,BWC,4,L4,2000
31003608,580034,4917658,BWC,4,L4,2000
31003609,580179,4917406,BWC,4,L4,2000
31003610,579582,4917158,BWC,4,L4,2000
31003611,579878,4917155,BWC,4,L4,2000
31003612,580026,4917108,BWC,4,L4,2000
31003613,579828,4917057,BWC,4,L4,2000
31003614,580277,4917008,BWC,4,L4,2000
31003615,579833,4916908,BWC,4,L4,2000
31003616,579578,4916553,BWC,4,L4,2000
31003617,580080,4916508,BWC,4,L4,2000
31003618,581081,4916510,BWC,4,L4,2000
31003619,580178,4916407,BWC,4,L4,2000
31003620,579180,4916309,BWC,4,L4,2000
31003621,581032,4916308,BWC,4,L4,2000
31003622,581280,4916308,BWC,4,L4,2000
31003623,580631,4916258,BWC,4,L4,2000
31003624,580284,4916156,BWC,4,L4,2000
31003625,580828,4916113,BWC,4,L4,2000
31003626,581332,4916056,BWC,4,L4,2000
31003627,580686,4915909,BWC,4,L4,2000
31003628,581380,4915853,BWC,4,L4,2000
31003629,580827,4915659,BWC,4,L4,2000
31003630,581637,4915504,BWC,4,L4,2000
31003631,580280,4915510,BWC,4,L4,2000
31003632,580427,4915461,BWC,4,L4,2000
31003633,580580,4915455,BWC,4,L4,2000
31003634,580985,4915406,BWC,4,L4,2000
31003635,579979,4915312,BWC,4,L4,2000
31003636,580284,4915306,BWC,4,L4,2000
31003637,580332,4915308,BWC,4,L4,2000
31003638,580732,4915308,BWC,4,L4,2000
31003639,580730,4915212,BWC,4,L4,2000
31003640,581031,4915208,BWC,4,L4,2000
31003641,581482,4915209,BWC,4,L4,2000
31003642,580330,4915058,BWC,4,L4,2000
31003643,580633,4915011,BWC,4,L4,2000
31003644,580933,4915009,BWC,4,L4,2000
31003646,579577,4914961,BWC,4,L4,2000
31003647,579982,4914955,BWC,4,L4,2000
31003648,581627,4914960,BWC,4,L4,2000
31003649,581182,4914906,BWC,4,L4,2000
31003650,581227,4914912,BWC,4,L4,2000
31003651,581834,4914909,BWC,4,L4,2000
31003652,581481,4914859,BWC,4,L4,2000
31003653,579881,4914808,BWC,4,L4,2000
31003654,581531,4914708,BWC,4,L4,2000
31003655,580680,4914655,BWC,4,L4,2000
31003656,581529,4914659,BWC,4,L4,2000
31003657,581583,4914660,BWC,4,L4,2000
31003658,582278,4914657,BWC,4,L4,2000
31003659,580629,4914509,BWC,4,L4,2000
31003660,581530,4914512,BWC,4,L4,2000
31003661,581730,4914509,BWC,4,L4,2000
31003662,581678,4914459,BWC,4,L4,2000
31003663,582082,4914457,BWC,4,L4,2000
31003664,581880,4914408,BWC,4,L4,2000
31003665,581080,4914309,BWC,4,L4,2000
31003666,581879,4914309,BWC,4,L4,2000
31003668,580079,4913058,BWC,4,L4,2000
31003669,580730,4913062,BWC,4,L4,2000
31003670,579279,4912710,BWC,4,L4,2000
31003671,579334,4912656,BWC,4,L4,2000
31003672,579379,4912659,BWC,4,L4,2000
31003673,580429,4912658,BWC,4,L4,2000
31003674,579881,4912561,BWC,4,L4,2000
31003675,580032,4912559,BWC,4,L4,2000
31003676,580582,4912561,BWC,4,L4,2000
31003677,580034,4912404,BWC,4,L4,2000
31003678,579925,4912316,BWC,4,L4,2000
31003679,579480,4912111,BWC,4,L4,2000
31003680,580077,4912053,BWC,4,L4,2000
31003681,583680,4909660,BWC,4,L4,2000
31003682,583730,4909605,BWC,4,L4,2000
31003683,583980,4909562,BWC,4,L4,2000
31003684,583781,4909454,BWC,4,L4,2000
31003685,583874,4909403,BWC,4,L4,2000
31003686,584431,4909405,BWC,4,L4,2000
31003687,583682,4909306,BWC,4,L4,2000
31003688,584135,4908958,BWC,4,L4,2000
31003689,584629,4908858,BWC,4,L4,2000
31003690,584984,4908805,BWC,4,L4,2000
31003691,584734,4908758,BWC,4,L4,2000
31003692,584533,4908662,BWC,4,L4,2000
31003693,584631,4908607,BWC,4,L4,2000
31003694,584734,4908608,BWC,4,L4,2000
31003695,584330,4908457,BWC,4,L4,2000
31003696,574628,4916959,BWC,4,L4,2000
31003697,577732,4916857,BWC,4,L4,2000
31003698,577531,4916808,BWC,4,L4,2000
31003700,575580,4916157,BWC,4,L4,2000
31003701,576535,4914504,BWC,4,L4,2000
31003702,579128,4914012,BWC,4,L4,2000
31003703,578532,4913956,BWC,4,L4,2000
31003705,580881,4913758,BWC,4,L4,2000
31003707,578826,4913406,BWC,4,L4,2000
31003708,579081,4913212,BWC,4,L4,2000
31003710,579980,4913213,BWC,4,L4,2000
31003711,583133,4912954,BWC,4,L4,2000
31003712,583679,4912709,BWC,4,L4,2000
31003713,582877,4912657,BWC,4,L4,2000
31003714,583928,4912508,BWC,4,L4,2000
31003715,584329,4912151,BWC,4,L4,2000
31003716,584681,4911607,BWC,4,L4,2000
31003717,584330,4911558,BWC,4,L4,2000
31003719,584680,4911060,BWC,4,L4,2000
31003720,585580,4910057,BWC,4,L4,2000
31003723,579283,4917955,BWC,4,L4,2000
31003724,579279,4917458,BWC,4,L4,2000
31003726,580529,4917258,BWC,4,L4,2000
31003728,580432,4917008,BWC,4,L4,2000
31003729,579230,4916960,BWC,4,L4,2000
31003731,580430,4916654,BWC,4,L4,2000
31003732,580032,4916557,BWC,4,L4,2000
31003733,578683,4916508,BWC,4,L4,2000
31003735,579177,4916058,BWC,4,L4,2000
31003737,578376,4915811,BWC,4,L4,2000
31003740,579828,4915555,BWC,4,L4,2000
31003741,579778,4915412,BWC,4,L4,2000
31003742,579533,4915158,BWC,4,L4,2000
31003743,580484,4914857,BWC,4,L4,2000
31003744,580480,4914461,BWC,4,L4,2000
31003745,581226,4914359,BWC,4,L4,2000
31003746,581329,4914361,BWC,4,L4,2000
31003747,581630,4914255,BWC,4,L4,2000
31003748,581427,4914105,BWC,4,L4,2000
31003750,580732,4912613,BWC,4,L4,2000
31003751,580322,4912312,BWC,4,L4,2000
31003752,580233,4912063,BWC,4,L4,2000
31003753,579979,4911954,BWC,4,L4,2000
31003754,581376,4911511,BWC,4,L4,2000
31003755,580377,4911258,BWC,4,L4,2000
31003756,580234,4911160,BWC,4,L4,2000
31003757,583480,4909958,BWC,4,L4,2000
31003758,583830,4909910,BWC,4,L4,2000
31003759,583777,4909806,BWC,4,L4,2000
31003760,583581,4909758,BWC,4,L4,2000
31003761,584530,4908358,BWC,4,L4,2000
31004024,535030,4937800,MBC,4,U4,2001
31004025,537678,4935856,MBC,4,U4,2001
31004026,543126,4934352,MBC,4,U4,2001
31004027,545127,4934054,MBC,4,U4,2001
31004028,545126,4934007,MBC,4,U4,2001
31004029,545226,4934010,MBC,4,U4,2001
31004030,545537,4934002,MBC,4,U4,2001
31004034,532784,4939055,MBC,4,U4,2001
31004038,535131,4937658,MBC,4,U4,2001
31004039,537280,4935601,MBC,4,U4,2001
31004040,537129,4935502,MBC,4,U4,2001
31004041,537029,4935450,MBC,4,U4,2001
31004042,539127,4935410,MBC,4,U4,2001
31004043,539379,4935309,MBC,4,U4,2001
31004044,541331,4935205,MBC,4,U4,2001
31004045,536679,4935158,MBC,4,U4,2001
31004046,541483,4935156,MBC,4,U4,2001
31004047,541876,4935008,MBC,4,U4,2001
31004048,544275,4934660,MBC,4,U4,2001
31004049,543328,4934556,MBC,4,U4,2001
31004050,545129,4934352,MBC,4,U4,2001
31004051,545334,4934206,MBC,4,U4,2001
31004052,545382,4934147,MBC,4,U4,2001
31004053,572229,4918254,MBC,4,L4,2001
31004054,572524,4917953,MBC,4,L4,2001
31004055,572976,4917857,MBC,4,L4,2001
31004056,572577,4917805,MBC,4,L4,2001
31004057,578275,4914460,MBC,4,L4,2001
31004058,578333,4914407,MBC,4,L4,2001
31004059,579475,4914107,MBC,4,L4,2001
31004060,583628,4911661,MBC,4,L4,2001
31004061,583183,4911408,MBC,4,L4,2001
31004062,583833,4911307,MBC,4,L4,2001
31004063,583332,4911259,MBC,4,L4,2001
31004064,583379,4911211,MBC,4,L4,2001
31004065,583287,4911110,MBC,4,L4,2001
31004066,583831,4910310,MBC,4,L4,2001
31004067,584083,4909907,MBC,4,L4,2001
31004068,584288,4909855,MBC,4,L4,2001
31004069,584380,4909711,MBC,4,L4,2001
31004070,584530,4909708,MBC,4,L4,2001
31004071,572479,4918055,MBC,4,L4,2001
31004072,573277,4917504,MBC,4,L4,2001
31004073,574686,4917320,MBC,4,L4,2001
31004074,573462,4917066,MBC,4,L4,2001
31004075,574336,4916952,MBC,4,L4,2001
31004076,575876,4916500,MBC,4,L4,2001
31004077,575719,4916065,MBC,4,L4,2001
31004078,576086,4915754,MBC,4,L4,2001
31004079,576484,4915417,MBC,4,L4,2001
31004080,577937,4914917,MBC,4,L4,2001
31004081,578382,4914801,MBC,4,L4,2001
31004082,578631,4914767,MBC,4,L4,2001
31004083,577865,4914651,MBC,4,L4,2001
31004084,579030,4914659,MBC,4,L4,2001
31004085,578529,4914408,MBC,4,L4,2001
31004086,582732,4912708,MBC,4,L4,2001
31004087,583085,4912303,MBC,4,L4,2001
31004088,583129,4911559,MBC,4,L4,2001
31004089,583983,4911107,MBC,4,L4,2001
31004090,584027,4911008,MBC,4,L4,2001
31004091,585275,4910015,MBC,4,L4,2001
31004092,584043,4909849,MBC,4,L4,2001
31004093,544733,4934655,SC,4,U4,2001
31004094,532273,4939007,SC,4,U4,2001
31004095,533387,4938900,SC,4,U4,2001
31004096,537674,4936256,SC,4,U4,2001
31004097,535833,4937644,SC,4,U4,2001
31004098,535781,4937608,SC,4,U4,2001
31004099,536275,4937254,SC,4,U4,2001
31004100,536531,4937052,SC,4,U4,2001
31004101,536685,4937007,SC,4,U4,2001
31004102,538383,4937009,SC,4,U4,2001
31004103,537174,4936858,SC,4,U4,2001
31004104,537230,4936858,SC,4,U4,2001
31004105,539529,4936409,SC,4,U4,2001
31004106,541287,4936356,SC,4,U4,2001
31004107,539932,4936313,SC,4,U4,2001
31004108,543633,4935113,SC,4,U4,2001
31004109,542529,4934957,SC,4,U4,2001
31004110,543534,4934904,SC,4,U4,2001
31004111,535180,4938054,SC,4,U4,2001
31004112,535224,4938056,SC,4,U4,2001
31004113,535279,4938006,SC,4,U4,2001
31004114,535238,4937856,SC,4,U4,2001
31004115,535484,4937802,SC,4,U4,2001
31004116,536180,4937302,SC,4,U4,2001
31004117,536533,4937203,SC,4,U4,2001
31004118,537828,4937161,SC,4,U4,2001
31004119,536482,4937005,SC,4,U4,2001
31004120,536526,4936961,SC,4,U4,2001
31004121,537080,4936956,SC,4,U4,2001
31004122,537179,4936913,SC,4,U4,2001
31004123,538581,4936852,SC,4,U4,2001
31004124,539281,4936509,SC,4,U4,2001
31004125,541075,4936363,SC,4,U4,2001
31004126,541778,4935514,SC,4,U4,2001
31004127,538028,4935458,SC,4,U4,2001
31004128,538127,4935410,SC,4,U4,2001
31004129,538584,4935250,SC,4,U4,2001
31004130,542023,4935058,SC,4,U4,2001
31004132,543082,4934857,SC,4,U4,2001
31004194,537634,4936451,BWC,4,U4,2001
31004196,564579,4922258,BWC,4,U4,2001
31004198,536429,4935754,BWC,4,U4,2001
31004199,536130,4935706,BWC,4,U4,2001
31004200,536380,4935603,BWC,4,U4,2001
31004201,562878,4922905,BWC,4,U4,2001
31004202,536877,4937306,BWC,4,U4,2001
31004203,537234,4937261,BWC,4,U4,2001
31004207,536430,4936311,BWC,4,U4,2001
31004208,536478,4936313,BWC,4,U4,2001
31004209,538777,4935806,BWC,4,U4,2001
31004210,539083,4935653,BWC,4,U4,2001
31004211,539530,4935561,BWC,4,U4,2001
31004212,539624,4935514,BWC,4,U4,2001
31004213,539380,4935454,BWC,4,U4,2001
31004214,542533,4935912,BWC,4,U4,2001
31004215,543035,4935905,BWC,4,U4,2001
31004216,542224,4935864,BWC,4,U4,2001
31004217,542082,4935712,BWC,4,U4,2001
31004218,542383,4935658,BWC,4,U4,2001
31004219,542929,4935653,BWC,4,U4,2001
31004220,542131,4935552,BWC,4,U4,2001
31004221,542588,4935555,BWC,4,U4,2001
31004222,543076,4935503,BWC,4,U4,2001
31004223,543131,4935511,BWC,4,U4,2001
31004224,542984,4935409,BWC,4,U4,2001
31004225,544626,4934155,BWC,4,U4,2001
31004226,545027,4934006,BWC,4,U4,2001
31004227,544227,4933958,BWC,4,U4,2001
31004228,544282,4933901,BWC,4,U4,2001
31004229,544827,4933854,BWC,4,U4,2001
31004230,545129,4933805,BWC,4,U4,2001
31004231,544828,4933706,BWC,4,U4,2001
31004232,545280,4933653,BWC,4,U4,2001
31004233,545225,4933605,BWC,4,U4,2001
31004234,545278,4933556,BWC,4,U4,2001
31004235,539780,4936857,BWC,4,U4,2001
31004237,540181,4936704,BWC,4,U4,2001
31004238,540331,4936707,BWC,4,U4,2001
31004239,536928,4936604,BWC,4,U4,2001
31004240,540781,4936608,BWC,4,U4,2001
31004241,540831,4936563,BWC,4,U4,2001
31004242,536575,4936460,BWC,4,U4,2001
31004243,536629,4936362,BWC,4,U4,2001
31004244,537079,4936361,BWC,4,U4,2001
31004245,536779,4936210,BWC,4,U4,2001
31004246,540777,4936056,BWC,4,U4,2001
31004247,540937,4936009,BWC,4,U4,2001
31004248,539025,4935960,BWC,4,U4,2001
31004249,541177,4935961,BWC,4,U4,2001
31004250,540190,4935855,BWC,4,U4,2001
31004251,540441,4935848,BWC,4,U4,2001
31004252,536984,4935806,BWC,4,U4,2001
31004253,540032,4935805,BWC,4,U4,2001
31004254,540834,4935806,BWC,4,U4,2001
31004256,540592,4935761,BWC,4,U4,2001
31004257,539531,4935704,BWC,4,U4,2001
31004258,540485,4935658,BWC,4,U4,2001
31004259,540935,4935653,BWC,4,U4,2001
31004260,539785,4935607,BWC,4,U4,2001
31004261,540825,4935453,BWC,4,U4,2001
31004262,540324,4935353,BWC,4,U4,2001
31004263,532479,4938907,BWC,4,U4,2001
31004264,538677,4937008,BWC,4,U4,2001
31004265,539076,4936957,BWC,4,U4,2001
31004266,541837,4936857,BWC,4,U4,2001
31004267,541936,4936860,BWC,4,U4,2001
31004269,541878,4936411,BWC,4,U4,2001
31004270,541832,4936258,BWC,4,U4,2001
31004271,543136,4936210,BWC,4,U4,2001
31004272,539578,4936149,BWC,4,U4,2001
31004273,542885,4935859,BWC,4,U4,2001
31004274,541380,4935454,BWC,4,U4,2001
31004275,540777,4934760,BWC,4,U4,2001
31004276,540678,4934707,BWC,4,U4,2001
31004277,539936,4934660,BWC,4,U4,2001
31004278,540676,4934658,BWC,4,U4,2001
31004279,544136,4934203,BWC,4,U4,2001
31004280,544528,4934206,BWC,4,U4,2001
31004281,544930,4934103,BWC,4,U4,2001
31004282,544831,4934055,BWC,4,U4,2001
31004284,544380,4933702,BWC,4,U4,2001
31004285,539779,4936905,BWC,4,U4,2001
31004287,537327,4936010,BWC,4,U4,2001
31004289,537384,4935853,BWC,4,U4,2001
31004290,540584,4935657,BWC,4,U4,2001
31004291,538628,4934961,BWC,4,U4,2001
31004292,539029,4935011,BWC,4,U4,2001
31004293,572127,4919165,BWC,4,L4,2001
31004294,579130,4915206,BWC,4,L4,2001
31004295,579178,4917706,BWC,4,L4,2001
31004296,572526,4918409,BWC,4,L4,2001
31004297,571727,4918359,BWC,4,L4,2001
31004298,571525,4918459,BWC,4,L4,2001
31004299,572235,4918496,BWC,4,L4,2001
31004300,572129,4918755,BWC,4,L4,2001
31004301,571228,4918803,BWC,4,L4,2001
31004302,572280,4918451,BWC,4,L4,2001
31004303,572184,4918757,BWC,4,L4,2001
31004304,572069,4918854,BWC,4,L4,2001
31004306,581073,4912459,BWC,4,L4,2001
31004307,579729,4911358,BWC,4,L4,2001
31004308,582226,4913663,BWC,4,L4,2001
31004309,582782,4913405,BWC,4,L4,2001
31004310,582930,4912606,BWC,4,L4,2001
31004311,584777,4911861,BWC,4,L4,2001
31004312,584031,4911255,BWC,4,L4,2001
31004313,584280,4911061,BWC,4,L4,2001
31004314,584528,4910749,BWC,4,L4,2001
31004315,584983,4910315,BWC,4,L4,2001
31004316,580128,4917261,BWC,4,L4,2001
31004317,579280,4917204,BWC,4,L4,2001
31004318,580377,4917156,BWC,4,L4,2001
31004319,580527,4917154,BWC,4,L4,2001
31004320,579432,4917101,BWC,4,L4,2001
31004321,580030,4917057,BWC,4,L4,2001
31004322,580580,4916999,BWC,4,L4,2001
31004323,579527,4916863,BWC,4,L4,2001
31004324,580024,4916854,BWC,4,L4,2001
31004325,578981,4916809,BWC,4,L4,2001
31004326,579528,4916605,BWC,4,L4,2001
31004327,580683,4916607,BWC,4,L4,2001
31004328,581132,4916506,BWC,4,L4,2001
31004329,580527,4916455,BWC,4,L4,2001
31004330,579386,4916405,BWC,4,L4,2001
31004331,579780,4916406,BWC,4,L4,2001
31004332,579181,4916260,BWC,4,L4,2001
31004333,580880,4916252,BWC,4,L4,2001
31004334,581382,4916199,BWC,4,L4,2001
31004335,579926,4916161,BWC,4,L4,2001
31004336,581383,4916155,BWC,4,L4,2001
31004338,581280,4916100,BWC,4,L4,2001
31004339,581428,4916108,BWC,4,L4,2001
31004340,580332,4916059,BWC,4,L4,2001
31004341,580380,4916065,BWC,4,L4,2001
31004342,581434,4916053,BWC,4,L4,2001
31004343,581277,4916006,BWC,4,L4,2001
31004344,580428,4915958,BWC,4,L4,2001
31004345,581131,4915860,BWC,4,L4,2001
31004346,581330,4915802,BWC,4,L4,2001
31004347,581482,4915756,BWC,4,L4,2001
31004348,580533,4915655,BWC,4,L4,2001
31004349,580687,4915657,BWC,4,L4,2001
31004350,581431,4915601,BWC,4,L4,2001
31004351,580677,4915554,BWC,4,L4,2001
31004352,580985,4915558,BWC,4,L4,2001
31004353,580335,4915506,BWC,4,L4,2001
31004354,580931,4915463,BWC,4,L4,2001
31004355,580882,4915409,BWC,4,L4,2001
31004356,580932,4915354,BWC,4,L4,2001
31004357,579928,4915252,BWC,4,L4,2001
31004358,581683,4915209,BWC,4,L4,2001
31004359,581370,4915054,BWC,4,L4,2001
31004360,579978,4915012,BWC,4,L4,2001
31004361,581478,4915004,BWC,4,L4,2001
31004362,582187,4915003,BWC,4,L4,2001
31004363,580530,4914958,BWC,4,L4,2001
31004364,580580,4914958,BWC,4,L4,2001
31004365,579980,4914909,BWC,4,L4,2001
31004366,580026,4914760,BWC,4,L4,2001
31004367,581083,4914762,BWC,4,L4,2001
31004368,581878,4914655,BWC,4,L4,2001
31004369,582236,4914662,BWC,4,L4,2001
31004370,580484,4914560,BWC,4,L4,2001
31004371,581675,4914459,BWC,4,L4,2001
31004372,581578,4914408,BWC,4,L4,2001
31004373,582130,4914412,BWC,4,L4,2001
31004374,581982,4914203,BWC,4,L4,2001
31004375,581679,4914108,BWC,4,L4,2001
31004376,579679,4912905,BWC,4,L4,2001
31004377,579381,4912853,BWC,4,L4,2001
31004378,580080,4912862,BWC,4,L4,2001
31004379,579934,4912804,BWC,4,L4,2001
31004380,580334,4912807,BWC,4,L4,2001
31004381,580185,4912757,BWC,4,L4,2001
31004382,579733,4912657,BWC,4,L4,2001
31004383,580385,4912608,BWC,4,L4,2001
31004384,579983,4912555,BWC,4,L4,2001
31004385,580635,4912407,BWC,4,L4,2001
31004386,580180,4912366,BWC,4,L4,2001
31004387,579580,4912101,BWC,4,L4,2001
31004388,580279,4911903,BWC,4,L4,2001
31004389,583480,4909808,BWC,4,L4,2001
31004390,583927,4909406,BWC,4,L4,2001
31004391,584030,4909353,BWC,4,L4,2001
31004392,584233,4909305,BWC,4,L4,2001
31004393,583983,4909212,BWC,4,L4,2001
31004394,583982,4909153,BWC,4,L4,2001
31004395,584379,4909101,BWC,4,L4,2001
31004396,584873,4908909,BWC,4,L4,2001
31004397,584484,4908701,BWC,4,L4,2001
31004398,584831,4908712,BWC,4,L4,2001
31004399,584822,4908555,BWC,4,L4,2001
31004400,584634,4908446,BWC,4,L4,2001
31004401,577982,4917052,BWC,4,L4,2001
31004403,573876,4916702,BWC,4,L4,2001
31004405,577529,4916157,BWC,4,L4,2001
31004406,577883,4915508,BWC,4,L4,2001
31004407,577982,4915256,BWC,4,L4,2001
31004410,576478,4914558,BWC,4,L4,2001
31004411,576530,4914558,BWC,4,L4,2001
31004412,576530,4914509,BWC,4,L4,2001
31004413,582480,4914156,BWC,4,L4,2001
31004414,581482,4913752,BWC,4,L4,2001
31004415,582527,4913658,BWC,4,L4,2001
31004416,581879,4913451,BWC,4,L4,2001
31004417,579885,4913363,BWC,4,L4,2001
31004418,579782,4913208,BWC,4,L4,2001
31004419,579079,4913104,BWC,4,L4,2001
31004421,583483,4913005,BWC,4,L4,2001
31004422,583675,4913011,BWC,4,L4,2001
31004423,583673,4912912,BWC,4,L4,2001
31004424,583425,4912706,BWC,4,L4,2001
31004426,583328,4912459,BWC,4,L4,2001
31004427,584485,4912203,BWC,4,L4,2001
31004428,585075,4911560,BWC,4,L4,2001
31004429,584531,4911508,BWC,4,L4,2001
31004430,583831,4911457,BWC,4,L4,2001
31004431,584427,4911410,BWC,4,L4,2001
31004432,581030,4911206,BWC,4,L4,2001
31004433,585435,4911204,BWC,4,L4,2001
31004434,581424,4911004,BWC,4,L4,2001
31004435,585035,4910661,BWC,4,L4,2001
31004436,584827,4910555,BWC,4,L4,2001
31004437,585631,4910411,BWC,4,L4,2001
31004438,581180,4910253,BWC,4,L4,2001
31004439,579581,4917808,BWC,4,L4,2001
31004440,579680,4917703,BWC,4,L4,2001
31004441,580230,4917460,BWC,4,L4,2001
31004442,579377,4917059,BWC,4,L4,2001
31004444,579582,4916709,BWC,4,L4,2001
31004445,578428,4916504,BWC,4,L4,2001
31004446,578579,4916503,BWC,4,L4,2001
31004449,578979,4916155,BWC,4,L4,2001
31004451,578923,4915909,BWC,4,L4,2001
31004452,578633,4915610,BWC,4,L4,2001
31004453,580282,4915559,BWC,4,L4,2001
31004454,579777,4915455,BWC,4,L4,2001
31004456,580084,4915355,BWC,4,L4,2001
31004457,580383,4915010,BWC,4,L4,2001
31004459,579676,4914658,BWC,4,L4,2001
31004460,579779,4914609,BWC,4,L4,2001
31004461,581427,4914107,BWC,4,L4,2001
31004462,580833,4912764,BWC,4,L4,2001
31004463,581134,4912209,BWC,4,L4,2001
31004464,580429,4912116,BWC,4,L4,2001
31004465,580479,4911849,BWC,4,L4,2001
31004466,583681,4910006,BWC,4,L4,2001
31004467,583630,4909707,BWC,4,L4,2001
31004468,583423,4909458,BWC,4,L4,2001
31004470,584530,4909355,BWC,4,L4,2001
31004471,584577,4909361,BWC,4,L4,2001
31004472,584932,4909103,BWC,4,L4,2001
31005201,534981,4938054,MBC,4,U4,2002
31005202,535080,4937956,MBC,4,U4,2002
31005203,535079,4937706,MBC,4,U4,2002
31005204,542979,4934408,MBC,4,U4,2002
31005205,543026,4934360,MBC,4,U4,2002
31005207,545028,4934155,MBC,4,U4,2002
31005208,545032,4934104,MBC,4,U4,2002
31005209,545382,4934105,MBC,4,U4,2002
31005210,531314,4940161,MBC,4,U4,2002
31005211,531630,4939805,MBC,4,U4,2002
31005212,532082,4939704,MBC,4,U4,2002
31005213,532128,4939654,MBC,4,U4,2002
31005214,532429,4939408,MBC,4,U4,2002
31005215,535129,4937656,MBC,4,U4,2002
31005216,535333,4937204,MBC,4,U4,2002
31005217,535379,4937208,MBC,4,U4,2002
31005218,536978,4935408,MBC,4,U4,2002
31005219,536631,4935155,MBC,4,U4,2002
31005220,541632,4935104,MBC,4,U4,2002
31005221,540233,4935008,MBC,4,U4,2002
31005222,541828,4935008,MBC,4,U4,2002
31005223,541879,4935008,MBC,4,U4,2002
31005224,542581,4934757,MBC,4,U4,2002
31005225,543081,4934603,MBC,4,U4,2002
31005226,543429,4934558,MBC,4,U4,2002
31005227,545080,4934404,MBC,4,U4,2002
31005228,542979,4934308,MBC,4,U4,2002
31005229,543381,4934306,MBC,4,U4,2002
31005230,545227,4934305,MBC,4,U4,2002
31005231,572829,4917808,MBC,4,L4,2002
31005232,572784,4917744,MBC,4,L4,2002
31005233,573026,4917757,MBC,4,L4,2002
31005234,575779,4916052,MBC,4,L4,2002
31005235,578181,4914508,MBC,4,L4,2002
31005236,580834,4913202,MBC,4,L4,2002
31005237,581580,4913053,MBC,4,L4,2002
31005238,582131,4912702,MBC,4,L4,2002
31005239,582332,4912704,MBC,4,L4,2002
31005240,582383,4912600,MBC,4,L4,2002
31005241,582436,4912553,MBC,4,L4,2002
31005242,583035,4911853,MBC,4,L4,2002
31005243,583384,4911053,MBC,4,L4,2002
31005244,583532,4910699,MBC,4,L4,2002
31005245,583483,4910553,MBC,4,L4,2002
31005246,583685,4910556,MBC,4,L4,2002
31005247,583633,4910453,MBC,4,L4,2002
31005248,583675,4910255,MBC,4,L4,2002
31005249,584838,4910108,MBC,4,L4,2002
31005250,583988,4910057,MBC,4,L4,2002
31005251,584084,4909956,MBC,4,L4,2002
31005252,573328,4917157,MBC,4,L4,2002
31005253,573379,4917108,MBC,4,L4,2002
31005254,574083,4916910,MBC,4,L4,2002
31005255,575179,4916908,MBC,4,L4,2002
31005256,576331,4915953,MBC,4,L4,2002
31005257,576183,4915703,MBC,4,L4,2002
31005258,577129,4915353,MBC,4,L4,2002
31005259,578328,4914758,MBC,4,L4,2002
31005260,579034,4914652,MBC,4,L4,2002
31005261,579236,4914261,MBC,4,L4,2002
31005262,579581,4914005,MBC,4,L4,2002
31005263,581783,4913358,MBC,4,L4,2002
31005264,581835,4913307,MBC,4,L4,2002
31005265,582732,4912715,MBC,4,L4,2002
31005266,583032,4912405,MBC,4,L4,2002
31005267,582883,4912003,MBC,4,L4,2002
31005268,583684,4911657,MBC,4,L4,2002
31005269,585431,4910106,MBC,4,L4,2002
31005270,585280,4910008,MBC,4,L4,2002
31005271,531226,4939307,SC,4,U4,2002
31005272,532224,4939110,SC,4,U4,2002
31005273,532328,4938954,SC,4,U4,2002
31005274,533276,4938757,SC,4,U4,2002
31005275,537379,4936607,SC,4,U4,2002
31005276,537480,4936403,SC,4,U4,2002
31005277,537579,4936308,SC,4,U4,2002
31005278,537980,4936152,SC,4,U4,2002
31005280,544984,4934759,SC,4,U4,2002
31005281,536481,4937059,SC,4,U4,2002
31005282,538329,4937054,SC,4,U4,2002
31005283,536633,4937010,SC,4,U4,2002
31005284,540876,4936508,SC,4,U4,2002
31005285,539584,4936358,SC,4,U4,2002
31005286,539739,4936308,SC,4,U4,2002
31005287,540038,4936309,SC,4,U4,2002
31005288,541527,4936206,SC,4,U4,2002
31005289,541675,4935804,SC,4,U4,2002
31005290,541679,4935758,SC,4,U4,2002
31005291,535735,4937806,SC,4,U4,2002
31005292,535727,4937604,SC,4,U4,2002
31005293,535879,4937454,SC,4,U4,2002
31005294,537728,4937204,SC,4,U4,2002
31005295,537681,4937158,SC,4,U4,2002
31005296,537530,4937008,SC,4,U4,2002
31005297,539334,4936602,SC,4,U4,2002
31005298,540537,4936404,SC,4,U4,2002
31005299,540030,4936359,SC,4,U4,2002
31005300,540329,4936358,SC,4,U4,2002
31005301,540874,4936358,SC,4,U4,2002
31005302,540078,4936204,SC,4,U4,2002
31005303,541629,4935553,SC,4,U4,2002
31005304,538731,4935255,SC,4,U4,2002
31005305,538930,4935204,SC,4,U4,2002
31005306,539027,4935106,SC,4,U4,2002
31005307,542931,4934909,SC,4,U4,2002
31005308,542529,4934858,SC,4,U4,2002
31005309,542981,4934859,SC,4,U4,2002
31005310,543179,4934708,SC,4,U4,2002
31005371,564474,4922311,BWC,4,U4,2002
31005372,564528,4922213,BWC,4,U4,2002
31005376,537729,4936608,BWC,4,U4,2002
31005377,536282,4936057,BWC,4,U4,2002
31005378,536228,4935958,BWC,4,U4,2002
31005379,536429,4935606,BWC,4,U4,2002
31005380,555924,4924653,BWC,4,U4,2002
31005382,537129,4937158,BWC,4,U4,2002
31005384,536430,4936507,BWC,4,U4,2002
31005385,536429,4936358,BWC,4,U4,2002
31005386,538680,4935859,BWC,4,U4,2002
31005387,539129,4935855,BWC,4,U4,2002
31005388,538878,4935758,BWC,4,U4,2002
31005389,539533,4935657,BWC,4,U4,2002
31005390,539029,4935553,BWC,4,U4,2002
31005391,539478,4935503,BWC,4,U4,2002
31005392,539684,4935505,BWC,4,U4,2002
31005393,542524,4936107,BWC,4,U4,2002
31005394,542578,4936106,BWC,4,U4,2002
31005395,542474,4936006,BWC,4,U4,2002
31005396,543033,4936014,BWC,4,U4,2002
31005397,542326,4935907,BWC,4,U4,2002
31005398,542226,4935857,BWC,4,U4,2002
31005399,542280,4935857,BWC,4,U4,2002
31005400,542529,4935804,BWC,4,U4,2002
31005401,542182,4935755,BWC,4,U4,2002
31005402,542529,4935754,BWC,4,U4,2002
31005403,542433,4935703,BWC,4,U4,2002
31005404,542281,4935609,BWC,4,U4,2002
31005405,542979,4935556,BWC,4,U4,2002
31005406,542779,4935503,BWC,4,U4,2002
31005407,542980,4935456,BWC,4,U4,2002
31005408,542231,4935406,BWC,4,U4,2002
31005409,541179,4934806,BWC,4,U4,2002
31005410,544179,4934010,BWC,4,U4,2002
31005411,544481,4934005,BWC,4,U4,2002
31005412,544829,4934010,BWC,4,U4,2002
31005413,544430,4933961,BWC,4,U4,2002
31005414,544782,4933957,BWC,4,U4,2002
31005415,545132,4933858,BWC,4,U4,2002
31005416,544683,4933804,BWC,4,U4,2002
31005417,545232,4933808,BWC,4,U4,2002
31005418,544831,4933761,BWC,4,U4,2002
31005419,545279,4933654,BWC,4,U4,2002
31005420,539624,4936907,BWC,4,U4,2002
31005421,540028,4936755,BWC,4,U4,2002
31005422,540628,4936757,BWC,4,U4,2002
31005423,540628,4936704,BWC,4,U4,2002
31005424,536929,4936310,BWC,4,U4,2002
31005425,536831,4936212,BWC,4,U4,2002
31005426,537132,4936159,BWC,4,U4,2002
31005427,539927,4935908,BWC,4,U4,2002
31005428,536781,4935857,BWC,4,U4,2002
31005430,539833,4935856,BWC,4,U4,2002
31005431,540979,4935862,BWC,4,U4,2002
31005433,539783,4935706,BWC,4,U4,2002
31005434,540031,4935704,BWC,4,U4,2002
31005435,540409,4935708,BWC,4,U4,2002
31005436,540834,4935708,BWC,4,U4,2002
31005437,539634,4935654,BWC,4,U4,2002
31005438,540830,4935658,BWC,4,U4,2002
31005439,539931,4935559,BWC,4,U4,2002
31005440,540781,4935458,BWC,4,U4,2002
31005441,539832,4935404,BWC,4,U4,2002
31005442,532578,4939012,BWC,4,U4,2002
31005443,535375,4938054,BWC,4,U4,2002
31005444,535678,4937856,BWC,4,U4,2002
31005445,538432,4936605,BWC,4,U4,2002
31005446,538629,4936608,BWC,4,U4,2002
31005447,542179,4936356,BWC,4,U4,2002
31005448,542780,4936253,BWC,4,U4,2002
31005449,542929,4936259,BWC,4,U4,2002
31005451,542728,4936008,BWC,4,U4,2002
31005452,542829,4935908,BWC,4,U4,2002
31005453,543231,4935561,BWC,4,U4,2002
31005454,542782,4935256,BWC,4,U4,2002
31005455,542831,4935262,BWC,4,U4,2002
31005456,541281,4934757,BWC,4,U4,2002
31005457,540575,4934606,BWC,4,U4,2002
31005458,544130,4934209,BWC,4,U4,2002
31005459,544681,4933702,BWC,4,U4,2002
31005460,545179,4933555,BWC,4,U4,2002
31005461,540024,4936908,BWC,4,U4,2002
31005462,540430,4936658,BWC,4,U4,2002
31005463,540727,4936508,BWC,4,U4,2002
31005464,537033,4936304,BWC,4,U4,2002
31005465,537079,4936306,BWC,4,U4,2002
31005467,539730,4935960,BWC,4,U4,2002
31005468,541081,4935708,BWC,4,U4,2002
31005469,540632,4935658,BWC,4,U4,2002
31005470,540885,4935508,BWC,4,U4,2002
31005471,575284,4919404,BWC,4,L4,2002
31005472,575278,4918955,BWC,4,L4,2002
31005473,575230,4918905,BWC,4,L4,2002
31005474,574982,4917708,BWC,4,L4,2002
31005475,579180,4915108,BWC,4,L4,2002
31005476,579176,4914954,BWC,4,L4,2002
31005477,571780,4918863,BWC,4,L4,2002
31005478,571731,4918306,BWC,4,L4,2002
31005479,571931,4919007,BWC,4,L4,2002
31005480,572184,4918360,BWC,4,L4,2002
31005481,571483,4918405,BWC,4,L4,2002
31005482,571828,4918507,BWC,4,L4,2002
31005483,571379,4918905,BWC,4,L4,2002
31005484,579581,4911754,BWC,4,L4,2002
31005485,577778,4916805,BWC,4,L4,2002
31005486,582635,4914153,BWC,4,L4,2002
31005487,582632,4913554,BWC,4,L4,2002
31005488,582683,4913556,BWC,4,L4,2002
31005489,582680,4913456,BWC,4,L4,2002
31005490,582729,4913307,BWC,4,L4,2002
31005491,585228,4911410,BWC,4,L4,2002
31005492,584178,4911253,BWC,4,L4,2002
31005493,584336,4910953,BWC,4,L4,2002
31005494,584631,4910958,BWC,4,L4,2002
31005495,584528,4910753,BWC,4,L4,2002
31005496,585028,4910360,BWC,4,L4,2002
31005497,585475,4910358,BWC,4,L4,2002
31005498,579577,4917507,BWC,4,L4,2002
31005499,579825,4917201,BWC,4,L4,2002
31005500,580037,4917050,BWC,4,L4,2002
31005501,579925,4917013,BWC,4,L4,2002
31005502,580738,4917011,BWC,4,L4,2002
31005503,579779,4916852,BWC,4,L4,2002
31005504,580777,4916860,BWC,4,L4,2002
31005505,579429,4916661,BWC,4,L4,2002
31005506,580880,4916656,BWC,4,L4,2002
31005507,579529,4916606,BWC,4,L4,2002
31005508,580384,4916511,BWC,4,L4,2002
31005509,580778,4916404,BWC,4,L4,2002
31005510,581133,4916414,BWC,4,L4,2002
31005511,580729,4916366,BWC,4,L4,2002
31005512,580774,4916358,BWC,4,L4,2002
31005513,580231,4916254,BWC,4,L4,2002
31005514,580585,4916202,BWC,4,L4,2002
31005515,581030,4916158,BWC,4,L4,2002
31005516,580830,4916056,BWC,4,L4,2002
31005517,581432,4916015,BWC,4,L4,2002
31005518,581081,4915958,BWC,4,L4,2002
31005519,580281,4915857,BWC,4,L4,2002
31005520,581634,4915854,BWC,4,L4,2002
31005521,579181,4915810,BWC,4,L4,2002
31005522,581040,4915661,BWC,4,L4,2002
31005523,581390,4915557,BWC,4,L4,2002
31005524,580883,4915503,BWC,4,L4,2002
31005525,581137,4915303,BWC,4,L4,2002
31005526,580030,4915262,BWC,4,L4,2002
31005527,581979,4915262,BWC,4,L4,2002
31005528,580529,4915212,BWC,4,L4,2002
31005529,581529,4915203,BWC,4,L4,2002
31005530,580328,4915156,BWC,4,L4,2002
31005531,580384,4915160,BWC,4,L4,2002
31005532,580630,4915063,BWC,4,L4,2002
31005533,580936,4915056,BWC,4,L4,2002
31005534,579528,4914953,BWC,4,L4,2002
31005535,580131,4914912,BWC,4,L4,2002
31005536,581828,4914904,BWC,4,L4,2002
31005537,582336,4914906,BWC,4,L4,2002
31005538,581081,4914710,BWC,4,L4,2002
31005539,582233,4914549,BWC,4,L4,2002
31005540,581679,4914414,BWC,4,L4,2002
31005541,581830,4914410,BWC,4,L4,2002
31005542,582134,4914407,BWC,4,L4,2002
31005543,581180,4914308,BWC,4,L4,2002
31005544,582133,4914307,BWC,4,L4,2002
31005545,582339,4914315,BWC,4,L4,2002
31005546,580629,4912910,BWC,4,L4,2002
31005547,580781,4912856,BWC,4,L4,2002
31005548,579525,4912805,BWC,4,L4,2002
31005549,580126,4912804,BWC,4,L4,2002
31005550,580124,4912661,BWC,4,L4,2002
31005551,580777,4912505,BWC,4,L4,2002
31005552,579371,4912410,BWC,4,L4,2002
31005553,579526,4912405,BWC,4,L4,2002
31005554,579726,4912361,BWC,4,L4,2002
31005555,579876,4912314,BWC,4,L4,2002
31005556,580179,4912112,BWC,4,L4,2002
31005561,584435,4909456,BWC,4,L4,2002
31005562,584279,4909259,BWC,4,L4,2002
31005563,584031,4909056,BWC,4,L4,2002
31005564,584681,4909060,BWC,4,L4,2002
31005565,584280,4908961,BWC,4,L4,2002
31005566,584680,4908960,BWC,4,L4,2002
31005567,584330,4908858,BWC,4,L4,2002
31005568,584580,4908812,BWC,4,L4,2002
31005569,584678,4908709,BWC,4,L4,2002
31005570,584532,4908657,BWC,4,L4,2002
31005571,584675,4908656,BWC,4,L4,2002
31005572,584880,4908655,BWC,4,L4,2002
31005573,584524,4908509,BWC,4,L4,2002
31005574,584733,4908512,BWC,4,L4,2002
31005575,584737,4908458,BWC,4,L4,2002
31005576,577675,4916406,BWC,4,L4,2002
31005577,576981,4915506,BWC,4,L4,2002
31005578,580229,4914353,BWC,4,L4,2002
31005579,578975,4914203,BWC,4,L4,2002
31005580,580083,4914109,BWC,4,L4,2002
31005581,579479,4913958,BWC,4,L4,2002
31005582,580528,4913955,BWC,4,L4,2002
31005583,581727,4913558,BWC,4,L4,2002
31005584,582580,4913408,BWC,4,L4,2002
31005585,579578,4913206,BWC,4,L4,2002
31005587,583127,4912752,BWC,4,L4,2002
31005588,583630,4912558,BWC,4,L4,2002
31005589,584330,4912356,BWC,4,L4,2002
31005590,583534,4912202,BWC,4,L4,2002
31005591,583730,4912153,BWC,4,L4,2002
31005592,584378,4911660,BWC,4,L4,2002
31005593,584780,4911658,BWC,4,L4,2002
31005594,584781,4911560,BWC,4,L4,2002
31005595,583981,4911510,BWC,4,L4,2002
31005596,584675,4911503,BWC,4,L4,2002
31005597,583873,4911410,BWC,4,L4,2002
31005598,584830,4911404,BWC,4,L4,2002
31005599,584525,4911303,BWC,4,L4,2002
31005600,584871,4911311,BWC,4,L4,2002
31005601,585531,4911062,BWC,4,L4,2002
31005602,585431,4910954,BWC,4,L4,2002
31005603,585585,4910958,BWC,4,L4,2002
31005604,584933,4910905,BWC,4,L4,2002
31005606,585386,4909161,BWC,4,L4,2002
31005607,579881,4917905,BWC,4,L4,2002
31005608,579829,4917858,BWC,4,L4,2002
31005609,579679,4917710,BWC,4,L4,2002
31005610,579829,4917708,BWC,4,L4,2002
31005611,579726,4917560,BWC,4,L4,2002
31005612,578829,4917255,BWC,4,L4,2002
31005613,579128,4917210,BWC,4,L4,2002
31005614,580427,4917016,BWC,4,L4,2002
31005615,580229,4916848,BWC,4,L4,2002
31005616,579378,4916761,BWC,4,L4,2002
31005617,580431,4916758,BWC,4,L4,2002
31005618,580627,4916713,BWC,4,L4,2002
31005619,578428,4916560,BWC,4,L4,2002
31005620,578393,4916510,BWC,4,L4,2002
31005621,578479,4916358,BWC,4,L4,2002
31005622,580035,4916158,BWC,4,L4,2002
31005623,578882,4916059,BWC,4,L4,2002
31005624,579179,4916059,BWC,4,L4,2002
31005625,579080,4916003,BWC,4,L4,2002
31005626,578334,4915900,BWC,4,L4,2002
31005627,578975,4915907,BWC,4,L4,2002
31005628,579534,4915704,BWC,4,L4,2002
31005629,578480,4915611,BWC,4,L4,2002
31005632,582224,4915253,BWC,4,L4,2002
31005633,579381,4914955,BWC,4,L4,2002
31005634,580728,4914861,BWC,4,L4,2002
31005635,581885,4914862,BWC,4,L4,2002
31005636,580178,4914608,BWC,4,L4,2002
31005637,580983,4914510,BWC,4,L4,2002
31005638,580681,4914462,BWC,4,L4,2002
31005639,581225,4914158,BWC,4,L4,2002
31005640,579580,4913107,BWC,4,L4,2002
31005641,579733,4913064,BWC,4,L4,2002
31005642,580777,4912012,BWC,4,L4,2002
31005643,579985,4911963,BWC,4,L4,2002
31005644,580529,4911955,BWC,4,L4,2002
31005645,580330,4911856,BWC,4,L4,2002
31005646,580831,4911715,BWC,4,L4,2002
31005649,584029,4908561,BWC,4,L4,2002
31005650,584229,4908355,BWC,4,L4,2002
31006687,537527,4935764,MBC,4,U4,2004
31006688,544483,4934653,MBC,4,U4,2004
31006689,544577,4934661,MBC,4,U4,2004
31006690,544687,4934612,MBC,4,U4,2004
31006691,544732,4934356,MBC,4,U4,2004
31006692,543185,4934309,MBC,4,U4,2004
31006694,545229,4934008,MBC,4,U4,2004
31006695,545429,4934003,MBC,4,U4,2004
31006696,545534,4933953,MBC,4,U4,2004
31006697,545377,4933910,MBC,4,U4,2004
31006698,531278,4940110,MBC,4,U4,2004
31006699,531334,4940108,MBC,4,U4,2004
31006702,532083,4939711,MBC,4,U4,2004
31006704,537424,4935759,MBC,4,U4,2004
31006705,539133,4935410,MBC,4,U4,2004
31006706,539284,4935354,MBC,4,U4,2004
31006707,540929,4935211,MBC,4,U4,2004
31006708,541325,4935207,MBC,4,U4,2004
31006709,539832,4935161,MBC,4,U4,2004
31006710,540828,4935153,MBC,4,U4,2004
31006711,540479,4935010,MBC,4,U4,2004
31006712,542738,4934707,MBC,4,U4,2004
31006714,542628,4934505,MBC,4,U4,2004
31006715,545481,4933756,MBC,4,U4,2004
31006716,571183,4918304,MBC,4,L4,2004
31006717,572129,4918254,MBC,4,L4,2004
31006718,571781,4918207,MBC,4,L4,2004
31006719,572228,4918207,MBC,4,L4,2004
31006720,572283,4918108,MBC,4,L4,2004
31006721,572230,4918060,MBC,4,L4,2004
31006722,572277,4917955,MBC,4,L4,2004
31006723,575781,4916053,MBC,4,L4,2004
31006724,578583,4914452,MBC,4,L4,2004
31006725,578429,4914408,MBC,4,L4,2004
31006726,581235,4913411,MBC,4,L4,2004
31006727,582231,4912753,MBC,4,L4,2004
31006728,583432,4911903,MBC,4,L4,2004
31006729,583082,4911804,MBC,4,L4,2004
31006730,583183,4911803,MBC,4,L4,2004
31006731,583278,4911555,MBC,4,L4,2004
31006732,583379,4911404,MBC,4,L4,2004
31006733,583329,4911309,MBC,4,L4,2004
31006734,583483,4911309,MBC,4,L4,2004
31006735,583482,4910657,MBC,4,L4,2004
31006736,583681,4910657,MBC,4,L4,2004
31006737,583626,4910556,MBC,4,L4,2004
31006738,583982,4910157,MBC,4,L4,2004
31006739,584129,4909959,MBC,4,L4,2004
31006740,584287,4909957,MBC,4,L4,2004
31006741,585383,4909862,MBC,4,L4,2004
31006742,571329,4918308,MBC,4,L4,2004
31006743,572983,4917905,MBC,4,L4,2004
31006744,574827,4917307,MBC,4,L4,2004
31006745,575175,4917156,MBC,4,L4,2004
31006746,576330,4915607,MBC,4,L4,2004
31006747,578832,4914713,MBC,4,L4,2004
31006750,582934,4912456,MBC,4,L4,2004
31006751,582982,4912459,MBC,4,L4,2004
31006752,583030,4912358,MBC,4,L4,2004
31006753,582781,4912157,MBC,4,L4,2004
31006754,584131,4910808,MBC,4,L4,2004
31006755,584380,4910511,MBC,4,L4,2004
31006756,584428,4910456,MBC,4,L4,2004
31006757,533029,4938559,SC,4,U4,2004
31006758,538029,4936158,SC,4,U4,2004
31006759,544779,4934759,SC,4,U4,2004
31006760,544929,4934755,SC,4,U4,2004
31006762,535884,4937609,SC,4,U4,2004
31006763,535926,4937508,SC,4,U4,2004
31006764,536326,4937199,SC,4,U4,2004
31006765,536878,4936963,SC,4,U4,2004
31006766,536929,4936905,SC,4,U4,2004
31006767,536979,4936905,SC,4,U4,2004
31006768,539533,4936461,SC,4,U4,2004
31006770,540884,4936403,SC,4,U4,2004
31006771,541633,4936102,SC,4,U4,2004
31006772,538130,4935458,SC,4,U4,2004
31006773,543537,4935007,SC,4,U4,2004
31006775,543389,4934955,SC,4,U4,2004
31006776,543088,4934756,SC,4,U4,2004
31006777,535933,4937609,SC,4,U4,2004
31006778,536481,4937201,SC,4,U4,2004
31006779,537982,4937212,SC,4,U4,2004
31006780,538135,4937155,SC,4,U4,2004
31006781,537532,4936959,SC,4,U4,2004
31006782,537224,4936910,SC,4,U4,2004
31006783,537330,4936810,SC,4,U4,2004
31006784,539483,4936502,SC,4,U4,2004
31006785,539578,4936505,SC,4,U4,2004
31006786,540579,4936409,SC,4,U4,2004
31006787,541284,4936403,SC,4,U4,2004
31006788,541283,4936306,SC,4,U4,2004
31006789,540180,4936205,SC,4,U4,2004
31006790,537833,4935605,SC,4,U4,2004
31006791,537933,4935502,SC,4,U4,2004
31006792,538533,4935313,SC,4,U4,2004
31006793,543728,4935209,SC,4,U4,2004
31006794,542734,4935005,SC,4,U4,2004
31006795,543180,4934960,SC,4,U4,2004
31006796,542784,4934904,SC,4,U4,2004
31006797,539178,4935553,SC,4,U4,2004
31006862,536078,4935705,BWC,4,U4,2004
31006863,536330,4935707,BWC,4,U4,2004
31006864,536079,4935658,BWC,4,U4,2004
31006865,536330,4935555,BWC,4,U4,2004
31006866,536478,4935558,BWC,4,U4,2004
31006867,555934,4924710,BWC,4,U4,2004
31006873,536524,4936559,BWC,4,U4,2004
31006874,536431,4936210,BWC,4,U4,2004
31006875,536580,4936005,BWC,4,U4,2004
31006876,538677,4935958,BWC,4,U4,2004
31006877,538781,4935859,BWC,4,U4,2004
31006878,539081,4935857,BWC,4,U4,2004
31006879,538783,4935809,BWC,4,U4,2004
31006880,538987,4935760,BWC,4,U4,2004
31006881,539531,4935554,BWC,4,U4,2004
31006882,539630,4935506,BWC,4,U4,2004
31006883,539732,4935508,BWC,4,U4,2004
31006884,542377,4936058,BWC,4,U4,2004
31006885,542675,4936056,BWC,4,U4,2004
31006886,542426,4935960,BWC,4,U4,2004
31006887,543031,4935911,BWC,4,U4,2004
31006888,542130,4935756,BWC,4,U4,2004
31006889,542223,4935760,BWC,4,U4,2004
31006891,543132,4935710,BWC,4,U4,2004
31006892,542580,4935607,BWC,4,U4,2004
31006893,542983,4935606,BWC,4,U4,2004
31006894,542829,4935551,BWC,4,U4,2004
31006895,542477,4935362,BWC,4,U4,2004
31006896,542833,4935310,BWC,4,U4,2004
31006897,542531,4935253,BWC,4,U4,2004
31006898,541579,4934858,BWC,4,U4,2004
31006899,544675,4934207,BWC,4,U4,2004
31006900,544585,4934161,BWC,4,U4,2004
31006901,544280,4934105,BWC,4,U4,2004
31006902,544232,4934055,BWC,4,U4,2004
31006903,544230,4934005,BWC,4,U4,2004
31006904,544329,4934002,BWC,4,U4,2004
31006905,544727,4933903,BWC,4,U4,2004
31006906,544834,4933911,BWC,4,U4,2004
31006907,544380,4933861,BWC,4,U4,2004
31006908,544580,4933854,BWC,4,U4,2004
31006909,544829,4933813,BWC,4,U4,2004
31006910,544377,4933760,BWC,4,U4,2004
31006911,544926,4933753,BWC,4,U4,2004
31006912,545280,4933655,BWC,4,U4,2004
31006913,545230,4933603,BWC,4,U4,2004
31006914,539986,4936857,BWC,4,U4,2004
31006915,539679,4936808,BWC,4,U4,2004
31006916,540037,4936759,BWC,4,U4,2004
31006917,540631,4936751,BWC,4,U4,2004
31006918,539685,4936708,BWC,4,U4,2004
31006919,540088,4936714,BWC,4,U4,2004
31006920,536689,4936509,BWC,4,U4,2004
31006921,536883,4936458,BWC,4,U4,2004
31006922,536578,4936359,BWC,4,U4,2004
31006923,536624,4936357,BWC,4,U4,2004
31006924,536630,4936257,BWC,4,U4,2004
31006925,540934,4936055,BWC,4,U4,2004
31006927,539027,4936009,BWC,4,U4,2004
31006928,541037,4936007,BWC,4,U4,2004
31006929,536985,4935858,BWC,4,U4,2004
31006930,540043,4935804,BWC,4,U4,2004
31006931,540285,4935803,BWC,4,U4,2004
31006932,540581,4935806,BWC,4,U4,2004
31006933,540634,4935763,BWC,4,U4,2004
31006934,539632,4935709,BWC,4,U4,2004
31006935,540126,4935464,BWC,4,U4,2004
31006936,539024,4937054,BWC,4,U4,2004
31006937,541328,4936908,BWC,4,U4,2004
31006938,541581,4936905,BWC,4,U4,2004
31006939,538579,4936608,BWC,4,U4,2004
31006940,543034,4936511,BWC,4,U4,2004
31006941,541875,4936207,BWC,4,U4,2004
31006942,542732,4936007,BWC,4,U4,2004
31006943,541977,4935607,BWC,4,U4,2004
31006944,541476,4935513,BWC,4,U4,2004
31006945,542828,4935259,BWC,4,U4,2004
31006946,541477,4934860,BWC,4,U4,2004
31006947,541032,4934759,BWC,4,U4,2004
31006948,540629,4934660,BWC,4,U4,2004
31006949,541978,4934658,BWC,4,U4,2004
31006951,544981,4934056,BWC,4,U4,2004
31006952,545233,4933552,BWC,4,U4,2004
31006953,539976,4936905,BWC,4,U4,2004
31006954,540083,4936901,BWC,4,U4,2004
31006955,540632,4936557,BWC,4,U4,2004
31006956,536979,4936258,BWC,4,U4,2004
31006957,536630,4935959,BWC,4,U4,2004
31006959,536779,4935750,BWC,4,U4,2004
31006960,540584,4935663,BWC,4,U4,2004
31006961,540027,4935256,BWC,4,U4,2004
31006962,538878,4934957,BWC,4,U4,2004
31006964,578981,4915158,BWC,4,L4,2004
31006965,579078,4917858,BWC,4,L4,2004
31006966,578681,4917403,BWC,4,L4,2004
31006967,575279,4917258,BWC,4,L4,2004
31006970,577077,4915705,BWC,4,L4,2004
31006971,572479,4918608,BWC,4,L4,2004
31006972,572531,4918453,BWC,4,L4,2004
31006973,572178,4918305,BWC,4,L4,2004
31006974,572227,4918307,BWC,4,L4,2004
31006975,571933,4918354,BWC,4,L4,2004
31006976,572180,4918508,BWC,4,L4,2004
31006977,571426,4918560,BWC,4,L4,2004
31006978,571526,4918562,BWC,4,L4,2004
31006981,571179,4918908,BWC,4,L4,2004
31006982,579531,4911810,BWC,4,L4,2004
31006983,579676,4911811,BWC,4,L4,2004
31006984,579632,4911405,BWC,4,L4,2004
31006985,579829,4911307,BWC,4,L4,2004
31006986,582678,4913506,BWC,4,L4,2004
31006987,584331,4911057,BWC,4,L4,2004
31006988,584731,4911007,BWC,4,L4,2004
31006989,585528,4910859,BWC,4,L4,2004
31006990,585337,4910554,BWC,4,L4,2004
31006991,579228,4917410,BWC,4,L4,2004
31006992,579979,4917357,BWC,4,L4,2004
31006993,579731,4917309,BWC,4,L4,2004
31006994,580277,4917207,BWC,4,L4,2004
31006995,580381,4917210,BWC,4,L4,2004
31006996,579726,4917111,BWC,4,L4,2004
31006997,580081,4917059,BWC,4,L4,2004
31006998,579925,4917006,BWC,4,L4,2004
31006999,579628,4916861,BWC,4,L4,2004
31007000,579780,4916608,BWC,4,L4,2004
31007001,579229,4916559,BWC,4,L4,2004
31007002,579331,4916557,BWC,4,L4,2004
31007003,580230,4916556,BWC,4,L4,2004
31007004,579481,4916411,BWC,4,L4,2004
31007005,580276,4916407,BWC,4,L4,2004
31007006,580474,4916405,BWC,4,L4,2004
31007007,580581,4916409,BWC,4,L4,2004
31007008,581177,4916409,BWC,4,L4,2004
31007009,579983,4916357,BWC,4,L4,2004
31007010,580477,4916358,BWC,4,L4,2004
31007011,580877,4916309,BWC,4,L4,2004
31007012,580677,4916159,BWC,4,L4,2004
31007013,580326,4916111,BWC,4,L4,2004
31007014,580535,4916061,BWC,4,L4,2004
31007015,579731,4915858,BWC,4,L4,2004
31007016,581230,4915762,BWC,4,L4,2004
31007017,581076,4915712,BWC,4,L4,2004
31007018,581637,4915705,BWC,4,L4,2004
31007019,581077,4915510,BWC,4,L4,2004
31007020,581172,4915509,BWC,4,L4,2004
31007021,581322,4915413,BWC,4,L4,2004
31007022,580927,4915359,BWC,4,L4,2004
31007023,581422,4915359,BWC,4,L4,2004
31007024,581780,4915308,BWC,4,L4,2004
31007025,580730,4915215,BWC,4,L4,2004
31007026,581078,4915057,BWC,4,L4,2004
31007027,581830,4915058,BWC,4,L4,2004
31007028,580030,4915011,BWC,4,L4,2004
31007029,579431,4914960,BWC,4,L4,2004
31007030,581530,4914905,BWC,4,L4,2004
31007031,581826,4914906,BWC,4,L4,2004
31007032,582128,4914909,BWC,4,L4,2004
31007033,581080,4914808,BWC,4,L4,2004
31007034,581730,4914804,BWC,4,L4,2004
31007035,582228,4914810,BWC,4,L4,2004
31007036,582077,4914762,BWC,4,L4,2004
31007037,580729,4914709,BWC,4,L4,2004
31007038,580882,4914712,BWC,4,L4,2004
31007039,581331,4914709,BWC,4,L4,2004
31007040,581982,4914660,BWC,4,L4,2004
31007041,582178,4914655,BWC,4,L4,2004
31007042,580976,4914556,BWC,4,L4,2004
31007043,582177,4914512,BWC,4,L4,2004
31007044,581532,4914407,BWC,4,L4,2004
31007045,581826,4914359,BWC,4,L4,2004
31007046,581980,4914360,BWC,4,L4,2004
31007047,581879,4914258,BWC,4,L4,2004
31007048,581934,4914209,BWC,4,L4,2004
31007049,581979,4914110,BWC,4,L4,2004
31007050,580630,4913156,BWC,4,L4,2004
31007051,580783,4913106,BWC,4,L4,2004
31007052,580276,4912960,BWC,4,L4,2004
31007053,580781,4912959,BWC,4,L4,2004
31007054,579380,4912908,BWC,4,L4,2004
31007055,580079,4912912,BWC,4,L4,2004
31007056,580775,4912911,BWC,4,L4,2004
31007057,579533,4912809,BWC,4,L4,2004
31007058,580178,4912757,BWC,4,L4,2004
31007059,580483,4912753,BWC,4,L4,2004
31007060,580578,4912705,BWC,4,L4,2004
31007061,580682,4912653,BWC,4,L4,2004
31007062,579683,4912556,BWC,4,L4,2004
31007063,579683,4912505,BWC,4,L4,2004
31007064,580032,4912460,BWC,4,L4,2004
31007065,579683,4912205,BWC,4,L4,2004
31007066,580082,4912155,BWC,4,L4,2004
31007067,579782,4912006,BWC,4,L4,2004
31007068,584180,4909308,BWC,4,L4,2004
31007069,584830,4909005,BWC,4,L4,2004
31007070,584281,4908958,BWC,4,L4,2004
31007071,584676,4908912,BWC,4,L4,2004
31007072,584331,4908764,BWC,4,L4,2004
31007073,584532,4908709,BWC,4,L4,2004
31007074,584230,4908458,BWC,4,L4,2004
31007075,584630,4908459,BWC,4,L4,2004
31007076,584878,4908456,BWC,4,L4,2004
31007077,584781,4908411,BWC,4,L4,2004
31007078,577878,4916954,BWC,4,L4,2004
31007079,574676,4916908,BWC,4,L4,2004
31007080,577729,4916708,BWC,4,L4,2004
31007081,577778,4916657,BWC,4,L4,2004
31007082,577629,4916108,BWC,4,L4,2004
31007083,577381,4916062,BWC,4,L4,2004
31007085,582482,4914155,BWC,4,L4,2004
31007087,579279,4914056,BWC,4,L4,2004
31007088,582578,4913903,BWC,4,L4,2004
31007089,579333,4913860,BWC,4,L4,2004
31007090,581478,4913860,BWC,4,L4,2004
31007091,581025,4913708,BWC,4,L4,2004
31007092,582831,4913655,BWC,4,L4,2004
31007093,582335,4913458,BWC,4,L4,2004
31007094,582179,4913411,BWC,4,L4,2004
31007096,579081,4913254,BWC,4,L4,2004
31007097,582878,4913261,BWC,4,L4,2004
31007099,580228,4913161,BWC,4,L4,2004
31007100,583030,4913107,BWC,4,L4,2004
31007102,583728,4912612,BWC,4,L4,2004
31007103,583532,4912110,BWC,4,L4,2004
31007104,584232,4912106,BWC,4,L4,2004
31007105,584082,4911510,BWC,4,L4,2004
31007106,584734,4911508,BWC,4,L4,2004
31007107,584236,4911403,BWC,4,L4,2004
31007108,581227,4911203,BWC,4,L4,2004
31007109,585179,4911156,BWC,4,L4,2004
31007110,585127,4910811,BWC,4,L4,2004
31007111,585485,4910707,BWC,4,L4,2004
31007112,581281,4910557,BWC,4,L4,2004
31007113,585078,4910307,BWC,4,L4,2004
31007114,579279,4917708,BWC,4,L4,2004
31007115,579828,4917557,BWC,4,L4,2004
31007116,580529,4917358,BWC,4,L4,2004
31007117,578928,4917309,BWC,4,L4,2004
31007118,579375,4917308,BWC,4,L4,2004
31007119,580484,4917006,BWC,4,L4,2004
31007120,578878,4916857,BWC,4,L4,2004
31007121,580581,4916808,BWC,4,L4,2004
31007122,580032,4916659,BWC,4,L4,2004
31007124,578530,4916311,BWC,4,L4,2004
31007125,581529,4916105,BWC,4,L4,2004
31007126,579384,4916054,BWC,4,L4,2004
31007127,578279,4915908,BWC,4,L4,2004
31007128,578478,4915908,BWC,4,L4,2004
31007129,578628,4915660,BWC,4,L4,2004
31007131,579482,4915457,BWC,4,L4,2004
31007132,579683,4915260,BWC,4,L4,2004
31007133,580330,4914959,BWC,4,L4,2004
31007135,580530,4914758,BWC,4,L4,2004
31007136,579502,4914710,BWC,4,L4,2004
31007137,581130,4914456,BWC,4,L4,2004
31007138,581328,4914359,BWC,4,L4,2004
31007139,579577,4913109,BWC,4,L4,2004
31007140,579231,4912705,BWC,4,L4,2004
31007141,580830,4912507,BWC,4,L4,2004
31007142,580533,4912258,BWC,4,L4,2004
31007143,581233,4911506,BWC,4,L4,2004
31007144,581378,4911505,BWC,4,L4,2004
31007145,583933,4909808,BWC,4,L4,2004
31007146,583479,4909305,BWC,4,L4,2004
31007147,583532,4909161,BWC,4,L4,2004
31007336,544626,4934659,MBC,4,U4,2005
31007337,545127,4934001,MBC,4,U4,2005
31007338,545228,4934004,MBC,4,U4,2005
31007339,545175,4933953,MBC,4,U4,2005
31007340,545327,4933951,MBC,4,U4,2005
31007341,531324,4940152,MBC,4,U4,2005
31007344,533079,4939058,MBC,4,U4,2005
31007346,537274,4935602,MBC,4,U4,2005
31007347,537129,4935507,MBC,4,U4,2005
31007348,536980,4935408,MBC,4,U4,2005
31007349,540232,4935011,MBC,4,U4,2005
31007350,543929,4934607,MBC,4,U4,2005
31007351,543431,4934557,MBC,4,U4,2005
31007352,542931,4934409,MBC,4,U4,2005
31007353,542927,4934354,MBC,4,U4,2005
31007355,571981,4918211,MBC,4,L4,2005
31007356,572980,4917707,MBC,4,L4,2005
31007357,573286,4917462,MBC,4,L4,2005
31007359,582134,4913204,MBC,4,L4,2005
31007360,581782,4913059,MBC,4,L4,2005
31007361,582430,4912607,MBC,4,L4,2005
31007362,583179,4911061,MBC,4,L4,2005
31007363,584675,4910154,MBC,4,L4,2005
31007364,584130,4909956,MBC,4,L4,2005
31007365,584984,4909761,MBC,4,L4,2005
31007366,572576,4917958,MBC,4,L4,2005
31007367,573432,4917407,MBC,4,L4,2005
31007369,575631,4916305,MBC,4,L4,2005
31007371,576481,4915808,MBC,4,L4,2005
31007372,580334,4913759,MBC,4,L4,2005
31007373,580830,4913509,MBC,4,L4,2005
31007374,580981,4913462,MBC,4,L4,2005
31007375,582931,4911962,MBC,4,L4,2005
31007376,583981,4911064,MBC,4,L4,2005
31007377,583380,4910703,MBC,4,L4,2005
31007378,583581,4910553,MBC,4,L4,2005
31007379,584428,4910409,MBC,4,L4,2005
31007380,584731,4910159,MBC,4,L4,2005
31007381,585435,4910109,MBC,4,L4,2005
31007382,585531,4909908,MBC,4,L4,2005
31007383,584480,4909557,MBC,4,L4,2005
31007385,544877,4934760,SC,4,U4,2005
31007386,531828,4939303,SC,4,U4,2005
31007387,533277,4938759,SC,4,U4,2005
31007388,532929,4938557,SC,4,U4,2005
31007390,537475,4936404,SC,4,U4,2005
31007394,538435,4936963,SC,4,U4,2005
31007395,536834,4936910,SC,4,U4,2005
31007396,536881,4936908,SC,4,U4,2005
31007397,536981,4936911,SC,4,U4,2005
31007398,539579,4936358,SC,4,U4,2005
31007399,539786,4936304,SC,4,U4,2005
31007400,541529,4936202,SC,4,U4,2005
31007403,535879,4937455,SC,4,U4,2005
31007404,536429,4937266,SC,4,U4,2005
31007405,538179,4937158,SC,4,U4,2005
31007406,541182,4936412,SC,4,U4,2005
31007407,539785,4936209,SC,4,U4,2005
31007408,540078,4936215,SC,4,U4,2005
31007409,540179,4936207,SC,4,U4,2005
31007410,541630,4935553,SC,4,U4,2005
31007411,541827,4935452,SC,4,U4,2005
31007412,538480,4935361,SC,4,U4,2005
31007413,538680,4935261,SC,4,U4,2005
31007414,542879,4934907,SC,4,U4,2005
31007455,534080,4939404,BWC,4,U4,2005
31007456,537676,4936711,BWC,4,U4,2005
31007457,537629,4936661,BWC,4,U4,2005
31007458,537774,4936609,BWC,4,U4,2005
31007459,536178,4935908,BWC,4,U4,2005
31007460,536285,4935906,BWC,4,U4,2005
31007461,536383,4935902,BWC,4,U4,2005
31007462,536383,4935857,BWC,4,U4,2005
31007463,536176,4935760,BWC,4,U4,2005
31007464,536229,4935762,BWC,4,U4,2005
31007465,536231,4935663,BWC,4,U4,2005
31007467,536879,4937260,BWC,4,U4,2005
31007468,537076,4937212,BWC,4,U4,2005
31007470,537629,4937208,BWC,4,U4,2005
31007471,536480,4936458,BWC,4,U4,2005
31007472,536581,4936059,BWC,4,U4,2005
31007473,538931,4935963,BWC,4,U4,2005
31007474,538781,4935806,BWC,4,U4,2005
31007475,538928,4935812,BWC,4,U4,2005
31007476,539125,4935759,BWC,4,U4,2005
31007477,539083,4935655,BWC,4,U4,2005
31007478,539429,4935605,BWC,4,U4,2005
31007479,539529,4935408,BWC,4,U4,2005
31007480,542524,4936209,BWC,4,U4,2005
31007481,542680,4936207,BWC,4,U4,2005
31007482,542584,4936159,BWC,4,U4,2005
31007483,542479,4936060,BWC,4,U4,2005
31007484,542080,4936003,BWC,4,U4,2005
31007485,543131,4935859,BWC,4,U4,2005
31007486,542032,4935764,BWC,4,U4,2005
31007487,542227,4935710,BWC,4,U4,2005
31007488,543130,4935661,BWC,4,U4,2005
31007489,542433,4935558,BWC,4,U4,2005
31007490,542932,4935559,BWC,4,U4,2005
31007491,542377,4935460,BWC,4,U4,2005
31007492,542531,4935413,BWC,4,U4,2005
31007493,542879,4935413,BWC,4,U4,2005
31007494,542776,4935361,BWC,4,U4,2005
31007495,542730,4935316,BWC,4,U4,2005
31007496,544330,4934162,BWC,4,U4,2005
31007497,544577,4934006,BWC,4,U4,2005
31007498,544874,4933865,BWC,4,U4,2005
31007499,545336,4933654,BWC,4,U4,2005
31007500,540379,4936810,BWC,4,U4,2005
31007501,540782,4936554,BWC,4,U4,2005
31007502,536831,4936513,BWC,4,U4,2005
31007503,536778,4936300,BWC,4,U4,2005
31007504,536925,4936305,BWC,4,U4,2005
31007505,537128,4936107,BWC,4,U4,2005
31007506,536730,4936059,BWC,4,U4,2005
31007507,536830,4936059,BWC,4,U4,2005
31007508,541124,4936059,BWC,4,U4,2005
31007509,536780,4936009,BWC,4,U4,2005
31007510,536929,4935908,BWC,4,U4,2005
31007511,537178,4935908,BWC,4,U4,2005
31007512,540930,4935910,BWC,4,U4,2005
31007514,539937,4935862,BWC,4,U4,2005
31007515,540333,4935864,BWC,4,U4,2005
31007516,540681,4935756,BWC,4,U4,2005
31007518,540429,4935716,BWC,4,U4,2005
31007519,539833,4935604,BWC,4,U4,2005
31007520,540233,4935609,BWC,4,U4,2005
31007521,540932,4935610,BWC,4,U4,2005
31007522,540337,4935562,BWC,4,U4,2005
31007523,539879,4935503,BWC,4,U4,2005
31007524,540334,4935463,BWC,4,U4,2005
31007525,540286,4935355,BWC,4,U4,2005
31007526,535678,4937860,BWC,4,U4,2005
31007527,538825,4937161,BWC,4,U4,2005
31007528,538979,4937108,BWC,4,U4,2005
31007529,541425,4936912,BWC,4,U4,2005
31007530,541126,4936559,BWC,4,U4,2005
31007531,543075,4936404,BWC,4,U4,2005
31007532,539227,4936302,BWC,4,U4,2005
31007533,542931,4936211,BWC,4,U4,2005
31007534,543028,4936063,BWC,4,U4,2005
31007535,541425,4935457,BWC,4,U4,2005
31007536,539083,4934956,BWC,4,U4,2005
31007538,545124,4933608,BWC,4,U4,2005
31007539,539581,4936709,BWC,4,U4,2005
31007540,540280,4936653,BWC,4,U4,2005
31007541,536776,4936560,BWC,4,U4,2005
31007542,537178,4936108,BWC,4,U4,2005
31007543,536627,4935957,BWC,4,U4,2005
31007544,538625,4934953,BWC,4,U4,2005
31007545,575278,4919361,BWC,4,L4,2005
31007546,574735,4918559,BWC,4,L4,2005
31007547,574479,4918057,BWC,4,L4,2005
31007548,578684,4917608,BWC,4,L4,2005
31007549,578634,4917503,BWC,4,L4,2005
31007551,571728,4918352,BWC,4,L4,2005
31007552,571584,4918309,BWC,4,L4,2005
31007553,571276,4918511,BWC,4,L4,2005
31007554,571830,4918663,BWC,4,L4,2005
31007555,572080,4918701,BWC,4,L4,2005
31007556,581428,4912408,BWC,4,L4,2005
31007557,579827,4911313,BWC,4,L4,2005
31007558,581981,4913658,BWC,4,L4,2005
31007559,582679,4913608,BWC,4,L4,2005
31007560,582177,4913507,BWC,4,L4,2005
31007561,582682,4913501,BWC,4,L4,2005
31007562,582731,4913361,BWC,4,L4,2005
31007563,583884,4911561,BWC,4,L4,2005
31007564,584275,4910859,BWC,4,L4,2005
31007565,584534,4910807,BWC,4,L4,2005
31007566,579981,4916758,BWC,4,L4,2005
31007567,579282,4916560,BWC,4,L4,2005
31007568,580935,4916449,BWC,4,L4,2005
31007569,581082,4916159,BWC,4,L4,2005
31007570,579630,4916108,BWC,4,L4,2005
31007571,580676,4916113,BWC,4,L4,2005
31007572,579781,4916059,BWC,4,L4,2005
31007573,581182,4916057,BWC,4,L4,2005
31007574,580824,4915956,BWC,4,L4,2005
31007575,579431,4915904,BWC,4,L4,2005
31007576,580884,4915904,BWC,4,L4,2005
31007577,581275,4915863,BWC,4,L4,2005
31007578,578277,4915457,BWC,4,L4,2005
31007579,581778,4915457,BWC,4,L4,2005
31007580,580230,4915415,BWC,4,L4,2005
31007581,582081,4915259,BWC,4,L4,2005
31007582,581583,4915205,BWC,4,L4,2005
31007583,581783,4915156,BWC,4,L4,2005
31007584,579978,4915102,BWC,4,L4,2005
31007585,582278,4914957,BWC,4,L4,2005
31007586,580183,4914905,BWC,4,L4,2005
31007587,581029,4914860,BWC,4,L4,2005
31007588,581228,4914855,BWC,4,L4,2005
31007589,581033,4914809,BWC,4,L4,2005
31007590,581327,4914810,BWC,4,L4,2005
31007591,581182,4914755,BWC,4,L4,2005
31007592,581034,4914703,BWC,4,L4,2005
31007593,581928,4914305,BWC,4,L4,2005
31007594,581733,4914210,BWC,4,L4,2005
31007595,582083,4914204,BWC,4,L4,2005
31007596,580427,4912912,BWC,4,L4,2005
31007597,580280,4912859,BWC,4,L4,2005
31007598,579978,4912813,BWC,4,L4,2005
31007599,580132,4912763,BWC,4,L4,2005
31007600,580730,4912762,BWC,4,L4,2005
31007601,579525,4912712,BWC,4,L4,2005
31007602,579833,4912714,BWC,4,L4,2005
31007603,580233,4912656,BWC,4,L4,2005
31007604,579883,4912603,BWC,4,L4,2005
31007605,579337,4912255,BWC,4,L4,2005
31007606,579480,4912255,BWC,4,L4,2005
31007607,580482,4911810,BWC,4,L4,2005
31007608,583682,4910153,BWC,4,L4,2005
31007609,583525,4909551,BWC,4,L4,2005
31007610,583935,4909253,BWC,4,L4,2005
31007611,584881,4908758,BWC,4,L4,2005
31007612,577980,4916903,BWC,4,L4,2005
31007613,574134,4916863,BWC,4,L4,2005
31007614,573728,4916809,BWC,4,L4,2005
31007615,577777,4916663,BWC,4,L4,2005
31007616,577975,4916160,BWC,4,L4,2005
31007618,576533,4914605,BWC,4,L4,2005
31007621,582277,4913807,BWC,4,L4,2005
31007622,582532,4913807,BWC,4,L4,2005
31007624,582627,4913760,BWC,4,L4,2005
31007625,581733,4913710,BWC,4,L4,2005
31007626,581729,4913613,BWC,4,L4,2005
31007627,579430,4913308,BWC,4,L4,2005
31007628,579384,4913211,BWC,4,L4,2005
31007629,579974,4913110,BWC,4,L4,2005
31007630,583179,4912910,BWC,4,L4,2005
31007631,583827,4911804,BWC,4,L4,2005
31007632,584929,4911610,BWC,4,L4,2005
31007633,584530,4910458,BWC,4,L4,2005
31007634,585681,4910461,BWC,4,L4,2005
31007635,585185,4910359,BWC,4,L4,2005
31007636,579733,4917660,BWC,4,L4,2005
31007637,579380,4917405,BWC,4,L4,2005
31007638,579431,4917310,BWC,4,L4,2005
31007639,579024,4916906,BWC,4,L4,2005
31007640,578530,4916706,BWC,4,L4,2005
31007641,581029,4916705,BWC,4,L4,2005
31007642,578779,4916457,BWC,4,L4,2005
31007643,579078,4915957,BWC,4,L4,2005
31007644,578082,4915807,BWC,4,L4,2005
31007645,581030,4914559,BWC,4,L4,2005
31007646,579831,4914510,BWC,4,L4,2005
31007648,581285,4914112,BWC,4,L4,2005
31007649,579481,4913056,BWC,4,L4,2005
31007650,579783,4913062,BWC,4,L4,2005
31007651,580031,4911911,BWC,4,L4,2005
31007652,583782,4909757,BWC,4,L4,2005
31007653,584629,4909363,BWC,4,L4,2005
31007785,542980,4934413,MBC,4,U4,2006
31007786,545080,4934109,MBC,4,U4,2006
31007787,545135,4934011,MBC,4,U4,2006
31007789,535376,4937209,MBC,4,U4,2006
31007790,537680,4935909,MBC,4,U4,2006
31007791,536979,4935408,MBC,4,U4,2006
31007792,536928,4935358,MBC,4,U4,2006
31007793,539373,4935312,MBC,4,U4,2006
31007794,540930,4935208,MBC,4,U4,2006
31007795,536583,4935105,MBC,4,U4,2006
31007796,541579,4935108,MBC,4,U4,2006
31007797,541726,4935062,MBC,4,U4,2006
31007798,542574,4934758,MBC,4,U4,2006
31007799,544274,4934654,MBC,4,U4,2006
31007800,543829,4934608,MBC,4,U4,2006
31007801,543879,4934608,MBC,4,U4,2006
31007802,543924,4934604,MBC,4,U4,2006
31007803,545286,4934253,MBC,4,U4,2006
31007804,545435,4934100,MBC,4,U4,2006
31007805,580779,4913255,MBC,4,L4,2006
31007806,580731,4913212,MBC,4,L4,2006
31007807,580975,4913213,MBC,4,L4,2006
31007808,582181,4912807,MBC,4,L4,2006
31007809,582179,4912762,MBC,4,L4,2006
31007810,582337,4912710,MBC,4,L4,2006
31007811,582877,4912509,MBC,4,L4,2006
31007812,582932,4912009,MBC,4,L4,2006
31007813,583077,4911813,MBC,4,L4,2006
31007814,583136,4911161,MBC,4,L4,2006
31007815,583185,4911158,MBC,4,L4,2006
31007816,583183,4911108,MBC,4,L4,2006
31007817,583677,4910454,MBC,4,L4,2006
31007818,584832,4910155,MBC,4,L4,2006
31007819,584835,4910105,MBC,4,L4,2006
31007820,583981,4910057,MBC,4,L4,2006
31007822,573077,4917653,MBC,4,L4,2006
31007823,573574,4917008,MBC,4,L4,2006
31007824,574975,4917003,MBC,4,L4,2006
31007825,576325,4915610,MBC,4,L4,2006
31007826,579583,4913905,MBC,4,L4,2006
31007827,580275,4913757,MBC,4,L4,2006
31007828,580236,4913404,MBC,4,L4,2006
31007829,582032,4913308,MBC,4,L4,2006
31007830,582630,4912804,MBC,4,L4,2006
31007831,583530,4911808,MBC,4,L4,2006
31007832,583380,4910760,MBC,4,L4,2006
31007833,584732,4910155,MBC,4,L4,2006
31007834,585580,4909358,MBC,4,L4,2006
31007835,533478,4939008,SC,4,U4,2006
31007836,533031,4938560,SC,4,U4,2006
31007837,537635,4936309,SC,4,U4,2006
31007838,538280,4936261,SC,4,U4,2006
31007839,535583,4937807,SC,4,U4,2006
31007840,536590,4937006,SC,4,U4,2006
31007841,538428,4936951,SC,4,U4,2006
31007842,538734,4936853,SC,4,U4,2006
31007843,540787,4936408,SC,4,U4,2006
31007844,540080,4936305,SC,4,U4,2006
31007845,539738,4936257,SC,4,U4,2006
31007846,542579,4934961,SC,4,U4,2006
31007847,543574,4934910,SC,4,U4,2006
31007848,536179,4937259,SC,4,U4,2006
31007849,536280,4937202,SC,4,U4,2006
31007850,537583,4937058,SC,4,U4,2006
31007851,536929,4937007,SC,4,U4,2006
31007852,537576,4937011,SC,4,U4,2006
31007853,538537,4936860,SC,4,U4,2006
31007854,538937,4936799,SC,4,U4,2006
31007855,538985,4936756,SC,4,U4,2006
31007856,539188,4936653,SC,4,U4,2006
31007857,540934,4936515,SC,4,U4,2006
31007858,541732,4936005,SC,4,U4,2006
31007859,538328,4935355,SC,4,U4,2006
31007860,538829,4935202,SC,4,U4,2006
31007861,539133,4935113,SC,4,U4,2006
31007862,542375,4935110,SC,4,U4,2006
31007863,543027,4934713,SC,4,U4,2006
31007905,564679,4922259,BWC,4,U4,2006
31007906,536279,4935761,BWC,4,U4,2006
31007907,536380,4935608,BWC,4,U4,2006
31007908,536430,4935609,BWC,4,U4,2006
31007909,555881,4924754,BWC,4,U4,2006
31007910,558679,4921862,BWC,4,U4,2006
31007911,537282,4937356,BWC,4,U4,2006
31007913,537230,4937312,BWC,4,U4,2006
31007915,536329,4936458,BWC,4,U4,2006
31007916,538928,4935804,BWC,4,U4,2006
31007917,539531,4935562,BWC,4,U4,2006
31007918,539696,4935512,BWC,4,U4,2006
31007919,539623,4935409,BWC,4,U4,2006
31007920,542632,4936304,BWC,4,U4,2006
31007921,542585,4935957,BWC,4,U4,2006
31007922,543076,4935905,BWC,4,U4,2006
31007923,542430,4935756,BWC,4,U4,2006
31007924,542232,4935709,BWC,4,U4,2006
31007925,542431,4935659,BWC,4,U4,2006
31007926,542829,4935611,BWC,4,U4,2006
31007927,542528,4935463,BWC,4,U4,2006
31007928,543034,4935362,BWC,4,U4,2006
31007929,542627,4935307,BWC,4,U4,2006
31007930,541576,4934809,BWC,4,U4,2006
31007931,544229,4933906,BWC,4,U4,2006
31007932,544331,4933906,BWC,4,U4,2006
31007933,544232,4933854,BWC,4,U4,2006
31007934,544432,4933858,BWC,4,U4,2006
31007935,544528,4933857,BWC,4,U4,2006
31007936,544984,4933860,BWC,4,U4,2006
31007937,544430,4933803,BWC,4,U4,2006
31007938,545034,4933808,BWC,4,U4,2006
31007939,544327,4933758,BWC,4,U4,2006
31007940,544881,4933705,BWC,4,U4,2006
31007941,544924,4933711,BWC,4,U4,2006
31007942,539683,4936861,BWC,4,U4,2006
31007943,540431,4936811,BWC,4,U4,2006
31007944,539630,4936756,BWC,4,U4,2006
31007945,540579,4936758,BWC,4,U4,2006
31007946,540780,4936607,BWC,4,U4,2006
31007947,536683,4936358,BWC,4,U4,2006
31007948,541077,4936106,BWC,4,U4,2006
31007949,541132,4936116,BWC,4,U4,2006
31007950,536826,4935960,BWC,4,U4,2006
31007951,537074,4935957,BWC,4,U4,2006
31007952,540680,4935960,BWC,4,U4,2006
31007953,540881,4935960,BWC,4,U4,2006
31007954,541083,4935959,BWC,4,U4,2006
31007955,537035,4935908,BWC,4,U4,2006
31007957,540526,4935905,BWC,4,U4,2006
31007958,536982,4935860,BWC,4,U4,2006
31007959,540478,4935807,BWC,4,U4,2006
31007960,540980,4935812,BWC,4,U4,2006
31007961,540183,4935764,BWC,4,U4,2006
31007962,540627,4935753,BWC,4,U4,2006
31007963,540127,4935701,BWC,4,U4,2006
31007964,540232,4935604,BWC,4,U4,2006
31007965,540282,4935555,BWC,4,U4,2006
31007966,539879,4935409,BWC,4,U4,2006
31007967,540283,4935353,BWC,4,U4,2006
31007968,540235,4935304,BWC,4,U4,2006
31007969,540231,4935255,BWC,4,U4,2006
31007970,538728,4937155,BWC,4,U4,2006
31007971,539125,4936913,BWC,4,U4,2006
31007972,541528,4936905,BWC,4,U4,2006
31007973,542229,4936906,BWC,4,U4,2006
31007974,542031,4936061,BWC,4,U4,2006
31007975,542827,4936006,BWC,4,U4,2006
31007976,543235,4935559,BWC,4,U4,2006
31007977,541379,4935408,BWC,4,U4,2006
31007979,543731,4934008,BWC,4,U4,2006
31007980,544082,4933956,BWC,4,U4,2006
31007981,545182,4933560,BWC,4,U4,2006
31007982,540727,4936809,BWC,4,U4,2006
31007983,540680,4936556,BWC,4,U4,2006
31007985,540932,4936164,BWC,4,U4,2006
31007986,541131,4936163,BWC,4,U4,2006
31007987,541429,4936058,BWC,4,U4,2006
31007988,537380,4935904,BWC,4,U4,2006
31007989,537229,4935857,BWC,4,U4,2006
31007990,536730,4935810,BWC,4,U4,2006
31007992,536931,4935810,BWC,4,U4,2006
31007993,537381,4935807,BWC,4,U4,2006
31007994,540629,4935609,BWC,4,U4,2006
31007995,572079,4919158,BWC,4,L4,2006
31007996,575024,4917658,BWC,4,L4,2006
31007997,578380,4917805,BWC,4,L4,2006
31007999,571729,4918305,BWC,4,L4,2006
31008000,572123,4918417,BWC,4,L4,2006
31008001,571143,4918709,BWC,4,L4,2006
31008005,582281,4913509,BWC,4,L4,2006
31008006,582727,4913308,BWC,4,L4,2006
31008007,583175,4912963,BWC,4,L4,2006
31008008,585325,4910556,BWC,4,L4,2006
31008009,584926,4910361,BWC,4,L4,2006
31008014,579931,4916956,BWC,4,L4,2006
31008016,580882,4916908,BWC,4,L4,2006
31008018,580777,4916563,BWC,4,L4,2006
31008020,580378,4916356,BWC,4,L4,2006
31008021,580230,4916265,BWC,4,L4,2006
31008022,580683,4915710,BWC,4,L4,2006
31008023,580434,4915655,BWC,4,L4,2006
31008024,580582,4915460,BWC,4,L4,2006
31008025,581536,4915460,BWC,4,L4,2006
31008026,581876,4915456,BWC,4,L4,2006
31008027,581730,4915410,BWC,4,L4,2006
31008028,581883,4915362,BWC,4,L4,2006
31008033,582026,4915055,BWC,4,L4,2006
31008034,582229,4915057,BWC,4,L4,2006
31008035,579977,4915009,BWC,4,L4,2006
31008037,581929,4915006,BWC,4,L4,2006
31008041,581784,4914802,BWC,4,L4,2006
31008042,581376,4914557,BWC,4,L4,2006
31008043,582028,4914360,BWC,4,L4,2006
31008044,581780,4914257,BWC,4,L4,2006
31008046,579281,4912605,BWC,4,L4,2006
31008049,583581,4909961,BWC,4,L4,2006
31008050,583627,4909608,BWC,4,L4,2006
31008051,584077,4909456,BWC,4,L4,2006
31008052,584380,4909108,BWC,4,L4,2006
31008053,584832,4908908,BWC,4,L4,2006
31008054,584430,4908616,BWC,4,L4,2006
31008055,584682,4908459,BWC,4,L4,2006
31008056,584781,4908408,BWC,4,L4,2006
31008057,577778,4916560,BWC,4,L4,2006
31008058,576578,4915008,BWC,4,L4,2006
31008062,582428,4913954,BWC,4,L4,2006
31008066,579481,4913258,BWC,4,L4,2006
31008067,580181,4913256,BWC,4,L4,2006
31008069,583680,4912907,BWC,4,L4,2006
31008070,584282,4912459,BWC,4,L4,2006
31008071,583380,4912259,BWC,4,L4,2006
31008072,583930,4912203,BWC,4,L4,2006
31008073,584731,4911558,BWC,4,L4,2006
31008074,584281,4911306,BWC,4,L4,2006
31008075,584980,4911309,BWC,4,L4,2006
31008076,584378,4911157,BWC,4,L4,2006
31008077,585583,4910956,BWC,4,L4,2006
31008078,584985,4910860,BWC,4,L4,2006
31008079,585631,4910310,BWC,4,L4,2006
31008080,585428,4909355,BWC,4,L4,2006
31008081,585329,4909208,BWC,4,L4,2006
31008082,585434,4909104,BWC,4,L4,2006
31008085,578530,4916654,BWC,4,L4,2006
31008086,578578,4916606,BWC,4,L4,2006
31008087,580133,4916560,BWC,4,L4,2006
31008088,578729,4916457,BWC,4,L4,2006
31008091,579580,4915958,BWC,4,L4,2006
31008092,578633,4915806,BWC,4,L4,2006
31008093,579281,4915209,BWC,4,L4,2006
31008094,580128,4915156,BWC,4,L4,2006
31008100,583381,4910256,BWC,4,L4,2006
31008101,583684,4910008,BWC,4,L4,2006
31008102,584277,4909454,BWC,4,L4,2006
31008103,584730,4909113,BWC,4,L4,2006
31008104,584282,4908359,BWC,4,L4,2006
31008235,534977,4937909,MBC,4,U4,2007
31008236,535229,4937355,MBC,4,U4,2007
31008237,544481,4934657,MBC,4,U4,2007
31008238,544979,4934256,MBC,4,U4,2007
31008239,545178,4934055,MBC,4,U4,2007
31008240,545175,4933954,MBC,4,U4,2007
31008241,531373,4940117,MBC,4,U4,2007
31008242,531574,4940049,MBC,4,U4,2007
31008243,534881,4938251,MBC,4,U4,2007
31008244,534978,4938209,MBC,4,U4,2007
31008245,535378,4937210,MBC,4,U4,2007
31008246,537579,4935804,MBC,4,U4,2007
31008247,537125,4935507,MBC,4,U4,2007
31008248,537027,4935458,MBC,4,U4,2007
31008251,541577,4935109,MBC,4,U4,2007
31008252,544530,4934699,MBC,4,U4,2007
31008253,544275,4934655,MBC,4,U4,2007
31008255,572027,4918262,MBC,4,L4,2007
31008256,571727,4918210,MBC,4,L4,2007
31008257,572075,4918211,MBC,4,L4,2007
31008258,572428,4918009,MBC,4,L4,2007
31008259,572875,4917703,MBC,4,L4,2007
31008260,581335,4913406,MBC,4,L4,2007
31008261,582430,4912608,MBC,4,L4,2007
31008262,583632,4911614,MBC,4,L4,2007
31008263,583281,4911357,MBC,4,L4,2007
31008264,583475,4911256,MBC,4,L4,2007
31008265,583279,4911109,MBC,4,L4,2007
31008266,583283,4911053,MBC,4,L4,2007
31008267,583327,4911058,MBC,4,L4,2007
31008268,583674,4910660,MBC,4,L4,2007
31008269,583680,4910409,MBC,4,L4,2007
31008270,583675,4910356,MBC,4,L4,2007
31008271,583979,4910008,MBC,4,L4,2007
31008272,584131,4909959,MBC,4,L4,2007
31008273,584178,4909908,MBC,4,L4,2007
31008274,573230,4917505,MBC,4,L4,2007
31008275,575526,4916455,MBC,4,L4,2007
31008276,575929,4916455,MBC,4,L4,2007
31008277,581285,4913459,MBC,4,L4,2007
31008278,581734,4913407,MBC,4,L4,2007
31008279,582933,4912507,MBC,4,L4,2007
31008280,583027,4912405,MBC,4,L4,2007
31008281,583531,4910509,MBC,4,L4,2007
31008282,584130,4909757,MBC,4,L4,2007
31008283,584177,4909710,MBC,4,L4,2007
31008285,532328,4938960,SC,4,U4,2007
31008286,532380,4938909,SC,4,U4,2007
31008287,532526,4938807,SC,4,U4,2007
31008288,537433,4936556,SC,4,U4,2007
31008290,537734,4936212,SC,4,U4,2007
31008291,544734,4934755,SC,4,U4,2007
31008292,539282,4936605,SC,4,U4,2007
31008293,539532,4936407,SC,4,U4,2007
31008294,540981,4936408,SC,4,U4,2007
31008295,541434,4936254,SC,4,U4,2007
31008296,542584,4934952,SC,4,U4,2007
31008297,543624,4934955,SC,4,U4,2007
31008298,535320,4937856,SC,4,U4,2007
31008299,537676,4937158,SC,4,U4,2007
31008300,537580,4937059,SC,4,U4,2007
31008301,538388,4936958,SC,4,U4,2007
31008302,537332,4936910,SC,4,U4,2007
31008303,538882,4936858,SC,4,U4,2007
31008304,539580,4936459,SC,4,U4,2007
31008305,541275,4936408,SC,4,U4,2007
31008306,540980,4936354,SC,4,U4,2007
31008307,541434,4936311,SC,4,U4,2007
31008308,541430,4936199,SC,4,U4,2007
31008309,538230,4935406,SC,4,U4,2007
31008310,541627,4935408,SC,4,U4,2007
31008311,543182,4935109,SC,4,U4,2007
31008312,543029,4935007,SC,4,U4,2007
31008313,542674,4934850,SC,4,U4,2007
31008314,542928,4934854,SC,4,U4,2007
31008356,537677,4936812,BWC,4,U4,2007
31008357,536282,4936060,BWC,4,U4,2007
31008358,536135,4935909,BWC,4,U4,2007
31008359,536231,4935612,BWC,4,U4,2007
31008360,536276,4935609,BWC,4,U4,2007
31008361,536135,4935564,BWC,4,U4,2007
31008362,555930,4924860,BWC,4,U4,2007
31008363,536878,4937355,BWC,4,U4,2007
31008364,537226,4937307,BWC,4,U4,2007
31008365,537528,4937250,BWC,4,U4,2007
31008366,536930,4937157,BWC,4,U4,2007
31008367,538831,4936005,BWC,4,U4,2007
31008368,538835,4935810,BWC,4,U4,2007
31008369,539233,4935807,BWC,4,U4,2007
31008370,539079,4935661,BWC,4,U4,2007
31008371,539675,4935611,BWC,4,U4,2007
31008372,542578,4936256,BWC,4,U4,2007
31008373,543032,4935855,BWC,4,U4,2007
31008374,542683,4935757,BWC,4,U4,2007
31008375,542078,4935657,BWC,4,U4,2007
31008376,542576,4935560,BWC,4,U4,2007
31008377,542783,4935556,BWC,4,U4,2007
31008378,542829,4935562,BWC,4,U4,2007
31008379,542478,4935509,BWC,4,U4,2007
31008380,541482,4935459,BWC,4,U4,2007
31008381,542424,4935407,BWC,4,U4,2007
31008382,542834,4935308,BWC,4,U4,2007
31008383,543024,4935304,BWC,4,U4,2007
31008384,544682,4934203,BWC,4,U4,2007
31008385,544084,4934158,BWC,4,U4,2007
31008386,544278,4934108,BWC,4,U4,2007
31008387,544378,4934009,BWC,4,U4,2007
31008388,544724,4934002,BWC,4,U4,2007
31008389,544278,4933959,BWC,4,U4,2007
31008390,544877,4933810,BWC,4,U4,2007
31008391,544983,4933706,BWC,4,U4,2007
31008392,545431,4933654,BWC,4,U4,2007
31008393,545279,4933605,BWC,4,U4,2007
31008394,545434,4933608,BWC,4,U4,2007
31008395,539676,4936854,BWC,4,U4,2007
31008396,539681,4936804,BWC,4,U4,2007
31008397,539829,4936710,BWC,4,U4,2007
31008398,539926,4936707,BWC,4,U4,2007
31008399,540674,4936705,BWC,4,U4,2007
31008400,536784,4936457,BWC,4,U4,2007
31008401,536681,4936407,BWC,4,U4,2007
31008402,536678,4936308,BWC,4,U4,2007
31008403,536729,4936205,BWC,4,U4,2007
31008404,536782,4936001,BWC,4,U4,2007
31008405,540480,4936010,BWC,4,U4,2007
31008406,541236,4936011,BWC,4,U4,2007
31008407,537279,4935958,BWC,4,U4,2007
31008408,541132,4935961,BWC,4,U4,2007
31008409,540479,4935909,BWC,4,U4,2007
31008410,536880,4935857,BWC,4,U4,2007
31008411,540882,4935862,BWC,4,U4,2007
31008412,540988,4935854,BWC,4,U4,2007
31008413,540078,4935709,BWC,4,U4,2007
31008414,539680,4935657,BWC,4,U4,2007
31008415,539733,4935658,BWC,4,U4,2007
31008416,539934,4935607,BWC,4,U4,2007
31008417,539977,4935460,BWC,4,U4,2007
31008418,540274,4935405,BWC,4,U4,2007
31008419,540126,4935303,BWC,4,U4,2007
31008422,539077,4936956,BWC,4,U4,2007
31008423,541281,4936808,BWC,4,U4,2007
31008424,541229,4936707,BWC,4,U4,2007
31008427,542128,4936206,BWC,4,U4,2007
31008428,541578,4935504,BWC,4,U4,2007
31008429,542329,4935311,BWC,4,U4,2007
31008430,541331,4934855,BWC,4,U4,2007
31008431,541228,4934764,BWC,4,U4,2007
31008432,543579,4934207,BWC,4,U4,2007
31008433,544228,4934155,BWC,4,U4,2007
31008434,544181,4933852,BWC,4,U4,2007
31008435,540025,4936907,BWC,4,U4,2007
31008436,540320,4936908,BWC,4,U4,2007
31008437,537123,4936453,BWC,4,U4,2007
31008438,537276,4936262,BWC,4,U4,2007
31008440,539537,4935959,BWC,4,U4,2007
31008441,537383,4935907,BWC,4,U4,2007
31008442,540276,4935909,BWC,4,U4,2007
31008443,540583,4935661,BWC,4,U4,2007
31008444,540531,4935610,BWC,4,U4,2007
31008445,578731,4917507,BWC,4,L4,2007
31008446,577027,4915659,BWC,4,L4,2007
31008448,571677,4918363,BWC,4,L4,2007
31008450,579382,4911959,BWC,4,L4,2007
31008455,583926,4912355,BWC,4,L4,2007
31008456,584283,4910910,BWC,4,L4,2007
31008457,585327,4910909,BWC,4,L4,2007
31008458,584630,4910810,BWC,4,L4,2007
31008459,584335,4910710,BWC,4,L4,2007
31008460,584382,4910550,BWC,4,L4,2007
31008461,585076,4910361,BWC,4,L4,2007
31008462,585483,4909066,BWC,4,L4,2007
31008464,580378,4917360,BWC,4,L4,2007
31008466,580177,4917259,BWC,4,L4,2007
31008468,580533,4917056,BWC,4,L4,2007
31008469,580630,4917010,BWC,4,L4,2007
31008470,580279,4916858,BWC,4,L4,2007
31008472,580232,4916507,BWC,4,L4,2007
31008475,580124,4916359,BWC,4,L4,2007
31008476,580427,4916307,BWC,4,L4,2007
31008478,581129,4915858,BWC,4,L4,2007
31008480,581429,4915812,BWC,4,L4,2007
31008481,581477,4915757,BWC,4,L4,2007
31008482,581080,4915707,BWC,4,L4,2007
31008483,581274,4915608,BWC,4,L4,2007
31008484,581833,4915511,BWC,4,L4,2007
31008485,581731,4915164,BWC,4,L4,2007
31008486,581332,4915110,BWC,4,L4,2007
31008487,581676,4915057,BWC,4,L4,2007
31008495,580483,4914557,BWC,4,L4,2007
31008497,581031,4914266,BWC,4,L4,2007
31008498,580330,4913057,BWC,4,L4,2007
31008500,579630,4912458,BWC,4,L4,2007
31008502,579486,4912415,BWC,4,L4,2007
31008504,579983,4912365,BWC,4,L4,2007
31008506,579328,4912313,BWC,4,L4,2007
31008507,579733,4912111,BWC,4,L4,2007
31008508,583576,4909461,BWC,4,L4,2007
31008509,584077,4909457,BWC,4,L4,2007
31008510,583829,4909315,BWC,4,L4,2007
31008511,584576,4909257,BWC,4,L4,2007
31008512,583577,4909207,BWC,4,L4,2007
31008513,584278,4909110,BWC,4,L4,2007
31008514,584578,4908813,BWC,4,L4,2007
31008515,584625,4908507,BWC,4,L4,2007
31008517,577926,4916560,BWC,4,L4,2007
31008518,577079,4915458,BWC,4,L4,2007
31008519,578276,4915108,BWC,4,L4,2007
31008520,576476,4914612,BWC,4,L4,2007
31008522,580534,4914063,BWC,4,L4,2007
31008526,579729,4913210,BWC,4,L4,2007
31008527,583083,4913110,BWC,4,L4,2007
31008528,584832,4911905,BWC,4,L4,2007
31008529,585078,4911509,BWC,4,L4,2007
31008531,585131,4910959,BWC,4,L4,2007
31008532,585084,4910861,BWC,4,L4,2007
31008533,583378,4910457,BWC,4,L4,2007
31008534,585631,4909957,BWC,4,L4,2007
31008535,585530,4909112,BWC,4,L4,2007
31008536,580528,4917407,BWC,4,L4,2007
31008538,578677,4916854,BWC,4,L4,2007
31008539,578678,4916756,BWC,4,L4,2007
31008540,580583,4916761,BWC,4,L4,2007
31008541,578477,4916508,BWC,4,L4,2007
31008544,578077,4915706,BWC,4,L4,2007
31008546,579576,4914811,BWC,4,L4,2007
31008547,580228,4914700,BWC,4,L4,2007
31008548,580433,4914508,BWC,4,L4,2007
31008550,581131,4914214,BWC,4,L4,2007
31008552,583527,4909664,BWC,4,L4,2007
31008553,584934,4909108,BWC,4,L4,2007
31008554,584080,4908459,BWC,4,L4,2007
31008685,534990,4937898,MBC,4,U4,2008
31008686,543473,4934315,MBC,4,U4,2008
31008688,545525,4933951,MBC,4,U4,2008
31008689,545380,4933902,MBC,4,U4,2008
31008690,531884,4939902,MBC,4,U4,2008
31008691,531577,4939849,MBC,4,U4,2008
31008692,531680,4939800,MBC,4,U4,2008
31008693,533030,4939057,MBC,4,U4,2008
31008694,533077,4939060,MBC,4,U4,2008
31008695,534883,4938254,MBC,4,U4,2008
31008696,535138,4937752,MBC,4,U4,2008
31008697,537519,4935806,MBC,4,U4,2008
31008698,540928,4935208,MBC,4,U4,2008
31008699,540630,4935057,MBC,4,U4,2008
31008700,543928,4934609,MBC,4,U4,2008
31008701,543624,4934356,MBC,4,U4,2008
31008702,545126,4934357,MBC,4,U4,2008
31008703,545378,4934154,MBC,4,U4,2008
31008704,545482,4933764,MBC,4,U4,2008
31008705,572430,4917962,MBC,4,L4,2008
31008706,572527,4917955,MBC,4,L4,2008
31008707,572823,4917853,MBC,4,L4,2008
31008708,572931,4917854,MBC,4,L4,2008
31008709,581233,4913414,MBC,4,L4,2008
31008710,582181,4912657,MBC,4,L4,2008
31008711,583077,4911707,MBC,4,L4,2008
31008712,583430,4911359,MBC,4,L4,2008
31008713,583377,4911007,MBC,4,L4,2008
31008714,583489,4910749,MBC,4,L4,2008
31008715,584031,4910108,MBC,4,L4,2008
31008716,585432,4910006,MBC,4,L4,2008
31008717,585480,4909909,MBC,4,L4,2008
31008718,584329,4909707,MBC,4,L4,2008
31008719,571829,4918260,MBC,4,L4,2008
31008720,572726,4917863,MBC,4,L4,2008
31008721,575326,4916759,MBC,4,L4,2008
31008722,575370,4916717,MBC,4,L4,2008
31008723,575531,4916460,MBC,4,L4,2008
31008724,576524,4915359,MBC,4,L4,2008
31008725,580480,4913654,MBC,4,L4,2008
31008726,580527,4913607,MBC,4,L4,2008
31008727,581380,4913059,MBC,4,L4,2008
31008728,583039,4912361,MBC,4,L4,2008
31008729,583124,4911611,MBC,4,L4,2008
31008730,583126,4911558,MBC,4,L4,2008
31008731,583981,4911107,MBC,4,L4,2008
31008732,583133,4911055,MBC,4,L4,2008
31008734,585634,4909318,MBC,4,L4,2008
31008736,544978,4934809,SC,4,U4,2008
31008737,533432,4938959,SC,4,U4,2008
31008739,535141,4937952,SC,4,U4,2008
31008740,535186,4937898,SC,4,U4,2008
31008741,536337,4937254,SC,4,U4,2008
31008742,538732,4936856,SC,4,U4,2008
31008743,541381,4936309,SC,4,U4,2008
31008744,540036,4936258,SC,4,U4,2008
31008745,541635,4936057,SC,4,U4,2008
31008746,541678,4935961,SC,4,U4,2008
31008747,538482,4935310,SC,4,U4,2008
31008748,543330,4935014,SC,4,U4,2008
31008749,543627,4934910,SC,4,U4,2008
31008750,535531,4937905,SC,4,U4,2008
31008751,535538,4937749,SC,4,U4,2008
31008752,537585,4937017,SC,4,U4,2008
31008753,536529,4936957,SC,4,U4,2008
31008754,537027,4936957,SC,4,U4,2008
31008755,537538,4936967,SC,4,U4,2008
31008756,536681,4936906,SC,4,U4,2008
31008757,538927,4936808,SC,4,U4,2008
31008758,540279,4936361,SC,4,U4,2008
31008759,540087,4936208,SC,4,U4,2008
31008760,541478,4936213,SC,4,U4,2008
31008761,541780,4935501,SC,4,U4,2008
31008762,542183,4935164,SC,4,U4,2008
31008763,539482,4935007,SC,4,U4,2008
31008764,543132,4935009,SC,4,U4,2008
31008805,564379,4922359,BWC,4,U4,2008
31008807,536477,4935903,BWC,4,U4,2008
31008808,536082,4935805,BWC,4,U4,2008
31008809,536277,4935803,BWC,4,U4,2008
31008810,536377,4935701,BWC,4,U4,2008
31008811,536426,4935705,BWC,4,U4,2008
31008812,536430,4935553,BWC,4,U4,2008
31008813,536479,4935509,BWC,4,U4,2008
31008814,536430,4935456,BWC,4,U4,2008
31008817,536778,4937355,BWC,4,U4,2008
31008818,537039,4937306,BWC,4,U4,2008
31008820,537533,4937213,BWC,4,U4,2008
31008821,536984,4937154,BWC,4,U4,2008
31008823,537823,4936910,BWC,4,U4,2008
31008824,536427,4936353,BWC,4,U4,2008
31008825,536431,4936309,BWC,4,U4,2008
31008826,536581,4936251,BWC,4,U4,2008
31008827,536476,4936103,BWC,4,U4,2008
31008828,538784,4936005,BWC,4,U4,2008
31008829,539029,4935750,BWC,4,U4,2008
31008830,539076,4935756,BWC,4,U4,2008
31008831,539029,4935660,BWC,4,U4,2008
31008832,539676,4935459,BWC,4,U4,2008
31008833,539728,4935453,BWC,4,U4,2008
31008834,539725,4935403,BWC,4,U4,2008
31008835,542683,4936114,BWC,4,U4,2008
31008836,542075,4935863,BWC,4,U4,2008
31008837,542182,4935811,BWC,4,U4,2008
31008844,544478,4934113,BWC,4,U4,2008
31008845,544276,4934056,BWC,4,U4,2008
31008846,544170,4934008,BWC,4,U4,2008
31008847,544824,4933758,BWC,4,U4,2008
31008848,545032,4933757,BWC,4,U4,2008
31008849,540735,4936758,BWC,4,U4,2008
31008850,540429,4936710,BWC,4,U4,2008
31008851,540688,4936707,BWC,4,U4,2008
31008852,539825,4936659,BWC,4,U4,2008
31008853,540732,4936655,BWC,4,U4,2008
31008854,540778,4936663,BWC,4,U4,2008
31008855,536877,4936607,BWC,4,U4,2008
31008856,536578,4936454,BWC,4,U4,2008
31008857,536929,4936466,BWC,4,U4,2008
31008858,536677,4936056,BWC,4,U4,2008
31008859,540524,4936057,BWC,4,U4,2008
31008860,537178,4935959,BWC,4,U4,2008
31008861,539825,4935903,BWC,4,U4,2008
31008862,536877,4935859,BWC,4,U4,2008
31008863,540633,4935863,BWC,4,U4,2008
31008864,539772,4935807,BWC,4,U4,2008
31008865,540323,4935808,BWC,4,U4,2008
31008866,539875,4935656,BWC,4,U4,2008
31008867,540127,4935660,BWC,4,U4,2008
31008868,539928,4935609,BWC,4,U4,2008
31008869,540134,4935404,BWC,4,U4,2008
31008870,540233,4935405,BWC,4,U4,2008
31008871,542129,4936911,BWC,4,U4,2008
31008872,541071,4936809,BWC,4,U4,2008
31008873,538576,4936610,BWC,4,U4,2008
31008874,542823,4936103,BWC,4,U4,2008
31008875,542680,4935909,BWC,4,U4,2008
31008876,541479,4935509,BWC,4,U4,2008
31008883,544275,4934158,BWC,4,U4,2008
31008884,545380,4933561,BWC,4,U4,2008
31008885,545427,4933558,BWC,4,U4,2008
31008886,539979,4936660,BWC,4,U4,2008
31008887,540079,4936661,BWC,4,U4,2008
31008888,540225,4936660,BWC,4,U4,2008
31008889,536981,4936260,BWC,4,U4,2008
31008890,538870,4936004,BWC,4,U4,2008
31008891,539825,4935953,BWC,4,U4,2008
31008892,541133,4935810,BWC,4,U4,2008
31008893,540632,4935509,BWC,4,U4,2008
31008894,540878,4935457,BWC,4,U4,2008
31008895,574880,4917860,BWC,4,L4,2008
31008896,578680,4917608,BWC,4,L4,2008
31008897,574877,4917404,BWC,4,L4,2008
31008898,579076,4917903,BWC,4,L4,2008
31008899,577424,4916257,BWC,4,L4,2008
31008900,577378,4915806,BWC,4,L4,2008
31008901,571379,4918853,BWC,4,L4,2008
31008902,571585,4918906,BWC,4,L4,2008
31008904,579635,4911459,BWC,4,L4,2008
31008905,582482,4913459,BWC,4,L4,2008
31008906,585329,4910607,BWC,4,L4,2008
31008907,585078,4910510,BWC,4,L4,2008
31008908,585529,4910412,BWC,4,L4,2008
31008909,585131,4909409,BWC,4,L4,2008
31008911,580577,4917159,BWC,4,L4,2008
31008912,579479,4917111,BWC,4,L4,2008
31008913,579975,4917108,BWC,4,L4,2008
31008914,579825,4917011,BWC,4,L4,2008
31008915,580024,4917012,BWC,4,L4,2008
31008916,579977,4916757,BWC,4,L4,2008
31008917,579576,4916657,BWC,4,L4,2008
31008918,579682,4916608,BWC,4,L4,2008
31008919,580925,4916554,BWC,4,L4,2008
31008920,579778,4916461,BWC,4,L4,2008
31008921,580335,4916456,BWC,4,L4,2008
31008922,580488,4916359,BWC,4,L4,2008
31008923,580779,4916259,BWC,4,L4,2008
31008924,580631,4916158,BWC,4,L4,2008
31008925,580380,4916114,BWC,4,L4,2008
31008926,580380,4916056,BWC,4,L4,2008
31008927,580483,4915960,BWC,4,L4,2008
31008928,581029,4915956,BWC,4,L4,2008
31008929,580730,4915908,BWC,4,L4,2008
31008930,581583,4915905,BWC,4,L4,2008
31008931,580979,4915860,BWC,4,L4,2008
31008932,580026,4915764,BWC,4,L4,2008
31008933,578175,4915659,BWC,4,L4,2008
31008934,581131,4915551,BWC,4,L4,2008
31008935,581980,4915508,BWC,4,L4,2008
31008936,580776,4915406,BWC,4,L4,2008
31008937,580977,4915404,BWC,4,L4,2008
31008938,581734,4915413,BWC,4,L4,2008
31008939,580629,4915358,BWC,4,L4,2008
31008940,581976,4915309,BWC,4,L4,2008
31008941,580627,4915260,BWC,4,L4,2008
31008942,580429,4915114,BWC,4,L4,2008
31008943,581729,4915109,BWC,4,L4,2008
31008944,581328,4915060,BWC,4,L4,2008
31008945,581833,4915062,BWC,4,L4,2008
31008946,580978,4915009,BWC,4,L4,2008
31008947,581079,4914861,BWC,4,L4,2008
31008948,581383,4914560,BWC,4,L4,2008
31008950,579875,4913004,BWC,4,L4,2008
31008951,579382,4912565,BWC,4,L4,2008
31008952,580579,4912511,BWC,4,L4,2008
31008953,579380,4912462,BWC,4,L4,2008
31008954,580183,4912456,BWC,4,L4,2008
31008955,580423,4912462,BWC,4,L4,2008
31008956,579671,4912412,BWC,4,L4,2008
31008957,579524,4912307,BWC,4,L4,2008
31008958,579677,4912118,BWC,4,L4,2008
31008960,583477,4909464,BWC,4,L4,2008
31008961,583984,4909357,BWC,4,L4,2008
31008962,583679,4909311,BWC,4,L4,2008
31008963,584582,4909214,BWC,4,L4,2008
31008964,584228,4908806,BWC,4,L4,2008
31008965,584683,4908661,BWC,4,L4,2008
31008966,584528,4908610,BWC,4,L4,2008
31008967,584585,4908460,BWC,4,L4,2008
31008968,577633,4916808,BWC,4,L4,2008
31008969,577678,4916108,BWC,4,L4,2008
31008971,580881,4914062,BWC,4,L4,2008
31008972,580832,4913907,BWC,4,L4,2008
31008975,582826,4913509,BWC,4,L4,2008
31008976,579985,4913103,BWC,4,L4,2008
31008977,584131,4912461,BWC,4,L4,2008
31008978,584277,4912404,BWC,4,L4,2008
31008980,585235,4910960,BWC,4,L4,2008
31008981,584881,4910659,BWC,4,L4,2008
31008982,584929,4909656,BWC,4,L4,2008
31008984,579427,4916803,BWC,4,L4,2008
31008985,580125,4916708,BWC,4,L4,2008
31008986,579227,4916507,BWC,4,L4,2008
31008987,578778,4916456,BWC,4,L4,2008
31008988,579232,4916460,BWC,4,L4,2008
31008989,581377,4916259,BWC,4,L4,2008
31008990,580027,4916212,BWC,4,L4,2008
31008991,579330,4916157,BWC,4,L4,2008
31008992,578530,4915912,BWC,4,L4,2008
31008994,582076,4915455,BWC,4,L4,2008
31008995,579574,4915300,BWC,4,L4,2008
31008996,579830,4915205,BWC,4,L4,2008
31008997,580874,4914460,BWC,4,L4,2008
31008998,579824,4911963,BWC,4,L4,2008
31009001,583432,4909957,BWC,4,L4,2008
31009002,583834,4909906,BWC,4,L4,2008
31009003,583625,4909706,BWC,4,L4,2008
31009004,584027,4909658,BWC,4,L4,2008
31009135,535034,4937998,MBC,4,U4,2009
31009136,544795,4934355,MBC,4,U4,2009
31009137,545440,4933994,MBC,4,U4,2009
31009138,545528,4934006,MBC,4,U4,2009
31009139,531785,4939956,MBC,4,U4,2009
31009140,531927,4939854,MBC,4,U4,2009
31009141,531721,4939759,MBC,4,U4,2009
31009142,532434,4939168,MBC,4,U4,2009
31009143,532729,4939062,MBC,4,U4,2009
31009144,540879,4935207,MBC,4,U4,2009
31009145,539827,4935161,MBC,4,U4,2009
31009146,536477,4935053,MBC,4,U4,2009
31009147,540530,4935010,MBC,4,U4,2009
31009148,543880,4934606,MBC,4,U4,2009
31009149,543427,4934553,MBC,4,U4,2009
31009150,544835,4934555,MBC,4,U4,2009
31009151,542932,4934408,MBC,4,U4,2009
31009152,544681,4934405,MBC,4,U4,2009
31009153,542979,4934307,MBC,4,U4,2009
31009154,543078,4934311,MBC,4,U4,2009
31009155,571625,4918259,MBC,4,L4,2009
31009156,572276,4918112,MBC,4,L4,2009
31009157,572731,4917804,MBC,4,L4,2009
31009158,572882,4917754,MBC,4,L4,2009
31009159,572987,4917715,MBC,4,L4,2009
31009160,579078,4914605,MBC,4,L4,2009
31009161,578383,4914456,MBC,4,L4,2009
31009162,580930,4913207,MBC,4,L4,2009
31009163,582275,4913155,MBC,4,L4,2009
31009164,581523,4913063,MBC,4,L4,2009
31009165,582283,4913064,MBC,4,L4,2009
31009166,582021,4912859,MBC,4,L4,2009
31009167,582174,4912713,MBC,4,L4,2009
31009168,583430,4911257,MBC,4,L4,2009
31009169,583727,4910313,MBC,4,L4,2009
31009170,584227,4909913,MBC,4,L4,2009
31009171,584533,4909699,MBC,4,L4,2009
31009172,573036,4917863,MBC,4,L4,2009
31009173,574477,4917358,MBC,4,L4,2009
31009174,574518,4917357,MBC,4,L4,2009
31009175,575926,4916468,MBC,4,L4,2009
31009176,575880,4915915,MBC,4,L4,2009
31009177,577476,4915156,MBC,4,L4,2009
31009178,577778,4914705,MBC,4,L4,2009
31009179,579075,4914357,MBC,4,L4,2009
31009180,580783,4913515,MBC,4,L4,2009
31009181,583520,4911809,MBC,4,L4,2009
31009182,583379,4910763,MBC,4,L4,2009
31009183,583874,4910009,MBC,4,L4,2009
31009184,585628,4909761,MBC,4,L4,2009
31009185,533425,4939011,SC,4,U4,2009
31009186,545128,4934811,SC,4,U4,2009
31009187,544679,4934707,SC,4,U4,2009
31009188,544730,4934657,SC,4,U4,2009
31009189,533022,4938549,SC,4,U4,2009
31009190,535740,4937649,SC,4,U4,2009
31009191,535927,4937495,SC,4,U4,2009
31009192,536080,4937405,SC,4,U4,2009
31009193,536422,4937107,SC,4,U4,2009
31009194,538428,4936952,SC,4,U4,2009
31009195,540885,4936459,SC,4,U4,2009
31009196,541032,4936457,SC,4,U4,2009
31009197,539628,4936407,SC,4,U4,2009
31009198,540282,4936307,SC,4,U4,2009
31009199,539878,4936257,SC,4,U4,2009
31009200,543630,4935108,SC,4,U4,2009
31009201,535885,4937455,SC,4,U4,2009
31009202,538628,4936957,SC,4,U4,2009
31009203,537180,4936900,SC,4,U4,2009
31009204,538828,4936857,SC,4,U4,2009
31009205,539028,4936707,SC,4,U4,2009
31009206,539478,4936507,SC,4,U4,2009
31009207,541331,4936361,SC,4,U4,2009
31009208,537876,4935560,SC,4,U4,2009
31009209,538583,4935214,SC,4,U4,2009
31009210,542229,4935161,SC,4,U4,2009
31009211,543732,4935163,SC,4,U4,2009
31009212,542727,4934910,SC,4,U4,2009
31009213,542626,4934826,SC,4,U4,2009
31009214,543081,4934709,SC,4,U4,2009
31009258,536183,4935907,BWC,4,U4,2009
31009259,554179,4934505,BWC,4,U4,2009
31009260,555973,4924757,BWC,4,U4,2009
31009262,536879,4937407,BWC,4,U4,2009
31009263,536978,4937409,BWC,4,U4,2009
31009264,536928,4937259,BWC,4,U4,2009
31009265,537228,4937257,BWC,4,U4,2009
31009266,536425,4936357,BWC,4,U4,2009
31009267,536577,4936310,BWC,4,U4,2009
31009268,536379,4936157,BWC,4,U4,2009
31009269,536577,4936167,BWC,4,U4,2009
31009270,538731,4936008,BWC,4,U4,2009
31009271,542633,4936306,BWC,4,U4,2009
31009272,542124,4936256,BWC,4,U4,2009
31009273,542580,4936109,BWC,4,U4,2009
31009274,542728,4936105,BWC,4,U4,2009
31009275,542080,4936059,BWC,4,U4,2009
31009276,542426,4936059,BWC,4,U4,2009
31009277,542478,4936061,BWC,4,U4,2009
31009278,542421,4935862,BWC,4,U4,2009
31009279,542179,4935661,BWC,4,U4,2009
31009280,542931,4935662,BWC,4,U4,2009
31009281,542128,4935556,BWC,4,U4,2009
31009282,542473,4935511,BWC,4,U4,2009
31009283,542628,4935410,BWC,4,U4,2009
31009284,541420,4934808,BWC,4,U4,2009
31009285,544330,4934157,BWC,4,U4,2009
31009286,544631,4934110,BWC,4,U4,2009
31009287,544231,4934011,BWC,4,U4,2009
31009288,544280,4934016,BWC,4,U4,2009
31009289,544531,4933908,BWC,4,U4,2009
31009290,545032,4933904,BWC,4,U4,2009
31009291,545280,4933856,BWC,4,U4,2009
31009292,545230,4933806,BWC,4,U4,2009
31009293,544629,4933755,BWC,4,U4,2009
31009294,540122,4936860,BWC,4,U4,2009
31009295,539973,4936807,BWC,4,U4,2009
31009296,540375,4936808,BWC,4,U4,2009
31009297,540526,4936710,BWC,4,U4,2009
31009298,536975,4936557,BWC,4,U4,2009
31009299,536726,4936356,BWC,4,U4,2009
31009300,536679,4936304,BWC,4,U4,2009
31009301,536626,4936256,BWC,4,U4,2009
31009302,541029,4936056,BWC,4,U4,2009
31009303,536679,4936013,BWC,4,U4,2009
31009304,540880,4936006,BWC,4,U4,2009
31009305,539235,4935960,BWC,4,U4,2009
31009306,540380,4935961,BWC,4,U4,2009
31009307,540931,4935961,BWC,4,U4,2009
31009308,536778,4935907,BWC,4,U4,2009
31009309,539970,4935903,BWC,4,U4,2009
31009310,540632,4935914,BWC,4,U4,2009
31009311,541078,4935861,BWC,4,U4,2009
31009312,539928,4935806,BWC,4,U4,2009
31009313,539977,4935807,BWC,4,U4,2009
31009314,539773,4935701,BWC,4,U4,2009
31009315,539976,4935606,BWC,4,U4,2009
31009316,540227,4935607,BWC,4,U4,2009
31009317,540727,4935613,BWC,4,U4,2009
31009318,540823,4935512,BWC,4,U4,2009
31009319,540224,4935411,BWC,4,U4,2009
31009320,540332,4935412,BWC,4,U4,2009
31009321,539978,4935309,BWC,4,U4,2009
31009322,535478,4938004,BWC,4,U4,2009
31009323,538979,4937107,BWC,4,U4,2009
31009324,541983,4936856,BWC,4,U4,2009
31009325,538428,4936608,BWC,4,U4,2009
31009326,541121,4936559,BWC,4,U4,2009
31009327,543078,4936407,BWC,4,U4,2009
31009328,542077,4936358,BWC,4,U4,2009
31009329,539283,4936256,BWC,4,U4,2009
31009330,541981,4936166,BWC,4,U4,2009
31009331,542425,4936160,BWC,4,U4,2009
31009332,541535,4935661,BWC,4,U4,2009
31009333,543028,4935257,BWC,4,U4,2009
31009334,542026,4934657,BWC,4,U4,2009
31009335,544078,4933955,BWC,4,U4,2009
31009336,545479,4933657,BWC,4,U4,2009
31009337,539581,4936760,BWC,4,U4,2009
31009338,540224,4936660,BWC,4,U4,2009
31009339,537228,4936209,BWC,4,U4,2009
31009340,541271,4936111,BWC,4,U4,2009
31009341,537328,4936008,BWC,4,U4,2009
31009342,540478,4935518,BWC,4,U4,2009
31009343,540928,4935514,BWC,4,U4,2009
31009344,540832,4935414,BWC,4,U4,2009
31009348,575284,4917208,BWC,4,L4,2009
31009354,579579,4911765,BWC,4,L4,2009
31009355,579527,4911608,BWC,4,L4,2009
31009356,579679,4911363,BWC,4,L4,2009
31009357,583927,4912307,BWC,4,L4,2009
31009359,584375,4910559,BWC,4,L4,2009
31009361,585825,4908865,BWC,4,L4,2009
31009366,580577,4917059,BWC,4,L4,2009
31009370,580982,4916755,BWC,4,L4,2009
31009371,580827,4916654,BWC,4,L4,2009
31009372,579531,4916613,BWC,4,L4,2009
31009373,579680,4916608,BWC,4,L4,2009
31009374,580030,4916510,BWC,4,L4,2009
31009375,580877,4916356,BWC,4,L4,2009
31009376,580334,4916256,BWC,4,L4,2009
31009377,581280,4916259,BWC,4,L4,2009
31009378,580374,4915908,BWC,4,L4,2009
31009379,580626,4915912,BWC,4,L4,2009
31009380,580926,4915912,BWC,4,L4,2009
31009381,581327,4915909,BWC,4,L4,2009
31009382,580578,4915763,BWC,4,L4,2009
31009384,582033,4915313,BWC,4,L4,2009
31009385,579538,4915258,BWC,4,L4,2009
31009387,582028,4915209,BWC,4,L4,2009
31009388,581676,4915007,BWC,4,L4,2009
31009390,581677,4914859,BWC,4,L4,2009
31009393,581822,4914705,BWC,4,L4,2009
31009395,581380,4914507,BWC,4,L4,2009
31009396,581279,4914212,BWC,4,L4,2009
31009398,580477,4913012,BWC,4,L4,2009
31009400,580384,4912860,BWC,4,L4,2009
31009401,579730,4912809,BWC,4,L4,2009
31009402,579484,4912759,BWC,4,L4,2009
31009403,580678,4912766,BWC,4,L4,2009
31009404,580126,4912711,BWC,4,L4,2009
31009405,579432,4912303,BWC,4,L4,2009
31009406,580832,4912209,BWC,4,L4,2009
31009407,579375,4912109,BWC,4,L4,2009
31009408,579627,4912006,BWC,4,L4,2009
31009409,580433,4911960,BWC,4,L4,2009
31009410,584034,4909312,BWC,4,L4,2009
31009411,583682,4909108,BWC,4,L4,2009
31009412,584076,4909115,BWC,4,L4,2009
31009413,584327,4909009,BWC,4,L4,2009
31009414,577475,4916960,BWC,4,L4,2009
31009415,577734,4916355,BWC,4,L4,2009
31009419,582528,4913906,BWC,4,L4,2009
31009420,582575,4913905,BWC,4,L4,2009
31009421,582581,4913657,BWC,4,L4,2009
31009422,579274,4913357,BWC,4,L4,2009
31009423,579082,4913250,BWC,4,L4,2009
31009424,583171,4912912,BWC,4,L4,2009
31009425,583832,4912619,BWC,4,L4,2009
31009426,583674,4911965,BWC,4,L4,2009
31009427,583768,4911652,BWC,4,L4,2009
31009428,584131,4911515,BWC,4,L4,2009
31009433,580329,4917009,BWC,4,L4,2009
31009434,578532,4916910,BWC,4,L4,2009
31009435,578876,4916856,BWC,4,L4,2009
31009436,578678,4916661,BWC,4,L4,2009
31009438,580376,4916654,BWC,4,L4,2009
31009439,580572,4916566,BWC,4,L4,2009
31009440,578677,4916105,BWC,4,L4,2009
31009441,578679,4916065,BWC,4,L4,2009
31009442,580177,4915913,BWC,4,L4,2009
31009443,579425,4915713,BWC,4,L4,2009
31009444,579574,4915203,BWC,4,L4,2009
31009445,579281,4915113,BWC,4,L4,2009
31009448,580977,4912210,BWC,4,L4,2009
31009449,580685,4912012,BWC,4,L4,2009
31009450,580430,4911508,BWC,4,L4,2009
31009452,583721,4909954,BWC,4,L4,2009
31009453,583633,4909855,BWC,4,L4,2009
31009454,584426,4909509,BWC,4,L4,2009
31009586,544763,4934571,MBC,4,U4,2010
31009587,544862,4934524,MBC,4,U4,2010
31009588,544969,4934421,MBC,4,U4,2010
31009589,545110,4934279,MBC,4,U4,2010
31009592,535113,4937965,MBC,4,U4,2010
31009594,537358,4935925,MBC,4,U4,2010
31009596,539357,4935522,MBC,4,U4,2010
31009597,539669,4935427,MBC,4,U4,2010
31009599,541970,4935168,MBC,4,U4,2010
31009600,542558,4934978,MBC,4,U4,2010
31009601,542711,4934924,MBC,4,U4,2010
31009602,543111,4934517,MBC,4,U4,2010
31009603,544915,4934470,MBC,4,U4,2010
31009604,545264,4934468,MBC,4,U4,2010
31009608,572913,4918120,MBC,4,L4,2010
31009609,573966,4917175,MBC,4,L4,2010
31009610,576210,4916219,MBC,4,L4,2010
31009611,578463,4914716,MBC,4,L4,2010
31009613,582111,4913013,MBC,4,L4,2010
31009614,583458,4911323,MBC,4,L4,2010
31009615,583515,4910817,MBC,4,L4,2010
31009616,583666,4910677,MBC,4,L4,2010
31009617,583910,4910274,MBC,4,L4,2010
31009618,584115,4910130,MBC,4,L4,2010
31009620,585467,4910077,MBC,4,L4,2010
31009623,571457,4918066,MBC,4,L4,2010
31009626,574663,4917523,MBC,4,L4,2010
31009627,574756,4917272,MBC,4,L4,2010
31009628,575864,4916118,MBC,4,L4,2010
31009629,577153,4915521,MBC,4,L4,2010
31009630,577805,4915173,MBC,4,L4,2010
31009631,580667,4913774,MBC,4,L4,2010
31009632,583359,4912223,MBC,4,L4,2010
31009633,583461,4912012,MBC,4,L4,2010
31009634,585011,4909980,MBC,4,L4,2010
31009635,533411,4939227,SC,4,U4,2010
31009636,545060,4935022,SC,4,U4,2010
31009642,545066,4934974,SC,4,U4,2010
31009647,541664,4935666,SC,4,U4,2010
31009649,535167,4938066,SC,4,U4,2010
31009650,536162,4937477,SC,4,U4,2010
31009653,537367,4937069,SC,4,U4,2010
31009657,537811,4935826,SC,4,U4,2010
31009658,538757,4935420,SC,4,U4,2010
31009659,539507,4935224,SC,4,U4,2010
31009660,543165,4935181,SC,4,U4,2010
31009662,543012,4934927,SC,4,U4,2010
31009664,539160,4935768,SC,4,U4,2010
31009706,537568,4937024,BWC,4,U4,2010
31009708,536465,4936117,BWC,4,U4,2010
31009709,536412,4935869,BWC,4,U4,2010
31009711,555903,4925074,BWC,4,U4,2010
31009712,555913,4924920,BWC,4,U4,2010
31009715,538712,4936271,BWC,4,U4,2010
31009716,536512,4936223,BWC,4,U4,2010
31009717,538858,4936174,BWC,4,U4,2010
31009718,539112,4936028,BWC,4,U4,2010
31009719,539710,4935621,BWC,4,U4,2010
31009720,542110,4936125,BWC,4,U4,2010
31009721,542969,4936127,BWC,4,U4,2010
31009722,543069,4936124,BWC,4,U4,2010
31009723,542410,4936071,BWC,4,U4,2010
31009724,542514,4936072,BWC,4,U4,2010
31009725,543064,4936076,BWC,4,U4,2010
31009726,542152,4935823,BWC,4,U4,2010
31009727,543163,4935770,BWC,4,U4,2010
31009728,542461,4935723,BWC,4,U4,2010
31009729,542661,4935670,BWC,4,U4,2010
31009730,542465,4935575,BWC,4,U4,2010
31009731,541409,4935021,BWC,4,U4,2010
31009732,541663,4935023,BWC,4,U4,2010
31009736,544167,4934168,BWC,4,U4,2010
31009737,544864,4934168,BWC,4,U4,2010
31009738,544218,4934120,BWC,4,U4,2010
31009739,544462,4934017,BWC,4,U4,2010
31009740,544864,4934024,BWC,4,U4,2010
31009741,544718,4933974,BWC,4,U4,2010
31009742,545162,4933966,BWC,4,U4,2010
31009743,545306,4933871,BWC,4,U4,2010
31009745,540515,4936919,BWC,4,U4,2010
31009746,540706,4936875,BWC,4,U4,2010
31009747,536914,4936579,BWC,4,U4,2010
31009748,536664,4936366,BWC,4,U4,2010
31009749,536710,4936272,BWC,4,U4,2010
31009750,541215,4936275,BWC,4,U4,2010
31009751,541115,4936225,BWC,4,U4,2010
31009756,536909,4936076,BWC,4,U4,2010
31009759,540814,4935970,BWC,4,U4,2010
31009760,539809,4935913,BWC,4,U4,2010
31009762,540857,4935818,BWC,4,U4,2010
31009763,540070,4935720,BWC,4,U4,2010
31009764,540315,4935722,BWC,4,U4,2010
31009773,542012,4936321,BWC,4,U4,2010
31009774,541510,4935725,BWC,4,U4,2010
31009776,542217,4935577,BWC,4,U4,2010
31009777,543112,4935573,BWC,4,U4,2010
31009778,541309,4935077,BWC,4,U4,2010
31009780,543266,4934426,BWC,4,U4,2010
31009781,544862,4934373,BWC,4,U4,2010
31009782,544858,4934278,BWC,4,U4,2010
31009783,544961,4934278,BWC,4,U4,2010
31009784,544310,4933924,BWC,4,U4,2010
31009787,539956,4936870,BWC,4,U4,2010
31009793,540471,4935772,BWC,4,U4,2010
31009794,540409,4935564,BWC,4,U4,2010
31009797,579063,4915172,BWC,4,L4,2010
31009812,579814,4911923,BWC,4,L4,2010
31009813,583114,4913275,BWC,4,L4,2010
31009814,584362,4911577,BWC,4,L4,2010
31009815,584864,4911570,BWC,4,L4,2010
31009816,585518,4911121,BWC,4,L4,2010
31009817,585513,4911018,BWC,4,L4,2010
31009818,585515,4910620,BWC,4,L4,2010
31009822,578909,4917424,BWC,4,L4,2010
31009823,580663,4916871,BWC,4,L4,2010
31009824,580113,4916719,BWC,4,L4,2010
31009825,579161,4916519,BWC,4,L4,2010
31009827,579764,4916477,BWC,4,L4,2010
31009828,580869,4916468,BWC,4,L4,2010
31009829,580365,4916316,BWC,4,L4,2010
31009830,580367,4916270,BWC,4,L4,2010
31009831,580564,4916225,BWC,4,L4,2010
31009832,581315,4916067,BWC,4,L4,2010
31009833,580513,4916023,BWC,4,L4,2010
31009834,580765,4915917,BWC,4,L4,2010
31009835,581213,4915721,BWC,4,L4,2010
31009836,580262,4915670,BWC,4,L4,2010
31009837,581874,4915568,BWC,4,L4,2010
31009838,581913,4915575,BWC,4,L4,2010
31009839,579915,4915415,BWC,4,L4,2010
31009840,581165,4915169,BWC,4,L4,2010
31009841,579861,4915070,BWC,4,L4,2010
31009842,581112,4915069,BWC,4,L4,2010
31009843,582264,4915069,BWC,4,L4,2010
31009844,580115,4914973,BWC,4,L4,2010
31009845,582061,4914773,BWC,4,L4,2010
31009846,581018,4914520,BWC,4,L4,2010
31009847,581463,4914518,BWC,4,L4,2010
31009848,579515,4913225,BWC,4,L4,2010
31009850,580222,4913115,BWC,4,L4,2010
31009851,580011,4913074,BWC,4,L4,2010
31009853,579808,4912923,BWC,4,L4,2010
31009854,580112,4912873,BWC,4,L4,2010
31009855,580068,4912824,BWC,4,L4,2010
31009856,579254,4912668,BWC,4,L4,2010
31009857,580116,4912466,BWC,4,L4,2010
31009858,580108,4912370,BWC,4,L4,2010
31009859,579765,4912318,BWC,4,L4,2010
31009860,579858,4912323,BWC,4,L4,2010
31009861,580062,4912321,BWC,4,L4,2010
31009863,584562,4909479,BWC,4,L4,2010
31009864,584417,4909368,BWC,4,L4,2010
31009865,584312,4909323,BWC,4,L4,2010
31009869,582059,4914126,BWC,4,L4,2010
31009870,581514,4913925,BWC,4,L4,2010
31009871,582016,4913821,BWC,4,L4,2010
31009872,579715,4913429,BWC,4,L4,2010
31009874,583812,4912674,BWC,4,L4,2010
31009875,583411,4912466,BWC,4,L4,2010
31009877,584815,4911672,BWC,4,L4,2010
31009878,584506,4911573,BWC,4,L4,2010
31009880,584059,4911471,BWC,4,L4,2010
31009881,584615,4911321,BWC,4,L4,2010
31009882,585315,4910667,BWC,4,L4,2010
31009888,580612,4916974,BWC,4,L4,2010
31009890,579065,4916667,BWC,4,L4,2010
31009891,579257,4916472,BWC,4,L4,2010
31009892,579006,4916368,BWC,4,L4,2010
31009893,578618,4916321,BWC,4,L4,2010
31009894,578610,4916023,BWC,4,L4,2010
31009895,580112,4915917,BWC,4,L4,2010
31009896,581669,4915719,BWC,4,L4,2010
31009897,579963,4915668,BWC,4,L4,2010
31009899,581064,4914617,BWC,4,L4,2010
31009900,580712,4912325,BWC,4,L4,2010
31010035,531324,4940160,MBC,4,U4,2011
31010036,531579,4940112,MBC,4,U4,2011
31010037,531678,4939807,MBC,4,U4,2011
31010038,535075,4937808,MBC,4,U4,2011
31010039,535024,4937757,MBC,4,U4,2011
31010040,537725,4935908,MBC,4,U4,2011
31010041,539132,4935406,MBC,4,U4,2011
31010042,540830,4935158,MBC,4,U4,2011
31010043,541829,4935008,MBC,4,U4,2011
31010044,542377,4934808,MBC,4,U4,2011
31010045,542727,4934705,MBC,4,U4,2011
31010046,544628,4934657,MBC,4,U4,2011
31010047,543135,4934360,MBC,4,U4,2011
31010048,543178,4934305,MBC,4,U4,2011
31010049,543330,4934310,MBC,4,U4,2011
31010050,545026,4934157,MBC,4,U4,2011
31010051,545425,4934157,MBC,4,U4,2011
31010052,545376,4934108,MBC,4,U4,2011
31010053,545229,4934009,MBC,4,U4,2011
31010054,545379,4933806,MBC,4,U4,2011
31010055,571222,4918356,MBC,4,L4,2011
31010056,572333,4917961,MBC,4,L4,2011
31010057,572529,4917848,MBC,4,L4,2011
31010058,572580,4917756,MBC,4,L4,2011
31010059,573181,4917611,MBC,4,L4,2011
31010060,574022,4917308,MBC,4,L4,2011
31010061,574332,4917301,MBC,4,L4,2011
31010062,574028,4916917,MBC,4,L4,2011
31010063,576021,4915813,MBC,4,L4,2011
31010064,576923,4915459,MBC,4,L4,2011
31010065,577225,4915260,MBC,4,L4,2011
31010066,578075,4914508,MBC,4,L4,2011
31010067,580534,4913657,MBC,4,L4,2011
31010068,581325,4913409,MBC,4,L4,2011
31010069,581525,4913407,MBC,4,L4,2011
31010070,580730,4913208,MBC,4,L4,2011
31010071,582277,4913109,MBC,4,L4,2011
31010072,582779,4912609,MBC,4,L4,2011
31010073,583082,4911908,MBC,4,L4,2011
31010074,583524,4911811,MBC,4,L4,2011
31010075,583079,4911705,MBC,4,L4,2011
31010076,583228,4911561,MBC,4,L4,2011
31010077,583332,4911503,MBC,4,L4,2011
31010078,583135,4911156,MBC,4,L4,2011
31010079,585071,4910063,MBC,4,L4,2011
31010080,585276,4909997,MBC,4,L4,2011
31010081,584178,4909960,MBC,4,L4,2011
31010082,584234,4909957,MBC,4,L4,2011
31010083,584289,4909956,MBC,4,L4,2011
31010084,585327,4909912,MBC,4,L4,2011
31010085,532182,4939107,SC,4,U4,2011
31010086,533334,4939009,SC,4,U4,2011
31010088,535484,4937906,SC,4,U4,2011
31010089,535485,4937857,SC,4,U4,2011
31010090,535735,4937759,SC,4,U4,2011
31010091,535681,4937660,SC,4,U4,2011
31010092,536281,4937307,SC,4,U4,2011
31010093,537876,4937255,SC,4,U4,2011
31010094,536532,4937155,SC,4,U4,2011
31010096,536674,4936909,SC,4,U4,2011
31010097,537172,4936860,SC,4,U4,2011
31010098,539429,4936506,SC,4,U4,2011
31010099,540772,4936361,SC,4,U4,2011
31010100,540276,4936307,SC,4,U4,2011
31010101,540437,4936314,SC,4,U4,2011
31010102,541530,4936157,SC,4,U4,2011
31010103,541675,4935900,SC,4,U4,2011
31010104,537875,4935609,SC,4,U4,2011
31010105,539030,4935103,SC,4,U4,2011
31010106,542327,4935108,SC,4,U4,2011
31010107,539430,4935060,SC,4,U4,2011
31010108,543222,4935064,SC,4,U4,2011
31010109,543487,4934960,SC,4,U4,2011
31010110,545229,4934809,SC,4,U4,2011
31010112,542979,4934763,SC,4,U4,2011
31010113,543077,4934715,SC,4,U4,2011
31010114,544777,4934657,SC,4,U4,2011
31010155,537279,4937357,BWC,4,U4,2011
31010156,537170,4937308,BWC,4,U4,2011
31010157,536929,4937210,BWC,4,U4,2011
31010158,538783,4937158,BWC,4,U4,2011
31010159,538978,4937107,BWC,4,U4,2011
31010160,539726,4936960,BWC,4,U4,2011
31010161,541724,4936913,BWC,4,U4,2011
31010162,541878,4936904,BWC,4,U4,2011
31010163,539717,4936808,BWC,4,U4,2011
31010165,537626,4936662,BWC,4,U4,2011
31010166,536980,4936610,BWC,4,U4,2011
31010167,536529,4936558,BWC,4,U4,2011
31010168,537024,4936505,BWC,4,U4,2011
31010169,541931,4936514,BWC,4,U4,2011
31010170,536582,4936453,BWC,4,U4,2011
31010171,537779,4936409,BWC,4,U4,2011
31010172,541881,4936409,BWC,4,U4,2011
31010173,537134,4936410,BWC,4,U4,2011
31010174,536976,4936359,BWC,4,U4,2011
31010175,536634,4936305,BWC,4,U4,2011
31010176,541830,4936260,BWC,4,U4,2011
31010177,536925,4936253,BWC,4,U4,2011
31010178,541933,4936206,BWC,4,U4,2011
31010179,539781,4936159,BWC,4,U4,2011
31010180,541981,4936163,BWC,4,U4,2011
31010181,541025,4936157,BWC,4,U4,2011
31010182,541126,4936161,BWC,4,U4,2011
31010183,542731,4936109,BWC,4,U4,2011
31010184,541280,4936100,BWC,4,U4,2011
31010186,538777,4936010,BWC,4,U4,2011
31010187,537175,4936005,BWC,4,U4,2011
31010188,540634,4936005,BWC,4,U4,2011
31010189,541230,4936013,BWC,4,U4,2011
31010190,540432,4935954,BWC,4,U4,2011
31010191,540676,4935964,BWC,4,U4,2011
31010192,542183,4935956,BWC,4,U4,2011
31010193,540076,4935963,BWC,4,U4,2011
31010194,539926,4935909,BWC,4,U4,2011
31010195,540128,4935907,BWC,4,U4,2011
31010196,540329,4935849,BWC,4,U4,2011
31010197,540732,4935862,BWC,4,U4,2011
31010198,542028,4935857,BWC,4,U4,2011
31010199,538884,4935806,BWC,4,U4,2011
31010200,541025,4935764,BWC,4,U4,2011
31010201,538874,4935709,BWC,4,U4,2011
31010202,539132,4935707,BWC,4,U4,2011
31010203,542528,4935712,BWC,4,U4,2011
31010204,542684,4935712,BWC,4,U4,2011
31010205,539773,4935711,BWC,4,U4,2011
31010206,539928,4935709,BWC,4,U4,2011
31010207,540531,4935705,BWC,4,U4,2011
31010208,540981,4935702,BWC,4,U4,2011
31010209,542576,4935652,BWC,4,U4,2011
31010210,539877,4935657,BWC,4,U4,2011
31010211,540027,4935653,BWC,4,U4,2011
31010212,540126,4935657,BWC,4,U4,2011
31010213,536383,4935609,BWC,4,U4,2011
31010214,539523,4935609,BWC,4,U4,2011
31010215,542126,4935610,BWC,4,U4,2011
31010216,536474,4935554,BWC,4,U4,2011
31010217,543024,4935566,BWC,4,U4,2011
31010218,540479,4935513,BWC,4,U4,2011
31010219,542175,4935462,BWC,4,U4,2011
31010220,540175,4935463,BWC,4,U4,2011
31010221,541321,4935458,BWC,4,U4,2011
31010223,539931,4935412,BWC,4,U4,2011
31010224,540425,4935416,BWC,4,U4,2011
31010225,542985,4935314,BWC,4,U4,2011
31010226,543079,4935252,BWC,4,U4,2011
31010227,538629,4935008,BWC,4,U4,2011
31010228,539883,4934756,BWC,4,U4,2011
31010229,541426,4934758,BWC,4,U4,2011
31010230,539872,4934608,BWC,4,U4,2011
31010231,540585,4934610,BWC,4,U4,2011
31010232,544677,4934210,BWC,4,U4,2011
31010233,544075,4934160,BWC,4,U4,2011
31010234,544325,4934158,BWC,4,U4,2011
31010235,544925,4934104,BWC,4,U4,2011
31010236,544827,4933959,BWC,4,U4,2011
31010237,544530,4933863,BWC,4,U4,2011
31010238,544980,4933855,BWC,4,U4,2011
31010239,545280,4933712,BWC,4,U4,2011
31010240,545124,4933662,BWC,4,U4,2011
31010241,545327,4933663,BWC,4,U4,2011
31010242,544978,4933601,BWC,4,U4,2011
31010243,545080,4933610,BWC,4,U4,2011
31010244,545478,4933607,BWC,4,U4,2011
31010245,572078,4919461,BWC,4,L4,2011
31010246,571228,4918812,BWC,4,L4,2011
31010247,571325,4918507,BWC,4,L4,2011
31010248,574123,4918256,BWC,4,L4,2011
31010249,579781,4917705,BWC,4,L4,2011
31010250,579675,4917457,BWC,4,L4,2011
31010251,580327,4917459,BWC,4,L4,2011
31010252,579627,4917411,BWC,4,L4,2011
31010253,580378,4917213,BWC,4,L4,2011
31010254,580429,4917211,BWC,4,L4,2011
31010255,580229,4917160,BWC,4,L4,2011
31010256,578979,4917110,BWC,4,L4,2011
31010257,580674,4917064,BWC,4,L4,2011
31010258,578778,4916951,BWC,4,L4,2011
31010259,579624,4916858,BWC,4,L4,2011
31010260,574173,4916866,BWC,4,L4,2011
31010261,577827,4916809,BWC,4,L4,2011
31010262,579579,4916760,BWC,4,L4,2011
31010263,577580,4916708,BWC,4,L4,2011
31010264,579479,4916710,BWC,4,L4,2011
31010265,580280,4916655,BWC,4,L4,2011
31010267,579126,4916614,BWC,4,L4,2011
31010268,578878,4916559,BWC,4,L4,2011
31010269,580778,4916367,BWC,4,L4,2011
31010270,581125,4916361,BWC,4,L4,2011
31010271,579582,4916307,BWC,4,L4,2011
31010272,579423,4916257,BWC,4,L4,2011
31010273,581027,4916162,BWC,4,L4,2011
31010274,580631,4916056,BWC,4,L4,2011
31010275,577323,4916059,BWC,4,L4,2011
31010276,581433,4916013,BWC,4,L4,2011
31010277,579825,4915866,BWC,4,L4,2011
31010278,580834,4915810,BWC,4,L4,2011
31010279,581027,4915809,BWC,4,L4,2011
31010280,580576,4915756,BWC,4,L4,2011
31010281,581080,4915709,BWC,4,L4,2011
31010282,581131,4915705,BWC,4,L4,2011
31010283,581523,4915659,BWC,4,L4,2011
31010284,577625,4915661,BWC,4,L4,2011
31010285,581630,4915609,BWC,4,L4,2011
31010286,579780,4915603,BWC,4,L4,2011
31010287,580082,4915604,BWC,4,L4,2011
31010288,581233,4915557,BWC,4,L4,2011
31010289,580224,4915558,BWC,4,L4,2011
31010290,578123,4915517,BWC,4,L4,2011
31010293,580131,4915409,BWC,4,L4,2011
31010295,581529,4915312,BWC,4,L4,2011
31010296,580025,4915210,BWC,4,L4,2011
31010297,580579,4915163,BWC,4,L4,2011
31010298,580376,4915109,BWC,4,L4,2011
31010299,580078,4915011,BWC,4,L4,2011
31010300,579727,4914859,BWC,4,L4,2011
31010301,582079,4914855,BWC,4,L4,2011
31010302,582326,4914812,BWC,4,L4,2011
31010303,581278,4914756,BWC,4,L4,2011
31010304,581931,4914760,BWC,4,L4,2011
31010305,579580,4914759,BWC,4,L4,2011
31010306,580875,4914709,BWC,4,L4,2011
31010307,581280,4914709,BWC,4,L4,2011
31010308,581930,4914711,BWC,4,L4,2011
31010309,580631,4914664,BWC,4,L4,2011
31010310,581426,4914657,BWC,4,L4,2011
31010311,582224,4914661,BWC,4,L4,2011
31010312,581574,4914507,BWC,4,L4,2011
31010313,582277,4914312,BWC,4,L4,2011
31010314,581530,4914161,BWC,4,L4,2011
31010315,581175,4914059,BWC,4,L4,2011
31010316,582279,4913910,BWC,4,L4,2011
31010317,580928,4913812,BWC,4,L4,2011
31010318,581929,4913711,BWC,4,L4,2011
31010319,582326,4913660,BWC,4,L4,2011
31010320,581629,4913659,BWC,4,L4,2011
31010321,582580,4913661,BWC,4,L4,2011
31010322,582678,4913464,BWC,4,L4,2011
31010323,582386,4913462,BWC,4,L4,2011
31010324,582531,4913458,BWC,4,L4,2011
31010325,579031,4913160,BWC,4,L4,2011
31010326,580732,4913105,BWC,4,L4,2011
31010327,580880,4912961,BWC,4,L4,2011
31010328,580177,4912913,BWC,4,L4,2011
31010329,579677,4912511,BWC,4,L4,2011
31010330,579828,4912509,BWC,4,L4,2011
31010331,580229,4912456,BWC,4,L4,2011
31010332,579378,4912407,BWC,4,L4,2011
31010333,579476,4912356,BWC,4,L4,2011
31010334,579978,4912365,BWC,4,L4,2011
31010335,579629,4911660,BWC,4,L4,2011
31010336,584778,4911659,BWC,4,L4,2011
31010337,583782,4911610,BWC,4,L4,2011
31010339,585077,4911508,BWC,4,L4,2011
31010340,584436,4911303,BWC,4,L4,2011
31010341,584230,4910912,BWC,4,L4,2011
31010342,585280,4910857,BWC,4,L4,2011
31010344,583881,4909954,BWC,4,L4,2011
31010347,583380,4909605,BWC,4,L4,2011
31010348,584379,4909254,BWC,4,L4,2011
31010349,584225,4909154,BWC,4,L4,2011
31010350,584074,4909110,BWC,4,L4,2011
31010351,584282,4908957,BWC,4,L4,2011
31010352,585078,4908654,BWC,4,L4,2011
31010353,584031,4908559,BWC,4,L4,2011
31010354,584828,4908412,BWC,4,L4,2011
31010485,531526,4940116,MBC,4,U4,2012
31010486,531728,4939758,MBC,4,U4,2012
31010487,532575,4939123,MBC,4,U4,2012
31010488,533074,4939059,MBC,4,U4,2012
31010489,534979,4938208,MBC,4,U4,2012
31010490,535032,4938154,MBC,4,U4,2012
31010491,537576,4935811,MBC,4,U4,2012
31010492,537433,4935759,MBC,4,U4,2012
31010493,537474,4935758,MBC,4,U4,2012
31010494,541279,4935206,MBC,4,U4,2012
31010495,541478,4935156,MBC,4,U4,2012
31010496,540482,4935007,MBC,4,U4,2012
31010497,540528,4935009,MBC,4,U4,2012
31010498,544632,4934658,MBC,4,U4,2012
31010499,544718,4934307,MBC,4,U4,2012
31010500,543224,4934306,MBC,4,U4,2012
31010501,545024,4934160,MBC,4,U4,2012
31010502,545027,4934105,MBC,4,U4,2012
31010503,545076,4934060,MBC,4,U4,2012
31010504,545535,4933957,MBC,4,U4,2012
31010505,571324,4918306,MBC,4,L4,2012
31010506,572827,4917861,MBC,4,L4,2012
31010507,573036,4917804,MBC,4,L4,2012
31010508,572726,4917704,MBC,4,L4,2012
31010509,575877,4916457,MBC,4,L4,2012
31010510,575732,4916007,MBC,4,L4,2012
31010511,577029,4915405,MBC,4,L4,2012
31010512,577823,4914958,MBC,4,L4,2012
31010513,578082,4914855,MBC,4,L4,2012
31010514,578329,4914460,MBC,4,L4,2012
31010515,579631,4913955,MBC,4,L4,2012
31010516,579679,4913856,MBC,4,L4,2012
31010517,582327,4912710,MBC,4,L4,2012
31010518,582832,4912559,MBC,4,L4,2012
31010519,582483,4912511,MBC,4,L4,2012
31010520,582882,4912007,MBC,4,L4,2012
31010521,583127,4911712,MBC,4,L4,2012
31010522,583229,4911664,MBC,4,L4,2012
31010523,583783,4911507,MBC,4,L4,2012
31010524,583530,4911212,MBC,4,L4,2012
31010525,583579,4911017,MBC,4,L4,2012
31010526,584333,4910510,MBC,4,L4,2012
31010527,585339,4910070,MBC,4,L4,2012
31010528,584180,4910007,MBC,4,L4,2012
31010529,585179,4909954,MBC,4,L4,2012
31010530,585334,4909962,MBC,4,L4,2012
31010531,584238,4909910,MBC,4,L4,2012
31010532,585531,4909910,MBC,4,L4,2012
31010533,584078,4909809,MBC,4,L4,2012
31010534,585379,4909559,MBC,4,L4,2012
31010535,533034,4938561,SC,4,U4,2012
31010536,535132,4938058,SC,4,U4,2012
31010537,535424,4937962,SC,4,U4,2012
31010538,535229,4937855,SC,4,U4,2012
31010539,535676,4937757,SC,4,U4,2012
31010540,535584,4937760,SC,4,U4,2012
31010541,535782,4937757,SC,4,U4,2012
31010542,535633,4937710,SC,4,U4,2012
31010544,537734,4937165,SC,4,U4,2012
31010545,536476,4937006,SC,4,U4,2012
31010546,536529,4937013,SC,4,U4,2012
31010547,536881,4937014,SC,4,U4,2012
31010548,537526,4937011,SC,4,U4,2012
31010549,536582,4936957,SC,4,U4,2012
31010550,537286,4936759,SC,4,U4,2012
31010551,539623,4936460,SC,4,U4,2012
31010552,541381,4936360,SC,4,U4,2012
31010554,541127,4936306,SC,4,U4,2012
31010555,541481,4936307,SC,4,U4,2012
31010556,541430,4936211,SC,4,U4,2012
31010557,539977,4936157,SC,4,U4,2012
31010559,539177,4935607,SC,4,U4,2012
31010560,541780,4935504,SC,4,U4,2012
31010561,538378,4935357,SC,4,U4,2012
31010562,541879,4935211,SC,4,U4,2012
31010563,543176,4935103,SC,4,U4,2012
31010564,543322,4935060,SC,4,U4,2012
31010605,534073,4939409,BWC,4,U4,2012
31010606,537022,4937255,BWC,4,U4,2012
31010608,538278,4937010,BWC,4,U4,2012
31010609,538932,4937014,BWC,4,U4,2012
31010610,539021,4937014,BWC,4,U4,2012
31010611,539779,4936909,BWC,4,U4,2012
31010612,538176,4936852,BWC,4,U4,2012
31010613,539677,4936863,BWC,4,U4,2012
31010614,540119,4936862,BWC,4,U4,2012
31010616,539126,4936810,BWC,4,U4,2012
31010617,540522,4936807,BWC,4,U4,2012
31010619,539629,4936752,BWC,4,U4,2012
31010620,540673,4936765,BWC,4,U4,2012
31010621,539928,4936656,BWC,4,U4,2012
31010622,540386,4936657,BWC,4,U4,2012
31010623,540828,4936664,BWC,4,U4,2012
31010624,537082,4936605,BWC,4,U4,2012
31010625,536771,4936511,BWC,4,U4,2012
31010626,541825,4936507,BWC,4,U4,2012
31010627,537078,4936465,BWC,4,U4,2012
31010628,541876,4936464,BWC,4,U4,2012
31010629,542727,4936217,BWC,4,U4,2012
31010630,542476,4936159,BWC,4,U4,2012
31010631,536826,4936164,BWC,4,U4,2012
31010633,543123,4936156,BWC,4,U4,2012
31010634,541023,4936164,BWC,4,U4,2012
31010635,541231,4936106,BWC,4,U4,2012
31010636,536673,4936058,BWC,4,U4,2012
31010637,541073,4936066,BWC,4,U4,2012
31010638,537322,4936061,BWC,4,U4,2012
31010639,537126,4936005,BWC,4,U4,2012
31010640,537182,4936012,BWC,4,U4,2012
31010641,536127,4935959,BWC,4,U4,2012
31010642,536177,4935959,BWC,4,U4,2012
31010643,538673,4935953,BWC,4,U4,2012
31010644,543024,4935957,BWC,4,U4,2012
31010646,537081,4935961,BWC,4,U4,2012
31010647,539986,4935958,BWC,4,U4,2012
31010648,542428,4935915,BWC,4,U4,2012
31010649,536930,4935912,BWC,4,U4,2012
31010651,540979,4935866,BWC,4,U4,2012
31010652,542281,4935814,BWC,4,U4,2012
31010653,540225,4935811,BWC,4,U4,2012
31010654,536123,4935754,BWC,4,U4,2012
31010656,540676,4935765,BWC,4,U4,2012
31010657,540733,4935762,BWC,4,U4,2012
31010658,540982,4935755,BWC,4,U4,2012
31010659,539474,4935707,BWC,4,U4,2012
31010660,542431,4935657,BWC,4,U4,2012
31010661,543081,4935667,BWC,4,U4,2012
31010662,542230,4935617,BWC,4,U4,2012
31010663,540081,4935559,BWC,4,U4,2012
31010664,540325,4935557,BWC,4,U4,2012
31010665,540470,4935556,BWC,4,U4,2012
31010666,540223,4935508,BWC,4,U4,2012
31010667,541470,4935508,BWC,4,U4,2012
31010668,540780,4935467,BWC,4,U4,2012
31010669,542880,4935415,BWC,4,U4,2012
31010670,540133,4935412,BWC,4,U4,2012
31010671,540026,4935357,BWC,4,U4,2012
31010672,540128,4935262,BWC,4,U4,2012
31010673,542831,4935260,BWC,4,U4,2012
31010675,539070,4934962,BWC,4,U4,2012
31010676,538825,4934905,BWC,4,U4,2012
31010677,541482,4934807,BWC,4,U4,2012
31010678,541779,4934762,BWC,4,U4,2012
31010679,541825,4934760,BWC,4,U4,2012
31010680,554028,4934660,BWC,4,U4,2012
31010681,539873,4934658,BWC,4,U4,2012
31010682,554128,4934561,BWC,4,U4,2012
31010683,539976,4934508,BWC,4,U4,2012
31010685,544078,4934210,BWC,4,U4,2012
31010686,544328,4934111,BWC,4,U4,2012
31010687,543629,4934058,BWC,4,U4,2012
31010688,544872,4934013,BWC,4,U4,2012
31010689,544824,4933957,BWC,4,U4,2012
31010690,545177,4933911,BWC,4,U4,2012
31010691,544284,4933855,BWC,4,U4,2012
31010692,545129,4933660,BWC,4,U4,2012
31010693,564230,4922455,BWC,4,U4,2012
31010694,564577,4922260,BWC,4,U4,2012
31010695,572071,4919504,BWC,4,L4,2012
31010696,572479,4918957,BWC,4,L4,2012
31010697,571376,4918710,BWC,4,L4,2012
31010698,579531,4917511,BWC,4,L4,2012
31010699,578082,4917455,BWC,4,L4,2012
31010700,579522,4917412,BWC,4,L4,2012
31010701,580024,4917257,BWC,4,L4,2012
31010702,579671,4917204,BWC,4,L4,2012
31010703,575375,4917160,BWC,4,L4,2012
31010704,579131,4917159,BWC,4,L4,2012
31010705,579678,4917158,BWC,4,L4,2012
31010707,577533,4916758,BWC,4,L4,2012
31010708,579525,4916605,BWC,4,L4,2012
31010709,579478,4916558,BWC,4,L4,2012
31010710,579624,4916557,BWC,4,L4,2012
31010711,579276,4916457,BWC,4,L4,2012
31010712,580327,4916406,BWC,4,L4,2012
31010713,575271,4916403,BWC,4,L4,2012
31010714,579227,4916361,BWC,4,L4,2012
31010715,581228,4916312,BWC,4,L4,2012
31010716,580979,4916259,BWC,4,L4,2012
31010717,579925,4916162,BWC,4,L4,2012
31010718,579977,4916156,BWC,4,L4,2012
31010719,580974,4916110,BWC,4,L4,2012
31010720,581375,4916109,BWC,4,L4,2012
31010722,579177,4916057,BWC,4,L4,2012
31010723,580873,4915860,BWC,4,L4,2012
31010724,581377,4915855,BWC,4,L4,2012
31010725,580425,4915807,BWC,4,L4,2012
31010726,580379,4915761,BWC,4,L4,2012
31010727,580826,4915758,BWC,4,L4,2012
31010728,581181,4915752,BWC,4,L4,2012
31010729,580425,4915712,BWC,4,L4,2012
31010730,579777,4915709,BWC,4,L4,2012
31010731,580477,4915658,BWC,4,L4,2012
31010732,577278,4915507,BWC,4,L4,2012
31010734,580529,4915455,BWC,4,L4,2012
31010736,580634,4915408,BWC,4,L4,2012
31010737,580473,4915360,BWC,4,L4,2012
31010738,580873,4915358,BWC,4,L4,2012
31010739,579929,4915360,BWC,4,L4,2012
31010740,581278,4915305,BWC,4,L4,2012
31010742,579729,4915308,BWC,4,L4,2012
31010744,579076,4915159,BWC,4,L4,2012
31010748,576473,4915059,BWC,4,L4,2012
31010749,581330,4915006,BWC,4,L4,2012
31010750,579177,4914956,BWC,4,L4,2012
31010753,581580,4914505,BWC,4,L4,2012
31010755,582283,4914510,BWC,4,L4,2012
31010756,581076,4914360,BWC,4,L4,2012
31010757,581026,4914259,BWC,4,L4,2012
31010758,580777,4914102,BWC,4,L4,2012
31010762,582330,4913460,BWC,4,L4,2012
31010763,582577,4913354,BWC,4,L4,2012
31010764,582383,4913355,BWC,4,L4,2012
31010765,580329,4913154,BWC,4,L4,2012
31010767,580179,4913054,BWC,4,L4,2012
31010768,579978,4912954,BWC,4,L4,2012
31010771,583779,4912555,BWC,4,L4,2012
31010772,579221,4912551,BWC,4,L4,2012
31010774,580224,4912506,BWC,4,L4,2012
31010775,580378,4912510,BWC,4,L4,2012
31010777,583728,4912459,BWC,4,L4,2012
31010778,579628,4912408,BWC,4,L4,2012
31010781,580879,4912362,BWC,4,L4,2012
31010782,583475,4912209,BWC,4,L4,2012
31010783,584432,4912100,BWC,4,L4,2012
31010784,580084,4912007,BWC,4,L4,2012
31010786,583630,4911958,BWC,4,L4,2012
31010788,584932,4911807,BWC,4,L4,2012
31010790,584376,4911208,BWC,4,L4,2012
31010792,584326,4910853,BWC,4,L4,2012
31010793,585426,4910809,BWC,4,L4,2012
31010794,585630,4910660,BWC,4,L4,2012
31010795,585430,4910410,BWC,4,L4,2012
31010799,585429,4909357,BWC,4,L4,2012
31010800,584677,4909208,BWC,4,L4,2012
31010801,585677,4909160,BWC,4,L4,2012
31010802,584677,4909159,BWC,4,L4,2012
31010803,584225,4909108,BWC,4,L4,2012
31010804,585027,4908961,BWC,4,L4,2012
31010935,531729,4940227,MBC,4,U4,2013
31010936,534980,4938373,MBC,4,U4,2013
31010937,535085,4938065,MBC,4,U4,2013
31010938,535130,4937921,MBC,4,U4,2013
31010940,539525,4935473,MBC,4,U4,2013
31010941,540978,4935431,MBC,4,U4,2013
31010944,541979,4935169,MBC,4,U4,2013
31010945,544471,4934878,MBC,4,U4,2013
31010948,544731,4934623,MBC,4,U4,2013
31010949,542926,4934625,MBC,4,U4,2013
31010950,543225,4934519,MBC,4,U4,2013
31010951,544832,4934517,MBC,4,U4,2013
31010952,545228,4934179,MBC,4,U4,2013
31010953,545270,4934121,MBC,4,U4,2013
31010954,545475,4933967,MBC,4,U4,2013
31010955,572328,4918214,MBC,4,L4,2013
31010956,571281,4918120,MBC,4,L4,2013
31010957,572483,4918013,MBC,4,L4,2013
31010958,572976,4917921,MBC,4,L4,2013
31010959,573872,4917067,MBC,4,L4,2013
31010960,575734,4916323,MBC,4,L4,2013
31010961,575880,4916129,MBC,4,L4,2013
31010962,578172,4914673,MBC,4,L4,2013
31010963,579974,4914180,MBC,4,L4,2013
31010964,579579,4914125,MBC,4,L4,2013
31010965,581377,4913624,MBC,4,L4,2013
31010966,580677,4913365,MBC,4,L4,2013
31010967,580738,4913375,MBC,4,L4,2013
31010968,582277,4913319,MBC,4,L4,2013
31010969,581674,4913273,MBC,4,L4,2013
31010970,583028,4912572,MBC,4,L4,2013
31010971,583286,4911667,MBC,4,L4,2013
31010972,583435,4911318,MBC,4,L4,2013
31010973,584033,4911267,MBC,4,L4,2013
31010974,583982,4911274,MBC,4,L4,2013
31010975,583533,4910821,MBC,4,L4,2013
31010976,583685,4910619,MBC,4,L4,2013
31010977,583581,4910571,MBC,4,L4,2013
31010978,583836,4910518,MBC,4,L4,2013
31010979,583730,4910370,MBC,4,L4,2013
31010981,584230,4910072,MBC,4,L4,2013
31010982,584329,4909976,MBC,4,L4,2013
31010983,584479,4909873,MBC,4,L4,2013
31010984,584274,4909820,MBC,4,L4,2013
31010985,532629,4939219,SC,4,U4,2013
31010986,532628,4939171,SC,4,U4,2013
31010987,533330,4939172,SC,4,U4,2013
31010990,535234,4938121,SC,4,U4,2013
31010998,539575,4936718,SC,4,U4,2013
31010999,540982,4936728,SC,4,U4,2013
31011000,540926,4936677,SC,4,U4,2013
31011001,540524,4936620,SC,4,U4,2013
31011002,539678,4936578,SC,4,U4,2013
31011003,540677,4936574,SC,4,U4,2013
31011008,537831,4935825,SC,4,U4,2013
31011009,537929,4935772,SC,4,U4,2013
31011010,537978,4935770,SC,4,U4,2013
31011011,538027,4935720,SC,4,U4,2013
31011013,538880,4935423,SC,4,U4,2013
31011014,542024,4935318,SC,4,U4,2013
31011062,537583,4937014,BWC,4,U4,2013
31011064,540019,4936921,BWC,4,U4,2013
31011065,537779,4936873,BWC,4,U4,2013
31011074,536523,4936469,BWC,4,U4,2013
31011075,536881,4936376,BWC,4,U4,2013
31011076,540972,4936371,BWC,4,U4,2013
31011077,536878,4936326,BWC,4,U4,2013
31011078,537086,4936323,BWC,4,U4,2013
31011079,537130,4936314,BWC,4,U4,2013
31011081,542529,4936222,BWC,4,U4,2013
31011084,542922,4936175,BWC,4,U4,2013
31011085,536482,4936125,BWC,4,U4,2013
31011087,542276,4936120,BWC,4,U4,2013
31011088,536928,4936127,BWC,4,U4,2013
31011091,536225,4936075,BWC,4,U4,2013
31011092,536270,4936073,BWC,4,U4,2013
31011096,540375,4936023,BWC,4,U4,2013
31011097,541130,4936018,BWC,4,U4,2013
31011098,540529,4935975,BWC,4,U4,2013
31011099,542480,4935922,BWC,4,U4,2013
31011100,540534,4935924,BWC,4,U4,2013
31011101,540579,4935924,BWC,4,U4,2013
31011102,536383,4935869,BWC,4,U4,2013
31011103,537322,4935867,BWC,4,U4,2013
31011104,543134,4935817,BWC,4,U4,2013
31011105,540228,4935819,BWC,4,U4,2013
31011106,536482,4935772,BWC,4,U4,2013
31011107,539825,4935775,BWC,4,U4,2013
31011108,540435,4935773,BWC,4,U4,2013
31011109,536429,4935727,BWC,4,U4,2013
31011110,539573,4935720,BWC,4,U4,2013
31011112,542175,4935681,BWC,4,U4,2013
31011113,543070,4935674,BWC,4,U4,2013
31011114,542631,4935622,BWC,4,U4,2013
31011115,542926,4935578,BWC,4,U4,2013
31011116,539777,4935568,BWC,4,U4,2013
31011117,542925,4935524,BWC,4,U4,2013
31011118,540276,4935469,BWC,4,U4,2013
31011119,542825,4935469,BWC,4,U4,2013
31011120,540325,4935417,BWC,4,U4,2013
31011121,538581,4935222,BWC,4,U4,2013
31011122,538630,4935221,BWC,4,U4,2013
31011123,541529,4935128,BWC,4,U4,2013
31011124,541428,4935022,BWC,4,U4,2013
31011127,541681,4934918,BWC,4,U4,2013
31011128,544630,4934578,BWC,4,U4,2013
31011129,544637,4934522,BWC,4,U4,2013
31011131,544679,4934323,BWC,4,U4,2013
31011133,544972,4934117,BWC,4,U4,2013
31011134,544424,4934066,BWC,4,U4,2013
31011135,544527,4934075,BWC,4,U4,2013
31011136,544880,4934073,BWC,4,U4,2013
31011137,544671,4934027,BWC,4,U4,2013
31011138,544721,4934018,BWC,4,U4,2013
31011139,544674,4933965,BWC,4,U4,2013
31011140,544981,4933869,BWC,4,U4,2013
31011141,545027,4933825,BWC,4,U4,2013
31011142,545322,4933765,BWC,4,U4,2013
31011143,555984,4924979,BWC,4,U4,2013
31011152,571326,4918675,BWC,4,L4,2013
31011156,579730,4917766,BWC,4,L4,2013
31011160,579974,4917375,BWC,4,L4,2013
31011161,578932,4917269,BWC,4,L4,2013
31011165,580831,4917020,BWC,4,L4,2013
31011167,579678,4916875,BWC,4,L4,2013
31011168,579480,4916872,BWC,4,L4,2013
31011169,579329,4916820,BWC,4,L4,2013
31011170,580333,4916819,BWC,4,L4,2013
31011171,580633,4916823,BWC,4,L4,2013
31011172,580879,4916824,BWC,4,L4,2013
31011173,580630,4916675,BWC,4,L4,2013
31011174,580729,4916617,BWC,4,L4,2013
31011175,580671,4916574,BWC,4,L4,2013
31011176,580332,4916473,BWC,4,L4,2013
31011177,579077,4916471,BWC,4,L4,2013
31011178,581078,4916423,BWC,4,L4,2013
31011180,579727,4916324,BWC,4,L4,2013
31011181,580725,4916275,BWC,4,L4,2013
31011182,579579,4916223,BWC,4,L4,2013
31011184,580924,4916173,BWC,4,L4,2013
31011185,580282,4916074,BWC,4,L4,2013
31011186,581581,4916073,BWC,4,L4,2013
31011188,581129,4916022,BWC,4,L4,2013
31011189,581631,4915926,BWC,4,L4,2013
31011190,581227,4915774,BWC,4,L4,2013
31011191,580386,4915624,BWC,4,L4,2013
31011192,581129,4915569,BWC,4,L4,2013
31011193,579734,4915474,BWC,4,L4,2013
31011195,581783,4915428,BWC,4,L4,2013
31011196,579428,4915364,BWC,4,L4,2013
31011197,580227,4915373,BWC,4,L4,2013
31011198,581230,4915272,BWC,4,L4,2013
31011199,581928,4915271,BWC,4,L4,2013
31011200,581976,4915270,BWC,4,L4,2013
31011201,580177,4915067,BWC,4,L4,2013
31011202,581328,4915079,BWC,4,L4,2013
31011203,580974,4914976,BWC,4,L4,2013
31011204,582134,4914775,BWC,4,L4,2013
31011205,580976,4914727,BWC,4,L4,2013
31011206,581129,4914672,BWC,4,L4,2013
31011207,581381,4914571,BWC,4,L4,2013
31011208,579074,4914374,BWC,4,L4,2013
31011209,582377,4914372,BWC,4,L4,2013
31011210,580979,4914323,BWC,4,L4,2013
31011211,582384,4914019,BWC,4,L4,2013
31011213,579027,4913570,BWC,4,L4,2013
31011214,579477,4913473,BWC,4,L4,2013
31011215,580785,4913226,BWC,4,L4,2013
31011216,579829,4913173,BWC,4,L4,2013
31011217,580633,4913163,BWC,4,L4,2013
31011220,579775,4912816,BWC,4,L4,2013
31011222,579732,4912669,BWC,4,L4,2013
31011223,579381,4912625,BWC,4,L4,2013
31011224,579333,4912524,BWC,4,L4,2013
31011225,579332,4912470,BWC,4,L4,2013
31011226,579785,4912468,BWC,4,L4,2013
31011227,583576,4912422,BWC,4,L4,2013
31011228,579378,4912425,BWC,4,L4,2013
31011230,583475,4912171,BWC,4,L4,2013
31011231,583829,4912020,BWC,4,L4,2013
31011232,583982,4911769,BWC,4,L4,2013
31011233,584079,4911776,BWC,4,L4,2013
31011235,584878,4911522,BWC,4,L4,2013
31011236,583972,4911425,BWC,4,L4,2013
31011237,584982,4911324,BWC,4,L4,2013
31011238,585477,4911174,BWC,4,L4,2013
31011239,584533,4911023,BWC,4,L4,2013
31011240,585572,4911023,BWC,4,L4,2013
31011241,585224,4910925,BWC,4,L4,2013
31011242,584831,4910770,BWC,4,L4,2013
31011243,583632,4910128,BWC,4,L4,2013
31011244,584232,4909663,BWC,4,L4,2013
31011245,584379,4909622,BWC,4,L4,2013
31011246,583828,4909526,BWC,4,L4,2013
31011247,584481,4909325,BWC,4,L4,2013
31011248,584730,4909328,BWC,4,L4,2013
31011249,584832,4908971,BWC,4,L4,2013
31011250,584884,4908923,BWC,4,L4,2013
31011251,584775,4908824,BWC,4,L4,2013
31011252,584880,4908828,BWC,4,L4,2013
31011253,584884,4908726,BWC,4,L4,2013
31011254,584934,4908677,BWC,4,L4,2013
31011385,531930,4939859,MBC,4,U4,2014
31011386,531629,4939805,MBC,4,U4,2014
31011387,531982,4939802,MBC,4,U4,2014
31011388,535071,4938011,MBC,4,U4,2014
31011389,535080,4937751,MBC,4,U4,2014
31011390,535281,4937352,MBC,4,U4,2014
31011391,537530,4935804,MBC,4,U4,2014
31011392,539830,4935157,MBC,4,U4,2014
31011393,541977,4934960,MBC,4,U4,2014
31011394,544633,4934659,MBC,4,U4,2014
31011395,542931,4934662,MBC,4,U4,2014
31011396,543333,4934559,MBC,4,U4,2014
31011397,542825,4934460,MBC,4,U4,2014
31011398,542925,4934406,MBC,4,U4,2014
31011399,542975,4934309,MBC,4,U4,2014
31011400,544883,4934257,MBC,4,U4,2014
31011401,544978,4934209,MBC,4,U4,2014
31011402,545485,4934105,MBC,4,U4,2014
31011403,545375,4933859,MBC,4,U4,2014
31011404,545373,4933807,MBC,4,U4,2014
31011405,571333,4918259,MBC,4,L4,2014
31011406,572178,4918154,MBC,4,L4,2014
31011407,572177,4918055,MBC,4,L4,2014
31011408,572588,4917807,MBC,4,L4,2014
31011409,574580,4917354,MBC,4,L4,2014
31011410,574289,4917007,MBC,4,L4,2014
31011411,575173,4916905,MBC,4,L4,2014
31011412,573879,4916859,MBC,4,L4,2014
31011413,575522,4916452,MBC,4,L4,2014
31011414,576383,4915899,MBC,4,L4,2014
31011415,576429,4915851,MBC,4,L4,2014
31011416,576470,4915406,MBC,4,L4,2014
31011417,578488,4914455,MBC,4,L4,2014
31011418,579487,4914103,MBC,4,L4,2014
31011419,581230,4913410,MBC,4,L4,2014
31011420,582780,4912164,MBC,4,L4,2014
31011421,583023,4911911,MBC,4,L4,2014
31011422,583183,4911758,MBC,4,L4,2014
31011423,583627,4911659,MBC,4,L4,2014
31011424,583224,4911508,MBC,4,L4,2014
31011425,583773,4911360,MBC,4,L4,2014
31011426,583425,4911208,MBC,4,L4,2014
31011427,583330,4911014,MBC,4,L4,2014
31011428,584028,4911004,MBC,4,L4,2014
31011429,584130,4910852,MBC,4,L4,2014
31011430,584179,4910705,MBC,4,L4,2014
31011432,583977,4910160,MBC,4,L4,2014
31011433,584282,4909856,MBC,4,L4,2014
31011434,585830,4908809,MBC,4,L4,2014
31011435,532578,4938755,SC,4,U4,2014
31011436,535783,4937561,SC,4,U4,2014
31011437,536029,4937515,SC,4,U4,2014
31011438,535831,4937510,SC,4,U4,2014
31011439,536328,4937154,SC,4,U4,2014
31011440,536682,4937058,SC,4,U4,2014
31011441,536931,4936956,SC,4,U4,2014
31011442,537279,4936913,SC,4,U4,2014
31011443,537232,4936857,SC,4,U4,2014
31011444,538534,4936856,SC,4,U4,2014
31011445,539179,4936609,SC,4,U4,2014
31011446,539376,4936457,SC,4,U4,2014
31011447,539679,4936460,SC,4,U4,2014
31011448,539984,4936305,SC,4,U4,2014
31011449,540023,4936256,SC,4,U4,2014
31011450,541431,4936258,SC,4,U4,2014
31011451,538682,4936261,SC,4,U4,2014
31011452,538827,4936209,SC,4,U4,2014
31011453,541483,4936162,SC,4,U4,2014
31011454,541681,4936002,SC,4,U4,2014
31011455,538480,4935261,SC,4,U4,2014
31011456,538731,4935258,SC,4,U4,2014
31011457,542134,4935207,SC,4,U4,2014
31011458,539028,4935109,SC,4,U4,2014
31011459,543478,4935111,SC,4,U4,2014
31011460,542732,4935008,SC,4,U4,2014
31011461,542777,4935008,SC,4,U4,2014
31011462,542976,4935008,SC,4,U4,2014
31011463,542385,4934914,SC,4,U4,2014
31011464,543483,4934863,SC,4,U4,2014
31011505,533177,4938710,BWC,4,U4,2014
31011506,535680,4937858,BWC,4,U4,2014
31011507,537375,4937262,BWC,4,U4,2014
31011508,540076,4936909,BWC,4,U4,2014
31011509,540175,4936910,BWC,4,U4,2014
31011510,541780,4936857,BWC,4,U4,2014
31011511,540627,4936862,BWC,4,U4,2014
31011512,537631,4936814,BWC,4,U4,2014
31011513,539723,4936804,BWC,4,U4,2014
31011514,539921,4936808,BWC,4,U4,2014
31011515,540019,4936757,BWC,4,U4,2014
31011516,540322,4936759,BWC,4,U4,2014
31011517,540471,4936763,BWC,4,U4,2014
31011518,539972,4936714,BWC,4,U4,2014
31011519,540123,4936711,BWC,4,U4,2014
31011520,538628,4936608,BWC,4,U4,2014
31011521,539723,4936609,BWC,4,U4,2014
31011522,540927,4936558,BWC,4,U4,2014
31011523,540622,4936561,BWC,4,U4,2014
31011524,536877,4936505,BWC,4,U4,2014
31011525,536978,4936459,BWC,4,U4,2014
31011526,537375,4936357,BWC,4,U4,2014
31011527,536678,4936309,BWC,4,U4,2014
31011528,536879,4936310,BWC,4,U4,2014
31011529,536378,4936256,BWC,4,U4,2014
31011530,539626,4936160,BWC,4,U4,2014
31011531,543129,4936111,BWC,4,U4,2014
31011532,536735,4936108,BWC,4,U4,2014
31011533,540935,4936113,BWC,4,U4,2014
31011534,542325,4936106,BWC,4,U4,2014
31011535,538978,4936108,BWC,4,U4,2014
31011536,542682,4936060,BWC,4,U4,2014
31011537,536630,4936062,BWC,4,U4,2014
31011538,537278,4936054,BWC,4,U4,2014
31011539,538778,4936057,BWC,4,U4,2014
31011541,538738,4936005,BWC,4,U4,2014
31011542,536684,4936007,BWC,4,U4,2014
31011543,541136,4936012,BWC,4,U4,2014
31011545,536379,4935957,BWC,4,U4,2014
31011546,542432,4935955,BWC,4,U4,2014
31011547,540131,4935956,BWC,4,U4,2014
31011548,542183,4935910,BWC,4,U4,2014
31011549,539130,4935855,BWC,4,U4,2014
31011550,542083,4935861,BWC,4,U4,2014
31011551,543023,4935859,BWC,4,U4,2014
31011552,540931,4935814,BWC,4,U4,2014
31011553,541979,4935806,BWC,4,U4,2014
31011554,536831,4935810,BWC,4,U4,2014
31011555,536178,4935758,BWC,4,U4,2014
31011556,542531,4935716,BWC,4,U4,2014
31011558,541079,4935700,BWC,4,U4,2014
31011559,536380,4935661,BWC,4,U4,2014
31011560,542470,4935660,BWC,4,U4,2014
31011561,543130,4935656,BWC,4,U4,2014
31011562,541979,4935660,BWC,4,U4,2014
31011563,536178,4935608,BWC,4,U4,2014
31011564,536328,4935608,BWC,4,U4,2014
31011565,542727,4935606,BWC,4,U4,2014
31011566,540378,4935610,BWC,4,U4,2014
31011568,543077,4935557,BWC,4,U4,2014
31011569,539985,4935554,BWC,4,U4,2014
31011570,539426,4935509,BWC,4,U4,2014
31011571,542672,4935508,BWC,4,U4,2014
31011572,540682,4935510,BWC,4,U4,2014
31011573,539679,4935404,BWC,4,U4,2014
31011574,542379,4935409,BWC,4,U4,2014
31011575,541377,4935409,BWC,4,U4,2014
31011576,539979,4935358,BWC,4,U4,2014
31011577,542227,4935358,BWC,4,U4,2014
31011578,542623,4935311,BWC,4,U4,2014
31011579,542379,4935309,BWC,4,U4,2014
31011580,542522,4935257,BWC,4,U4,2014
31011581,542724,4935256,BWC,4,U4,2014
31011583,541635,4934862,BWC,4,U4,2014
31011584,541820,4934764,BWC,4,U4,2014
31011585,541474,4934759,BWC,4,U4,2014
31011586,540622,4934607,BWC,4,U4,2014
31011587,544630,4934368,BWC,4,U4,2014
31011588,544482,4933957,BWC,4,U4,2014
31011589,544679,4933904,BWC,4,U4,2014
31011590,544978,4933906,BWC,4,U4,2014
31011591,545023,4933906,BWC,4,U4,2014
31011592,545126,4933909,BWC,4,U4,2014
31011593,544428,4933858,BWC,4,U4,2014
31011594,544477,4933759,BWC,4,U4,2014
31011595,571080,4918863,BWC,4,L4,2014
31011596,571680,4918756,BWC,4,L4,2014
31011597,571781,4918761,BWC,4,L4,2014
31011598,571429,4918552,BWC,4,L4,2014
31011599,572231,4918556,BWC,4,L4,2014
31011600,571678,4918308,BWC,4,L4,2014
31011602,579128,4917901,BWC,4,L4,2014
31011603,579033,4917706,BWC,4,L4,2014
31011604,575381,4917613,BWC,4,L4,2014
31011605,580128,4917553,BWC,4,L4,2014
31011606,574880,4917460,BWC,4,L4,2014
31011607,579285,4917409,BWC,4,L4,2014
31011608,575483,4917352,BWC,4,L4,2014
31011609,579780,4917360,BWC,4,L4,2014
31011610,578875,4917354,BWC,4,L4,2014
31011611,579285,4917305,BWC,4,L4,2014
31011612,579928,4917254,BWC,4,L4,2014
31011613,580277,4917261,BWC,4,L4,2014
31011615,580479,4917103,BWC,4,L4,2014
31011616,580679,4917106,BWC,4,L4,2014
31011617,579324,4917057,BWC,4,L4,2014
31011618,577326,4916960,BWC,4,L4,2014
31011619,577983,4916959,BWC,4,L4,2014
31011620,579882,4916906,BWC,4,L4,2014
31011621,580979,4916851,BWC,4,L4,2014
31011622,577529,4916757,BWC,4,L4,2014
31011623,580382,4916710,BWC,4,L4,2014
31011624,580631,4916706,BWC,4,L4,2014
31011625,577988,4916654,BWC,4,L4,2014
31011627,581027,4916605,BWC,4,L4,2014
31011629,580829,4916364,BWC,4,L4,2014
31011630,581031,4916207,BWC,4,L4,2014
31011631,581176,4916157,BWC,4,L4,2014
31011632,577531,4916109,BWC,4,L4,2014
31011633,580727,4916116,BWC,4,L4,2014
31011634,580527,4916010,BWC,4,L4,2014
31011635,578978,4915953,BWC,4,L4,2014
31011636,580577,4915855,BWC,4,L4,2014
31011637,580427,4915702,BWC,4,L4,2014
31011638,580033,4915702,BWC,4,L4,2014
31011639,579827,4915559,BWC,4,L4,2014
31011640,581226,4915405,BWC,4,L4,2014
31011641,580430,4915354,BWC,4,L4,2014
31011642,581434,4915306,BWC,4,L4,2014
31011643,581929,4915308,BWC,4,L4,2014
31011644,580431,4915254,BWC,4,L4,2014
31011645,580776,4915211,BWC,4,L4,2014
31011646,580822,4915114,BWC,4,L4,2014
31011647,580925,4915107,BWC,4,L4,2014
31011648,580030,4914967,BWC,4,L4,2014
31011649,579829,4914901,BWC,4,L4,2014
31011650,580883,4914899,BWC,4,L4,2014
31011651,579833,4914855,BWC,4,L4,2014
31011652,580176,4914856,BWC,4,L4,2014
31011653,581979,4914858,BWC,4,L4,2014
31011654,580365,4914755,BWC,4,L4,2014
31011655,581475,4914705,BWC,4,L4,2014
31011656,579676,4914613,BWC,4,L4,2014
31011657,581979,4914546,BWC,4,L4,2014
31011658,581830,4914403,BWC,4,L4,2014
31011659,581731,4914262,BWC,4,L4,2014
31011660,582433,4914155,BWC,4,L4,2014
31011661,579134,4914104,BWC,4,L4,2014
31011662,582133,4914111,BWC,4,L4,2014
31011663,580677,4913953,BWC,4,L4,2014
31011664,579325,4913861,BWC,4,L4,2014
31011665,580881,4913762,BWC,4,L4,2014
31011666,581334,4913604,BWC,4,L4,2014
31011667,579831,4913550,BWC,4,L4,2014
31011668,582526,4913511,BWC,4,L4,2014
31011669,582925,4913258,BWC,4,L4,2014
31011670,580180,4913216,BWC,4,L4,2014
31011671,580380,4913056,BWC,4,L4,2014
31011672,580581,4913001,BWC,4,L4,2014
31011673,580188,4912956,BWC,4,L4,2014
31011674,580533,4912907,BWC,4,L4,2014
31011675,579477,4912762,BWC,4,L4,2014
31011676,581026,4912705,BWC,4,L4,2014
31011677,580679,4912657,BWC,4,L4,2014
31011678,584135,4912609,BWC,4,L4,2014
31011679,579934,4912561,BWC,4,L4,2014
31011680,580175,4912504,BWC,4,L4,2014
31011681,583279,4912504,BWC,4,L4,2014
31011682,584224,4912155,BWC,4,L4,2014
31011683,580526,4912162,BWC,4,L4,2014
31011684,579937,4912005,BWC,4,L4,2014
31011685,580826,4911954,BWC,4,L4,2014
31011686,579480,4911904,BWC,4,L4,2014
31011687,581031,4911661,BWC,4,L4,2014
31011688,579579,4911564,BWC,4,L4,2014
31011689,579624,4911552,BWC,4,L4,2014
31011690,584972,4911303,BWC,4,L4,2014
31011691,584678,4911152,BWC,4,L4,2014
31011692,584324,4911109,BWC,4,L4,2014
31011693,584378,4910958,BWC,4,L4,2014
31011694,584921,4910409,BWC,4,L4,2014
31011695,585621,4910163,BWC,4,L4,2014
31011696,583877,4909658,BWC,4,L4,2014
31011697,585125,4909513,BWC,4,L4,2014
31011698,583487,4909404,BWC,4,L4,2014
31011699,584531,4909408,BWC,4,L4,2014
31011700,584087,4909209,BWC,4,L4,2014
31011701,585527,4909160,BWC,4,L4,2014
31011702,584230,4908967,BWC,4,L4,2014
31011703,584773,4908957,BWC,4,L4,2014
31011704,584481,4908856,BWC,4,L4,2014
31011835,531680,4940012,MBC,4,U4,2015
31011836,531579,4939808,MBC,4,U4,2015
31011839,535028,4937805,MBC,4,U4,2015
31011840,537573,4935808,MBC,4,U4,2015
31011841,539387,4935309,MBC,4,U4,2015
31011842,541635,4935100,MBC,4,U4,2015
31011843,544578,4934662,MBC,4,U4,2015
31011845,544271,4934657,MBC,4,U4,2015
31011846,545079,4934411,MBC,4,U4,2015
31011847,543124,4934362,MBC,4,U4,2015
31011848,544732,4934359,MBC,4,U4,2015
31011849,544735,4934314,MBC,4,U4,2015
31011850,545335,4934205,MBC,4,U4,2015
31011851,545325,4934161,MBC,4,U4,2015
31011852,545433,4934159,MBC,4,U4,2015
31011853,545075,4934063,MBC,4,U4,2015
31011854,545381,4933806,MBC,4,U4,2015
31011855,571377,4918258,MBC,4,L4,2015
31011856,572179,4918100,MBC,4,L4,2015
31011857,572528,4918010,MBC,4,L4,2015
31011858,572585,4917909,MBC,4,L4,2015
31011859,572726,4917859,MBC,4,L4,2015
31011860,573025,4917704,MBC,4,L4,2015
31011861,573632,4917361,MBC,4,L4,2015
31011862,575173,4917151,MBC,4,L4,2015
31011863,576224,4915714,MBC,4,L4,2015
31011864,577482,4915161,MBC,4,L4,2015
31011865,578534,4914460,MBC,4,L4,2015
31011866,578176,4914460,MBC,4,L4,2015
31011867,579583,4913910,MBC,4,L4,2015
31011868,581329,4913408,MBC,4,L4,2015
31011869,581525,4913403,MBC,4,L4,2015
31011870,580834,4913203,MBC,4,L4,2015
31011871,582326,4913060,MBC,4,L4,2015
31011872,582525,4912860,MBC,4,L4,2015
31011873,582179,4912804,MBC,4,L4,2015
31011874,583236,4911605,MBC,4,L4,2015
31011875,583778,4911355,MBC,4,L4,2015
31011876,583139,4911157,MBC,4,L4,2015
31011877,583433,4910957,MBC,4,L4,2015
31011878,584131,4910851,MBC,4,L4,2015
31011879,584430,4910406,MBC,4,L4,2015
31011880,584035,4910052,MBC,4,L4,2015
31011881,585228,4909958,MBC,4,L4,2015
31011882,585528,4909915,MBC,4,L4,2015
31011883,584585,4909656,MBC,4,L4,2015
31011884,584531,4909607,MBC,4,L4,2015
31011885,535425,4937859,SC,4,U4,2015
31011886,537779,4937256,SC,4,U4,2015
31011887,536728,4937011,SC,4,U4,2015
31011888,538631,4936905,SC,4,U4,2015
31011889,537334,4936912,SC,4,U4,2015
31011890,537381,4936905,SC,4,U4,2015
31011891,538477,4936906,SC,4,U4,2015
31011892,538980,4936762,SC,4,U4,2015
31011893,539228,4936755,SC,4,U4,2015
31011894,539130,4936709,SC,4,U4,2015
31011895,539674,4936452,SC,4,U4,2015
31011896,541178,4936360,SC,4,U4,2015
31011897,540028,4936309,SC,4,U4,2015
31011898,541387,4936254,SC,4,U4,2015
31011899,539927,4936210,SC,4,U4,2015
31011900,539831,4936205,SC,4,U4,2015
31011901,541730,4935850,SC,4,U4,2015
31011902,538575,4935309,SC,4,U4,2015
31011903,538927,4935213,SC,4,U4,2015
31011955,535379,4938060,BWC,4,U4,2015
31011956,537080,4937311,BWC,4,U4,2015
31011957,537231,4937305,BWC,4,U4,2015
31011958,537128,4937261,BWC,4,U4,2015
31011959,536980,4937212,BWC,4,U4,2015
31011960,537580,4937209,BWC,4,U4,2015
31011961,538230,4937003,BWC,4,U4,2015
31011962,537930,4936859,BWC,4,U4,2015
31011963,538178,4936859,BWC,4,U4,2015
31011964,541774,4936862,BWC,4,U4,2015
31011965,539584,4936856,BWC,4,U4,2015
31011966,539829,4936812,BWC,4,U4,2015
31011967,540333,4936811,BWC,4,U4,2015
31011968,540478,4936805,BWC,4,U4,2015
31011969,537625,4936763,BWC,4,U4,2015
31011971,540775,4936665,BWC,4,U4,2015
31011972,536935,4936609,BWC,4,U4,2015
31011973,536477,4936563,BWC,4,U4,2015
31011974,543028,4936562,BWC,4,U4,2015
31011975,536526,4936506,BWC,4,U4,2015
31011976,536683,4936507,BWC,4,U4,2015
31011977,541876,4936413,BWC,4,U4,2015
31011978,537083,4936353,BWC,4,U4,2015
31011979,537377,4936358,BWC,4,U4,2015
31011980,542132,4936358,BWC,4,U4,2015
31011981,542927,4936257,BWC,4,U4,2015
31011982,541881,4936209,BWC,4,U4,2015
31011983,542780,4936207,BWC,4,U4,2015
31011984,536518,4936108,BWC,4,U4,2015
31011985,537176,4936107,BWC,4,U4,2015
31011986,541286,4936111,BWC,4,U4,2015
31011987,537226,4936065,BWC,4,U4,2015
31011988,540827,4936057,BWC,4,U4,2015
31011989,540881,4936062,BWC,4,U4,2015
31011990,536279,4936003,BWC,4,U4,2015
31011991,540581,4936007,BWC,4,U4,2015
31011992,542830,4936009,BWC,4,U4,2015
31011993,538730,4935961,BWC,4,U4,2015
31011994,538829,4935959,BWC,4,U4,2015
31011996,537326,4935959,BWC,4,U4,2015
31011997,539876,4935962,BWC,4,U4,2015
31011998,539977,4935967,BWC,4,U4,2015
31011999,539026,4935907,BWC,4,U4,2015
31012000,536723,4935914,BWC,4,U4,2015
31012001,537277,4935907,BWC,4,U4,2015
31012002,541031,4935911,BWC,4,U4,2015
31012003,539228,4935908,BWC,4,U4,2015
31012004,536232,4935856,BWC,4,U4,2015
31012005,536475,4935855,BWC,4,U4,2015
31012006,536229,4935806,BWC,4,U4,2015
31012007,542524,4935761,BWC,4,U4,2015
31012008,536230,4935708,BWC,4,U4,2015
31012009,539878,4935695,BWC,4,U4,2015
31012010,540980,4935711,BWC,4,U4,2015
31012011,540279,4935657,BWC,4,U4,2015
31012012,540480,4935655,BWC,4,U4,2015
31012013,538974,4935609,BWC,4,U4,2015
31012014,542676,4935561,BWC,4,U4,2015
31012015,539436,4935509,BWC,4,U4,2015
31012016,540178,4935504,BWC,4,U4,2015
31012017,540332,4935507,BWC,4,U4,2015
31012018,541429,4935501,BWC,4,U4,2015
31012019,542820,4935463,BWC,4,U4,2015
31012020,540181,4935458,BWC,4,U4,2015
31012021,540830,4935463,BWC,4,U4,2015
31012022,541433,4935455,BWC,4,U4,2015
31012023,539480,4935410,BWC,4,U4,2015
31012024,542927,4935405,BWC,4,U4,2015
31012025,543156,4935404,BWC,4,U4,2015
31012026,540381,4935354,BWC,4,U4,2015
31012027,540125,4935313,BWC,4,U4,2015
31012028,538582,4935011,BWC,4,U4,2015
31012030,539882,4934757,BWC,4,U4,2015
31012031,540770,4934758,BWC,4,U4,2015
31012032,541474,4934758,BWC,4,U4,2015
31012036,544121,4934104,BWC,4,U4,2015
31012038,544724,4933904,BWC,4,U4,2015
31012039,545076,4933908,BWC,4,U4,2015
31012040,544532,4933809,BWC,4,U4,2015
31012041,545222,4933659,BWC,4,U4,2015
31012042,564080,4922652,BWC,4,U4,2015
31012043,564080,4922604,BWC,4,U4,2015
31012044,564082,4922508,BWC,4,U4,2015
31012061,580431,4916906,BWC,4,L4,2015
31012062,579980,4916759,BWC,4,L4,2015
31012063,581029,4916753,BWC,4,L4,2015
31012064,580884,4916711,BWC,4,L4,2015
31012065,577079,4916558,BWC,4,L4,2015
31012066,579979,4916502,BWC,4,L4,2015
31012067,580731,4916454,BWC,4,L4,2015
31012068,581029,4916313,BWC,4,L4,2015
31012069,580478,4916207,BWC,4,L4,2015
31012070,579828,4916155,BWC,4,L4,2015
31012072,581022,4916109,BWC,4,L4,2015
31012073,580632,4916005,BWC,4,L4,2015
31012075,580579,4915962,BWC,4,L4,2015
31012076,580032,4915959,BWC,4,L4,2015
31012077,581325,4915906,BWC,4,L4,2015
31012078,579683,4915907,BWC,4,L4,2015
31012079,581576,4915758,BWC,4,L4,2015
31012080,580878,4915715,BWC,4,L4,2015
31012081,580727,4915610,BWC,4,L4,2015
31012082,581574,4915568,BWC,4,L4,2015
31012083,580183,4915510,BWC,4,L4,2015
31012084,580328,4915463,BWC,4,L4,2015
31012085,581785,4915451,BWC,4,L4,2015
31012086,581480,4915350,BWC,4,L4,2015
31012087,581777,4915310,BWC,4,L4,2015
31012088,581234,4915254,BWC,4,L4,2015
31012089,581479,4915207,BWC,4,L4,2015
31012091,581329,4915161,BWC,4,L4,2015
31012092,580028,4915115,BWC,4,L4,2015
31012093,580279,4915104,BWC,4,L4,2015
31012094,581280,4915106,BWC,4,L4,2015
31012096,579631,4914955,BWC,4,L4,2015
31012097,580475,4914957,BWC,4,L4,2015
31012098,580830,4914962,BWC,4,L4,2015
31012099,581380,4914901,BWC,4,L4,2015
31012100,581126,4914711,BWC,4,L4,2015
31012101,579879,4914665,BWC,4,L4,2015
31012102,581677,4914609,BWC,4,L4,2015
31012103,581874,4914605,BWC,4,L4,2015
31012104,581730,4914361,BWC,4,L4,2015
31012105,582026,4914353,BWC,4,L4,2015
31012106,581180,4914355,BWC,4,L4,2015
31012107,581283,4914208,BWC,4,L4,2015
31012108,582532,4914215,BWC,4,L4,2015
31012109,580930,4914111,BWC,4,L4,2015
31012110,581579,4914108,BWC,4,L4,2015
31012111,580526,4914062,BWC,4,L4,2015
31012112,582327,4914059,BWC,4,L4,2015
31012113,581426,4913956,BWC,4,L4,2015
31012114,580829,4913909,BWC,4,L4,2015
31012116,579182,4913308,BWC,4,L4,2015
31012117,579379,4913302,BWC,4,L4,2015
31012118,582979,4913210,BWC,4,L4,2015
31012119,580727,4913104,BWC,4,L4,2015
31012122,579529,4913006,BWC,4,L4,2015
31012123,580288,4913003,BWC,4,L4,2015
31012124,580280,4912956,BWC,4,L4,2015
31012125,580841,4912958,BWC,4,L4,2015
31012126,582680,4912956,BWC,4,L4,2015
31012128,580080,4912810,BWC,4,L4,2015
31012129,580782,4912761,BWC,4,L4,2015
31012130,579383,4912605,BWC,4,L4,2015
31012131,579781,4912609,BWC,4,L4,2015
31012132,579781,4912401,BWC,4,L4,2015
31012133,580485,4912161,BWC,4,L4,2015
31012134,580080,4912106,BWC,4,L4,2015
31012135,580434,4912006,BWC,4,L4,2015
31012136,580433,4911956,BWC,4,L4,2015
31012137,584829,4911554,BWC,4,L4,2015
31012138,581079,4911557,BWC,4,L4,2015
31012140,584932,4911358,BWC,4,L4,2015
31012141,585281,4911201,BWC,4,L4,2015
31012142,585135,4910956,BWC,4,L4,2015
31012143,585129,4910854,BWC,4,L4,2015
31012144,581625,4910755,BWC,4,L4,2015
31012146,584330,4909559,BWC,4,L4,2015
31012148,584431,4909402,BWC,4,L4,2015
31012149,583679,4909359,BWC,4,L4,2015
31012150,584529,4909305,BWC,4,L4,2015
31012151,584380,4909113,BWC,4,L4,2015
31012152,584533,4908809,BWC,4,L4,2015
31012153,584479,4908669,BWC,4,L4,2015
31012154,585074,4908505,BWC,4,L4,2015
31012285,531679,4940008,MBC,4,U4,2016
31012286,532330,4939462,MBC,4,U4,2016
31012287,534781,4938364,MBC,4,U4,2016
31012288,535285,4937353,MBC,4,U4,2016
31012289,535386,4937158,MBC,4,U4,2016
31012290,537526,4935804,MBC,4,U4,2016
31012291,536983,4935407,MBC,4,U4,2016
31012292,539079,4935406,MBC,4,U4,2016
31012293,541285,4935211,MBC,4,U4,2016
31012295,536580,4935106,MBC,4,U4,2016
31012296,544638,4934661,MBC,4,U4,2016
31012297,543933,4934606,MBC,4,U4,2016
31012298,544782,4934361,MBC,4,U4,2016
31012299,544834,4934304,MBC,4,U4,2016
31012300,544978,4934254,MBC,4,U4,2016
31012301,544882,4934259,MBC,4,U4,2016
31012304,545437,4934011,MBC,4,U4,2016
31012305,572029,4918259,MBC,4,L4,2016
31012306,571476,4918260,MBC,4,L4,2016
31012307,572936,4917856,MBC,4,L4,2016
31012308,573182,4917502,MBC,4,L4,2016
31012309,576088,4916157,MBC,4,L4,2016
31012310,575733,4916056,MBC,4,L4,2016
31012311,575888,4915905,MBC,4,L4,2016
31012312,576487,4915811,MBC,4,L4,2016
31012313,576480,4915408,MBC,4,L4,2016
31012314,577536,4915104,MBC,4,L4,2016
31012315,579589,4913956,MBC,4,L4,2016
31012316,580588,4913603,MBC,4,L4,2016
31012318,582085,4912700,MBC,4,L4,2016
31012319,583782,4911508,MBC,4,L4,2016
31012320,583334,4911353,MBC,4,L4,2016
31012321,583380,4911159,MBC,4,L4,2016
31012322,583483,4910953,MBC,4,L4,2016
31012323,583231,4910953,MBC,4,L4,2016
31012324,583336,4910905,MBC,4,L4,2016
31012325,583528,4910706,MBC,4,L4,2016
31012326,583522,4910653,MBC,4,L4,2016
31012327,583885,4910255,MBC,4,L4,2016
31012328,583786,4910210,MBC,4,L4,2016
31012329,583929,4910205,MBC,4,L4,2016
31012331,584232,4909859,MBC,4,L4,2016
31012332,585480,4909854,MBC,4,L4,2016
31012333,584223,4909806,MBC,4,L4,2016
31012334,585687,4909260,MBC,4,L4,2016
31012335,533470,4939014,SC,4,U4,2016
31012336,532925,4938556,SC,4,U4,2016
31012337,533026,4938564,SC,4,U4,2016
31012338,535081,4938112,SC,4,U4,2016
31012339,535431,4937860,SC,4,U4,2016
31012340,536032,4937457,SC,4,U4,2016
31012341,536286,4937304,SC,4,U4,2016
31012342,536275,4937260,SC,4,U4,2016
31012343,536327,4937253,SC,4,U4,2016
31012344,536630,4937106,SC,4,U4,2016
31012345,536521,4937056,SC,4,U4,2016
31012346,537531,4937013,SC,4,U4,2016
31012347,537436,4936957,SC,4,U4,2016
31012348,539535,4936455,SC,4,U4,2016
31012349,540882,4936458,SC,4,U4,2016
31012350,539435,4936405,SC,4,U4,2016
31012351,539979,4936358,SC,4,U4,2016
31012352,540935,4936359,SC,4,U4,2016
31012353,541335,4936302,SC,4,U4,2016
31012355,537830,4936100,SC,4,U4,2016
31012356,539226,4935709,SC,4,U4,2016
31012357,538035,4935509,SC,4,U4,2016
31012359,538434,4935307,SC,4,U4,2016
31012361,543636,4935114,SC,4,U4,2016
31012364,542883,4935010,SC,4,U4,2016
31012405,532526,4938962,BWC,4,U4,2016
31012406,537775,4936909,BWC,4,U4,2016
31012407,538034,4936906,BWC,4,U4,2016
31012408,541883,4936908,BWC,4,U4,2016
31012409,539577,4936908,BWC,4,U4,2016
31012410,539174,4936800,BWC,4,U4,2016
31012411,537780,4936761,BWC,4,U4,2016
31012412,540026,4936758,BWC,4,U4,2016
31012413,540672,4936764,BWC,4,U4,2016
31012414,537676,4936657,BWC,4,U4,2016
31012415,538483,4936608,BWC,4,U4,2016
31012416,540529,4936602,BWC,4,U4,2016
31012417,540783,4936558,BWC,4,U4,2016
31012418,540923,4936553,BWC,4,U4,2016
31012419,536330,4936459,BWC,4,U4,2016
31012420,536873,4936360,BWC,4,U4,2016
31012421,536477,4936307,BWC,4,U4,2016
31012422,536580,4936309,BWC,4,U4,2016
31012423,542483,4936255,BWC,4,U4,2016
31012424,541180,4936156,BWC,4,U4,2016
31012425,542432,4936112,BWC,4,U4,2016
31012426,542728,4936111,BWC,4,U4,2016
31012428,542527,4936054,BWC,4,U4,2016
31012429,541229,4936060,BWC,4,U4,2016
31012431,540435,4936058,BWC,4,U4,2016
31012432,536520,4936008,BWC,4,U4,2016
31012433,538678,4936006,BWC,4,U4,2016
31012434,542484,4936011,BWC,4,U4,2016
31012435,538886,4936001,BWC,4,U4,2016
31012436,540624,4935955,BWC,4,U4,2016
31012438,537030,4935910,BWC,4,U4,2016
31012439,542932,4935907,BWC,4,U4,2016
31012440,536272,4935857,BWC,4,U4,2016
31012441,540785,4935860,BWC,4,U4,2016
31012442,540935,4935860,BWC,4,U4,2016
31012443,541031,4935856,BWC,4,U4,2016
31012444,542882,4935860,BWC,4,U4,2016
31012445,536724,4935858,BWC,4,U4,2016
31012446,539626,4935858,BWC,4,U4,2016
31012447,539774,4935814,BWC,4,U4,2016
31012448,536123,4935760,BWC,4,U4,2016
31012449,538928,4935759,BWC,4,U4,2016
31012450,542579,4935756,BWC,4,U4,2016
31012451,543075,4935762,BWC,4,U4,2016
31012453,542634,4935711,BWC,4,U4,2016
31012454,540332,4935703,BWC,4,U4,2016
31012455,541985,4935707,BWC,4,U4,2016
31012456,540777,4935665,BWC,4,U4,2016
31012457,542778,4935659,BWC,4,U4,2016
31012458,536419,4935610,BWC,4,U4,2016
31012459,542384,4935604,BWC,4,U4,2016
31012460,542782,4935555,BWC,4,U4,2016
31012461,539981,4935558,BWC,4,U4,2016
31012462,540129,4935559,BWC,4,U4,2016
31012463,540485,4935561,BWC,4,U4,2016
31012464,539576,4935515,BWC,4,U4,2016
31012465,540777,4935513,BWC,4,U4,2016
31012466,539731,4935451,BWC,4,U4,2016
31012467,542479,4935456,BWC,4,U4,2016
31012468,542587,4935456,BWC,4,U4,2016
31012469,540680,4935464,BWC,4,U4,2016
31012470,542681,4935411,BWC,4,U4,2016
31012471,540233,4935406,BWC,4,U4,2016
31012472,542725,4935256,BWC,4,U4,2016
31012473,542881,4935258,BWC,4,U4,2016
31012474,542533,4935212,BWC,4,U4,2016
31012475,540179,4935209,BWC,4,U4,2016
31012476,539228,4934950,BWC,4,U4,2016
31012478,541133,4934857,BWC,4,U4,2016
31012479,541680,4934760,BWC,4,U4,2016
31012480,539928,4934657,BWC,4,U4,2016
31012481,544686,4934252,BWC,4,U4,2016
31012482,543934,4934200,BWC,4,U4,2016
31012483,544525,4933859,BWC,4,U4,2016
31012484,544983,4933858,BWC,4,U4,2016
31012485,545188,4933862,BWC,4,U4,2016
31012486,544182,4933856,BWC,4,U4,2016
31012487,545335,4933811,BWC,4,U4,2016
31012488,545086,4933708,BWC,4,U4,2016
31012489,545282,4933707,BWC,4,U4,2016
31012490,545431,4933712,BWC,4,U4,2016
31012491,545431,4933663,BWC,4,U4,2016
31012492,545230,4933560,BWC,4,U4,2016
31012493,564477,4922310,BWC,4,U4,2016
31012494,564682,4922261,BWC,4,U4,2016
31012495,571976,4918957,BWC,4,L4,2016
31012496,572072,4918856,BWC,4,L4,2016
31012497,572580,4918758,BWC,4,L4,2016
31012498,574781,4918610,BWC,4,L4,2016
31012499,572233,4918507,BWC,4,L4,2016
31012500,572178,4918360,BWC,4,L4,2016
31012501,574533,4918160,BWC,4,L4,2016
31012502,579783,4917603,BWC,4,L4,2016
31012503,574875,4917553,BWC,4,L4,2016
31012505,575233,4917461,BWC,4,L4,2016
31012506,579731,4917360,BWC,4,L4,2016
31012508,578981,4917354,BWC,4,L4,2016
31012511,578978,4917261,BWC,4,L4,2016
31012512,580476,4917061,BWC,4,L4,2016
31012513,579779,4916952,BWC,4,L4,2016
31012514,580825,4916902,BWC,4,L4,2016
31012515,577881,4916944,BWC,4,L4,2016
31012516,580275,4916903,BWC,4,L4,2016
31012517,579286,4916709,BWC,4,L4,2016
31012518,578876,4916702,BWC,4,L4,2016
31012519,579830,4916558,BWC,4,L4,2016
31012520,579884,4916554,BWC,4,L4,2016
31012522,581022,4916459,BWC,4,L4,2016
31012523,581027,4916401,BWC,4,L4,2016
31012524,577376,4916305,BWC,4,L4,2016
31012525,577475,4916307,BWC,4,L4,2016
31012526,581035,4916252,BWC,4,L4,2016
31012527,578233,4916203,BWC,4,L4,2016
31012528,579330,4916211,BWC,4,L4,2016
31012530,579584,4916055,BWC,4,L4,2016
31012531,578933,4915908,BWC,4,L4,2016
31012532,579279,4915850,BWC,4,L4,2016
31012533,581481,4915812,BWC,4,L4,2016
31012534,578535,4915808,BWC,4,L4,2016
31012535,581427,4915660,BWC,4,L4,2016
31012536,581279,4915604,BWC,4,L4,2016
31012537,581377,4915514,BWC,4,L4,2016
31012539,578281,4915458,BWC,4,L4,2016
31012540,581125,4915456,BWC,4,L4,2016
31012541,581731,4915458,BWC,4,L4,2016
31012545,580776,4915209,BWC,4,L4,2016
31012546,580025,4915108,BWC,4,L4,2016
31012550,579723,4914660,BWC,4,L4,2016
31012553,580986,4914308,BWC,4,L4,2016
31012555,582575,4914058,BWC,4,L4,2016
31012556,581730,4914058,BWC,4,L4,2016
31012557,580531,4914000,BWC,4,L4,2016
31012558,581628,4913960,BWC,4,L4,2016
31012559,581030,4913763,BWC,4,L4,2016
31012560,582527,4913651,BWC,4,L4,2016
31012561,581433,4913607,BWC,4,L4,2016
31012562,582083,4913557,BWC,4,L4,2016
31012563,582537,4913307,BWC,4,L4,2016
31012565,583376,4913105,BWC,4,L4,2016
31012566,583476,4913058,BWC,4,L4,2016
31012567,580187,4913053,BWC,4,L4,2016
31012568,581037,4912952,BWC,4,L4,2016
31012569,580282,4912811,BWC,4,L4,2016
31012570,580629,4912814,BWC,4,L4,2016
31012571,579580,4912755,BWC,4,L4,2016
31012572,579823,4912759,BWC,4,L4,2016
31012573,580376,4912454,BWC,4,L4,2016
31012574,581324,4912408,BWC,4,L4,2016
31012575,579982,4912306,BWC,4,L4,2016
31012576,579534,4912262,BWC,4,L4,2016
31012577,579775,4912111,BWC,4,L4,2016
31012578,580875,4912106,BWC,4,L4,2016
31012579,579384,4912006,BWC,4,L4,2016
31012580,580129,4912007,BWC,4,L4,2016
31012582,580930,4911907,BWC,4,L4,2016
31012584,580530,4911811,BWC,4,L4,2016
31012587,583826,4911458,BWC,4,L4,2016
31012596,584278,4909305,BWC,4,L4,2016
31012597,583586,4909264,BWC,4,L4,2016
31012600,584922,4908960,BWC,4,L4,2016
31012602,585083,4908665,BWC,4,L4,2016
31012603,584628,4908611,BWC,4,L4,2016
31012604,584931,4908510,BWC,4,L4,2016
31012735,531578,4939858,MBC,4,U4,2017
31012736,532728,4939058,MBC,4,U4,2017
31012737,533028,4939058,MBC,4,U4,2017
31012738,534778,4938358,MBC,4,U4,2017
31012739,534978,4938208,MBC,4,U4,2017
31012740,535178,4937558,MBC,4,U4,2017
31012741,535228,4937458,MBC,4,U4,2017
31012742,535278,4937308,MBC,4,U4,2017
31012743,539178,4935408,MBC,4,U4,2017
31012747,544728,4934408,MBC,4,U4,2017
31012748,544728,4934308,MBC,4,U4,2017
31012749,543128,4934308,MBC,4,U4,2017
31012750,544878,4934258,MBC,4,U4,2017
31012751,545328,4934158,MBC,4,U4,2017
31012753,545178,4934058,MBC,4,U4,2017
31012754,545478,4934058,MBC,4,U4,2017
31012755,572029,4918307,MBC,4,L4,2017
31012756,572279,4918257,MBC,4,L4,2017
31012757,571329,4918257,MBC,4,L4,2017
31012758,571379,4918257,MBC,4,L4,2017
31012759,572079,4918107,MBC,4,L4,2017
31012760,572579,4917907,MBC,4,L4,2017
31012761,574029,4917307,MBC,4,L4,2017
31012762,575779,4915907,MBC,4,L4,2017
31012763,576779,4915557,MBC,4,L4,2017
31012764,577429,4915157,MBC,4,L4,2017
31012765,578229,4914457,MBC,4,L4,2017
31012766,578179,4914457,MBC,4,L4,2017
31012767,579329,4914207,MBC,4,L4,2017
31012768,580679,4913257,MBC,4,L4,2017
31012769,581979,4912957,MBC,4,L4,2017
31012770,581679,4912957,MBC,4,L4,2017
31012772,582529,4912857,MBC,4,L4,2017
31012773,582329,4912707,MBC,4,L4,2017
31012774,582179,4912657,MBC,4,L4,2017
31012775,583129,4911107,MBC,4,L4,2017
31012776,583629,4910507,MBC,4,L4,2017
31012777,583679,4910357,MBC,4,L4,2017
31012779,584029,4909957,MBC,4,L4,2017
31012781,585429,4909907,MBC,4,L4,2017
31012782,584229,4909857,MBC,4,L4,2017
31012783,584279,4909857,MBC,4,L4,2017
31012784,585379,4909857,MBC,4,L4,2017
31012785,535278,4937958,SC,4,U4,2017
31012786,535828,4937608,SC,4,U4,2017
31012788,537128,4936958,SC,4,U4,2017
31012789,538728,4936908,SC,4,U4,2017
31012790,536828,4936858,SC,4,U4,2017
31012791,539328,4936608,SC,4,U4,2017
31012793,540828,4936458,SC,4,U4,2017
31012794,540778,4936408,SC,4,U4,2017
31012795,540828,4936408,SC,4,U4,2017
31012796,540328,4936358,SC,4,U4,2017
31012797,541078,4936358,SC,4,U4,2017
31012799,541328,4936308,SC,4,U4,2017
31012800,541478,4936258,SC,4,U4,2017
31012801,538278,4936208,SC,4,U4,2017
31012802,539928,4936208,SC,4,U4,2017
31012803,541528,4936158,SC,4,U4,2017
31012804,537778,4935558,SC,4,U4,2017
31012805,541728,4935358,SC,4,U4,2017
31012807,538578,4935258,SC,4,U4,2017
31012808,543578,4935108,SC,4,U4,2017
31012809,542028,4935058,SC,4,U4,2017
31012810,542428,4935058,SC,4,U4,2017
31012811,542628,4934958,SC,4,U4,2017
31012812,542778,4934958,SC,4,U4,2017
31012813,544878,4934758,SC,4,U4,2017
31012814,545028,4934758,SC,4,U4,2017
31012855,534228,4938558,BWC,4,U4,2017
31012856,535678,4937858,BWC,4,U4,2017
31012857,536928,4937358,BWC,4,U4,2017
31012858,536928,4937308,BWC,4,U4,2017
31012859,536928,4937158,BWC,4,U4,2017
31012860,538728,4937158,BWC,4,U4,2017
31012861,539028,4937058,BWC,4,U4,2017
31012862,539628,4936908,BWC,4,U4,2017
31012863,541528,4936908,BWC,4,U4,2017
31012864,541978,4936908,BWC,4,U4,2017
31012865,540178,4936908,BWC,4,U4,2017
31012866,539128,4936858,BWC,4,U4,2017
31012867,540578,4936858,BWC,4,U4,2017
31012868,540628,4936858,BWC,4,U4,2017
31012870,537878,4936808,BWC,4,U4,2017
31012871,540678,4936808,BWC,4,U4,2017
31012872,537678,4936658,BWC,4,U4,2017
31012873,537828,4936608,BWC,4,U4,2017
31012874,538578,4936608,BWC,4,U4,2017
31012875,541178,4936608,BWC,4,U4,2017
31012877,536828,4936458,BWC,4,U4,2017
31012878,536578,4936408,BWC,4,U4,2017
31012879,536478,4936308,BWC,4,U4,2017
31012880,542178,4936308,BWC,4,U4,2017
31012881,542778,4936308,BWC,4,U4,2017
31012882,536528,4936258,BWC,4,U4,2017
31012883,542678,4936258,BWC,4,U4,2017
31012885,542028,4936258,BWC,4,U4,2017
31012886,542478,4936258,BWC,4,U4,2017
31012887,536928,4936258,BWC,4,U4,2017
31012888,536278,4936058,BWC,4,U4,2017
31012889,536928,4936058,BWC,4,U4,2017
31012890,540978,4936058,BWC,4,U4,2017
31012891,536328,4936008,BWC,4,U4,2017
31012892,540528,4936008,BWC,4,U4,2017
31012893,543028,4935958,BWC,4,U4,2017
31012894,537278,4935958,BWC,4,U4,2017
31012895,540428,4935958,BWC,4,U4,2017
31012896,539828,4935908,BWC,4,U4,2017
31012897,542878,4935908,BWC,4,U4,2017
31012898,537128,4935858,BWC,4,U4,2017
31012899,536278,4935808,BWC,4,U4,2017
31012900,540878,4935808,BWC,4,U4,2017
31012901,542928,4935808,BWC,4,U4,2017
31012902,536928,4935808,BWC,4,U4,2017
31012904,540128,4935758,BWC,4,U4,2017
31012905,540278,4935758,BWC,4,U4,2017
31012906,543028,4935708,BWC,4,U4,2017
31012907,539628,4935708,BWC,4,U4,2017
31012908,540578,4935708,BWC,4,U4,2017
31012909,540928,4935708,BWC,4,U4,2017
31012910,541478,4935708,BWC,4,U4,2017
31012911,542178,4935658,BWC,4,U4,2017
31012912,536128,4935558,BWC,4,U4,2017
31012914,540128,4935558,BWC,4,U4,2017
31012915,540328,4935558,BWC,4,U4,2017
31012916,536378,4935508,BWC,4,U4,2017
31012917,542528,4935508,BWC,4,U4,2017
31012918,540778,4935508,BWC,4,U4,2017
31012920,539928,4935458,BWC,4,U4,2017
31012921,540378,4935458,BWC,4,U4,2017
31012922,540728,4935458,BWC,4,U4,2017
31012923,542578,4935358,BWC,4,U4,2017
31012924,539778,4935358,BWC,4,U4,2017
31012925,542528,4935308,BWC,4,U4,2017
31012926,539928,4935308,BWC,4,U4,2017
31012928,541028,4934808,BWC,4,U4,2017
31012929,539878,4934658,BWC,4,U4,2017
31012930,540628,4934658,BWC,4,U4,2017
31012931,540528,4934608,BWC,4,U4,2017
31012933,543428,4934258,BWC,4,U4,2017
31012934,544678,4934208,BWC,4,U4,2017
31012935,544878,4934158,BWC,4,U4,2017
31012936,544028,4934108,BWC,4,U4,2017
31012937,544128,4934108,BWC,4,U4,2017
31012939,544278,4933908,BWC,4,U4,2017
31012940,544428,4933808,BWC,4,U4,2017
31012941,544328,4933708,BWC,4,U4,2017
31012942,545378,4933658,BWC,4,U4,2017
31012943,564079,4922657,BWC,4,U4,2017
31012944,564429,4922357,BWC,4,U4,2017
31012945,572079,4918957,BWC,4,L4,2017
31012946,574829,4918807,BWC,4,L4,2017
31012947,571329,4918807,BWC,4,L4,2017
31012948,572079,4918557,BWC,4,L4,2017
31012952,578729,4917457,BWC,4,L4,2017
31012953,579779,4917407,BWC,4,L4,2017
31012955,579179,4917107,BWC,4,L4,2017
31012956,580379,4917107,BWC,4,L4,2017
31012957,580279,4917007,BWC,4,L4,2017
31012958,580529,4917007,BWC,4,L4,2017
31012959,580779,4917007,BWC,4,L4,2017
31012960,580679,4916907,BWC,4,L4,2017
31012961,578629,4916907,BWC,4,L4,2017
31012962,579079,4916857,BWC,4,L4,2017
31012963,579279,4916807,BWC,4,L4,2017
31012964,578529,4916807,BWC,4,L4,2017
31012965,580629,4916707,BWC,4,L4,2017
31012966,580929,4916657,BWC,4,L4,2017
31012967,576679,4916607,BWC,4,L4,2017
31012968,579979,4916557,BWC,4,L4,2017
31012969,578929,4916507,BWC,4,L4,2017
31012971,578679,4916407,BWC,4,L4,2017
31012972,579029,4916257,BWC,4,L4,2017
31012973,580029,4916207,BWC,4,L4,2017
31012974,577329,4916057,BWC,4,L4,2017
31012975,577679,4915957,BWC,4,L4,2017
31012977,579329,4915907,BWC,4,L4,2017
31012978,580279,4915907,BWC,4,L4,2017
31012979,578429,4915907,BWC,4,L4,2017
31012980,579929,4915857,BWC,4,L4,2017
31012981,581229,4915707,BWC,4,L4,2017
31012982,581529,4915707,BWC,4,L4,2017
31012983,580829,4915607,BWC,4,L4,2017
31012984,581729,4915557,BWC,4,L4,2017
31012985,580229,4915457,BWC,4,L4,2017
31012986,578329,4915457,BWC,4,L4,2017
31012987,581279,4915407,BWC,4,L4,2017
31012988,580379,4915357,BWC,4,L4,2017
31012989,580279,4915207,BWC,4,L4,2017
31012990,580479,4915107,BWC,4,L4,2017
31012992,579829,4915007,BWC,4,L4,2017
31012993,581129,4915007,BWC,4,L4,2017
31012994,581979,4915007,BWC,4,L4,2017
31012995,582229,4914957,BWC,4,L4,2017
31012996,579579,4914907,BWC,4,L4,2017
31012997,581779,4914907,BWC,4,L4,2017
31012998,581629,4914857,BWC,4,L4,2017
31012999,581029,4914807,BWC,4,L4,2017
31013000,581579,4914757,BWC,4,L4,2017
31013001,580479,4914757,BWC,4,L4,2017
31013002,581279,4914707,BWC,4,L4,2017
31013003,579679,4914657,BWC,4,L4,2017
31013004,580579,4914557,BWC,4,L4,2017
31013005,581179,4914357,BWC,4,L4,2017
31013006,582129,4914257,BWC,4,L4,2017
31013007,578129,4914207,BWC,4,L4,2017
31013008,580379,4914207,BWC,4,L4,2017
31013009,581379,4914207,BWC,4,L4,2017
31013010,581579,4914007,BWC,4,L4,2017
31013011,581629,4914007,BWC,4,L4,2017
31013013,581579,4913957,BWC,4,L4,2017
31013014,580829,4913757,BWC,4,L4,2017
31013016,582029,4913707,BWC,4,L4,2017
31013022,579729,4912757,BWC,4,L4,2017
31013024,579229,4912557,BWC,4,L4,2017
31013028,579229,4912407,BWC,4,L4,2017
31013032,580729,4912057,BWC,4,L4,2017
31013033,580379,4912007,BWC,4,L4,2017
31013034,579379,4911907,BWC,4,L4,2017
31013035,581029,4911907,BWC,4,L4,2017
31013036,579429,4911807,BWC,4,L4,2017
31013037,579679,4911657,BWC,4,L4,2017
31013038,585179,4911657,BWC,4,L4,2017
31013039,579629,4911607,BWC,4,L4,2017
31013040,583929,4911557,BWC,4,L4,2017
31013041,585229,4911457,BWC,4,L4,2017
31013042,584779,4911157,BWC,4,L4,2017
31013043,585679,4910457,BWC,4,L4,2017
31013044,585079,4910307,BWC,4,L4,2017
31013045,585429,4910307,BWC,4,L4,2017
31013046,583379,4909957,BWC,4,L4,2017
31013047,583879,4909957,BWC,4,L4,2017
31013048,583629,4909857,BWC,4,L4,2017
31013049,583429,4909757,BWC,4,L4,2017
31013050,583679,4909657,BWC,4,L4,2017
31013051,584479,4909357,BWC,4,L4,2017
31013052,585579,4909207,BWC,4,L4,2017
31013053,585429,4909157,BWC,4,L4,2017
31013054,584979,4908657,BWC,4,L4,2017
31013235,540979,4935208,MBC,4,U4,2017
31013236,536879,4936258,BWC,4,U4,2017
31013237,531326,4940115,MBC,4,U4,2018
31013238,531681,4940055,MBC,4,U4,2018
31013243,535332,4937208,MBC,4,U4,2018
31013244,539283,4935360,MBC,4,U4,2018
31013246,540881,4935201,MBC,4,U4,2018
31013247,536626,4935151,MBC,4,U4,2018
31013248,539832,4935170,MBC,4,U4,2018
31013249,541479,4935165,MBC,4,U4,2018
31013250,540624,4935055,MBC,4,U4,2018
31013252,544681,4934603,MBC,4,U4,2018
31013253,543071,4934356,MBC,4,U4,2018
31013255,544830,4934302,MBC,4,U4,2018
31013256,545130,4934007,MBC,4,U4,2018
31013257,572820,4917912,MBC,4,L4,2018
31013258,572635,4917852,MBC,4,L4,2018
31013259,572988,4917748,MBC,4,L4,2018
31013261,578635,4914763,MBC,4,L4,2018
31013262,578925,4914711,MBC,4,L4,2018
31013263,577982,4914558,MBC,4,L4,2018
31013265,580480,4913665,MBC,4,L4,2018
31013266,580134,4913459,MBC,4,L4,2018
31013267,581230,4913417,MBC,4,L4,2018
31013268,581783,4912956,MBC,4,L4,2018
31013269,582326,4912707,MBC,4,L4,2018
31013270,583022,4912002,MBC,4,L4,2018
31013271,583132,4911555,MBC,4,L4,2018
31013272,583386,4911206,MBC,4,L4,2018
31013273,583428,4911209,MBC,4,L4,2018
31013274,583531,4911058,MBC,4,L4,2018
31013275,583678,4910512,MBC,4,L4,2018
31013276,583678,4910360,MBC,4,L4,2018
31013277,583629,4910259,MBC,4,L4,2018
31013278,583928,4910155,MBC,4,L4,2018
31013280,584779,4910099,MBC,4,L4,2018
31013281,584086,4910002,MBC,4,L4,2018
31013282,585239,4909957,MBC,4,L4,2018
31013283,584481,4909652,MBC,4,L4,2018
31013285,584282,4909609,MBC,4,L4,2018
31013286,585539,4909406,MBC,4,L4,2018
31013287,532277,4939011,SC,4,U4,2018
31013288,532686,4938662,SC,4,U4,2018
31013289,535132,4938004,SC,4,U4,2018
31013291,535484,4937905,SC,4,U4,2018
31013293,535575,4937714,SC,4,U4,2018
31013296,538034,4937205,SC,4,U4,2018
31013297,538182,4937112,SC,4,U4,2018
31013298,538679,4936960,SC,4,U4,2018
31013299,537133,4936853,SC,4,U4,2018
31013302,537585,4936300,SC,4,U4,2018
31013303,537671,4936303,SC,4,U4,2018
31013309,537832,4935563,SC,4,U4,2018
31013313,542977,4934857,SC,4,U4,2018
31013314,545182,4934812,SC,4,U4,2018
31013315,545237,4934811,SC,4,U4,2018
31013316,543484,4934816,SC,4,U4,2018
31013357,536823,4937404,BWC,4,U4,2018
31013358,536885,4937408,BWC,4,U4,2018
31013359,537318,4937313,BWC,4,U4,2018
31013360,539733,4936903,BWC,4,U4,2018
31013361,541378,4936919,BWC,4,U4,2018
31013362,539982,4936912,BWC,4,U4,2018
31013363,539624,4936853,BWC,4,U4,2018
31013364,539819,4936864,BWC,4,U4,2018
31013365,539130,4936806,BWC,4,U4,2018
31013366,540180,4936761,BWC,4,U4,2018
31013367,540782,4936763,BWC,4,U4,2018
31013368,539928,4936704,BWC,4,U4,2018
31013369,540079,4936708,BWC,4,U4,2018
31013370,540174,4936709,BWC,4,U4,2018
31013371,540323,4936708,BWC,4,U4,2018
31013372,540432,4936714,BWC,4,U4,2018
31013373,540629,4936716,BWC,4,U4,2018
31013374,540681,4936662,BWC,4,U4,2018
31013375,536527,4936562,BWC,4,U4,2018
31013376,536837,4936508,BWC,4,U4,2018
31013377,536774,4936408,BWC,4,U4,2018
31013378,536982,4936410,BWC,4,U4,2018
31013379,536422,4936311,BWC,4,U4,2018
31013380,536477,4936308,BWC,4,U4,2018
31013381,536578,4936256,BWC,4,U4,2018
31013382,542585,4936266,BWC,4,U4,2018
31013383,541983,4936260,BWC,4,U4,2018
31013384,542679,4936209,BWC,4,U4,2018
31013385,536627,4936211,BWC,4,U4,2018
31013386,536774,4936210,BWC,4,U4,2018
31013387,539633,4936166,BWC,4,U4,2018
31013388,541074,4936151,BWC,4,U4,2018
31013389,538925,4936115,BWC,4,U4,2018
31013390,540573,4936109,BWC,4,U4,2018
31013391,540627,4936067,BWC,4,U4,2018
31013392,540376,4936057,BWC,4,U4,2018
31013393,541432,4936063,BWC,4,U4,2018
31013395,542276,4935962,BWC,4,U4,2018
31013396,543081,4935966,BWC,4,U4,2018
31013397,539327,4935952,BWC,4,U4,2018
31013398,536633,4935954,BWC,4,U4,2018
31013399,538777,4935911,BWC,4,U4,2018
31013400,539170,4935913,BWC,4,U4,2018
31013401,540832,4935914,BWC,4,U4,2018
31013402,536137,4935858,BWC,4,U4,2018
31013403,539025,4935856,BWC,4,U4,2018
31013404,540227,4935854,BWC,4,U4,2018
31013405,542424,4935809,BWC,4,U4,2018
31013406,537029,4935807,BWC,4,U4,2018
31013407,536425,4935712,BWC,4,U4,2018
31013408,538928,4935712,BWC,4,U4,2018
31013409,542478,4935662,BWC,4,U4,2018
31013410,540080,4935655,BWC,4,U4,2018
31013411,542226,4935611,BWC,4,U4,2018
31013412,542984,4935616,BWC,4,U4,2018
31013413,539780,4935613,BWC,4,U4,2018
31013414,543232,4935555,BWC,4,U4,2018
31013415,542428,4935511,BWC,4,U4,2018
31013416,542779,4935500,BWC,4,U4,2018
31013417,539831,4935513,BWC,4,U4,2018
31013418,540931,4935502,BWC,4,U4,2018
31013419,539777,4935459,BWC,4,U4,2018
31013420,539822,4935462,BWC,4,U4,2018
31013422,539526,4935406,BWC,4,U4,2018
31013423,539721,4935402,BWC,4,U4,2018
31013424,539920,4935410,BWC,4,U4,2018
31013425,541579,4935406,BWC,4,U4,2018
31013426,542328,4935308,BWC,4,U4,2018
31013427,543087,4935311,BWC,4,U4,2018
31013428,542479,4935255,BWC,4,U4,2018
31013429,538775,4934965,BWC,4,U4,2018
31013430,541570,4934905,BWC,4,U4,2018
31013431,541278,4934918,BWC,4,U4,2018
31013432,554180,4934854,BWC,4,U4,2018
31013434,540772,4934702,BWC,4,U4,2018
31013435,554131,4934611,BWC,4,U4,2018
31013437,543976,4934255,BWC,4,U4,2018
31013438,543977,4934161,BWC,4,U4,2018
31013439,544778,4933959,BWC,4,U4,2018
31013440,545074,4933957,BWC,4,U4,2018
31013441,544426,4933905,BWC,4,U4,2018
31013442,544574,4933908,BWC,4,U4,2018
31013443,544479,4933812,BWC,4,U4,2018
31013444,544427,4933752,BWC,4,U4,2018
31013446,564082,4922558,BWC,4,U4,2018
31013447,571175,4918761,BWC,4,L4,2018
31013448,571472,4918658,BWC,4,L4,2018
31013449,572027,4918659,BWC,4,L4,2018
31013450,571674,4918558,BWC,4,L4,2018
31013451,572177,4918562,BWC,4,L4,2018
31013453,574779,4918363,BWC,4,L4,2018
31013454,578428,4917510,BWC,4,L4,2018
31013455,575420,4917408,BWC,4,L4,2018
31013459,579535,4917109,BWC,4,L4,2018
31013460,580079,4916905,BWC,4,L4,2018
31013461,580581,4916765,BWC,4,L4,2018
31013462,580728,4916711,BWC,4,L4,2018
31013463,580080,4916706,BWC,4,L4,2018
31013465,579880,4916610,BWC,4,L4,2018
31013466,578529,4916560,BWC,4,L4,2018
31013467,580882,4916509,BWC,4,L4,2018
31013471,580835,4916208,BWC,4,L4,2018
31013472,581130,4916216,BWC,4,L4,2018
31013473,581228,4916210,BWC,4,L4,2018
31013475,579679,4916109,BWC,4,L4,2018
31013476,581473,4916106,BWC,4,L4,2018
31013477,577685,4916007,BWC,4,L4,2018
31013479,576931,4915909,BWC,4,L4,2018
31013481,580874,4915858,BWC,4,L4,2018
31013482,581682,4915855,BWC,4,L4,2018
31013483,579930,4915809,BWC,4,L4,2018
31013484,578580,4915809,BWC,4,L4,2018
31013486,578120,4915714,BWC,4,L4,2018
31013487,578480,4915717,BWC,4,L4,2018
31013488,581029,4915602,BWC,4,L4,2018
31013490,580280,4915562,BWC,4,L4,2018
31013492,581933,4915506,BWC,4,L4,2018
31013493,580879,4915408,BWC,4,L4,2018
31013494,580632,4915361,BWC,4,L4,2018
31013495,581384,4915355,BWC,4,L4,2018
31013496,580984,4915307,BWC,4,L4,2018
31013497,580976,4915157,BWC,4,L4,2018
31013498,581932,4915109,BWC,4,L4,2018
31013499,579677,4914962,BWC,4,L4,2018
31013502,580776,4914758,BWC,4,L4,2018
31013504,582032,4914408,BWC,4,L4,2018
31013506,581729,4914360,BWC,4,L4,2018
31013507,582078,4914356,BWC,4,L4,2018
31013508,581030,4914313,BWC,4,L4,2018
31013509,581229,4914263,BWC,4,L4,2018
31013511,581730,4914106,BWC,4,L4,2018
31013512,581682,4913907,BWC,4,L4,2018
31013515,582286,4913605,BWC,4,L4,2018
31013516,582428,4913614,BWC,4,L4,2018
31013517,581420,4913608,BWC,4,L4,2018
31013518,582181,4913509,BWC,4,L4,2018
31013519,582770,4913406,BWC,4,L4,2018
31013520,580134,4913048,BWC,4,L4,2018
31013521,580175,4913067,BWC,4,L4,2018
31013522,580633,4912910,BWC,4,L4,2018
31013523,580780,4912907,BWC,4,L4,2018
31013524,583634,4912762,BWC,4,L4,2018
31013525,582876,4912708,BWC,4,L4,2018
31013526,581073,4912566,BWC,4,L4,2018
31013527,580980,4912511,BWC,4,L4,2018
31013528,579731,4912504,BWC,4,L4,2018
31013529,583628,4912455,BWC,4,L4,2018
31013530,579280,4912350,BWC,4,L4,2018
31013531,579736,4912359,BWC,4,L4,2018
31013532,581184,4912310,BWC,4,L4,2018
31013533,580831,4912308,BWC,4,L4,2018
31013534,579778,4912059,BWC,4,L4,2018
31013535,579623,4912010,BWC,4,L4,2018
31013536,579480,4911963,BWC,4,L4,2018
31013537,584884,4911858,BWC,4,L4,2018
31013538,584682,4911758,BWC,4,L4,2018
31013539,581073,4911706,BWC,4,L4,2018
31013540,585078,4911658,BWC,4,L4,2018
31013541,580581,4911507,BWC,4,L4,2018
31013542,585383,4911300,BWC,4,L4,2018
31013543,584328,4911258,BWC,4,L4,2018
31013544,585431,4911206,BWC,4,L4,2018
31013545,585231,4911002,BWC,4,L4,2018
31013546,585377,4910965,BWC,4,L4,2018
31013547,584380,4910559,BWC,4,L4,2018
31013548,585528,4910458,BWC,4,L4,2018
31013549,583329,4909963,BWC,4,L4,2018
31013550,583728,4909667,BWC,4,L4,2018
31013552,583986,4909413,BWC,4,L4,2018
31013553,584529,4909407,BWC,4,L4,2018
31013554,583688,4909003,BWC,4,L4,2018
31013555,584536,4908761,BWC,4,L4,2018
31013556,584479,4908605,BWC,4,L4,2018
31013690,535523,4935617,MBC,4,U4,2019
31013691,537271,4935610,MBC,4,U4,2019
31013692,540929,4935215,MBC,4,U4,2019
31013693,536626,4935155,MBC,4,U4,2019
31013694,540722,4935108,MBC,4,U4,2019
31013695,536481,4935060,MBC,4,U4,2019
31013696,544482,4934656,MBC,4,U4,2019
31013697,544633,4934660,MBC,4,U4,2019
31013698,544233,4934660,MBC,4,U4,2019
31013699,543430,4934560,MBC,4,U4,2019
31013701,544678,4934349,MBC,4,U4,2019
31013703,544933,4934254,MBC,4,U4,2019
31013704,545026,4934155,MBC,4,U4,2019
31013706,545380,4933851,MBC,4,U4,2019
31013707,572024,4918258,MBC,4,L4,2019
31013719,582036,4913313,MBC,4,L4,2019
31013722,582136,4912703,MBC,4,L4,2019
31013723,582982,4912013,MBC,4,L4,2019
31013724,582986,4911954,MBC,4,L4,2019
31013725,583780,4911456,MBC,4,L4,2019
31013726,583286,4911260,MBC,4,L4,2019
31013727,583530,4911051,MBC,4,L4,2019
31013728,583577,4911052,MBC,4,L4,2019
31013729,583280,4911003,MBC,4,L4,2019
31013730,583434,4910960,MBC,4,L4,2019
31013731,583528,4910664,MBC,4,L4,2019
31013732,583829,4910353,MBC,4,L4,2019
31013733,583985,4909908,MBC,4,L4,2019
31013734,585538,4909815,MBC,4,L4,2019
31013735,585187,4909663,MBC,4,L4,2019
31013737,533271,4938763,SC,4,U4,2019
31013738,533132,4938609,SC,4,U4,2019
31013747,537437,4936957,SC,4,U4,2019
31013748,539133,4936760,SC,4,U4,2019
31013750,540586,4936413,SC,4,U4,2019
31013754,539835,4936209,SC,4,U4,2019
31013755,541480,4936206,SC,4,U4,2019
31013757,541581,4935659,SC,4,U4,2019
31013758,541628,4935506,SC,4,U4,2019
31013761,541832,4935450,SC,4,U4,2019
31013762,543535,4935112,SC,4,U4,2019
31013765,542429,4934910,SC,4,U4,2019
31013766,543277,4934708,SC,4,U4,2019
31013813,539080,4936906,BWC,4,U4,2019
31013814,541729,4936907,BWC,4,U4,2019
31013816,540526,4936806,BWC,4,U4,2019
31013817,539182,4936811,BWC,4,U4,2019
31013819,539779,4936763,BWC,4,U4,2019
31013820,539724,4936707,BWC,4,U4,2019
31013821,539574,4936704,BWC,4,U4,2019
31013822,540782,4936663,BWC,4,U4,2019
31013824,542977,4936605,BWC,4,U4,2019
31013825,539831,4936607,BWC,4,U4,2019
31013828,539126,4936350,BWC,4,U4,2019
31013830,542781,4936310,BWC,4,U4,2019
31013833,536473,4936264,BWC,4,U4,2019
31013834,541087,4936111,BWC,4,U4,2019
31013836,540566,4936109,BWC,4,U4,2019
31013837,543079,4936056,BWC,4,U4,2019
31013838,536882,4936063,BWC,4,U4,2019
31013839,537131,4936060,BWC,4,U4,2019
31013840,536824,4936010,BWC,4,U4,2019
31013841,537127,4935959,BWC,4,U4,2019
31013842,542173,4935957,BWC,4,U4,2019
31013843,539875,4935952,BWC,4,U4,2019
31013844,542222,4935911,BWC,4,U4,2019
31013845,538818,4935859,BWC,4,U4,2019
31013846,542173,4935857,BWC,4,U4,2019
31013847,542479,4935861,BWC,4,U4,2019
31013848,536929,4935860,BWC,4,U4,2019
31013849,538972,4935808,BWC,4,U4,2019
31013850,540781,4935812,BWC,4,U4,2019
31013851,537176,4935805,BWC,4,U4,2019
31013854,542230,4935710,BWC,4,U4,2019
31013855,542683,4935705,BWC,4,U4,2019
31013856,539678,4935710,BWC,4,U4,2019
31013857,542784,4935709,BWC,4,U4,2019
31013858,542126,4935656,BWC,4,U4,2019
31013859,542224,4935657,BWC,4,U4,2019
31013860,539978,4935666,BWC,4,U4,2019
31013861,540381,4935661,BWC,4,U4,2019
31013862,542230,4935609,BWC,4,U4,2019
31013863,539873,4935605,BWC,4,U4,2019
31013864,540930,4935610,BWC,4,U4,2019
31013865,540377,4935563,BWC,4,U4,2019
31013866,540624,4935559,BWC,4,U4,2019
31013867,542272,4935504,BWC,4,U4,2019
31013868,542524,4935509,BWC,4,U4,2019
31013869,543123,4935505,BWC,4,U4,2019
31013870,542329,4935465,BWC,4,U4,2019
31013871,542431,4935458,BWC,4,U4,2019
31013872,541421,4935463,BWC,4,U4,2019
31013873,540329,4935404,BWC,4,U4,2019
31013874,541327,4935408,BWC,4,U4,2019
31013875,542272,4935353,BWC,4,U4,2019
31013876,542871,4935257,BWC,4,U4,2019
31013877,538681,4934958,BWC,4,U4,2019
31013878,538823,4934960,BWC,4,U4,2019
31013879,541430,4934902,BWC,4,U4,2019
31013880,554184,4934869,BWC,4,U4,2019
31013881,541381,4934856,BWC,4,U4,2019
31013882,539026,4934855,BWC,4,U4,2019
31013883,553976,4934800,BWC,4,U4,2019
31013884,541125,4934814,BWC,4,U4,2019
31013885,541331,4934810,BWC,4,U4,2019
31013886,553974,4934758,BWC,4,U4,2019
31013887,541125,4934757,BWC,4,U4,2019
31013888,539933,4934553,BWC,4,U4,2019
31013890,544322,4934112,BWC,4,U4,2019
31013891,544625,4934060,BWC,4,U4,2019
31013892,545075,4934002,BWC,4,U4,2019
31013893,544627,4933803,BWC,4,U4,2019
31013895,545075,4933705,BWC,4,U4,2019
31013896,555874,4924808,BWC,4,U4,2019
31013898,571331,4918958,BWC,4,L4,2019
31013899,572274,4918311,BWC,4,L4,2019
31013902,579829,4917357,BWC,4,L4,2019
31013906,577383,4917006,BWC,4,L4,2019
31013907,577483,4917001,BWC,4,L4,2019
31013914,577728,4916707,BWC,4,L4,2019
31013915,578123,4916655,BWC,4,L4,2019
31013916,579128,4916607,BWC,4,L4,2019
31013918,578634,4916460,BWC,4,L4,2019
31013919,579033,4916462,BWC,4,L4,2019
31013921,578682,4916410,BWC,4,L4,2019
31013923,580632,4916313,BWC,4,L4,2019
31013924,580544,4916254,BWC,4,L4,2019
31013925,580839,4916252,BWC,4,L4,2019
31013926,581332,4916257,BWC,4,L4,2019
31013927,579282,4916261,BWC,4,L4,2019
31013928,581382,4916256,BWC,4,L4,2019
31013929,579325,4916162,BWC,4,L4,2019
31013931,581124,4916051,BWC,4,L4,2019
31013935,579475,4915707,BWC,4,L4,2019
31013938,579431,4915512,BWC,4,L4,2019
31013939,579424,4915460,BWC,4,L4,2019
31013946,579079,4915164,BWC,4,L4,2019
31013950,582021,4914958,BWC,4,L4,2019
31013952,581032,4914803,BWC,4,L4,2019
31013953,581031,4914698,BWC,4,L4,2019
31013954,582225,4914609,BWC,4,L4,2019
31013956,582177,4914468,BWC,4,L4,2019
31013958,582026,4914352,BWC,4,L4,2019
31013959,581078,4914306,BWC,4,L4,2019
31013962,580278,4914121,BWC,4,L4,2019
31013963,581075,4913708,BWC,4,L4,2019
31013964,581975,4913403,BWC,4,L4,2019
31013967,579578,4913149,BWC,4,L4,2019
31013968,580078,4913059,BWC,4,L4,2019
31013969,580328,4913010,BWC,4,L4,2019
31013970,580924,4912863,BWC,4,L4,2019
31013971,581031,4912605,BWC,4,L4,2019
31013973,579535,4912607,BWC,4,L4,2019
31013975,579433,4912557,BWC,4,L4,2019
31013976,580234,4912515,BWC,4,L4,2019
31013977,583282,4912514,BWC,4,L4,2019
31013978,583835,4912409,BWC,4,L4,2019
31013979,584224,4912314,BWC,4,L4,2019
31013980,579531,4912254,BWC,4,L4,2019
31013983,584879,4911860,BWC,4,L4,2019
31013985,579475,4911766,BWC,4,L4,2019
31013986,579631,4911703,BWC,4,L4,2019
31013988,584925,4911652,BWC,4,L4,2019
31013989,579529,4911609,BWC,4,L4,2019
31013990,584979,4911508,BWC,4,L4,2019
31013991,583834,4911457,BWC,4,L4,2019
31013992,584878,4911309,BWC,4,L4,2019
31013994,585078,4910757,BWC,4,L4,2019
31013995,584277,4910663,BWC,4,L4,2019
31013997,585126,4910455,BWC,4,L4,2019
31013998,585532,4910200,BWC,4,L4,2019
31013999,583336,4910158,BWC,4,L4,2019
31014138,579279,4912604,BWC,4,L4,2019
32001998,638356,4856076,SC,8,8,1998
32001999,638601,4856622,SC,8,8,1998
32002000,638262,4857271,BWC,8,8,1998
32002001,637962,4857373,BWC,8,8,1998
32002002,637762,4857558,BWC,8,8,1998
32002003,637915,4857665,BWC,8,8,1998
32002004,637893,4857828,BWC,8,8,1998
32002005,637504,4858056,BWC,8,8,1998
32002006,637909,4858167,SC,8,8,1998
32002007,638193,4857203,BWC,8,8,1998
32002008,638558,4857615,BWC,8,8,1998
32002009,638460,4857675,BWC,8,8,1998
32002011,638415,4858359,BWC,8,8,1998
32002013,639210,4855691,BWC,8,8,1998
32002014,638956,4855361,BWC,8,8,1998
32002015,639252,4855246,SC,8,8,1998
32002016,639555,4854594,BWC,8,8,1998
32002017,639055,4854576,SC,8,8,1998
32002018,638200,4855680,SC,8,8,1998
32002019,638045,4855917,SC,8,8,1998
32002020,642535,4826502,MBC,8,8,1998
32002021,642612,4826551,MBC,8,8,1998
32002022,642548,4826669,MBC,8,8,1998
32002024,643402,4828659,IMP,8,8,1998
32002025,643253,4828889,IMP,8,8,1998
32002026,642977,4829853,IMP,8,8,1998
32002027,642119,4830049,IMP,8,8,1998
32002028,641857,4829516,IMP,8,8,1998
32002029,641901,4829505,IMP,8,8,1998
32002030,642270,4829337,IMP,8,8,1998
32002031,642222,4829027,IMP,8,8,1998
32002032,642755,4829124,IMP,8,8,1998
32002033,642617,4828816,IMP,8,8,1998
32002034,642254,4828712,IMP,8,8,1998
32002035,642158,4828767,IMP,8,8,1998
32002036,642405,4828022,IMP,8,8,1998
32002037,642410,4827894,IMP,8,8,1998
32002039,641355,4828114,IMP,8,8,1998
32002040,641404,4828227,IMP,8,8,1998
32002041,636446,4857227,BWC,8,8,1998
32002042,635938,4858078,BWC,8,8,1998
32002043,637371,4857002,SC,8,8,1998
32002044,637719,4856594,SC,8,8,1998
32002045,637904,4856357,SC,8,8,1998
32002046,637693,4856421,BWC,8,8,1998
32002048,638085,4855020,MBC,8,8,1998
32002050,638713,4854461,MBC,8,8,1998
32002053,639273,4854095,MBC,8,8,1998
32002054,638601,4853919,SC,8,8,1998
32002055,638900,4852851,SC,8,8,1998
32002056,639055,4852475,SC,8,8,1998
32002060,639546,4851045,MBC,8,8,1998
32002061,639545,4850931,MBC,8,8,1998
32002062,639458,4850913,MBC,8,8,1998
32002064,640104,4850959,BWC,8,8,1998
32002065,640110,4851661,MBC,8,8,1998
32002067,642763,4845175,SC,8,8,1998
32002068,642704,4845114,SC,8,8,1998
32002069,642653,4844978,BWC,8,8,1998
32002070,642296,4845219,BWC,8,8,1998
32002071,642183,4845413,SC,8,8,1998
32002072,641904,4845257,BWC,8,8,1998
32002073,641911,4845362,BWC,8,8,1998
32002075,641749,4847167,SC,8,8,1998
32002078,641116,4845718,SC,8,8,1998
32002079,640845,4845324,MBC,8,8,1998
32002080,640866,4845156,SC,8,8,1998
32002084,640913,4845952,MBC,8,8,1998
32002086,640985,4846335,MBC,8,8,1998
32002087,642700,4841918,BWC,8,8,1998
32002088,642761,4842008,BWC,8,8,1998
32002089,643348,4842453,BWC,8,8,1998
32002090,643204,4841160,BWC,8,8,1998
32002091,643167,4841104,BWC,8,8,1998
32002092,643804,4840567,BWC,8,8,1998
32002093,643601,4840262,IMP,8,8,1998
32002094,643655,4839958,IMP,8,8,1998
32002095,643561,4839471,IMP,8,8,1998
32002096,643054,4839416,SC,8,8,1998
32002097,642705,4839868,IMP,8,8,1998
32002098,642607,4839756,IMP,8,8,1998
32002099,642663,4839615,IMP,8,8,1998
32002100,642912,4840220,BWC,8,8,1998
32002101,643299,4840522,BWC,8,8,1998
32002102,642999,4840553,BWC,8,8,1998
32002103,642952,4840615,BWC,8,8,1998
32002104,642930,4840715,BWC,8,8,1998
32002107,642553,4840270,IMP,8,8,1998
32002108,642653,4841255,SC,8,8,1998
32002109,642513,4841357,BWC,8,8,1998
32002110,639144,4850065,BWC,8,8,1998
32002111,639259,4849966,BWC,8,8,1998
32002112,639608,4849023,BWC,8,8,1998
32002113,638821,4848414,BWC,8,8,1998
32002114,639498,4848494,BWC,8,8,1998
32002115,639918,4849012,BWC,8,8,1998
32002116,639902,4848206,BWC,8,8,1998
32002117,639953,4847999,BWC,8,8,1998
32002118,640746,4848181,BWC,8,8,1998
32002119,640364,4847496,BWC,8,8,1998
32002120,641018,4847762,SC,8,8,1998
32002121,640970,4847859,SC,8,8,1998
32002122,640971,4848194,SC,8,8,1998
32002123,641006,4848320,SC,8,8,1998
32002124,641045,4848459,MBC,8,8,1998
32002125,640989,4848511,MBC,8,8,1998
32002126,640542,4848783,BWC,8,8,1998
32002127,640862,4848764,MBC,8,8,1998
32002129,640662,4848909,SC,8,8,1998
32002130,640519,4849028,SC,8,8,1998
32002131,640204,4849096,SC,8,8,1998
32002133,641055,4849064,MBC,8,8,1998
32002134,640605,4849667,SC,8,8,1998
32002135,640618,4849712,SC,8,8,1998
32002136,642907,4845706,SC,8,8,1998
32002137,642364,4846167,SC,8,8,1998
32002138,642490,4846500,SC,8,8,1998
32002139,642498,4846709,SC,8,8,1998
32002140,642415,4847047,BWC,8,8,1998
32002146,641851,4849306,BWC,8,8,1998
32002148,643679,4846479,SC,8,8,1998
32002149,643850,4845880,SC,8,8,1998
32002150,643763,4845760,BWC,8,8,1998
32002151,643863,4845650,BWC,8,8,1998
32002152,643978,4846160,BWC,8,8,1998
32002153,644402,4845804,BWC,8,8,1998
32002154,644640,4845118,BWC,8,8,1998
32002155,644074,4845652,BWC,8,8,1998
32002156,644136,4845382,BWC,8,8,1998
32002157,643763,4845355,SC,8,8,1998
32002158,643701,4844813,SC,8,8,1998
32002159,643507,4844670,BWC,8,8,1998
32002160,643743,4844358,SC,8,8,1998
32002161,643850,4844219,SC,8,8,1998
32002163,643165,4843764,BWC,8,8,1998
32002164,643151,4843606,BWC,8,8,1998
32002166,644447,4843404,BWC,8,8,1998
32002167,644196,4843626,BWC,8,8,1998
32002168,643535,4841970,SC,8,8,1998
32002169,643595,4841789,BWC,8,8,1998
32002170,644449,4842305,BWC,8,8,1998
32002171,643907,4841875,BWC,8,8,1998
32002172,643969,4841744,BWC,8,8,1998
32002173,644096,4841777,BWC,8,8,1998
32002174,643991,4841619,BWC,8,8,1998
32002175,643651,4841511,BWC,8,8,1998
32002176,643446,4841551,BWC,8,8,1998
32002177,643409,4841211,BWC,8,8,1998
32002178,643613,4841157,BWC,8,8,1998
32002179,643609,4841009,BWC,8,8,1998
32002181,642079,4842080,BWC,8,8,1998
32002182,641853,4842008,BWC,8,8,1998
32002183,641916,4842374,BWC,8,8,1998
32002184,642015,4842820,BWC,8,8,1998
32002186,641703,4842969,BWC,8,8,1998
32002187,641953,4843123,SC,8,8,1998
32002188,642104,4843513,SC,8,8,1998
32002189,641914,4844010,SC,8,8,1998
32002190,641504,4844550,BWC,8,8,1998
32002191,641559,4843789,BWC,8,8,1998
32002193,641647,4843602,BWC,8,8,1998
32002194,640761,4830837,IMP,8,8,1998
32002195,641016,4830842,IMP,8,8,1998
32002196,641004,4830600,IMP,8,8,1998
32002197,640893,4830357,IMP,8,8,1998
32002198,640713,4830211,IMP,8,8,1998
32002199,640164,4830450,IMP,8,8,1998
32002200,640014,4830366,IMP,8,8,1998
32002201,640093,4830318,IMP,8,8,1998
32002202,640163,4830255,IMP,8,8,1998
32002203,640196,4830163,IMP,8,8,1998
32002204,640104,4830015,IMP,8,8,1998
32002205,639709,4829952,IMP,8,8,1998
32002206,640996,4829841,IMP,8,8,1998
32002207,640746,4829483,IMP,8,8,1998
32002209,640453,4829254,IMP,8,8,1998
32002210,641444,4829508,IMP,8,8,1998
32002211,641536,4830353,IMP,8,8,1998
32002212,641555,4830407,IMP,8,8,1998
32002213,641363,4831332,IMP,8,8,1998
32002214,641009,4831162,IMP,8,8,1998
32002215,640902,4831194,IMP,8,8,1998
32002216,642660,4832452,IMP,8,8,1998
32002217,642406,4832404,IMP,8,8,1998
32002218,642704,4832413,IMP,8,8,1998
32002219,643120,4831118,IMP,8,8,1998
32002220,642747,4830949,IMP,8,8,1998
32002221,643101,4830517,IMP,8,8,1998
32002222,641807,4830315,IMP,8,8,1998
32002223,642002,4830362,IMP,8,8,1998
32002224,642066,4830606,IMP,8,8,1998
32002225,642246,4830665,IMP,8,8,1998
32002226,642006,4830761,IMP,8,8,1998
32002227,642413,4831019,IMP,8,8,1998
32002228,642418,4831349,IMP,8,8,1998
32002229,642157,4831618,IMP,8,8,1998
32002230,642243,4831928,IMP,8,8,1998
32002231,642193,4832019,IMP,8,8,1998
32002232,642124,4832014,IMP,8,8,1998
32002233,641315,4832193,IMP,8,8,1998
32002234,641361,4832346,IMP,8,8,1998
32002235,641647,4832502,IMP,8,8,1998
32002236,641664,4832356,IMP,8,8,1998
32002237,641961,4832301,IMP,8,8,1998
32002242,643410,4833324,IMP,8,8,1998
32002243,643255,4833251,IMP,8,8,1998
32002244,643405,4832861,IMP,8,8,1998
32002245,643343,4832418,IMP,8,8,1998
32002246,643195,4832445,MBC,8,8,1998
32002247,643097,4832614,MBC,8,8,1998
32002249,642708,4833216,SC,8,8,1998
32002250,642752,4833313,IMP,8,8,1998
32002251,642907,4833400,IMP,8,8,1998
32002252,643011,4833352,IMP,8,8,1998
32002253,642894,4833519,IMP,8,8,1998
32002254,642060,4833647,IMP,8,8,1998
32002255,641970,4833816,IMP,8,8,1998
32002256,642957,4833763,IMP,8,8,1998
32002257,641364,4843276,BWC,8,8,1998
32002258,641118,4842961,SC,8,8,1998
32002259,641101,4842916,SC,8,8,1998
32002262,641405,4844837,SC,8,8,1998
32002263,641506,4845006,SC,8,8,1998
32002264,641354,4844994,BWC,8,8,1998
32002265,641310,4845043,BWC,8,8,1998
32002266,641051,4845087,BWC,8,8,1998
32002267,640702,4844467,MBC,8,8,1998
32002268,640582,4844560,MBC,8,8,1998
32002269,640592,4844424,MBC,8,8,1998
32002270,640874,4844134,MBC,8,8,1998
32002271,640843,4844100,MBC,8,8,1998
32002272,640697,4843954,MBC,8,8,1998
32002273,640624,4843592,MBC,8,8,1998
32002274,640677,4843463,MBC,8,8,1998
32002275,640605,4843222,MBC,8,8,1998
32002276,640261,4843007,MBC,8,8,1998
32002277,640132,4842928,MBC,8,8,1998
32002278,640570,4842628,SC,8,8,1998
32002279,640555,4842711,SC,8,8,1998
32002280,640616,4842867,SC,8,8,1998
32002281,640649,4842965,SC,8,8,1998
32002282,642355,4835062,SC,8,8,1998
32002283,642435,4834372,IMP,8,8,1998
32002284,642015,4834310,MBC,8,8,1998
32002285,641955,4834356,MBC,8,8,1998
32002287,641955,4834819,IMP,8,8,1998
32002288,641797,4835011,MBC,8,8,1998
32002289,642422,4835620,IMP,8,8,1998
32002290,642248,4835857,IMP,8,8,1998
32002291,643005,4836059,IMP,8,8,1998
32002292,642843,4836274,IMP,8,8,1998
32002293,643094,4836306,IMP,8,8,1998
32002294,643147,4836405,IMP,8,8,1998
32002295,643053,4836512,IMP,8,8,1998
32002296,642636,4836524,IMP,8,8,1998
32002297,642548,4836616,IMP,8,8,1998
32002298,643310,4837010,IMP,8,8,1998
32002299,642965,4837314,IMP,8,8,1998
32002300,642746,4837268,IMP,8,8,1998
32002301,643110,4837622,IMP,8,8,1998
32002302,643207,4838361,IMP,8,8,1998
32002303,643251,4838415,IMP,8,8,1998
32002304,642547,4838153,IMP,8,8,1998
32002305,642305,4837946,IMP,8,8,1998
32002306,642344,4837408,IMP,8,8,1998
32002307,642259,4837266,IMP,8,8,1998
32002308,642311,4837222,IMP,8,8,1998
32002309,641650,4836663,IMP,8,8,1998
32002310,641849,4836665,IMP,8,8,1998
32002311,642203,4836468,SC,8,8,1998
32002312,641661,4835995,IMP,8,8,1998
32002314,639764,4845852,BWC,8,8,1998
32002315,639108,4845713,BWC,8,8,1998
32002316,639155,4845621,BWC,8,8,1998
32002317,639243,4845120,BWC,8,8,1998
32002319,639306,4844559,BWC,8,8,1998
32002320,639261,4844511,BWC,8,8,1998
32002321,639048,4844308,BWC,8,8,1998
32002322,639557,4844356,BWC,8,8,1998
32002323,640001,4844120,BWC,8,8,1998
32002324,639307,4844111,BWC,8,8,1998
32002325,639410,4843912,BWC,8,8,1998
32002326,639315,4843658,BWC,8,8,1998
32002327,639506,4843309,BWC,8,8,1998
32002328,639653,4843112,BWC,8,8,1998
32002330,639093,4842424,BWC,8,8,1998
32002331,639263,4842049,BWC,8,8,1998
32002332,639342,4841962,BWC,8,8,1998
32002333,639478,4841519,MBC,8,8,1998
32002334,639504,4841792,MBC,8,8,1998
32002335,639672,4841941,MBC,8,8,1998
32002336,639855,4842160,MBC,8,8,1998
32002339,638557,4851067,BWC,8,8,1998
32002340,637866,4851102,BWC,8,8,1998
32002341,638064,4850667,BWC,8,8,1998
32002342,638001,4850640,BWC,8,8,1998
32002343,637995,4850564,BWC,8,8,1998
32002344,638111,4850372,BWC,8,8,1998
32002345,638003,4850045,BWC,8,8,1998
32002346,638068,4849920,BWC,8,8,1998
32002347,638451,4850225,BWC,8,8,1998
32002348,638592,4850362,BWC,8,8,1998
32002349,638848,4850171,BWC,8,8,1998
32002350,638754,4850316,BWC,8,8,1998
32002351,638696,4850454,BWC,8,8,1998
32002352,639020,4850516,BWC,8,8,1998
32002353,639099,4850520,BWC,8,8,1998
32002355,641514,4842811,BWC,8,8,1998
32002356,641415,4842622,BWC,8,8,1998
32002358,640765,4842137,SC,8,8,1998
32002359,640707,4841864,BWC,8,8,1998
32002360,640472,4841825,SC,8,8,1998
32002361,640298,4841708,BWC,8,8,1998
32002362,640414,4842344,SC,8,8,1998
32002363,640249,4842225,MBC,8,8,1998
32002364,640230,4841970,MBC,8,8,1998
32002366,639955,4841811,MBC,8,8,1998
32002367,639861,4841114,SC,8,8,1998
32002368,639940,4840763,SC,8,8,1998
32002369,640009,4841036,SC,8,8,1998
32002371,640247,4840653,SC,8,8,1998
32002372,640405,4840929,SC,8,8,1998
32002373,640356,4841064,SC,8,8,1998
32002375,640554,4840136,SC,8,8,1998
32002376,640785,4839846,SC,8,8,1998
32002377,641115,4839690,BWC,8,8,1998
32002378,641322,4839562,BWC,8,8,1998
32002379,641498,4839767,IMP,8,8,1998
32002380,641845,4841258,SC,8,8,1998
32002381,641663,4841377,SC,8,8,1998
32002382,641454,4840845,SC,8,8,1998
32002383,641316,4841045,SC,8,8,1998
32002384,641190,4841453,BWC,8,8,1998
32002385,640995,4841236,SC,8,8,1998
32002387,640817,4841132,BWC,8,8,1998
32002388,640847,4841155,BWC,8,8,1998
32002389,640525,4841292,SC,8,8,1998
32002390,640836,4840832,SC,8,8,1998
32002391,641158,4840270,BWC,8,8,1998
32002392,641262,4840363,BWC,8,8,1998
32002393,641355,4840466,BWC,8,8,1998
32002394,641520,4840565,BWC,8,8,1998
32002395,641600,4840459,BWC,8,8,1998
32002396,641855,4840613,BWC,8,8,1998
32002399,642045,4840311,BWC,8,8,1998
32002400,642155,4840172,BWC,8,8,1998
32002401,641347,4839467,BWC,8,8,1998
32002402,641409,4839428,IMP,8,8,1998
32002403,641060,4839443,BWC,8,8,1998
32002404,641597,4839436,IMP,8,8,1998
32002405,641662,4839307,IMP,8,8,1998
32002406,642248,4839214,IMP,8,8,1998
32002407,642010,4838904,IMP,8,8,1998
32002408,641860,4838914,IMP,8,8,1998
32002429,639256,4838667,MBC,8,8,1998
32002430,639693,4839020,MBC,8,8,1998
32002431,639763,4839511,MBC,8,8,1998
32002433,640297,4839521,BWC,8,8,1998
32002434,640306,4839604,BWC,8,8,1998
32002435,640253,4839654,BWC,8,8,1998
32002436,640350,4839666,SC,8,8,1998
32002437,640464,4839760,BWC,8,8,1998
32002438,640263,4839827,BWC,8,8,1998
32002439,640504,4840021,BWC,8,8,1998
32002440,640759,4839370,BWC,8,8,1998
32002441,640457,4838807,BWC,8,8,1998
32002442,640443,4838767,BWC,8,8,1998
32002443,640014,4838406,BWC,8,8,1998
32002444,640049,4838150,SC,8,8,1998
32002445,639815,4837713,MBC,8,8,1998
32002446,640006,4837458,MBC,8,8,1998
32002447,640119,4837217,MBC,8,8,1998
32002448,639702,4837379,MBC,8,8,1998
32002449,639597,4837456,MBC,8,8,1998
32002450,639572,4837443,MBC,8,8,1998
32002451,639262,4837320,SC,8,8,1998
32002452,639185,4837015,SC,8,8,1998
32002454,639506,4836260,BWC,8,8,1998
32002455,638950,4837705,BWC,8,8,1998
32002457,639601,4837003,BWC,8,8,1998
32002458,639801,4836801,BWC,8,8,1998
32002459,639794,4836556,BWC,8,8,1998
32002460,639556,4836527,BWC,8,8,1998
32002461,639754,4835962,BWC,8,8,1998
32002462,640067,4835630,BWC,8,8,1998
32002463,640233,4835478,BWC,8,8,1998
32002464,640352,4835412,BWC,8,8,1998
32002465,640817,4835311,IMP,8,8,1998
32002466,640914,4835567,IMP,8,8,1998
32002467,640599,4835668,BWC,8,8,1998
32002468,640172,4835705,BWC,8,8,1998
32002469,640223,4836081,BWC,8,8,1998
32002470,641269,4835029,IMP,8,8,1998
32002471,641240,4834319,IMP,8,8,1998
32002472,641145,4834317,IMP,8,8,1998
32002473,640942,4833977,IMP,8,8,1998
32002474,641009,4834063,IMP,8,8,1998
32002475,640999,4834142,IMP,8,8,1998
32002476,640857,4834357,IMP,8,8,1998
32002477,640579,4834479,IMP,8,8,1998
32002478,640454,4834608,IMP,8,8,1998
32002479,640218,4835032,IMP,8,8,1998
32002480,640043,4835106,IMP,8,8,1998
32002481,640022,4835222,IMP,8,8,1998
32002482,639910,4835047,IMP,8,8,1998
32002483,639472,4835045,SC,8,8,1998
32002485,639769,4834739,IMP,8,8,1998
32002486,639872,4834712,SC,8,8,1998
32002487,640187,4834654,IMP,8,8,1998
32002488,639934,4834676,IMP,8,8,1998
32002489,639636,4834563,SC,8,8,1998
32002490,639554,4834220,BWC,8,8,1998
32002492,639502,4835561,SC,8,8,1998
32002493,639509,4835607,SC,8,8,1998
32002494,639349,4835658,SC,8,8,1998
32002495,639109,4835787,SC,8,8,1998
32002496,641672,4842265,BWC,8,8,1998
32002497,642846,4838661,IMP,8,8,1998
32002498,642767,4838692,IMP,8,8,1998
32002499,642407,4838642,IMP,8,8,1998
32002500,642166,4838782,IMP,8,8,1998
32002501,641069,4838760,IMP,8,8,1998
32002502,641359,4838619,IMP,8,8,1998
32002503,641301,4838507,IMP,8,8,1998
32002504,641615,4838386,IMP,8,8,1998
32002505,641462,4838080,IMP,8,8,1998
32002506,641807,4837922,IMP,8,8,1998
32002507,641659,4837874,IMP,8,8,1998
32002508,641349,4837579,IMP,8,8,1998
32002509,641403,4837199,IMP,8,8,1998
32002510,641596,4837151,IMP,8,8,1998
32002511,641022,4837298,IMP,8,8,1998
32002512,640865,4837824,IMP,8,8,1998
32002513,640859,4837984,IMP,8,8,1998
32002514,640399,4837543,IMP,8,8,1998
32002515,640411,4837102,IMP,8,8,1998
32002516,640144,4837110,IMP,8,8,1998
32002518,640679,4836238,MBC,8,8,1998
32002519,641026,4836218,MBC,8,8,1998
32002520,641251,4835899,MBC,8,8,1998
32002521,639993,4833911,IMP,8,8,1998
32002522,639553,4833757,IMP,8,8,1998
32002524,639843,4833335,IMP,8,8,1998
32002525,640020,4833623,IMP,8,8,1998
32002527,640741,4833487,IMP,8,8,1998
32002528,641203,4833252,IMP,8,8,1998
32002529,641853,4833229,IMP,8,8,1998
32002530,642145,4833428,IMP,8,8,1998
32002531,642053,4832888,IMP,8,8,1998
32002532,641788,4832928,IMP,8,8,1998
32002533,641072,4832751,IMP,8,8,1998
32002534,640878,4832723,IMP,8,8,1998
32002535,640834,4832424,IMP,8,8,1998
32002536,640744,4832543,IMP,8,8,1998
32002537,640615,4832869,IMP,8,8,1998
32002538,640087,4832753,SC,8,8,1998
32002539,639757,4832263,SC,8,8,1998
32002540,639590,4832007,SC,8,8,1998
32002541,639698,4831978,IMP,8,8,1998
32002542,641287,4831969,IMP,8,8,1998
32002543,641159,4831519,IMP,8,8,1998
32002544,640779,4831292,IMP,8,8,1998
32002545,640583,4831578,IMP,8,8,1998
32002546,640146,4831619,IMP,8,8,1998
32002960,637762,4858470,SC,8,8,1999
32002961,637787,4857896,BWC,8,8,1999
32002962,637907,4857795,BWC,8,8,1999
32002963,638049,4857834,BWC,8,8,1999
32002964,638049,4858031,BWC,8,8,1999
32002965,638023,4857978,BWC,8,8,1999
32002966,638758,4856361,BWC,8,8,1999
32002967,639010,4856524,BWC,8,8,1999
32002968,638811,4857354,BWC,8,8,1999
32002969,638911,4857573,BWC,8,8,1999
32002970,639098,4856847,BWC,8,8,1999
32002971,639107,4856513,SC,8,8,1999
32002972,638106,4856110,SC,8,8,1999
32002973,638003,4856024,SC,8,8,1999
32002974,637758,4856353,BWC,8,8,1999
32002975,637999,4856396,SC,8,8,1999
32002976,637840,4856488,SC,8,8,1999
32002977,637210,4857152,SC,8,8,1999
32002978,636411,4858249,MBC,8,8,1999
32002979,636813,4856620,MBC,8,8,1999
32002980,641006,4846250,MBC,8,8,1999
32002981,640906,4845562,SC,8,8,1999
32002982,640858,4845286,MBC,8,8,1999
32002983,640758,4845166,MBC,8,8,1999
32002984,640295,4843773,MBC,8,8,1999
32002985,639889,4842206,MBC,8,8,1999
32002988,640597,4842816,SC,8,8,1999
32002989,640610,4842956,SC,8,8,1999
32002990,640656,4843325,MBC,8,8,1999
32002991,640706,4843418,MBC,8,8,1999
32002992,640713,4843714,MBC,8,8,1999
32002993,640805,4844009,MBC,8,8,1999
32002994,640742,4844156,MBC,8,8,1999
32002995,640659,4844170,MBC,8,8,1999
32002996,640699,4844314,MBC,8,8,1999
32002997,640903,4844518,SC,8,8,1999
32003000,641415,4845314,BWC,8,8,1999
32003001,641309,4845423,BWC,8,8,1999
32003002,641300,4845564,BWC,8,8,1999
32003003,641325,4846606,SC,8,8,1999
32003004,641400,4846927,SC,8,8,1999
32003005,641559,4847958,MBC,8,8,1999
32003006,641513,4848624,MBC,8,8,1999
32003007,641466,4848772,SC,8,8,1999
32003008,641355,4849053,SC,8,8,1999
32003011,637157,4855921,MBC,8,8,1999
32003012,637447,4855490,SC,8,8,1999
32003014,638002,4855110,MBC,8,8,1999
32003015,638272,4854826,MBC,8,8,1999
32003017,638522,4855162,SC,8,8,1999
32003019,638510,4855460,BWC,8,8,1999
32003020,639218,4855603,BWC,8,8,1999
32003021,639467,4856122,SC,8,8,1999
32003022,639409,4855506,SC,8,8,1999
32003023,639802,4854367,SC,8,8,1999
32003024,638545,4854217,MBC,8,8,1999
32003025,638645,4854122,MBC,8,8,1999
32003032,638852,4850563,BWC,8,8,1999
32003033,638612,4850558,BWC,8,8,1999
32003034,638508,4850516,BWC,8,8,1999
32003035,638402,4850358,BWC,8,8,1999
32003036,638259,4850468,BWC,8,8,1999
32003037,638206,4850409,BWC,8,8,1999
32003039,638308,4850212,BWC,8,8,1999
32003040,638307,4849808,BWC,8,8,1999
32003041,638452,4850120,BWC,8,8,1999
32003042,639015,4850364,BWC,8,8,1999
32003043,639105,4850458,BWC,8,8,1999
32003044,639156,4850513,BWC,8,8,1999
32003045,639313,4850459,SC,8,8,1999
32003046,639504,4850501,MBC,8,8,1999
32003047,639558,4851013,MBC,8,8,1999
32003048,640116,4851660,MBC,8,8,1999
32003049,639702,4851522,MBC,8,8,1999
32003050,639687,4852353,BWC,8,8,1999
32003053,639009,4853007,SC,8,8,1999
32003056,639594,4849363,BWC,8,8,1999
32003057,639910,4848605,BWC,8,8,1999
32003058,640062,4849317,BWC,8,8,1999
32003060,640904,4848611,MBC,8,8,1999
32003061,641153,4848071,MBC,8,8,1999
32003064,641006,4847457,MBC,8,8,1999
32003065,640851,4847427,SC,8,8,1999
32003066,640708,4847017,SC,8,8,1999
32003068,640759,4846818,MBC,8,8,1999
32003070,642303,4847858,BWC,8,8,1999
32003072,642447,4848491,SC,8,8,1999
32003073,642027,4848975,BWC,8,8,1999
32003075,640545,4850102,SC,8,8,1999
32003076,643037,4845325,BWC,8,8,1999
32003077,643349,4845471,SC,8,8,1999
32003078,643860,4845227,BWC,8,8,1999
32003079,643952,4845314,BWC,8,8,1999
32003081,643803,4844574,BWC,8,8,1999
32003082,643960,4844713,BWC,8,8,1999
32003083,643360,4845210,SC,8,8,1999
32003084,644558,4845073,BWC,8,8,1999
32003085,644725,4845056,BWC,8,8,1999
32003086,644557,4845507,BWC,8,8,1999
32003087,644556,4845563,BWC,8,8,1999
32003088,644166,4845802,BWC,8,8,1999
32003091,643362,4846110,SC,8,8,1999
32003093,643361,4845708,BWC,8,8,1999
32003094,642845,4846705,BWC,8,8,1999
32003095,642854,4845507,SC,8,8,1999
32003096,642800,4845661,SC,8,8,1999
32003097,642957,4846097,SC,8,8,1999
32003098,643067,4846555,BWC,8,8,1999
32003099,643252,4846761,BWC,8,8,1999
32003100,643300,4846812,BWC,8,8,1999
32003101,643152,4846865,BWC,8,8,1999
32003102,643107,4846908,BWC,8,8,1999
32003103,642761,4847160,BWC,8,8,1999
32003104,642504,4846863,SC,8,8,1999
32003105,642153,4846402,BWC,8,8,1999
32003106,642406,4847064,BWC,8,8,1999
32003107,642404,4847370,BWC,8,8,1999
32003108,641702,4847268,SC,8,8,1999
32003109,641906,4846865,BWC,8,8,1999
32003110,642162,4845962,SC,8,8,1999
32003111,642048,4845859,BWC,8,8,1999
32003112,642255,4845263,SC,8,8,1999
32003113,642412,4845264,BWC,8,8,1999
32003114,642208,4844358,SC,8,8,1999
32003115,641854,4844366,BWC,8,8,1999
32003116,642156,4844061,BWC,8,8,1999
32003117,642256,4843909,SC,8,8,1999
32003118,641962,4843763,SC,8,8,1999
32003119,642100,4843511,SC,8,8,1999
32003120,642357,4843560,BWC,8,8,1999
32003121,642405,4844611,SC,8,8,1999
32003122,642450,4844614,SC,8,8,1999
32003124,639358,4841459,SC,8,8,1999
32003125,639306,4841716,BWC,8,8,1999
32003126,639252,4842314,BWC,8,8,1999
32003127,639752,4842664,BWC,8,8,1999
32003128,639555,4842862,BWC,8,8,1999
32003143,639648,4841062,MBC,8,8,1999
32003144,641736,4839210,IMP,8,8,1999
32003145,641414,4839056,IMP,8,8,1999
32003146,641549,4838910,IMP,8,8,1999
32003147,641663,4838757,IMP,8,8,1999
32003148,641167,4838419,IMP,8,8,1999
32003149,641496,4838352,IMP,8,8,1999
32003150,641144,4837964,IMP,8,8,1999
32003151,641207,4837951,IMP,8,8,1999
32003152,641255,4837846,IMP,8,8,1999
32003153,641260,4837767,IMP,8,8,1999
32003154,641501,4837469,IMP,8,8,1999
32003155,641839,4837799,IMP,8,8,1999
32003156,641618,4837975,IMP,8,8,1999
32003157,641967,4838217,IMP,8,8,1999
32003158,642144,4838509,IMP,8,8,1999
32003159,642312,4838262,IMP,8,8,1999
32003160,642612,4838418,IMP,8,8,1999
32003161,642245,4837619,IMP,8,8,1999
32003162,642744,4837654,SC,8,8,1999
32003163,643152,4837857,IMP,8,8,1999
32003164,643151,4838364,IMP,8,8,1999
32003165,643052,4838772,IMP,8,8,1999
32003166,643258,4838958,IMP,8,8,1999
32003167,642563,4838860,SC,8,8,1999
32003168,642705,4839166,IMP,8,8,1999
32003169,642454,4839211,IMP,8,8,1999
32003170,642462,4839263,IMP,8,8,1999
32003171,642258,4839404,IMP,8,8,1999
32003172,642647,4839545,IMP,8,8,1999
32003173,643060,4839351,IMP,8,8,1999
32003174,643144,4839411,IMP,8,8,1999
32003175,643468,4839693,IMP,8,8,1999
32003176,643449,4839799,IMP,8,8,1999
32003177,643072,4839864,IMP,8,8,1999
32003178,643111,4839964,IMP,8,8,1999
32003179,643560,4840112,IMP,8,8,1999
32003180,643457,4840596,BWC,8,8,1999
32003181,643312,4840806,SC,8,8,1999
32003182,643267,4840794,SC,8,8,1999
32003183,643412,4841021,BWC,8,8,1999
32003184,641897,4836159,SC,8,8,1999
32003185,641907,4836505,IMP,8,8,1999
32003186,641807,4836620,SC,8,8,1999
32003187,641952,4836593,SC,8,8,1999
32003188,642204,4836626,IMP,8,8,1999
32003189,642302,4836560,IMP,8,8,1999
32003190,641999,4836978,IMP,8,8,1999
32003191,642062,4837322,IMP,8,8,1999
32003192,641867,4837221,IMP,8,8,1999
32003193,641756,4836701,IMP,8,8,1999
32003194,641501,4836719,IMP,8,8,1999
32003195,641448,4836911,IMP,8,8,1999
32003196,641358,4836763,IMP,8,8,1999
32003197,641016,4836568,IMP,8,8,1999
32003198,640801,4836461,IMP,8,8,1999
32003199,640948,4836209,MBC,8,8,1999
32003200,640491,4836299,MBC,8,8,1999
32003201,640447,4836477,MBC,8,8,1999
32003202,640356,4836572,MBC,8,8,1999
32003203,641337,4835852,MBC,8,8,1999
32003204,641347,4835753,IMP,8,8,1999
32003205,641513,4835688,MBC,8,8,1999
32003206,641365,4835402,IMP,8,8,1999
32003207,641466,4835209,IMP,8,8,1999
32003208,641508,4835160,IMP,8,8,1999
32003209,641545,4834931,MBC,8,8,1999
32003210,641305,4834577,IMP,8,8,1999
32003211,641265,4834395,IMP,8,8,1999
32003212,641095,4834148,IMP,8,8,1999
32003213,640986,4834105,IMP,8,8,1999
32003214,641361,4834001,IMP,8,8,1999
32003215,641956,4834596,MBC,8,8,1999
32003216,642003,4834429,MBC,8,8,1999
32003217,642055,4834305,MBC,8,8,1999
32003218,642362,4834071,SC,8,8,1999
32003219,642365,4834370,IMP,8,8,1999
32003220,642559,4834501,IMP,8,8,1999
32003221,642389,4834553,IMP,8,8,1999
32003222,642661,4834708,IMP,8,8,1999
32003223,642506,4834899,IMP,8,8,1999
32003224,642061,4834867,IMP,8,8,1999
32003225,642216,4835012,IMP,8,8,1999
32003226,642908,4835110,IMP,8,8,1999
32003227,643006,4841865,BWC,8,8,1999
32003228,643056,4841859,BWC,8,8,1999
32003229,643054,4841914,BWC,8,8,1999
32003230,643053,4841961,BWC,8,8,1999
32003231,643057,4842012,BWC,8,8,1999
32003232,642654,4841810,BWC,8,8,1999
32003233,643153,4842659,BWC,8,8,1999
32003234,643258,4842410,BWC,8,8,1999
32003235,643410,4842362,BWC,8,8,1999
32003236,642665,4826563,MBC,8,8,1999
32003237,642555,4826502,MBC,8,8,1999
32003238,642211,4827903,IMP,8,8,1999
32003239,642602,4827955,IMP,8,8,1999
32003240,642805,4828120,IMP,8,8,1999
32003241,642653,4828318,IMP,8,8,1999
32003242,642704,4828466,IMP,8,8,1999
32003243,642757,4828575,IMP,8,8,1999
32003244,642749,4828724,IMP,8,8,1999
32003245,642855,4828914,IMP,8,8,1999
32003246,643395,4828913,IMP,8,8,1999
32003247,643203,4828729,IMP,8,8,1999
32003248,643301,4828314,IMP,8,8,1999
32003249,642952,4829905,IMP,8,8,1999
32003250,643060,4830062,IMP,8,8,1999
32003251,642199,4830098,IMP,8,8,1999
32003252,641743,4830094,IMP,8,8,1999
32003253,641187,4830063,IMP,8,8,1999
32003254,641116,4830059,IMP,8,8,1999
32003255,640920,4829867,IMP,8,8,1999
32003256,641395,4829617,IMP,8,8,1999
32003257,641455,4829342,IMP,8,8,1999
32003258,642017,4829658,IMP,8,8,1999
32003259,642358,4829555,IMP,8,8,1999
32003260,642302,4829454,IMP,8,8,1999
32003261,642265,4829215,IMP,8,8,1999
32003262,641909,4828964,IMP,8,8,1999
32003263,641910,4828654,IMP,8,8,1999
32003264,641854,4828612,IMP,8,8,1999
32003265,641657,4828510,IMP,8,8,1999
32003266,641704,4828226,IMP,8,8,1999
32003267,641358,4827917,IMP,8,8,1999
32003268,641148,4828215,IMP,8,8,1999
32003269,641209,4828463,IMP,8,8,1999
32003270,641213,4828506,IMP,8,8,1999
32003271,641161,4828495,IMP,8,8,1999
32003272,640920,4828648,IMP,8,8,1999
32003273,641266,4828857,IMP,8,8,1999
32003274,641512,4829006,IMP,8,8,1999
32003275,641357,4829009,IMP,8,8,1999
32003276,640970,4829557,IMP,8,8,1999
32003277,640573,4829609,IMP,8,8,1999
32003278,640514,4829561,IMP,8,8,1999
32003279,640447,4829152,IMP,8,8,1999
32003280,640016,4829157,IMP,8,8,1999
32003281,639811,4829316,IMP,8,8,1999
32003282,640066,4829506,IMP,8,8,1999
32003283,640155,4829559,IMP,8,8,1999
32003284,640111,4829627,IMP,8,8,1999
32003285,640146,4829653,IMP,8,8,1999
32003286,639848,4829662,IMP,8,8,1999
32003287,639909,4829765,IMP,8,8,1999
32003288,640003,4829775,IMP,8,8,1999
32003289,640192,4830272,IMP,8,8,1999
32003290,639758,4830883,SC,8,8,1999
32003291,640146,4830766,IMP,8,8,1999
32003292,640473,4830873,IMP,8,8,1999
32003293,640552,4830928,IMP,8,8,1999
32003294,640815,4831360,IMP,8,8,1999
32003295,640751,4831404,IMP,8,8,1999
32003296,640875,4831475,IMP,8,8,1999
32003297,640948,4831495,IMP,8,8,1999
32003298,639858,4831508,SC,8,8,1999
32003299,640105,4831921,IMP,8,8,1999
32003300,639614,4832317,IMP,8,8,1999
32003301,639449,4832606,IMP,8,8,1999
32003302,640225,4832407,IMP,8,8,1999
32003303,640415,4832269,IMP,8,8,1999
32003304,642010,4832599,IMP,8,8,1999
32003305,642405,4832368,IMP,8,8,1999
32003306,642667,4832250,IMP,8,8,1999
32003307,643115,4831764,IMP,8,8,1999
32003308,642795,4831894,IMP,8,8,1999
32003309,642413,4832061,IMP,8,8,1999
32003310,642050,4832059,IMP,8,8,1999
32003311,642141,4831774,IMP,8,8,1999
32003312,642505,4831271,IMP,8,8,1999
32003313,643010,4831025,IMP,8,8,1999
32003314,643040,4830704,IMP,8,8,1999
32003315,642956,4830469,IMP,8,8,1999
32003316,642560,4830558,IMP,8,8,1999
32003317,642209,4830911,IMP,8,8,1999
32003318,641995,4830763,IMP,8,8,1999
32003319,641918,4830747,IMP,8,8,1999
32003320,641511,4830655,IMP,8,8,1999
32003321,641089,4830703,IMP,8,8,1999
32003322,641201,4830901,IMP,8,8,1999
32003323,641550,4831229,IMP,8,8,1999
32003324,641796,4831555,IMP,8,8,1999
32003325,641605,4831560,IMP,8,8,1999
32003326,641504,4831509,IMP,8,8,1999
32003327,641362,4831513,IMP,8,8,1999
32003328,641459,4831804,IMP,8,8,1999
32003329,641501,4832170,IMP,8,8,1999
32003330,641461,4832768,IMP,8,8,1999
32003331,641670,4833174,IMP,8,8,1999
32003332,641302,4832942,IMP,8,8,1999
32003333,641359,4832872,IMP,8,8,1999
32003334,641218,4832766,IMP,8,8,1999
32003335,640904,4832871,IMP,8,8,1999
32003336,640499,4832615,IMP,8,8,1999
32003337,640460,4832652,IMP,8,8,1999
32003338,640753,4833009,IMP,8,8,1999
32003339,640511,4833066,IMP,8,8,1999
32003340,640406,4833367,IMP,8,8,1999
32003341,640954,4833387,IMP,8,8,1999
32003342,640903,4833449,IMP,8,8,1999
32003343,640706,4833547,IMP,8,8,1999
32003344,641207,4833646,IMP,8,8,1999
32003345,643208,4835632,IMP,8,8,1999
32003346,642904,4835728,IMP,8,8,1999
32003347,642850,4836057,IMP,8,8,1999
32003348,642822,4836113,IMP,8,8,1999
32003349,643202,4836112,IMP,8,8,1999
32003350,642812,4836408,IMP,8,8,1999
32003351,642901,4836974,IMP,8,8,1999
32003352,642966,4836957,IMP,8,8,1999
32003353,642847,4837016,IMP,8,8,1999
32003354,642793,4837215,IMP,8,8,1999
32003355,642715,4837113,IMP,8,8,1999
32003357,642539,4836578,IMP,8,8,1999
32003358,642546,4835945,IMP,8,8,1999
32003359,642447,4835462,IMP,8,8,1999
32003360,642797,4834158,IMP,8,8,1999
32003361,642603,4833604,IMP,8,8,1999
32003362,642560,4833453,SC,8,8,1999
32003363,643060,4833478,IMP,8,8,1999
32003364,642808,4832915,MBC,8,8,1999
32003365,643058,4832612,MBC,8,8,1999
32003366,643045,4832556,MBC,8,8,1999
32003367,642156,4833026,IMP,8,8,1999
32003368,642256,4833282,IMP,8,8,1999
32003369,642315,4833301,IMP,8,8,1999
32003370,642085,4833562,IMP,8,8,1999
32003371,642015,4833721,IMP,8,8,1999
32003372,642204,4841847,BWC,8,8,1999
32003373,642253,4841863,BWC,8,8,1999
32003374,642158,4841966,BWC,8,8,1999
32003375,641963,4842020,BWC,8,8,1999
32003376,641964,4841864,SC,8,8,1999
32003377,641808,4842161,BWC,8,8,1999
32003378,641897,4842416,SC,8,8,1999
32003379,641600,4842562,SC,8,8,1999
32003381,641506,4842865,BWC,8,8,1999
32003382,641262,4843122,SC,8,8,1999
32003385,641258,4841562,SC,8,8,1999
32003386,641362,4841402,SC,8,8,1999
32003387,641413,4842131,BWC,8,8,1999
32003388,641855,4841756,BWC,8,8,1999
32003389,642002,4841659,BWC,8,8,1999
32003390,642022,4841373,BWC,8,8,1999
32003391,642116,4841315,BWC,8,8,1999
32003392,642306,4841156,BWC,8,8,1999
32003393,642500,4841455,SC,8,8,1999
32003394,642571,4841621,SC,8,8,1999
32003395,642504,4840872,SC,8,8,1999
32003396,642453,4840765,SC,8,8,1999
32003397,642262,4840709,BWC,8,8,1999
32003398,642306,4840912,SC,8,8,1999
32003399,642106,4840963,SC,8,8,1999
32003400,642008,4840912,BWC,8,8,1999
32003401,642108,4840710,SC,8,8,1999
32003402,642108,4840514,SC,8,8,1999
32003403,642303,4840261,BWC,8,8,1999
32003404,642054,4840156,BWC,8,8,1999
32003405,642005,4840164,IMP,8,8,1999
32003406,642765,4841051,SC,8,8,1999
32003407,643212,4841462,SC,8,8,1999
32003408,643959,4842609,SC,8,8,1999
32003409,644009,4842662,SC,8,8,1999
32003411,644797,4843361,BWC,8,8,1999
32003412,644847,4843458,BWC,8,8,1999
32003417,643052,4843671,BWC,8,8,1999
32003419,644306,4841912,BWC,8,8,1999
32003420,644148,4841709,BWC,8,8,1999
32003421,643602,4841165,BWC,8,8,1999
32003422,643962,4841209,BWC,8,8,1999
32003423,643961,4841055,BWC,8,8,1999
32003424,643707,4840420,BWC,8,8,1999
32003425,643658,4840365,IMP,8,8,1999
32003426,643555,4840366,IMP,8,8,1999
32003427,643203,4840314,IMP,8,8,1999
32003428,643205,4840657,BWC,8,8,1999
32003429,643055,4840516,BWC,8,8,1999
32003430,642855,4840064,BWC,8,8,1999
32003431,642702,4840261,SC,8,8,1999
32003432,639859,4834506,SC,8,8,1999
32003433,639871,4834455,SC,8,8,1999
32003434,639913,4834453,SC,8,8,1999
32003435,639700,4834013,IMP,8,8,1999
32003436,639853,4833808,IMP,8,8,1999
32003438,639499,4833566,IMP,8,8,1999
32003439,639606,4833514,IMP,8,8,1999
32003440,639614,4833412,IMP,8,8,1999
32003442,639956,4833262,IMP,8,8,1999
32003443,640003,4832854,SC,8,8,1999
32003445,640297,4833904,IMP,8,8,1999
32003446,640504,4833960,IMP,8,8,1999
32003447,640354,4834462,IMP,8,8,1999
32003448,640799,4835164,IMP,8,8,1999
32003449,641000,4834811,IMP,8,8,1999
32003450,640543,4834763,IMP,8,8,1999
32003451,640497,4834765,IMP,8,8,1999
32003452,640160,4834864,IMP,8,8,1999
32003453,640115,4834860,IMP,8,8,1999
32003454,640207,4834965,IMP,8,8,1999
32003455,640757,4835607,IMP,8,8,1999
32003456,640649,4834169,IMP,8,8,1999
32003457,639360,4834761,SC,8,8,1999
32003458,639421,4834755,SC,8,8,1999
32003459,639259,4834952,SC,8,8,1999
32003460,639557,4835172,BWC,8,8,1999
32003462,640006,4835161,IMP,8,8,1999
32003463,640007,4835461,BWC,8,8,1999
32003464,640059,4835608,BWC,8,8,1999
32003465,640456,4835555,BWC,8,8,1999
32003466,640460,4835717,BWC,8,8,1999
32003467,640356,4836053,BWC,8,8,1999
32003468,639555,4835557,SC,8,8,1999
32003469,639558,4835862,BWC,8,8,1999
32003470,640617,4841954,SC,8,8,1999
32003471,640804,4842064,SC,8,8,1999
32003473,640457,4841764,SC,8,8,1999
32003475,640091,4841915,MBC,8,8,1999
32003476,639604,4841864,MBC,8,8,1999
32003477,639647,4841159,MBC,8,8,1999
32003478,639600,4841257,MBC,8,8,1999
32003479,639605,4841356,MBC,8,8,1999
32003480,639605,4841413,MBC,8,8,1999
32003481,640056,4841812,MBC,8,8,1999
32003482,640105,4841809,MBC,8,8,1999
32003484,640748,4841114,BWC,8,8,1999
32003485,641419,4840738,SC,8,8,1999
32003486,641496,4840769,BWC,8,8,1999
32003487,641450,4840554,BWC,8,8,1999
32003488,641400,4840316,BWC,8,8,1999
32003489,641008,4840069,BWC,8,8,1999
32003490,641164,4839963,BWC,8,8,1999
32003491,641251,4840066,BWC,8,8,1999
32003492,641557,4839958,IMP,8,8,1999
32003493,641156,4839662,BWC,8,8,1999
32003494,641256,4839612,BWC,8,8,1999
32003495,641651,4839366,IMP,8,8,1999
32003496,642056,4839696,IMP,8,8,1999
32003497,641904,4839769,IMP,8,8,1999
32003498,641856,4839864,IMP,8,8,1999
32003499,642155,4840067,BWC,8,8,1999
32003500,639354,4837704,MBC,8,8,1999
32003501,639399,4837663,MBC,8,8,1999
32003502,639568,4837508,MBC,8,8,1999
32003503,639600,4837409,MBC,8,8,1999
32003504,639507,4837411,BWC,8,8,1999
32003505,639760,4837718,MBC,8,8,1999
32003506,639854,4837659,MBC,8,8,1999
32003507,639901,4837718,MBC,8,8,1999
32003508,639955,4837716,MBC,8,8,1999
32003509,640015,4838410,BWC,8,8,1999
32003510,639858,4838573,BWC,8,8,1999
32003511,639805,4838812,MBC,8,8,1999
32003512,639803,4838857,MBC,8,8,1999
32003513,639807,4838920,MBC,8,8,1999
32003514,639708,4839203,MBC,8,8,1999
32003515,640510,4839798,BWC,8,8,1999
32003517,640204,4840662,BWC,8,8,1999
32003518,640307,4840756,BWC,8,8,1999
32003520,640946,4840361,BWC,8,8,1999
32003521,640907,4840517,BWC,8,8,1999
32003522,640498,4840198,BWC,8,8,1999
32003523,640902,4839317,SC,8,8,1999
32003524,640858,4838859,IMP,8,8,1999
32003526,640703,4839210,BWC,8,8,1999
32003527,640556,4839113,BWC,8,8,1999
32003528,640103,4838760,BWC,8,8,1999
32003529,640254,4838508,BWC,8,8,1999
32003530,640405,4838264,BWC,8,8,1999
32003531,640455,4838067,IMP,8,8,1999
32003532,640515,4837807,IMP,8,8,1999
32003533,640111,4837571,BWC,8,8,1999
32003534,639311,4836754,SC,8,8,1999
32003535,639300,4836701,SC,8,8,1999
32003536,639050,4836566,SC,8,8,1999
32003537,640005,4836262,BWC,8,8,1999
32003538,639951,4836509,BWC,8,8,1999
32003539,639752,4836615,BWC,8,8,1999
32003540,639651,4836961,BWC,8,8,1999
32003541,638901,4838157,BWC,8,8,1999
32003753,637560,4856860,SC,8,8,2000
32003754,637912,4856463,SC,8,8,2000
32003755,638003,4856308,SC,8,8,2000
32003756,637952,4856221,SC,8,8,2000
32003757,639003,4856619,SC,8,8,2000
32003758,638898,4857517,BWC,8,8,2000
32003760,638165,4858273,BWC,8,8,2000
32003761,638808,4857268,BWC,8,8,2000
32003762,638456,4857458,BWC,8,8,2000
32003763,638462,4857213,BWC,8,8,2000
32003764,638358,4857354,BWC,8,8,2000
32003765,637962,4857963,BWC,8,8,2000
32003766,637908,4858218,SC,8,8,2000
32003767,637851,4858361,SC,8,8,2000
32003768,637754,4858460,SC,8,8,2000
32003769,637852,4857512,BWC,8,8,2000
32003770,638204,4857264,BWC,8,8,2000
32003771,638614,4856215,BWC,8,8,2000
32003772,638602,4855010,SC,8,8,2000
32003773,639123,4854558,SC,8,8,2000
32003774,639300,4854321,SC,8,8,2000
32003775,639457,4854206,SC,8,8,2000
32003776,640000,4853660,SC,8,8,2000
32003777,639601,4853806,MBC,8,8,2000
32003778,638954,4854331,MBC,8,8,2000
32003779,638706,4854515,MBC,8,8,2000
32003780,638858,4850464,BWC,8,8,2000
32003781,638956,4851212,BWC,8,8,2000
32003782,638908,4850760,BWC,8,8,2000
32003785,638361,4851005,BWC,8,8,2000
32003786,638358,4850812,BWC,8,8,2000
32003787,638409,4850563,BWC,8,8,2000
32003788,638158,4850664,BWC,8,8,2000
32003789,638350,4850110,BWC,8,8,2000
32003790,638558,4850059,BWC,8,8,2000
32003791,638911,4850167,BWC,8,8,2000
32003792,638962,4848910,BWC,8,8,2000
32003793,639102,4848416,BWC,8,8,2000
32003794,638866,4848108,BWC,8,8,2000
32003795,639163,4848204,BWC,8,8,2000
32003796,639907,4849734,BWC,8,8,2000
32003797,639996,4849671,SC,8,8,2000
32003798,639455,4850616,MBC,8,8,2000
32003799,639460,4850672,MBC,8,8,2000
32003800,639452,4850765,MBC,8,8,2000
32003801,639450,4850816,MBC,8,8,2000
32003802,639503,4850715,MBC,8,8,2000
32003803,639611,4850668,MBC,8,8,2000
32003804,636614,4857002,MBC,8,8,2000
32003805,636746,4856761,MBC,8,8,2000
32003806,636785,4856618,MBC,8,8,2000
32003807,637151,4855812,SC,8,8,2000
32003808,637849,4855522,MBC,8,8,2000
32003809,637964,4855263,MBC,8,8,2000
32003810,637623,4855211,SC,8,8,2000
32003811,638265,4854817,MBC,8,8,2000
32003812,638358,4854343,MBC,8,8,2000
32003813,638411,4854272,MBC,8,8,2000
32003814,638448,4854256,MBC,8,8,2000
32003815,638696,4853916,SC,8,8,2000
32003816,638699,4853614,SC,8,8,2000
32003817,638912,4853020,SC,8,8,2000
32003818,639399,4851723,SC,8,8,2000
32003819,639309,4851602,SC,8,8,2000
32003821,639650,4851209,MBC,8,8,2000
32003822,639571,4851258,MBC,8,8,2000
32003823,639661,4851462,MBC,8,8,2000
32003824,639610,4851522,MBC,8,8,2000
32003825,639697,4852352,BWC,8,8,2000
32003826,640048,4851519,MBC,8,8,2000
32003827,640402,4851062,SC,8,8,2000
32003828,640119,4851752,MBC,8,8,2000
32003829,639904,4852705,MBC,8,8,2000
32003830,639894,4853066,MBC,8,8,2000
32003831,639064,4853855,MBC,8,8,2000
32003832,641114,4849159,SC,8,8,2000
32003833,641051,4849165,SC,8,8,2000
32003834,641152,4848968,MBC,8,8,2000
32003835,641052,4849049,MBC,8,8,2000
32003836,641012,4849046,MBC,8,8,2000
32003837,641603,4848520,MBC,8,8,2000
32003838,641900,4847877,SC,8,8,2000
32003839,641511,4847698,SC,8,8,2000
32003840,640765,4847018,MBC,8,8,2000
32003841,640950,4847367,MBC,8,8,2000
32003843,640512,4847860,BWC,8,8,2000
32003844,640766,4847914,BWC,8,8,2000
32003845,640759,4847959,BWC,8,8,2000
32003846,640956,4848072,SC,8,8,2000
32003847,641093,4848245,MBC,8,8,2000
32003848,641165,4848170,MBC,8,8,2000
32003849,641148,4848067,MBC,8,8,2000
32003850,640964,4848403,SC,8,8,2000
32003851,640954,4848459,MBC,8,8,2000
32003852,640905,4848538,MBC,8,8,2000
32003853,640394,4849109,SC,8,8,2000
32003857,642309,4846756,BWC,8,8,2000
32003858,642248,4847222,BWC,8,8,2000
32003859,642508,4847202,SC,8,8,2000
32003860,643104,4847112,SC,8,8,2000
32003861,642500,4847359,SC,8,8,2000
32003862,642452,4847612,SC,8,8,2000
32003863,642299,4848263,BWC,8,8,2000
32003864,642255,4848310,BWC,8,8,2000
32003865,642307,4848758,BWC,8,8,2000
32003866,642002,4848757,BWC,8,8,2000
32003867,641952,4849067,BWC,8,8,2000
32003868,642002,4849064,BWC,8,8,2000
32003870,641747,4849411,BWC,8,8,2000
32003871,641500,4849608,BWC,8,8,2000
32003873,642853,4847978,SC,8,8,2000
32003874,643562,4846804,SC,8,8,2000
32003877,643404,4846415,SC,8,8,2000
32003878,643455,4846365,SC,8,8,2000
32003879,643312,4845861,BWC,8,8,2000
32003880,643209,4845218,SC,8,8,2000
32003889,644008,4844908,SC,8,8,2000
32003890,643512,4844963,BWC,8,8,2000
32003891,643560,4844816,BWC,8,8,2000
32003892,643367,4844860,SC,8,8,2000
32003893,643756,4844366,SC,8,8,2000
32003894,643800,4844172,BWC,8,8,2000
32003895,643198,4843760,BWC,8,8,2000
32003896,643148,4843566,BWC,8,8,2000
32003898,644009,4843811,BWC,8,8,2000
32003899,644352,4843223,SC,8,8,2000
32003900,644305,4843167,BWC,8,8,2000
32003901,644162,4842895,SC,8,8,2000
32003902,643860,4842562,SC,8,8,2000
32003904,642708,4845356,BWC,8,8,2000
32003905,642959,4845715,SC,8,8,2000
32003907,643104,4846158,BWC,8,8,2000
32003908,643054,4846260,BWC,8,8,2000
32003909,642810,4846260,SC,8,8,2000
32003910,642707,4845704,SC,8,8,2000
32003911,642412,4845466,BWC,8,8,2000
32003912,641963,4844958,BWC,8,8,2000
32003913,642405,4844617,SC,8,8,2000
32003914,642260,4844164,SC,8,8,2000
32003915,642208,4843958,SC,8,8,2000
32003916,641403,4844309,BWC,8,8,2000
32003917,641706,4843861,SC,8,8,2000
32003918,641908,4843471,SC,8,8,2000
32003919,641900,4843190,SC,8,8,2000
32003920,641915,4842713,BWC,8,8,2000
32003921,641951,4842858,BWC,8,8,2000
32003922,642004,4842919,BWC,8,8,2000
32003923,642355,4843554,BWC,8,8,2000
32003924,642402,4844007,SC,8,8,2000
32003925,642450,4844213,BWC,8,8,2000
32003926,642511,4844513,SC,8,8,2000
32003927,642650,4844958,BWC,8,8,2000
32003928,642659,4845008,SC,8,8,2000
32003931,640856,4845728,MBC,8,8,2000
32003932,640693,4845256,MBC,8,8,2000
32003933,640695,4845206,MBC,8,8,2000
32003934,640902,4845363,SC,8,8,2000
32003935,641159,4846401,BWC,8,8,2000
32003937,641412,4846595,SC,8,8,2000
32003938,641407,4846468,SC,8,8,2000
32003940,641401,4846106,SC,8,8,2000
32003941,641356,4845969,SC,8,8,2000
32003942,641750,4846264,BWC,8,8,2000
32003944,641413,4845619,BWC,8,8,2000
32003945,641408,4844962,BWC,8,8,2000
32003946,641159,4844905,BWC,8,8,2000
32003947,640808,4844406,SC,8,8,2000
32003948,640565,4844509,MBC,8,8,2000
32003949,640606,4844656,MBC,8,8,2000
32003950,640611,4844760,MBC,8,8,2000
32003951,640107,4843267,SC,8,8,2000
32003952,640253,4843508,MBC,8,8,2000
32003953,640605,4843761,MBC,8,8,2000
32003954,640561,4843953,MBC,8,8,2000
32003955,640657,4843919,MBC,8,8,2000
32003956,640756,4844018,MBC,8,8,2000
32003957,640807,4844116,MBC,8,8,2000
32003958,640848,4843963,MBC,8,8,2000
32003959,640806,4843864,MBC,8,8,2000
32003960,640803,4843723,MBC,8,8,2000
32003961,640701,4843720,MBC,8,8,2000
32003962,640609,4843301,MBC,8,8,2000
32003963,640598,4843252,MBC,8,8,2000
32003964,640501,4842695,MBC,8,8,2000
32003965,640297,4842157,MBC,8,8,2000
32003966,640464,4842214,BWC,8,8,2000
32003968,640655,4842122,SC,8,8,2000
32003969,640910,4841965,SC,8,8,2000
32003970,640655,4841861,BWC,8,8,2000
32003971,640550,4841719,SC,8,8,2000
32003972,641158,4841358,BWC,8,8,2000
32003973,641209,4841216,BWC,8,8,2000
32003974,640251,4841969,MBC,8,8,2000
32003975,640107,4841818,MBC,8,8,2000
32003976,639746,4841508,MBC,8,8,2000
32003977,639809,4842161,MBC,8,8,2000
32003978,639701,4841958,MBC,8,8,2000
32003979,639658,4841871,MBC,8,8,2000
32003983,639409,4842860,BWC,8,8,2000
32003984,639257,4843062,BWC,8,8,2000
32003985,639604,4842909,BWC,8,8,2000
32003986,639610,4843108,BWC,8,8,2000
32003987,639606,4843359,BWC,8,8,2000
32003988,639556,4843757,BWC,8,8,2000
32003989,639999,4843762,BWC,8,8,2000
32003991,640003,4844259,BWC,8,8,2000
32003992,642051,4841910,BWC,8,8,2000
32003993,641452,4841959,BWC,8,8,2000
32003994,641407,4842452,BWC,8,8,2000
32003995,641465,4842763,SC,8,8,2000
32003996,641351,4843210,BWC,8,8,2000
32003999,641112,4843515,SC,8,8,2000
32004000,641012,4843158,SC,8,8,2000
32004001,640913,4843220,BWC,8,8,2000
32004004,641157,4842164,SC,8,8,2000
32004005,641263,4841513,BWC,8,8,2000
32004006,641515,4841614,BWC,8,8,2000
32004007,641763,4841665,SC,8,8,2000
32004008,641754,4841319,SC,8,8,2000
32004009,641661,4841264,SC,8,8,2000
32004010,641562,4841069,SC,8,8,2000
32004011,641751,4841065,SC,8,8,2000
32004012,642001,4841119,BWC,8,8,2000
32004013,642006,4841014,BWC,8,8,2000
32004014,642207,4840960,SC,8,8,2000
32004015,642408,4840959,BWC,8,8,2000
32004016,642746,4840709,BWC,8,8,2000
32004017,642712,4841265,SC,8,8,2000
32004018,642656,4841257,SC,8,8,2000
32004019,642600,4841461,BWC,8,8,2000
32004020,643258,4840814,SC,8,8,2000
32004021,643306,4840819,SC,8,8,2000
32004022,642756,4841856,BWC,8,8,2000
32004028,643357,4841820,SC,8,8,2000
32004029,643406,4841618,BWC,8,8,2000
32004030,643502,4841260,BWC,8,8,2000
32004031,643863,4841610,BWC,8,8,2000
32004032,644103,4842116,BWC,8,8,2000
32004033,644159,4841717,BWC,8,8,2000
32004034,644160,4841515,BWC,8,8,2000
32004035,644007,4841413,BWC,8,8,2000
32004036,643804,4841114,BWC,8,8,2000
32004037,643753,4841013,BWC,8,8,2000
32004038,643805,4840813,BWC,8,8,2000
32004039,643555,4840261,IMP,8,8,2000
32004041,643056,4840363,BWC,8,8,2000
32004042,642251,4840462,BWC,8,8,2000
32004043,642354,4840213,BWC,8,8,2000
32004044,642205,4840210,BWC,8,8,2000
32004045,641754,4840108,IMP,8,8,2000
32004046,641854,4840010,IMP,8,8,2000
32004047,641856,4839806,IMP,8,8,2000
32004048,642006,4839661,IMP,8,8,2000
32004049,642353,4839415,IMP,8,8,2000
32004050,642456,4839359,IMP,8,8,2000
32004051,642454,4839118,IMP,8,8,2000
32004052,642007,4839214,IMP,8,8,2000
32004053,641659,4839367,IMP,8,8,2000
32004054,641757,4839508,IMP,8,8,2000
32004055,641595,4839855,IMP,8,8,2000
32004056,641551,4839960,IMP,8,8,2000
32004057,641351,4840012,BWC,8,8,2000
32004058,641309,4840060,BWC,8,8,2000
32004059,640954,4840215,BWC,8,8,2000
32004060,641454,4840112,IMP,8,8,2000
32004061,641401,4840466,BWC,8,8,2000
32004062,641302,4840553,SC,8,8,2000
32004063,641353,4840805,SC,8,8,2000
32004064,640751,4840962,SC,8,8,2000
32004065,640860,4840757,BWC,8,8,2000
32004067,641462,4840557,BWC,8,8,2000
32004069,639401,4843212,BWC,8,8,2000
32004070,639408,4843365,BWC,8,8,2000
32004071,639408,4843863,BWC,8,8,2000
32004072,639156,4844863,BWC,8,8,2000
32004073,639505,4845363,BWC,8,8,2000
32004074,639404,4844663,BWC,8,8,2000
32004075,639555,4844963,BWC,8,8,2000
32004076,640002,4845464,BWC,8,8,2000
32004077,639704,4844814,BWC,8,8,2000
32004078,639655,4841251,MBC,8,8,2000
32004079,639552,4841155,MBC,8,8,2000
32004080,639557,4840915,MBC,8,8,2000
32004081,639758,4840264,MBC,8,8,2000
32004082,639752,4840564,SC,8,8,2000
32004083,640007,4840463,SC,8,8,2000
32004084,640210,4840503,BWC,8,8,2000
32004086,640305,4841158,SC,8,8,2000
32004087,640497,4841168,SC,8,8,2000
32004088,640807,4840463,BWC,8,8,2000
32004089,640955,4840516,BWC,8,8,2000
32004090,640258,4840368,SC,8,8,2000
32004091,640351,4839961,BWC,8,8,2000
32004092,640249,4839719,BWC,8,8,2000
32004093,640359,4839509,BWC,8,8,2000
32004094,640845,4839762,BWC,8,8,2000
32004095,641005,4839810,BWC,8,8,2000
32004096,640950,4839363,BWC,8,8,2000
32004097,640663,4838760,IMP,8,8,2000
32004098,639755,4839356,MBC,8,8,2000
32004099,639709,4838905,MBC,8,8,2000
32004100,639805,4838813,MBC,8,8,2000
32004101,640004,4838813,BWC,8,8,2000
32004102,640455,4838561,BWC,8,8,2000
32004103,640811,4838112,IMP,8,8,2000
32004104,641154,4838362,IMP,8,8,2000
32004105,641409,4838967,IMP,8,8,2000
32004106,642503,4836812,IMP,8,8,2000
32004107,643091,4837617,IMP,8,8,2000
32004108,643003,4838108,SC,8,8,2000
32004109,642951,4838268,SC,8,8,2000
32004110,642904,4838309,SC,8,8,2000
32004111,642801,4838318,SC,8,8,2000
32004112,642656,4838454,IMP,8,8,2000
32004113,642655,4838705,SC,8,8,2000
32004114,643445,4839073,IMP,8,8,2000
32004115,643402,4839203,IMP,8,8,2000
32004116,643498,4839316,IMP,8,8,2000
32004117,643599,4839859,IMP,8,8,2000
32004118,643311,4840008,IMP,8,8,2000
32004119,643349,4839764,IMP,8,8,2000
32004120,643352,4839418,IMP,8,8,2000
32004121,643046,4839365,IMP,8,8,2000
32004122,642367,4838766,IMP,8,8,2000
32004123,642355,4837665,IMP,8,8,2000
32004124,641706,4837358,IMP,8,8,2000
32004125,641959,4837159,IMP,8,8,2000
32004126,641865,4836823,IMP,8,8,2000
32004127,641851,4836762,IMP,8,8,2000
32004128,641947,4836458,SC,8,8,2000
32004129,641703,4836503,IMP,8,8,2000
32004130,641656,4836392,IMP,8,8,2000
32004131,641012,4836210,MBC,8,8,2000
32004132,640707,4836255,MBC,8,8,2000
32004133,640408,4836468,MBC,8,8,2000
32004135,640711,4836565,IMP,8,8,2000
32004136,641062,4836622,IMP,8,8,2000
32004137,641254,4836657,IMP,8,8,2000
32004138,641304,4836554,IMP,8,8,2000
32004141,639200,4837458,SC,8,8,2000
32004142,639507,4837554,MBC,8,8,2000
32004143,639557,4837573,MBC,8,8,2000
32004144,639573,4837501,MBC,8,8,2000
32004145,639661,4837406,MBC,8,8,2000
32004146,640003,4837528,MBC,8,8,2000
32004147,640015,4837576,MBC,8,8,2000
32004148,639847,4837607,MBC,8,8,2000
32004149,639892,4837712,MBC,8,8,2000
32004150,639805,4837726,MBC,8,8,2000
32004151,639594,4837871,MBC,8,8,2000
32004152,639603,4837937,MBC,8,8,2000
32004153,639558,4838065,MBC,8,8,2000
32004154,639245,4838660,MBC,8,8,2000
32004155,639601,4838614,MBC,8,8,2000
32004156,639757,4838459,SC,8,8,2000
32004157,640005,4838161,BWC,8,8,2000
32004158,640559,4838062,IMP,8,8,2000
32004159,640443,4838059,IMP,8,8,2000
32004160,640259,4838301,BWC,8,8,2000
32004161,640856,4837981,IMP,8,8,2000
32004162,641412,4837917,IMP,8,8,2000
32004163,641196,4837862,IMP,8,8,2000
32004164,641497,4837715,IMP,8,8,2000
32004165,641456,4837502,IMP,8,8,2000
32004166,641563,4837469,IMP,8,8,2000
32004167,641595,4837463,IMP,8,8,2000
32004168,642795,4835314,IMP,8,8,2000
32004169,642656,4835362,IMP,8,8,2000
32004170,642814,4835857,IMP,8,8,2000
32004171,642702,4835906,IMP,8,8,2000
32004172,642461,4835963,IMP,8,8,2000
32004173,642460,4835895,IMP,8,8,2000
32004174,642412,4835860,IMP,8,8,2000
32004175,642999,4836046,IMP,8,8,2000
32004176,643112,4836156,IMP,8,8,2000
32004177,643199,4836367,IMP,8,8,2000
32004178,643295,4836410,IMP,8,8,2000
32004179,643350,4836564,IMP,8,8,2000
32004180,643163,4836610,IMP,8,8,2000
32004181,643349,4836895,IMP,8,8,2000
32004182,642818,4837409,IMP,8,8,2000
32004183,642761,4837170,IMP,8,8,2000
32004184,642204,4835527,IMP,8,8,2000
32004185,642304,4835377,IMP,8,8,2000
32004186,642212,4835010,IMP,8,8,2000
32004187,641900,4834700,MBC,8,8,2000
32004188,642063,4834706,SC,8,8,2000
32004189,642156,4834747,SC,8,8,2000
32004190,642514,4834908,IMP,8,8,2000
32004191,641556,4836805,IMP,8,8,2000
32004192,641494,4836849,IMP,8,8,2000
32004193,641459,4836955,IMP,8,8,2000
32004194,641050,4837206,IMP,8,8,2000
32004195,641208,4837266,IMP,8,8,2000
32004196,640885,4837468,IMP,8,8,2000
32004197,640902,4837355,IMP,8,8,2000
32004198,640709,4836951,IMP,8,8,2000
32004199,640297,4836958,IMP,8,8,2000
32004200,640158,4836416,MBC,8,8,2000
32004201,640220,4836216,BWC,8,8,2000
32004202,640955,4835713,IMP,8,8,2000
32004203,641448,4835013,IMP,8,8,2000
32004204,641597,4835010,MBC,8,8,2000
32004205,641611,4834898,MBC,8,8,2000
32004206,641254,4834064,IMP,8,8,2000
32004207,641207,4833977,IMP,8,8,2000
32004208,641202,4833817,IMP,8,8,2000
32004209,641245,4833708,IMP,8,8,2000
32004210,641346,4833770,IMP,8,8,2000
32004211,641702,4834055,IMP,8,8,2000
32004212,641708,4833764,IMP,8,8,2000
32004213,641615,4833670,IMP,8,8,2000
32004214,641701,4833507,IMP,8,8,2000
32004216,641609,4833004,IMP,8,8,2000
32004217,641903,4832916,IMP,8,8,2000
32004218,642209,4832710,IMP,8,8,2000
32004219,642354,4832606,IMP,8,8,2000
32004220,642601,4833256,SC,8,8,2000
32004221,642815,4833271,IMP,8,8,2000
32004222,643013,4833320,IMP,8,8,2000
32004223,643215,4833418,IMP,8,8,2000
32004224,642949,4833557,IMP,8,8,2000
32004225,643155,4834104,BWC,8,8,2000
32004226,642500,4833410,MBC,8,8,2000
32004227,641817,4834095,IMP,8,8,2000
32004228,642094,4834258,SC,8,8,2000
32004229,639046,4837157,SC,8,8,2000
32004230,638994,4837077,SC,8,8,2000
32004231,638969,4836969,SC,8,8,2000
32004232,639043,4836854,SC,8,8,2000
32004233,639211,4836772,SC,8,8,2000
32004234,639309,4836603,SC,8,8,2000
32004235,639305,4836267,SC,8,8,2000
32004236,639206,4836199,SC,8,8,2000
32004237,639059,4836103,SC,8,8,2000
32004238,639799,4835857,BWC,8,8,2000
32004240,639719,4836168,BWC,8,8,2000
32004241,639654,4836464,BWC,8,8,2000
32004242,639799,4836556,BWC,8,8,2000
32004243,639756,4835655,BWC,8,8,2000
32004244,639760,4835613,BWC,8,8,2000
32004245,639810,4835603,BWC,8,8,2000
32004246,640051,4835573,BWC,8,8,2000
32004247,640296,4835517,BWC,8,8,2000
32004248,640507,4835157,IMP,8,8,2000
32004249,640309,4834998,IMP,8,8,2000
32004250,640399,4834857,IMP,8,8,2000
32004251,640070,4834964,IMP,8,8,2000
32004252,639855,4835022,IMP,8,8,2000
32004254,639460,4835207,BWC,8,8,2000
32004255,639414,4835659,SC,8,8,2000
32004256,639154,4834757,SC,8,8,2000
32004258,639652,4834760,IMP,8,8,2000
32004259,639520,4834301,BWC,8,8,2000
32004260,639495,4834053,IMP,8,8,2000
32004261,639549,4833972,IMP,8,8,2000
32004262,639905,4834158,IMP,8,8,2000
32004264,640201,4833854,IMP,8,8,2000
32004265,640353,4834062,IMP,8,8,2000
32004266,640205,4834316,IMP,8,8,2000
32004267,640250,4834414,IMP,8,8,2000
32004268,640995,4834506,IMP,8,8,2000
32004269,640843,4834114,IMP,8,8,2000
32004270,640898,4833955,IMP,8,8,2000
32004271,640807,4833563,IMP,8,8,2000
32004272,640802,4833510,IMP,8,8,2000
32004273,640596,4833516,IMP,8,8,2000
32004274,640405,4833322,IMP,8,8,2000
32004275,640806,4833066,IMP,8,8,2000
32004276,640408,4832912,IMP,8,8,2000
32004277,640359,4832973,IMP,8,8,2000
32004278,639905,4833102,IMP,8,8,2000
32004279,639722,4833117,IMP,8,8,2000
32004280,639560,4833163,IMP,8,8,2000
32004282,639202,4833109,IMP,8,8,2000
32004283,639494,4833001,IMP,8,8,2000
32004284,639406,4832866,IMP,8,8,2000
32004285,639554,4832406,IMP,8,8,2000
32004286,639358,4832360,IMP,8,8,2000
32004287,639951,4831362,IMP,8,8,2000
32004288,640106,4830957,IMP,8,8,2000
32004289,640402,4831023,IMP,8,8,2000
32004290,640460,4831014,IMP,8,8,2000
32004291,640407,4830666,IMP,8,8,2000
32004292,640064,4830112,IMP,8,8,2000
32004293,639811,4829958,IMP,8,8,2000
32004294,639898,4829820,IMP,8,8,2000
32004295,640611,4829767,IMP,8,8,2000
32004296,640652,4829520,IMP,8,8,2000
32004297,640754,4829615,IMP,8,8,2000
32004298,641153,4829710,IMP,8,8,2000
32004299,641117,4829803,IMP,8,8,2000
32004300,640902,4829806,IMP,8,8,2000
32004301,640542,4830211,IMP,8,8,2000
32004302,640898,4830356,IMP,8,8,2000
32004303,640937,4830542,IMP,8,8,2000
32004304,640804,4830603,IMP,8,8,2000
32004305,640840,4830730,IMP,8,8,2000
32004306,640896,4830714,IMP,8,8,2000
32004307,641001,4830854,IMP,8,8,2000
32004308,640947,4830956,IMP,8,8,2000
32004309,640553,4831223,IMP,8,8,2000
32004310,640461,4831731,IMP,8,8,2000
32004328,643054,4832218,IMP,8,8,2000
32004329,642046,4832213,IMP,8,8,2000
32004330,641565,4832559,IMP,8,8,2000
32004331,641358,4832750,IMP,8,8,2000
32004332,641106,4832621,IMP,8,8,2000
32004333,641003,4832609,IMP,8,8,2000
32004334,640644,4832760,IMP,8,8,2000
32004335,640605,4832568,IMP,8,8,2000
32004336,640700,4832310,IMP,8,8,2000
32004337,640906,4832355,IMP,8,8,2000
32004338,640955,4832316,IMP,8,8,2000
32004339,641246,4832312,IMP,8,8,2000
32004340,641349,4832222,IMP,8,8,2000
32004341,640914,4832107,IMP,8,8,2000
32004342,641193,4831952,IMP,8,8,2000
32004343,641351,4831852,IMP,8,8,2000
32004344,641363,4831660,IMP,8,8,2000
32004345,641305,4831607,IMP,8,8,2000
32004346,641209,4831611,IMP,8,8,2000
32004347,641063,4831565,IMP,8,8,2000
32004348,641844,4831353,IMP,8,8,2000
32004349,642060,4831915,IMP,8,8,2000
32004350,641895,4832063,IMP,8,8,2000
32004351,642802,4831965,IMP,8,8,2000
32004352,642995,4831970,IMP,8,8,2000
32004353,642916,4831658,IMP,8,8,2000
32004354,642461,4831413,IMP,8,8,2000
32004355,642115,4831263,IMP,8,8,2000
32004356,642515,4830895,IMP,8,8,2000
32004357,642708,4830743,IMP,8,8,2000
32004358,642408,4830664,IMP,8,8,2000
32004359,641752,4830913,IMP,8,8,2000
32004360,641750,4830671,IMP,8,8,2000
32004361,641320,4830671,IMP,8,8,2000
32004363,642314,4830409,IMP,8,8,2000
32004364,642405,4830511,IMP,8,8,2000
32004365,642418,4830327,IMP,8,8,2000
32004366,642195,4830063,IMP,8,8,2000
32004367,642700,4830210,IMP,8,8,2000
32004368,643200,4828858,MBC,8,8,2000
32004369,643403,4829619,IMP,8,8,2000
32004370,643347,4829700,IMP,8,8,2000
32004371,642106,4829409,IMP,8,8,2000
32004372,642306,4829361,IMP,8,8,2000
32004373,642300,4829212,IMP,8,8,2000
32004374,642349,4829153,IMP,8,8,2000
32004375,642703,4828967,IMP,8,8,2000
32004376,642805,4828661,IMP,8,8,2000
32004377,642803,4828408,IMP,8,8,2000
32004378,642804,4828015,IMP,8,8,2000
32004379,642504,4827862,IMP,8,8,2000
32004380,642252,4828064,IMP,8,8,2000
32004381,642053,4828413,IMP,8,8,2000
32004382,641814,4828901,IMP,8,8,2000
32004383,641706,4829132,IMP,8,8,2000
32004384,641853,4829220,IMP,8,8,2000
32004385,641650,4829285,IMP,8,8,2000
32004386,641260,4830152,IMP,8,8,2000
32004387,641297,4829904,IMP,8,8,2000
32004388,641354,4829722,IMP,8,8,2000
32004389,641346,4829614,IMP,8,8,2000
32004390,641096,4829102,IMP,8,8,2000
32004391,640764,4829075,IMP,8,8,2000
32004392,640853,4828665,IMP,8,8,2000
32004393,641205,4828456,IMP,8,8,2000
32004394,641261,4828261,IMP,8,8,2000
32004395,641601,4827913,IMP,8,8,2000
32004396,642517,4826700,MBC,8,8,2000
32004397,642494,4826656,MBC,8,8,2000
32004398,642605,4826564,MBC,8,8,2000
32004605,639945,4850458,MBC,8,8,2001
32004606,641199,4847062,MBC,8,8,2001
32004607,641152,4847812,MBC,8,8,2001
32004608,636414,4858264,MBC,8,8,2001
32004609,640655,4844317,MBC,8,8,2001
32004610,638605,4854552,MBC,8,8,2001
32004611,638557,4854266,MBC,8,8,2001
32004612,638557,4854164,MBC,8,8,2001
32004613,638762,4854101,MBC,8,8,2001
32004614,639959,4852759,MBC,8,8,2001
32004615,639506,4851252,MBC,8,8,2001
32004616,639603,4851219,MBC,8,8,2001
32004617,639610,4851059,MBC,8,8,2001
32004618,639556,4850705,MBC,8,8,2001
32004619,640851,4848761,MBC,8,8,2001
32004620,641001,4847511,MBC,8,8,2001
32004621,640701,4845210,MBC,8,8,2001
32004622,640605,4844560,MBC,8,8,2001
32004623,640609,4844262,MBC,8,8,2001
32004624,640699,4844255,MBC,8,8,2001
32004625,640706,4844164,MBC,8,8,2001
32004626,640800,4844161,MBC,8,8,2001
32004627,640657,4844061,MBC,8,8,2001
32004628,640607,4843408,MBC,8,8,2001
32004629,640305,4843260,MBC,8,8,2001
32004630,640200,4842910,MBC,8,8,2001
32004631,640146,4842657,MBC,8,8,2001
32004632,640157,4841963,MBC,8,8,2001
32004633,640209,4841913,MBC,8,8,2001
32004634,639652,4841860,MBC,8,8,2001
32004635,640007,4841852,MBC,8,8,2001
32004636,639505,4841711,MBC,8,8,2001
32004637,639552,4841110,MBC,8,8,2001
32004638,639604,4840963,MBC,8,8,2001
32004639,639706,4840267,MBC,8,8,2001
32004640,639762,4840159,MBC,8,8,2001
32004641,639699,4838918,MBC,8,8,2001
32004642,639705,4838811,MBC,8,8,2001
32004643,639948,4837516,MBC,8,8,2001
32004644,640010,4837371,MBC,8,8,2001
32004645,640408,4836365,MBC,8,8,2001
32004646,640513,4836314,MBC,8,8,2001
32004647,640660,4836215,MBC,8,8,2001
32004648,641609,4835410,MBC,8,8,2001
32004649,641605,4835011,MBC,8,8,2001
32004650,643060,4832613,MBC,8,8,2001
32004651,643212,4832514,MBC,8,8,2001
32004652,642561,4826863,MBC,8,8,2001
32004653,642558,4826561,MBC,8,8,2001
32004654,642602,4826420,MBC,8,8,2001
32004655,639239,4854124,MBC,8,8,2001
32004656,639259,4853712,MBC,8,8,2001
32004657,641048,4848311,MBC,8,8,2001
32004658,639646,4841906,MBC,8,8,2001
32004659,636613,4857906,MBC,8,8,2001
32004660,636611,4857161,MBC,8,8,2001
32004661,636610,4857021,MBC,8,8,2001
32004662,636702,4856909,MBC,8,8,2001
32004663,636800,4856668,MBC,8,8,2001
32004665,638799,4854511,MBC,8,8,2001
32004666,638365,4854366,MBC,8,8,2001
32004667,639604,4853826,MBC,8,8,2001
32004668,640103,4851814,MBC,8,8,2001
32004669,640113,4851762,MBC,8,8,2001
32004670,639451,4850863,MBC,8,8,2001
32004671,639459,4850757,MBC,8,8,2001
32004672,639505,4850512,MBC,8,8,2001
32004673,640656,4849466,MBC,8,8,2001
32004674,640852,4849218,MBC,8,8,2001
32004675,640953,4849117,MBC,8,8,2001
32004676,641258,4848821,MBC,8,8,2001
32004677,640862,4848663,MBC,8,8,2001
32004678,641399,4848666,MBC,8,8,2001
32004679,640950,4848511,MBC,8,8,2001
32004680,641606,4848509,MBC,8,8,2001
32004681,641151,4848013,MBC,8,8,2001
32004682,640956,4847412,MBC,8,8,2001
32004683,640755,4846863,MBC,8,8,2001
32004684,640952,4846059,MBC,8,8,2001
32004685,640749,4844363,MBC,8,8,2001
32004686,640860,4843809,MBC,8,8,2001
32004687,640252,4843267,MBC,8,8,2001
32004688,640207,4843069,MBC,8,8,2001
32004689,640159,4842760,MBC,8,8,2001
32004690,639652,4840618,MBC,8,8,2001
32004691,639755,4839760,MBC,8,8,2001
32004692,639804,4838812,MBC,8,8,2001
32004693,639702,4838755,MBC,8,8,2001
32004694,639202,4837918,MBC,8,8,2001
32004696,639464,4837610,MBC,8,8,2001
32004697,639964,4837618,MBC,8,8,2001
32004698,639501,4837503,MBC,8,8,2001
32004699,639547,4837471,MBC,8,8,2001
32004700,640959,4836212,MBC,8,8,2001
32004701,642504,4826761,MBC,8,8,2001
32004702,642505,4826362,MBC,8,8,2001
32004703,640156,4836906,MBC,8,8,2001
32004704,642913,4832810,MBC,8,8,2001
32004705,637805,4856669,SC,8,8,2001
32004706,639055,4856609,SC,8,8,2001
32004707,639201,4856459,SC,8,8,2001
32004708,639063,4856419,SC,8,8,2001
32004709,639255,4855157,SC,8,8,2001
32004710,641759,4847814,SC,8,8,2001
32004712,641551,4847318,SC,8,8,2001
32004713,642611,4847205,SC,8,8,2001
32004715,641356,4846557,SC,8,8,2001
32004716,642455,4846570,SC,8,8,2001
32004717,642504,4846510,SC,8,8,2001
32004718,642302,4846362,SC,8,8,2001
32004719,641202,4846213,SC,8,8,2001
32004721,642407,4846115,SC,8,8,2001
32004722,641455,4846069,SC,8,8,2001
32004723,641206,4846006,SC,8,8,2001
32004724,641158,4845965,SC,8,8,2001
32004725,643254,4845910,SC,8,8,2001
32004726,642149,4845869,SC,8,8,2001
32004727,643497,4845864,SC,8,8,2001
32004729,642261,4845268,SC,8,8,2001
32004730,642254,4844865,SC,8,8,2001
32004731,640761,4844661,SC,8,8,2001
32004732,641151,4844659,SC,8,8,2001
32004733,642199,4844668,SC,8,8,2001
32004734,642502,4844660,SC,8,8,2001
32004735,642608,4844563,SC,8,8,2001
32004736,643713,4844404,SC,8,8,2001
32004737,641311,4843912,SC,8,8,2001
32004738,642210,4843757,SC,8,8,2001
32004739,641055,4843266,SC,8,8,2001
32004740,641797,4843118,SC,8,8,2001
32004741,640007,4843052,SC,8,8,2001
32004742,639905,4842562,SC,8,8,2001
32004743,641500,4842315,SC,8,8,2001
32004744,639759,4842257,SC,8,8,2001
32004745,643711,4842261,SC,8,8,2001
32004746,641209,4842210,SC,8,8,2001
32004747,640302,4841912,SC,8,8,2001
32004748,640151,4841762,SC,8,8,2001
32004749,640460,4841760,SC,8,8,2001
32004750,639462,4841722,SC,8,8,2001
32004751,643258,4841713,SC,8,8,2001
32004752,641753,4841603,SC,8,8,2001
32004753,640306,4841564,SC,8,8,2001
32004754,641749,4841511,SC,8,8,2001
32004755,641658,4841464,SC,8,8,2001
32004756,642761,4841110,SC,8,8,2001
32004757,640305,4841015,SC,8,8,2001
32004758,642451,4840704,SC,8,8,2001
32004759,640500,4840569,SC,8,8,2001
32004760,642602,4840558,SC,8,8,2001
32004761,640010,4838512,SC,8,8,2001
32004762,637458,4856761,SC,8,8,2001
32004763,637904,4856207,SC,8,8,2001
32004764,637904,4856175,SC,8,8,2001
32004765,638062,4855806,SC,8,8,2001
32004766,638614,4855069,SC,8,8,2001
32004767,638557,4854912,SC,8,8,2001
32004768,638708,4854662,SC,8,8,2001
32004769,638910,4854616,SC,8,8,2001
32004770,638603,4853972,SC,8,8,2001
32004771,638806,4853909,SC,8,8,2001
32004772,639906,4853761,SC,8,8,2001
32004773,638816,4853460,SC,8,8,2001
32004774,638962,4852705,SC,8,8,2001
32004775,639298,4850507,SC,8,8,2001
32004777,639551,4849756,SC,8,8,2001
32004778,640652,4849768,SC,8,8,2001
32004779,640753,4849566,SC,8,8,2001
32004780,640650,4848912,SC,8,8,2001
32004781,639645,4835155,SC,8,8,2001
32004782,644506,4842961,SC,8,8,2001
32004783,641553,4840659,SC,8,8,2001
32004784,638602,4856667,SC,8,8,2001
32004785,643096,4846310,SC,8,8,2001
32004786,643103,4845704,SC,8,8,2001
32004787,642401,4844002,SC,8,8,2001
32004788,642504,4844012,SC,8,8,2001
32004790,641899,4843258,SC,8,8,2001
32004791,641114,4843155,SC,8,8,2001
32004792,641206,4842458,SC,8,8,2001
32004793,640606,4841704,SC,8,8,2001
32004794,641552,4841212,SC,8,8,2001
32004795,641409,4840712,SC,8,8,2001
32004796,640111,4840618,SC,8,8,2001
32004797,642552,4840611,SC,8,8,2001
32004798,640560,4839011,SC,8,8,2001
32004799,638908,4837063,SC,8,8,2001
32004800,641968,4849309,SC,8,8,2001
32004801,642602,4847907,SC,8,8,2001
32004802,641710,4843963,SC,8,8,2001
32004803,641747,4843953,SC,8,8,2001
32004804,641363,4843617,SC,8,8,2001
32004805,640965,4842661,SC,8,8,2001
32004806,640953,4841964,SC,8,8,2001
32004807,640955,4841912,SC,8,8,2001
32004808,638908,4837111,SC,8,8,2001
32004809,639254,4836602,SC,8,8,2001
32004810,639654,4835660,SC,8,8,2001
32004811,639654,4835409,SC,8,8,2001
32004812,639603,4835362,SC,8,8,2001
32004813,642652,4837413,SC,8,8,2001
32004814,642160,4835366,SC,8,8,2001
32004815,639899,4832015,SC,8,8,2001
32004816,640203,4829816,SC,8,8,2001
32004817,642607,4837712,SC,8,8,2001
32004818,642352,4834864,SC,8,8,2001
32004819,642255,4834815,SC,8,8,2001
32004820,642201,4834711,SC,8,8,2001
32004821,642355,4834712,SC,8,8,2001
32004822,642254,4834356,SC,8,8,2001
32004823,642710,4833202,SC,8,8,2001
32004824,639554,4831714,SC,8,8,2001
32004825,639798,4848807,BWC,8,8,2001
32004826,638652,4857859,BWC,8,8,2001
32004828,640253,4836212,BWC,8,8,2001
32004829,639656,4848662,BWC,8,8,2001
32004830,639903,4848557,BWC,8,8,2001
32004831,640406,4848512,BWC,8,8,2001
32004832,640312,4848008,BWC,8,8,2001
32004833,644155,4845513,BWC,8,8,2001
32004834,644355,4845318,BWC,8,8,2001
32004836,644200,4843412,BWC,8,8,2001
32004837,643061,4842918,BWC,8,8,2001
32004838,643212,4842912,BWC,8,8,2001
32004840,638505,4856366,BWC,8,8,2001
32004841,641954,4848615,BWC,8,8,2001
32004844,644154,4845816,BWC,8,8,2001
32004845,644359,4845514,BWC,8,8,2001
32004846,643262,4844267,BWC,8,8,2001
32004847,644657,4843365,BWC,8,8,2001
32004848,644653,4843314,BWC,8,8,2001
32004849,644709,4843320,BWC,8,8,2001
32004850,640061,4839565,BWC,8,8,2001
32004851,639708,4836454,BWC,8,8,2001
32004853,637806,4858016,BWC,8,8,2001
32004854,644153,4842966,BWC,8,8,2001
32004856,640252,4839917,BWC,8,8,2001
32004857,637455,4858007,BWC,8,8,2001
32004858,642151,4846398,BWC,8,8,2001
32004859,642956,4843658,BWC,8,8,2001
32004861,640107,4840104,BWC,8,8,2001
32004862,640153,4839712,BWC,8,8,2001
32004863,640261,4839610,BWC,8,8,2001
32004865,639905,4835911,BWC,8,8,2001
32004866,640404,4835812,BWC,8,8,2001
32004867,639955,4835557,BWC,8,8,2001
32004868,640402,4835413,BWC,8,8,2001
32004869,639746,4849872,BWC,8,8,2001
32004870,639803,4849858,BWC,8,8,2001
32004871,639761,4849822,BWC,8,8,2001
32004872,640056,4836510,BWC,8,8,2001
32004873,643153,4841014,BWC,8,8,2001
32004874,640356,4839370,BWC,8,8,2001
32004875,637807,4857505,BWC,8,8,2001
32004877,638253,4857271,BWC,8,8,2001
32004878,644159,4845107,BWC,8,8,2001
32004879,643555,4844816,BWC,8,8,2001
32004880,644110,4841809,BWC,8,8,2001
32004881,643755,4841672,BWC,8,8,2001
32004882,643653,4841560,BWC,8,8,2001
32004883,643850,4841360,BWC,8,8,2001
32004884,643664,4841309,BWC,8,8,2001
32004885,641059,4840259,BWC,8,8,2001
32004886,641003,4840016,BWC,8,8,2001
32004887,639958,4838471,BWC,8,8,2001
32004888,639800,4835665,BWC,8,8,2001
32004889,642312,4847764,BWC,8,8,2001
32004890,643852,4844865,BWC,8,8,2001
32004891,643359,4844765,BWC,8,8,2001
32004892,642145,4844460,BWC,8,8,2001
32004893,641903,4842767,BWC,8,8,2001
32004894,642251,4841960,BWC,8,8,2001
32004895,643305,4841562,BWC,8,8,2001
32004897,642202,4841116,BWC,8,8,2001
32004898,642310,4840810,BWC,8,8,2001
32004899,641207,4840654,BWC,8,8,2001
32004900,641008,4840514,BWC,8,8,2001
32004901,640958,4839315,BWC,8,8,2001
32004902,638247,4858354,BWC,8,8,2001
32004903,638050,4857753,BWC,8,8,2001
32004904,637804,4857557,BWC,8,8,2001
32004906,637799,4857319,BWC,8,8,2001
32004907,638859,4857219,BWC,8,8,2001
32004908,638655,4857111,BWC,8,8,2001
32004909,638861,4856803,BWC,8,8,2001
32004910,638710,4856712,BWC,8,8,2001
32004911,638704,4856364,BWC,8,8,2001
32004912,639203,4855711,BWC,8,8,2001
32004913,638956,4855261,BWC,8,8,2001
32004914,639705,4854466,BWC,8,8,2001
32004915,641859,4849319,BWC,8,8,2001
32004916,639614,4849261,BWC,8,8,2001
32004917,642163,4849014,BWC,8,8,2001
32004918,640861,4847810,BWC,8,8,2001
32004919,642951,4847560,BWC,8,8,2001
32004920,641904,4846963,BWC,8,8,2001
32004921,643859,4845712,BWC,8,8,2001
32004922,641452,4845611,BWC,8,8,2001
32004923,641952,4845464,BWC,8,8,2001
32004924,643553,4845419,BWC,8,8,2001
32004925,643561,4845311,BWC,8,8,2001
32004927,641404,4844267,BWC,8,8,2001
32004928,642051,4844261,BWC,8,8,2001
32004929,641055,4843812,BWC,8,8,2001
32004930,642107,4843158,BWC,8,8,2001
32004931,643163,4842710,BWC,8,8,2001
32004932,641309,4842432,BWC,8,8,2001
32004933,641807,4842321,BWC,8,8,2001
32004934,642706,4842214,BWC,8,8,2001
32004935,642902,4842068,BWC,8,8,2001
32004936,640555,4841856,BWC,8,8,2001
32004937,641456,4841861,BWC,8,8,2001
32004938,641497,4841710,BWC,8,8,2001
32004939,641515,4841662,BWC,8,8,2001
32004941,643509,4841552,BWC,8,8,2001
32004942,644105,4841454,BWC,8,8,2001
32004944,643009,4840862,BWC,8,8,2001
32004945,642004,4840712,BWC,8,8,2001
32004946,643206,4840668,BWC,8,8,2001
32004947,640251,4840261,BWC,8,8,2001
32004949,640055,4837656,BWC,8,8,2001
32004950,638505,4851254,BWC,8,8,2001
32004951,638405,4851063,BWC,8,8,2001
32004952,638706,4851016,BWC,8,8,2001
32004953,638354,4850870,BWC,8,8,2001
32004955,639904,4845957,BWC,8,8,2001
32004956,639806,4845711,BWC,8,8,2001
32004957,639399,4845308,BWC,8,8,2001
32004958,639203,4844858,BWC,8,8,2001
32004959,639410,4844813,BWC,8,8,2001
32004960,639662,4844807,BWC,8,8,2001
32004961,639058,4844614,BWC,8,8,2001
32004962,639155,4844460,BWC,8,8,2001
32004963,639857,4844517,BWC,8,8,2001
32004965,639656,4844310,BWC,8,8,2001
32004966,639306,4844165,BWC,8,8,2001
32004967,638902,4850610,BWC,8,8,2001
32004968,638855,4850566,BWC,8,8,2001
32004969,639051,4850569,BWC,8,8,2001
32004970,638760,4850255,BWC,8,8,2001
32004971,639454,4844164,BWC,8,8,2001
32004972,639503,4844167,BWC,8,8,2001
32004973,639297,4843861,BWC,8,8,2001
32004974,639607,4843862,BWC,8,8,2001
32004975,639504,4843815,BWC,8,8,2001
32004976,639810,4843611,BWC,8,8,2001
32004977,639508,4843511,BWC,8,8,2001
32004978,639903,4843465,BWC,8,8,2001
32004979,639704,4843360,BWC,8,8,2001
32004980,639455,4843265,BWC,8,8,2001
32004981,639755,4843267,BWC,8,8,2001
32004982,639453,4843011,BWC,8,8,2001
32004983,639250,4842255,BWC,8,8,2001
32004984,639206,4843916,BWC,8,8,2001
32004985,640104,4843862,BWC,8,8,2001
32004986,639207,4843519,BWC,8,8,2001
32004987,639604,4842412,BWC,8,8,2001
32004988,639258,4841958,BWC,8,8,2001
32004989,641302,4840464,BWC,8,8,2001
32004990,641408,4840164,BWC,8,8,2001
32004991,642059,4840313,BWC,8,8,2001
32004992,643357,4840712,BWC,8,8,2001
32004994,643454,4840654,BWC,8,8,2001
32004995,643807,4840612,BWC,8,8,2001
32004996,641058,4840212,BWC,8,8,2001
32004997,642856,4840063,BWC,8,8,2001
32004998,641053,4839962,BWC,8,8,2001
32004999,643305,4840517,BWC,8,8,2001
32005000,639256,4834110,IMP,8,8,2001
32005001,639308,4833266,IMP,8,8,2001
32005002,639802,4829218,IMP,8,8,2001
32005003,639610,4829622,IMP,8,8,2001
32005004,641906,4840205,IMP,8,8,2001
32005005,643307,4833064,IMP,8,8,2001
32005006,639851,4829568,IMP,8,8,2001
32005007,640059,4829362,IMP,8,8,2001
32005008,640161,4829262,IMP,8,8,2001
32005009,641854,4839917,IMP,8,8,2001
32005010,642056,4837314,IMP,8,8,2001
32005011,641651,4836511,IMP,8,8,2001
32005012,640456,4834314,IMP,8,8,2001
32005013,641453,4831114,IMP,8,8,2001
32005014,641657,4830713,IMP,8,8,2001
32005015,643254,4828513,IMP,8,8,2001
32005016,642808,4839363,IMP,8,8,2001
32005017,642197,4837019,IMP,8,8,2001
32005018,640258,4829763,IMP,8,8,2001
32005019,641104,4829060,IMP,8,8,2001
32005020,643609,4840511,IMP,8,8,2001
32005021,642105,4840061,IMP,8,8,2001
32005022,643555,4840010,IMP,8,8,2001
32005023,642254,4839866,IMP,8,8,2001
32005024,643198,4839815,IMP,8,8,2001
32005025,642505,4839761,IMP,8,8,2001
32005026,641549,4839660,IMP,8,8,2001
32005027,642209,4839462,IMP,8,8,2001
32005028,642513,4839412,IMP,8,8,2001
32005029,643301,4839416,IMP,8,8,2001
32005030,643151,4839269,IMP,8,8,2001
32005031,643402,4839262,IMP,8,8,2001
32005032,641654,4839220,IMP,8,8,2001
32005033,641156,4839159,IMP,8,8,2001
32005034,641805,4839117,IMP,8,8,2001
32005035,643303,4839112,IMP,8,8,2001
32005036,641545,4839052,IMP,8,8,2001
32005037,641751,4838910,IMP,8,8,2001
32005038,643156,4838710,IMP,8,8,2001
32005039,640855,4838662,IMP,8,8,2001
32005040,640705,4838610,IMP,8,8,2001
32005041,641560,4838612,IMP,8,8,2001
32005042,641104,4838557,IMP,8,8,2001
32005043,640705,4838415,IMP,8,8,2001
32005044,641056,4838404,IMP,8,8,2001
32005045,640702,4838267,IMP,8,8,2001
32005046,642054,4838261,IMP,8,8,2001
32005047,643207,4838262,IMP,8,8,2001
32005048,643208,4838217,IMP,8,8,2001
32005049,642759,4838156,IMP,8,8,2001
32005050,641199,4838116,IMP,8,8,2001
32005051,641952,4838111,IMP,8,8,2001
32005052,640902,4837963,IMP,8,8,2001
32005053,641054,4837862,IMP,8,8,2001
32005054,640858,4837758,IMP,8,8,2001
32005055,641156,4837655,IMP,8,8,2001
32005056,641207,4837667,IMP,8,8,2001
32005057,640900,4837612,IMP,8,8,2001
32005058,641904,4837612,IMP,8,8,2001
32005059,643056,4837615,IMP,8,8,2001
32005060,641505,4837516,IMP,8,8,2001
32005061,642055,4837465,IMP,8,8,2001
32005062,643259,4837464,IMP,8,8,2001
32005063,641006,4837362,IMP,8,8,2001
32005064,641255,4837360,IMP,8,8,2001
32005065,640610,4837214,IMP,8,8,2001
32005066,640603,4837162,IMP,8,8,2001
32005067,642005,4837166,IMP,8,8,2001
32005068,641206,4837106,IMP,8,8,2001
32005069,642001,4836965,IMP,8,8,2001
32005070,640408,4836915,IMP,8,8,2001
32005071,640756,4836768,IMP,8,8,2001
32005072,643357,4836665,IMP,8,8,2001
32005073,640704,4836613,IMP,8,8,2001
32005074,643251,4836566,IMP,8,8,2001
32005075,641707,4836460,IMP,8,8,2001
32005076,642855,4836411,IMP,8,8,2001
32005077,641652,4836210,IMP,8,8,2001
32005078,642215,4836165,IMP,8,8,2001
32005079,641855,4835966,IMP,8,8,2001
32005080,642255,4835962,IMP,8,8,2001
32005081,642456,4835963,IMP,8,8,2001
32005082,642904,4835910,IMP,8,8,2001
32005083,643001,4835663,IMP,8,8,2001
32005084,640955,4835614,IMP,8,8,2001
32005085,641107,4835515,IMP,8,8,2001
32005086,640903,4835464,IMP,8,8,2001
32005087,642705,4835470,IMP,8,8,2001
32005088,643050,4835417,IMP,8,8,2001
32005089,642010,4835309,IMP,8,8,2001
32005090,640857,4835215,IMP,8,8,2001
32005091,642811,4835164,IMP,8,8,2001
32005092,640804,4835058,IMP,8,8,2001
32005093,640105,4834914,IMP,8,8,2001
32005094,642401,4834907,IMP,8,8,2001
32005095,640955,4834762,IMP,8,8,2001
32005096,641098,4834759,IMP,8,8,2001
32005097,639903,4834717,IMP,8,8,2001
32005098,640954,4834667,IMP,8,8,2001
32005099,641456,4834664,IMP,8,8,2001
32005100,640609,4834614,IMP,8,8,2001
32005102,642411,4834561,IMP,8,8,2001
32005103,640454,4834461,IMP,8,8,2001
32005104,641058,4834362,IMP,8,8,2001
32005105,642856,4834355,IMP,8,8,2001
32005106,640160,4834259,IMP,8,8,2001
32005107,640749,4834214,IMP,8,8,2001
32005108,642306,4834108,IMP,8,8,2001
32005109,642557,4834112,IMP,8,8,2001
32005110,641356,4834062,IMP,8,8,2001
32005111,642653,4834017,IMP,8,8,2001
32005112,641460,4833954,IMP,8,8,2001
32005113,642450,4833860,IMP,8,8,2001
32005114,642057,4833815,IMP,8,8,2001
32005115,641158,4833662,IMP,8,8,2001
32005116,640257,4833611,IMP,8,8,2001
32005117,641549,4833612,IMP,8,8,2001
32005118,640652,4833566,IMP,8,8,2001
32005119,640804,4833510,IMP,8,8,2001
32005120,641805,4833512,IMP,8,8,2001
32005121,639963,4833414,IMP,8,8,2001
32005122,641905,4833261,IMP,8,8,2001
32005123,641207,4833160,IMP,8,8,2001
32005124,641403,4833161,IMP,8,8,2001
32005125,642205,4833112,IMP,8,8,2001
32005126,640404,4832956,IMP,8,8,2001
32005127,640607,4832963,IMP,8,8,2001
32005129,640708,4832910,IMP,8,8,2001
32005130,640908,4832765,IMP,8,8,2001
32005131,642553,4832718,IMP,8,8,2001
32005132,641210,4832655,IMP,8,8,2001
32005133,639803,4832613,IMP,8,8,2001
32005134,641108,4832611,IMP,8,8,2001
32005135,641596,4832615,IMP,8,8,2001
32005136,640052,4832563,IMP,8,8,2001
32005137,640758,4832516,IMP,8,8,2001
32005138,641604,4832508,IMP,8,8,2001
32005139,641403,4832462,IMP,8,8,2001
32005140,641656,4832364,IMP,8,8,2001
32005141,639702,4832311,IMP,8,8,2001
32005142,639401,4832260,IMP,8,8,2001
32005143,641752,4832264,IMP,8,8,2001
32005144,640502,4832216,IMP,8,8,2001
32005145,640651,4832159,IMP,8,8,2001
32005146,640849,4832157,IMP,8,8,2001
32005147,642710,4832154,IMP,8,8,2001
32005148,641356,4832014,IMP,8,8,2001
32005149,643155,4832013,IMP,8,8,2001
32005150,642399,4831917,IMP,8,8,2001
32005151,642057,4831861,IMP,8,8,2001
32005152,641409,4831807,IMP,8,8,2001
32005153,643052,4831753,IMP,8,8,2001
32005154,642003,4831658,IMP,8,8,2001
32005155,642650,4831663,IMP,8,8,2001
32005156,643255,4831613,IMP,8,8,2001
32005157,639911,4831563,IMP,8,8,2001
32005158,643006,4831558,IMP,8,8,2001
32005159,642505,4831513,IMP,8,8,2001
32005160,642506,4831363,IMP,8,8,2001
32005161,639911,4831314,IMP,8,8,2001
32005162,640203,4831216,IMP,8,8,2001
32005163,641655,4831165,IMP,8,8,2001
32005164,642749,4831161,IMP,8,8,2001
32005165,640608,4831118,IMP,8,8,2001
32005166,640258,4831062,IMP,8,8,2001
32005167,643106,4831064,IMP,8,8,2001
32005168,640806,4831016,IMP,8,8,2001
32005169,642703,4830959,IMP,8,8,2001
32005170,640958,4830859,IMP,8,8,2001
32005171,642595,4830805,IMP,8,8,2001
32005172,642957,4830813,IMP,8,8,2001
32005173,642056,4830765,IMP,8,8,2001
32005174,640354,4830717,IMP,8,8,2001
32005175,640403,4830564,IMP,8,8,2001
32005176,641052,4830565,IMP,8,8,2001
32005177,641252,4830562,IMP,8,8,2001
32005178,641304,4830559,IMP,8,8,2001
32005179,642859,4830561,IMP,8,8,2001
32005180,641305,4830461,IMP,8,8,2001
32005181,641401,4830410,IMP,8,8,2001
32005182,641705,4830359,IMP,8,8,2001
32005183,641100,4830309,IMP,8,8,2001
32005184,641158,4830259,IMP,8,8,2001
32005185,641807,4830269,IMP,8,8,2001
32005186,640006,4830216,IMP,8,8,2001
32005187,640556,4830163,IMP,8,8,2001
32005188,642304,4830157,IMP,8,8,2001
32005189,641965,4830112,IMP,8,8,2001
32005190,640405,4830014,IMP,8,8,2001
32005191,642456,4830005,IMP,8,8,2001
32005192,642155,4829961,IMP,8,8,2001
32005193,642551,4829957,IMP,8,8,2001
32005194,640552,4829865,IMP,8,8,2001
32005195,639704,4829759,IMP,8,8,2001
32005196,640348,4829670,IMP,8,8,2001
32005197,640505,4829662,IMP,8,8,2001
32005198,641613,4829663,IMP,8,8,2001
32005199,640855,4829568,IMP,8,8,2001
32005200,641158,4829407,IMP,8,8,2001
32005201,641453,4829268,IMP,8,8,2001
32005202,642653,4829210,IMP,8,8,2001
32005203,641852,4829163,IMP,8,8,2001
32005204,642812,4829052,IMP,8,8,2001
32005205,643312,4829063,IMP,8,8,2001
32005206,640753,4829012,IMP,8,8,2001
32005207,640752,4828968,IMP,8,8,2001
32005208,642601,4828962,IMP,8,8,2001
32005209,641911,4828913,IMP,8,8,2001
32005210,641751,4828860,IMP,8,8,2001
32005211,641806,4828661,IMP,8,8,2001
32005212,643354,4828618,IMP,8,8,2001
32005213,642349,4828408,IMP,8,8,2001
32005214,642406,4828365,IMP,8,8,2001
32005215,642700,4828312,IMP,8,8,2001
32005216,641406,4828060,IMP,8,8,2001
32005217,641059,4836314,IMP,8,8,2001
32005218,643402,4836913,IMP,8,8,2001
32005219,643303,4836113,IMP,8,8,2001
32005220,643105,4835362,IMP,8,8,2001
32005221,642907,4834755,IMP,8,8,2001
32005222,640452,4829072,IMP,8,8,2001
32005223,641005,4828463,IMP,8,8,2001
32005224,643349,4828457,IMP,8,8,2001
32005501,639954,4850457,MBC,8,8,2002
32005502,641202,4847066,MBC,8,8,2002
32005503,641149,4847808,MBC,8,8,2002
32005504,636404,4858267,MBC,8,8,2002
32005505,640658,4844319,MBC,8,8,2002
32005506,638609,4854558,MBC,8,8,2002
32005507,638557,4854268,MBC,8,8,2002
32005508,638554,4854163,MBC,8,8,2002
32005509,638759,4854107,MBC,8,8,2002
32005510,639954,4852760,MBC,8,8,2002
32005511,639503,4851256,MBC,8,8,2002
32005512,639604,4851214,MBC,8,8,2002
32005513,639603,4851063,MBC,8,8,2002
32005514,639555,4850712,MBC,8,8,2002
32005515,640854,4848760,MBC,8,8,2002
32005516,641002,4847508,MBC,8,8,2002
32005517,640705,4845214,MBC,8,8,2002
32005518,640602,4844562,MBC,8,8,2002
32005519,640600,4844259,MBC,8,8,2002
32005520,640699,4844266,MBC,8,8,2002
32005521,640704,4844155,MBC,8,8,2002
32005522,640802,4844162,MBC,8,8,2002
32005523,640653,4844059,MBC,8,8,2002
32005524,640607,4843405,MBC,8,8,2002
32005525,640310,4843252,MBC,8,8,2002
32005526,640207,4842913,MBC,8,8,2002
32005527,640145,4842654,MBC,8,8,2002
32005528,640145,4841960,MBC,8,8,2002
32005529,640204,4841914,MBC,8,8,2002
32005530,639656,4841859,MBC,8,8,2002
32005531,639995,4841861,MBC,8,8,2002
32005532,639511,4841712,MBC,8,8,2002
32005533,639558,4841114,MBC,8,8,2002
32005534,639603,4840963,MBC,8,8,2002
32005535,639706,4840264,MBC,8,8,2002
32005536,639761,4840166,MBC,8,8,2002
32005537,639701,4838910,MBC,8,8,2002
32005538,639700,4838817,MBC,8,8,2002
32005539,639956,4837518,MBC,8,8,2002
32005540,640001,4837367,MBC,8,8,2002
32005541,640407,4836363,MBC,8,8,2002
32005542,640505,4836307,MBC,8,8,2002
32005543,640653,4836217,MBC,8,8,2002
32005544,641603,4835408,MBC,8,8,2002
32005545,641602,4835012,MBC,8,8,2002
32005546,643061,4832612,MBC,8,8,2002
32005547,643203,4832510,MBC,8,8,2002
32005551,639253,4854112,MBC,8,8,2002
32005552,639248,4853714,MBC,8,8,2002
32005553,641050,4848309,MBC,8,8,2002
32005554,639657,4841912,MBC,8,8,2002
32005555,636609,4857903,MBC,8,8,2002
32005556,636604,4857156,MBC,8,8,2002
32005557,636604,4857008,MBC,8,8,2002
32005558,636702,4856914,MBC,8,8,2002
32005559,636799,4856654,MBC,8,8,2002
32005562,638349,4854363,MBC,8,8,2002
32005563,639601,4853809,MBC,8,8,2002
32005564,640105,4851815,MBC,8,8,2002
32005565,640111,4851767,MBC,8,8,2002
32005566,639454,4850857,MBC,8,8,2002
32005567,639457,4850762,MBC,8,8,2002
32005568,639511,4850507,MBC,8,8,2002
32005569,640658,4849462,MBC,8,8,2002
32005570,640855,4849216,MBC,8,8,2002
32005571,640961,4849116,MBC,8,8,2002
32005573,640855,4848660,MBC,8,8,2002
32005574,641407,4848655,MBC,8,8,2002
32005575,640952,4848516,MBC,8,8,2002
32005576,641606,4848512,MBC,8,8,2002
32005577,641149,4848005,MBC,8,8,2002
32005578,640959,4847410,MBC,8,8,2002
32005579,640755,4846864,MBC,8,8,2002
32005580,640954,4846054,MBC,8,8,2002
32005581,640754,4844361,MBC,8,8,2002
32005582,640857,4843815,MBC,8,8,2002
32005583,640250,4843263,MBC,8,8,2002
32005584,640203,4843067,MBC,8,8,2002
32005585,640157,4842760,MBC,8,8,2002
32005586,639657,4840614,MBC,8,8,2002
32005587,639759,4839761,MBC,8,8,2002
32005588,639800,4838810,MBC,8,8,2002
32005589,639704,4838764,MBC,8,8,2002
32005590,639208,4837917,MBC,8,8,2002
32005591,639602,4837903,MBC,8,8,2002
32005592,639448,4837614,MBC,8,8,2002
32005593,639952,4837618,MBC,8,8,2002
32005594,639507,4837510,MBC,8,8,2002
32005595,639552,4837467,MBC,8,8,2002
32005599,640154,4836909,MBC,8,8,2002
32005600,642908,4832815,MBC,8,8,2002
32005601,637806,4856657,SC,8,8,2002
32005602,639051,4856622,SC,8,8,2002
32005603,639205,4856454,SC,8,8,2002
32005604,639047,4856419,SC,8,8,2002
32005605,639255,4855162,SC,8,8,2002
32005606,641759,4847813,SC,8,8,2002
32005608,641557,4847308,SC,8,8,2002
32005609,642615,4847215,SC,8,8,2002
32005611,641353,4846560,SC,8,8,2002
32005612,642454,4846559,SC,8,8,2002
32005613,642507,4846514,SC,8,8,2002
32005615,641208,4846203,SC,8,8,2002
32005617,642409,4846113,SC,8,8,2002
32005618,641450,4846064,SC,8,8,2002
32005619,641209,4846007,SC,8,8,2002
32005620,641154,4845965,SC,8,8,2002
32005621,643251,4845909,SC,8,8,2002
32005622,642157,4845867,SC,8,8,2002
32005623,643502,4845862,SC,8,8,2002
32005625,642255,4845262,SC,8,8,2002
32005626,642251,4844861,SC,8,8,2002
32005627,640754,4844670,SC,8,8,2002
32005628,641148,4844664,SC,8,8,2002
32005629,642205,4844664,SC,8,8,2002
32005630,642497,4844653,SC,8,8,2002
32005631,642597,4844563,SC,8,8,2002
32005632,643710,4844414,SC,8,8,2002
32005633,641301,4843915,SC,8,8,2002
32005634,642201,4843756,SC,8,8,2002
32005635,641050,4843261,SC,8,8,2002
32005636,641801,4843121,SC,8,8,2002
32005637,639999,4843057,SC,8,8,2002
32005638,639900,4842562,SC,8,8,2002
32005639,641499,4842314,SC,8,8,2002
32005640,639754,4842262,SC,8,8,2002
32005641,643696,4842254,SC,8,8,2002
32005642,641205,4842217,SC,8,8,2002
32005643,640303,4841913,SC,8,8,2002
32005644,640158,4841761,SC,8,8,2002
32005645,640460,4841758,SC,8,8,2002
32005646,639457,4841706,SC,8,8,2002
32005647,643258,4841721,SC,8,8,2002
32005648,641749,4841603,SC,8,8,2002
32005650,641754,4841515,SC,8,8,2002
32005651,641650,4841465,SC,8,8,2002
32005652,642753,4841110,SC,8,8,2002
32005653,640307,4841011,SC,8,8,2002
32005654,642455,4840708,SC,8,8,2002
32005656,642603,4840561,SC,8,8,2002
32005657,640003,4838512,SC,8,8,2002
32005658,637454,4856759,SC,8,8,2002
32005659,637904,4856212,SC,8,8,2002
32005660,637911,4856163,SC,8,8,2002
32005661,638055,4855809,SC,8,8,2002
32005662,638610,4855064,SC,8,8,2002
32005663,638558,4854909,SC,8,8,2002
32005664,638705,4854655,SC,8,8,2002
32005665,638914,4854607,SC,8,8,2002
32005666,638602,4853959,SC,8,8,2002
32005667,638809,4853910,SC,8,8,2002
32005668,639907,4853761,SC,8,8,2002
32005669,638811,4853460,SC,8,8,2002
32005670,638957,4852707,SC,8,8,2002
32005671,639301,4850512,SC,8,8,2002
32005672,640697,4849808,SC,8,8,2002
32005673,639557,4849761,SC,8,8,2002
32005674,640654,4849770,SC,8,8,2002
32005675,640757,4849565,SC,8,8,2002
32005676,640656,4848917,SC,8,8,2002
32005677,639657,4835152,SC,8,8,2002
32005678,644514,4842960,SC,8,8,2002
32005679,641564,4840662,SC,8,8,2002
32005680,638609,4856658,SC,8,8,2002
32005681,643098,4846309,SC,8,8,2002
32005682,643101,4845711,SC,8,8,2002
32005683,642409,4844013,SC,8,8,2002
32005684,642501,4844012,SC,8,8,2002
32005685,641405,4843856,SC,8,8,2002
32005686,641901,4843261,SC,8,8,2002
32005687,641112,4843166,SC,8,8,2002
32005688,641203,4842463,SC,8,8,2002
32005689,640605,4841711,SC,8,8,2002
32005690,641547,4841215,SC,8,8,2002
32005691,641405,4840717,SC,8,8,2002
32005692,640099,4840610,SC,8,8,2002
32005693,642551,4840615,SC,8,8,2002
32005694,640551,4839017,SC,8,8,2002
32005695,638907,4837061,SC,8,8,2002
32005696,641967,4849312,SC,8,8,2002
32005697,642604,4847911,SC,8,8,2002
32005698,641709,4843958,SC,8,8,2002
32005699,641749,4843958,SC,8,8,2002
32005700,641359,4843613,SC,8,8,2002
32005701,640960,4842662,SC,8,8,2002
32005702,640946,4841954,SC,8,8,2002
32005703,640948,4841913,SC,8,8,2002
32005704,638906,4837110,SC,8,8,2002
32005705,639260,4836610,SC,8,8,2002
32005706,639654,4835663,SC,8,8,2002
32005707,639656,4835408,SC,8,8,2002
32005708,639601,4835355,SC,8,8,2002
32005709,642654,4837409,SC,8,8,2002
32005710,642159,4835364,SC,8,8,2002
32005711,639906,4832009,SC,8,8,2002
32005712,640203,4829813,SC,8,8,2002
32005713,642610,4837717,SC,8,8,2002
32005714,642355,4834865,SC,8,8,2002
32005715,642255,4834818,SC,8,8,2002
32005716,642211,4834712,SC,8,8,2002
32005717,642354,4834708,SC,8,8,2002
32005718,642255,4834360,SC,8,8,2002
32005719,642711,4833213,SC,8,8,2002
32005720,639551,4831704,SC,8,8,2002
32005722,638664,4857853,BWC,8,8,2002
32005724,640254,4836219,BWC,8,8,2002
32005725,639659,4848662,BWC,8,8,2002
32005726,639901,4848560,BWC,8,8,2002
32005727,640409,4848515,BWC,8,8,2002
32005729,644158,4845506,BWC,8,8,2002
32005730,644357,4845313,BWC,8,8,2002
32005731,644451,4843713,BWC,8,8,2002
32005732,644203,4843415,BWC,8,8,2002
32005733,643048,4842912,BWC,8,8,2002
32005734,643205,4842918,BWC,8,8,2002
32005735,638553,4857508,BWC,8,8,2002
32005736,638508,4856362,BWC,8,8,2002
32005737,641961,4848614,BWC,8,8,2002
32005738,641907,4848506,BWC,8,8,2002
32005740,644152,4845812,BWC,8,8,2002
32005741,644356,4845513,BWC,8,8,2002
32005743,644658,4843362,BWC,8,8,2002
32005744,644662,4843315,BWC,8,8,2002
32005745,644704,4843310,BWC,8,8,2002
32005746,640051,4839552,BWC,8,8,2002
32005747,639705,4836466,BWC,8,8,2002
32005749,637802,4858014,BWC,8,8,2002
32005750,644156,4842957,BWC,8,8,2002
32005752,640259,4839908,BWC,8,8,2002
32005753,637464,4858012,BWC,8,8,2002
32005754,642145,4846409,BWC,8,8,2002
32005755,642963,4843662,BWC,8,8,2002
32005757,640111,4840117,BWC,8,8,2002
32005758,640164,4839715,BWC,8,8,2002
32005759,640255,4839612,BWC,8,8,2002
32005761,639913,4835910,BWC,8,8,2002
32005763,639953,4835561,BWC,8,8,2002
32005764,640407,4835414,BWC,8,8,2002
32005765,639754,4849864,BWC,8,8,2002
32005766,639795,4849868,BWC,8,8,2002
32005767,639757,4849810,BWC,8,8,2002
32005768,640056,4836515,BWC,8,8,2002
32005769,643155,4841012,BWC,8,8,2002
32005770,640354,4839363,BWC,8,8,2002
32005771,637806,4857510,BWC,8,8,2002
32005772,638750,4857462,BWC,8,8,2002
32005773,638252,4857265,BWC,8,8,2002
32005774,644151,4845111,BWC,8,8,2002
32005775,643551,4844810,BWC,8,8,2002
32005776,644107,4841816,BWC,8,8,2002
32005777,643761,4841663,BWC,8,8,2002
32005778,643661,4841566,BWC,8,8,2002
32005779,643854,4841362,BWC,8,8,2002
32005780,643650,4841311,BWC,8,8,2002
32005782,641006,4840009,BWC,8,8,2002
32005783,639957,4838464,BWC,8,8,2002
32005784,639809,4835665,BWC,8,8,2002
32005785,642304,4847769,BWC,8,8,2002
32005786,643859,4844866,BWC,8,8,2002
32005787,643356,4844760,BWC,8,8,2002
32005788,642154,4844462,BWC,8,8,2002
32005789,641905,4842764,BWC,8,8,2002
32005791,643297,4841563,BWC,8,8,2002
32005792,640760,4841164,BWC,8,8,2002
32005793,642201,4841118,BWC,8,8,2002
32005794,642311,4840818,BWC,8,8,2002
32005795,641199,4840667,BWC,8,8,2002
32005796,640997,4840511,BWC,8,8,2002
32005797,640956,4839316,BWC,8,8,2002
32005798,638253,4858352,BWC,8,8,2002
32005799,638060,4857763,BWC,8,8,2002
32005800,637804,4857562,BWC,8,8,2002
32005801,638708,4857504,BWC,8,8,2002
32005802,637810,4857310,BWC,8,8,2002
32005803,638861,4857212,BWC,8,8,2002
32005804,638655,4857113,BWC,8,8,2002
32005805,638853,4856811,BWC,8,8,2002
32005806,638712,4856708,BWC,8,8,2002
32005807,638708,4856360,BWC,8,8,2002
32005808,639200,4855716,BWC,8,8,2002
32005810,639700,4854462,BWC,8,8,2002
32005811,641857,4849311,BWC,8,8,2002
32005812,639607,4849262,BWC,8,8,2002
32005813,642148,4849015,BWC,8,8,2002
32005814,640855,4847813,BWC,8,8,2002
32005815,642956,4847569,BWC,8,8,2002
32005816,641908,4846967,BWC,8,8,2002
32005817,643859,4845710,BWC,8,8,2002
32005818,641449,4845612,BWC,8,8,2002
32005819,641963,4845464,BWC,8,8,2002
32005820,643557,4845408,BWC,8,8,2002
32005821,643563,4845312,BWC,8,8,2002
32005822,643456,4845263,BWC,8,8,2002
32005823,641406,4844261,BWC,8,8,2002
32005824,642054,4844262,BWC,8,8,2002
32005825,641061,4843811,BWC,8,8,2002
32005826,642104,4843159,BWC,8,8,2002
32005827,643159,4842716,BWC,8,8,2002
32005829,641803,4842303,BWC,8,8,2002
32005833,641455,4841864,BWC,8,8,2002
32005834,641500,4841706,BWC,8,8,2002
32005835,641513,4841667,BWC,8,8,2002
32005837,643503,4841568,BWC,8,8,2002
32005838,644099,4841460,BWC,8,8,2002
32005839,640961,4841161,BWC,8,8,2002
32005840,643001,4840861,BWC,8,8,2002
32005841,642007,4840712,BWC,8,8,2002
32005842,643204,4840664,BWC,8,8,2002
32005844,638873,4837957,BWC,8,8,2002
32005846,638505,4851258,BWC,8,8,2002
32005847,638401,4851061,BWC,8,8,2002
32005848,638704,4851017,BWC,8,8,2002
32005849,638352,4850858,BWC,8,8,2002
32005850,637903,4850056,BWC,8,8,2002
32005852,639805,4845712,BWC,8,8,2002
32005853,639396,4845317,BWC,8,8,2002
32005854,639206,4844864,BWC,8,8,2002
32005855,639413,4844809,BWC,8,8,2002
32005856,639656,4844808,BWC,8,8,2002
32005857,639052,4844612,BWC,8,8,2002
32005858,639152,4844462,BWC,8,8,2002
32005859,639854,4844519,BWC,8,8,2002
32005860,639158,4844416,BWC,8,8,2002
32005861,639654,4844307,BWC,8,8,2002
32005862,639308,4844156,BWC,8,8,2002
32005863,638896,4850618,BWC,8,8,2002
32005864,638858,4850560,BWC,8,8,2002
32005865,639052,4850562,BWC,8,8,2002
32005866,638755,4850265,BWC,8,8,2002
32005867,639453,4844157,BWC,8,8,2002
32005868,639503,4844159,BWC,8,8,2002
32005869,639305,4843865,BWC,8,8,2002
32005870,639606,4843853,BWC,8,8,2002
32005871,639506,4843809,BWC,8,8,2002
32005872,639807,4843614,BWC,8,8,2002
32005873,639511,4843508,BWC,8,8,2002
32005874,639906,4843455,BWC,8,8,2002
32005875,639699,4843356,BWC,8,8,2002
32005876,639447,4843264,BWC,8,8,2002
32005877,639756,4843260,BWC,8,8,2002
32005878,639458,4843010,BWC,8,8,2002
32005879,639250,4842264,BWC,8,8,2002
32005880,639208,4843913,BWC,8,8,2002
32005881,640097,4843859,BWC,8,8,2002
32005882,639211,4843518,BWC,8,8,2002
32005883,639598,4842409,BWC,8,8,2002
32005884,639256,4841964,BWC,8,8,2002
32005885,641310,4840457,BWC,8,8,2002
32005886,641409,4840161,BWC,8,8,2002
32005887,642053,4840312,BWC,8,8,2002
32005888,643365,4840703,BWC,8,8,2002
32005889,643709,4840719,BWC,8,8,2002
32005890,643458,4840659,BWC,8,8,2002
32005891,643806,4840612,BWC,8,8,2002
32005892,641045,4840207,BWC,8,8,2002
32005893,642849,4840056,BWC,8,8,2002
32005894,641060,4839963,BWC,8,8,2002
32005895,643310,4840515,BWC,8,8,2002
32005896,639259,4834109,IMP,8,8,2002
32005897,639308,4833261,IMP,8,8,2002
32005898,639804,4829214,IMP,8,8,2002
32005899,639609,4829613,IMP,8,8,2002
32005900,641905,4840211,IMP,8,8,2002
32005901,643305,4833066,IMP,8,8,2002
32005902,639853,4829559,IMP,8,8,2002
32005903,640057,4829362,IMP,8,8,2002
32005904,640151,4829265,IMP,8,8,2002
32005905,641862,4839912,IMP,8,8,2002
32005906,642060,4837314,IMP,8,8,2002
32005907,641660,4836513,IMP,8,8,2002
32005908,640455,4834315,IMP,8,8,2002
32005909,641458,4831115,IMP,8,8,2002
32005910,641659,4830716,IMP,8,8,2002
32005911,643255,4828509,IMP,8,8,2002
32005912,642800,4839360,IMP,8,8,2002
32005913,642209,4837012,IMP,8,8,2002
32005914,640260,4829770,IMP,8,8,2002
32005915,641104,4829058,IMP,8,8,2002
32005916,643608,4840513,IMP,8,8,2002
32005917,642109,4840063,IMP,8,8,2002
32005918,643555,4840009,IMP,8,8,2002
32005919,642252,4839856,IMP,8,8,2002
32005920,643203,4839811,IMP,8,8,2002
32005921,642508,4839758,IMP,8,8,2002
32005922,641555,4839661,IMP,8,8,2002
32005923,642207,4839459,IMP,8,8,2002
32005924,642501,4839412,IMP,8,8,2002
32005925,643301,4839413,IMP,8,8,2002
32005926,643161,4839264,IMP,8,8,2002
32005927,643409,4839259,IMP,8,8,2002
32005928,641649,4839215,IMP,8,8,2002
32005930,641813,4839117,IMP,8,8,2002
32005931,643299,4839102,IMP,8,8,2002
32005932,641548,4839057,IMP,8,8,2002
32005933,641758,4838906,IMP,8,8,2002
32005934,643146,4838712,IMP,8,8,2002
32005935,640853,4838660,IMP,8,8,2002
32005936,640710,4838616,IMP,8,8,2002
32005937,641557,4838612,IMP,8,8,2002
32005938,641101,4838566,IMP,8,8,2002
32005939,640714,4838416,IMP,8,8,2002
32005940,641055,4838411,IMP,8,8,2002
32005941,640708,4838260,IMP,8,8,2002
32005942,642055,4838265,IMP,8,8,2002
32005943,643208,4838265,IMP,8,8,2002
32005944,643201,4838209,IMP,8,8,2002
32005946,641208,4838113,IMP,8,8,2002
32005947,641959,4838112,IMP,8,8,2002
32005948,640912,4837960,IMP,8,8,2002
32005949,641060,4837865,IMP,8,8,2002
32005950,640853,4837769,IMP,8,8,2002
32005951,641157,4837668,IMP,8,8,2002
32005952,641208,4837666,IMP,8,8,2002
32005953,640913,4837611,IMP,8,8,2002
32005954,641904,4837608,IMP,8,8,2002
32005955,643054,4837614,IMP,8,8,2002
32005956,641502,4837514,IMP,8,8,2002
32005957,642052,4837466,IMP,8,8,2002
32005958,643258,4837462,IMP,8,8,2002
32005959,641006,4837361,IMP,8,8,2002
32005960,641260,4837366,IMP,8,8,2002
32005961,640608,4837215,IMP,8,8,2002
32005962,640610,4837166,IMP,8,8,2002
32005963,642004,4837159,IMP,8,8,2002
32005964,641206,4837112,IMP,8,8,2002
32005965,642010,4836962,IMP,8,8,2002
32005966,640405,4836914,IMP,8,8,2002
32005967,640759,4836761,IMP,8,8,2002
32005968,643355,4836664,IMP,8,8,2002
32005969,640708,4836614,IMP,8,8,2002
32005970,643259,4836559,IMP,8,8,2002
32005972,642851,4836412,IMP,8,8,2002
32005973,641654,4836216,IMP,8,8,2002
32005974,642198,4836159,IMP,8,8,2002
32005975,641847,4835968,IMP,8,8,2002
32005976,642257,4835968,IMP,8,8,2002
32005977,642455,4835967,IMP,8,8,2002
32005978,642903,4835911,IMP,8,8,2002
32005979,643004,4835665,IMP,8,8,2002
32005980,640957,4835612,IMP,8,8,2002
32005981,641112,4835508,IMP,8,8,2002
32005982,640904,4835463,IMP,8,8,2002
32005983,642703,4835466,IMP,8,8,2002
32005984,643057,4835411,IMP,8,8,2002
32005985,642003,4835304,IMP,8,8,2002
32005986,640851,4835203,IMP,8,8,2002
32005987,642806,4835160,IMP,8,8,2002
32005988,640805,4835062,IMP,8,8,2002
32005989,640108,4834913,IMP,8,8,2002
32005990,642403,4834905,IMP,8,8,2002
32005991,640954,4834761,IMP,8,8,2002
32005992,641108,4834758,IMP,8,8,2002
32005993,639899,4834721,IMP,8,8,2002
32005994,640954,4834662,IMP,8,8,2002
32005995,641455,4834663,IMP,8,8,2002
32005996,640600,4834617,IMP,8,8,2002
32005998,642399,4834557,IMP,8,8,2002
32005999,640451,4834465,IMP,8,8,2002
32006000,641054,4834358,IMP,8,8,2002
32006001,642859,4834363,IMP,8,8,2002
32006002,640159,4834262,IMP,8,8,2002
32006003,640759,4834219,IMP,8,8,2002
32006004,642309,4834104,IMP,8,8,2002
32006005,642558,4834110,IMP,8,8,2002
32006006,641348,4834056,IMP,8,8,2002
32006007,642657,4834006,IMP,8,8,2002
32006008,641453,4833959,IMP,8,8,2002
32006010,642062,4833814,IMP,8,8,2002
32006011,641158,4833661,IMP,8,8,2002
32006012,640249,4833615,IMP,8,8,2002
32006013,641557,4833612,IMP,8,8,2002
32006014,640657,4833559,IMP,8,8,2002
32006015,640803,4833510,IMP,8,8,2002
32006016,641806,4833521,IMP,8,8,2002
32006017,639958,4833402,IMP,8,8,2002
32006018,641904,4833261,IMP,8,8,2002
32006019,641206,4833159,IMP,8,8,2002
32006020,641407,4833154,IMP,8,8,2002
32006021,642200,4833109,IMP,8,8,2002
32006022,640401,4832964,IMP,8,8,2002
32006023,640603,4832966,IMP,8,8,2002
32006024,643353,4832960,IMP,8,8,2002
32006025,640707,4832913,IMP,8,8,2002
32006026,640906,4832762,IMP,8,8,2002
32006027,642556,4832709,IMP,8,8,2002
32006028,641203,4832664,IMP,8,8,2002
32006029,639805,4832610,IMP,8,8,2002
32006030,641110,4832607,IMP,8,8,2002
32006031,641599,4832609,IMP,8,8,2002
32006032,640054,4832559,IMP,8,8,2002
32006033,640762,4832516,IMP,8,8,2002
32006034,641606,4832510,IMP,8,8,2002
32006035,641403,4832461,IMP,8,8,2002
32006036,641658,4832360,IMP,8,8,2002
32006037,639708,4832318,IMP,8,8,2002
32006038,639404,4832258,IMP,8,8,2002
32006040,640504,4832219,IMP,8,8,2002
32006041,640656,4832166,IMP,8,8,2002
32006042,640860,4832160,IMP,8,8,2002
32006043,642703,4832161,IMP,8,8,2002
32006044,641349,4832018,IMP,8,8,2002
32006045,643150,4832007,IMP,8,8,2002
32006046,642404,4831905,IMP,8,8,2002
32006047,642060,4831852,IMP,8,8,2002
32006048,641407,4831815,IMP,8,8,2002
32006049,643050,4831759,IMP,8,8,2002
32006050,642013,4831656,IMP,8,8,2002
32006051,642660,4831660,IMP,8,8,2002
32006052,643257,4831621,IMP,8,8,2002
32006053,639906,4831559,IMP,8,8,2002
32006054,643009,4831561,IMP,8,8,2002
32006055,642501,4831509,IMP,8,8,2002
32006056,642502,4831365,IMP,8,8,2002
32006057,639914,4831318,IMP,8,8,2002
32006058,640209,4831213,IMP,8,8,2002
32006059,641656,4831164,IMP,8,8,2002
32006060,642753,4831160,IMP,8,8,2002
32006061,640599,4831117,IMP,8,8,2002
32006062,640256,4831063,IMP,8,8,2002
32006063,643105,4831068,IMP,8,8,2002
32006064,640808,4831015,IMP,8,8,2002
32006065,642702,4830960,IMP,8,8,2002
32006066,640954,4830869,IMP,8,8,2002
32006067,642609,4830808,IMP,8,8,2002
32006068,642948,4830814,IMP,8,8,2002
32006069,642058,4830764,IMP,8,8,2002
32006070,640351,4830714,IMP,8,8,2002
32006071,640396,4830559,IMP,8,8,2002
32006072,641055,4830567,IMP,8,8,2002
32006073,641256,4830566,IMP,8,8,2002
32006074,641304,4830565,IMP,8,8,2002
32006075,642850,4830560,IMP,8,8,2002
32006076,641301,4830459,IMP,8,8,2002
32006077,641408,4830413,IMP,8,8,2002
32006078,641710,4830364,IMP,8,8,2002
32006079,641103,4830315,IMP,8,8,2002
32006080,641161,4830261,IMP,8,8,2002
32006081,641802,4830260,IMP,8,8,2002
32006082,640005,4830214,IMP,8,8,2002
32006083,640561,4830157,IMP,8,8,2002
32006084,642308,4830164,IMP,8,8,2002
32006085,641957,4830111,IMP,8,8,2002
32006086,640408,4830009,IMP,8,8,2002
32006087,642460,4830010,IMP,8,8,2002
32006088,642156,4829958,IMP,8,8,2002
32006089,642559,4829964,IMP,8,8,2002
32006090,640555,4829864,IMP,8,8,2002
32006091,639705,4829758,IMP,8,8,2002
32006092,640358,4829665,IMP,8,8,2002
32006093,640508,4829663,IMP,8,8,2002
32006094,641609,4829661,IMP,8,8,2002
32006095,640857,4829559,IMP,8,8,2002
32006096,641162,4829415,IMP,8,8,2002
32006097,641456,4829261,IMP,8,8,2002
32006098,642652,4829212,IMP,8,8,2002
32006099,641862,4829160,IMP,8,8,2002
32006100,642805,4829059,IMP,8,8,2002
32006101,643313,4829064,IMP,8,8,2002
32006102,640758,4829011,IMP,8,8,2002
32006103,640755,4828961,IMP,8,8,2002
32006104,642605,4828958,IMP,8,8,2002
32006105,641911,4828916,IMP,8,8,2002
32006106,641759,4828859,IMP,8,8,2002
32006107,641809,4828665,IMP,8,8,2002
32006108,643358,4828609,IMP,8,8,2002
32006109,642357,4828415,IMP,8,8,2002
32006110,642414,4828361,IMP,8,8,2002
32006111,642710,4828309,IMP,8,8,2002
32006112,641404,4828068,IMP,8,8,2002
32006113,641057,4836312,IMP,8,8,2002
32006114,643406,4836911,IMP,8,8,2002
32006115,643305,4836109,IMP,8,8,2002
32006116,643108,4835367,IMP,8,8,2002
32006117,642906,4834761,IMP,8,8,2002
32006118,640450,4829068,IMP,8,8,2002
32006119,641010,4828471,IMP,8,8,2002
32006120,643353,4828464,IMP,8,8,2002
32007226,639954,4850454,MBC,8,8,2004
32007227,641202,4847062,MBC,8,8,2004
32007228,641151,4847816,MBC,8,8,2004
32007229,636397,4858261,MBC,8,8,2004
32007230,640659,4844310,MBC,8,8,2004
32007231,638603,4854567,MBC,8,8,2004
32007232,638561,4854260,MBC,8,8,2004
32007233,638549,4854167,MBC,8,8,2004
32007234,638759,4854121,MBC,8,8,2004
32007235,639950,4852755,MBC,8,8,2004
32007236,639510,4851258,MBC,8,8,2004
32007237,639611,4851209,MBC,8,8,2004
32007238,639615,4851059,MBC,8,8,2004
32007239,639558,4850707,MBC,8,8,2004
32007241,641007,4847511,MBC,8,8,2004
32007242,640705,4845216,MBC,8,8,2004
32007243,640604,4844564,MBC,8,8,2004
32007244,640608,4844261,MBC,8,8,2004
32007245,640696,4844261,MBC,8,8,2004
32007246,640703,4844168,MBC,8,8,2004
32007247,640806,4844160,MBC,8,8,2004
32007248,640650,4844063,MBC,8,8,2004
32007249,640609,4843415,MBC,8,8,2004
32007250,640307,4843260,MBC,8,8,2004
32007251,640205,4842912,MBC,8,8,2004
32007252,640154,4842662,MBC,8,8,2004
32007253,640148,4841963,MBC,8,8,2004
32007254,640204,4841915,MBC,8,8,2004
32007255,639655,4841868,MBC,8,8,2004
32007256,640005,4841861,MBC,8,8,2004
32007257,639505,4841713,MBC,8,8,2004
32007258,639556,4841110,MBC,8,8,2004
32007259,639597,4840959,MBC,8,8,2004
32007260,639711,4840262,MBC,8,8,2004
32007261,639750,4840159,MBC,8,8,2004
32007262,639707,4838914,MBC,8,8,2004
32007263,639703,4838808,MBC,8,8,2004
32007264,639951,4837507,MBC,8,8,2004
32007265,640010,4837359,MBC,8,8,2004
32007266,640399,4836362,MBC,8,8,2004
32007267,640501,4836315,MBC,8,8,2004
32007268,640650,4836219,MBC,8,8,2004
32007269,641612,4835409,MBC,8,8,2004
32007270,641604,4835013,MBC,8,8,2004
32007271,643054,4832609,MBC,8,8,2004
32007272,643201,4832510,MBC,8,8,2004
32007273,642562,4826864,MBC,8,8,2004
32007274,642555,4826563,MBC,8,8,2004
32007275,642603,4826414,MBC,8,8,2004
32007276,639262,4854106,MBC,8,8,2004
32007277,639255,4853711,MBC,8,8,2004
32007278,641053,4848304,MBC,8,8,2004
32007279,639650,4841911,MBC,8,8,2004
32007280,636603,4857911,MBC,8,8,2004
32007281,636606,4857162,MBC,8,8,2004
32007282,636601,4857007,MBC,8,8,2004
32007283,636706,4856917,MBC,8,8,2004
32007284,636812,4856656,MBC,8,8,2004
32007286,638803,4854512,MBC,8,8,2004
32007287,638351,4854367,MBC,8,8,2004
32007288,639601,4853814,MBC,8,8,2004
32007289,640112,4851819,MBC,8,8,2004
32007290,640108,4851762,MBC,8,8,2004
32007291,639452,4850857,MBC,8,8,2004
32007292,639457,4850761,MBC,8,8,2004
32007293,639501,4850514,MBC,8,8,2004
32007294,640660,4849460,MBC,8,8,2004
32007295,640853,4849212,MBC,8,8,2004
32007296,640962,4849116,MBC,8,8,2004
32007297,641261,4848816,MBC,8,8,2004
32007298,640855,4848671,MBC,8,8,2004
32007299,641405,4848664,MBC,8,8,2004
32007300,640950,4848507,MBC,8,8,2004
32007301,641609,4848506,MBC,8,8,2004
32007302,641152,4848015,MBC,8,8,2004
32007303,640955,4847416,MBC,8,8,2004
32007304,640762,4846870,MBC,8,8,2004
32007305,640949,4846060,MBC,8,8,2004
32007306,640755,4844363,MBC,8,8,2004
32007307,640851,4843810,MBC,8,8,2004
32007308,640256,4843260,MBC,8,8,2004
32007309,640206,4843063,MBC,8,8,2004
32007310,640151,4842762,MBC,8,8,2004
32007311,639653,4840616,MBC,8,8,2004
32007312,639755,4839759,MBC,8,8,2004
32007313,639805,4838817,MBC,8,8,2004
32007314,639710,4838760,MBC,8,8,2004
32007315,639206,4837912,MBC,8,8,2004
32007316,639605,4837912,MBC,8,8,2004
32007317,639453,4837609,MBC,8,8,2004
32007318,639956,4837612,MBC,8,8,2004
32007319,639506,4837502,MBC,8,8,2004
32007320,639557,4837463,MBC,8,8,2004
32007321,640955,4836215,MBC,8,8,2004
32007322,642502,4826761,MBC,8,8,2004
32007323,642504,4826363,MBC,8,8,2004
32007324,640151,4836918,MBC,8,8,2004
32007325,642907,4832808,MBC,8,8,2004
32007326,637801,4856666,SC,8,8,2004
32007327,639054,4856619,SC,8,8,2004
32007328,639204,4856464,SC,8,8,2004
32007329,639054,4856416,SC,8,8,2004
32007330,639253,4855160,SC,8,8,2004
32007331,641768,4847804,SC,8,8,2004
32007334,642614,4847219,SC,8,8,2004
32007336,641355,4846564,SC,8,8,2004
32007337,642451,4846551,SC,8,8,2004
32007338,642503,4846506,SC,8,8,2004
32007339,642313,4846365,SC,8,8,2004
32007340,641200,4846210,SC,8,8,2004
32007342,642400,4846120,SC,8,8,2004
32007343,641455,4846065,SC,8,8,2004
32007344,641206,4846008,SC,8,8,2004
32007345,641153,4845965,SC,8,8,2004
32007346,643252,4845916,SC,8,8,2004
32007347,642149,4845859,SC,8,8,2004
32007348,643503,4845858,SC,8,8,2004
32007350,642255,4845260,SC,8,8,2004
32007351,642257,4844865,SC,8,8,2004
32007352,640756,4844664,SC,8,8,2004
32007353,641155,4844656,SC,8,8,2004
32007354,642207,4844663,SC,8,8,2004
32007355,642498,4844639,SC,8,8,2004
32007356,642605,4844553,SC,8,8,2004
32007357,643707,4844410,SC,8,8,2004
32007358,641309,4843900,SC,8,8,2004
32007359,642209,4843760,SC,8,8,2004
32007360,641055,4843265,SC,8,8,2004
32007361,641806,4843118,SC,8,8,2004
32007362,640010,4843061,SC,8,8,2004
32007363,639902,4842564,SC,8,8,2004
32007364,641505,4842309,SC,8,8,2004
32007365,639755,4842266,SC,8,8,2004
32007366,643702,4842259,SC,8,8,2004
32007367,641206,4842215,SC,8,8,2004
32007368,640303,4841905,SC,8,8,2004
32007369,640154,4841762,SC,8,8,2004
32007370,640456,4841760,SC,8,8,2004
32007371,639455,4841713,SC,8,8,2004
32007372,643257,4841713,SC,8,8,2004
32007373,641756,4841612,SC,8,8,2004
32007374,640305,4841562,SC,8,8,2004
32007375,641752,4841510,SC,8,8,2004
32007376,641651,4841466,SC,8,8,2004
32007377,642756,4841110,SC,8,8,2004
32007378,640307,4841016,SC,8,8,2004
32007379,642453,4840714,SC,8,8,2004
32007380,640503,4840560,SC,8,8,2004
32007381,642603,4840560,SC,8,8,2004
32007382,640008,4838515,SC,8,8,2004
32007383,637450,4856761,SC,8,8,2004
32007384,637899,4856213,SC,8,8,2004
32007385,637907,4856163,SC,8,8,2004
32007386,638055,4855813,SC,8,8,2004
32007387,638608,4855051,SC,8,8,2004
32007388,638554,4854909,SC,8,8,2004
32007389,638708,4854661,SC,8,8,2004
32007390,638914,4854608,SC,8,8,2004
32007391,638600,4853959,SC,8,8,2004
32007392,638807,4853908,SC,8,8,2004
32007393,639909,4853762,SC,8,8,2004
32007394,638809,4853464,SC,8,8,2004
32007395,638952,4852715,SC,8,8,2004
32007397,640700,4849807,SC,8,8,2004
32007398,639557,4849765,SC,8,8,2004
32007399,640655,4849762,SC,8,8,2004
32007400,640755,4849565,SC,8,8,2004
32007401,640658,4848920,SC,8,8,2004
32007402,639660,4835158,SC,8,8,2004
32007403,644501,4842954,SC,8,8,2004
32007404,641562,4840668,SC,8,8,2004
32007405,638603,4856668,SC,8,8,2004
32007406,643101,4846312,SC,8,8,2004
32007407,643103,4845711,SC,8,8,2004
32007408,642405,4844011,SC,8,8,2004
32007409,642505,4844012,SC,8,8,2004
32007412,641105,4843152,SC,8,8,2004
32007413,641204,4842465,SC,8,8,2004
32007414,640601,4841719,SC,8,8,2004
32007415,641559,4841202,SC,8,8,2004
32007416,641409,4840706,SC,8,8,2004
32007417,640099,4840613,SC,8,8,2004
32007418,642557,4840610,SC,8,8,2004
32007419,640557,4839017,SC,8,8,2004
32007420,638910,4837066,SC,8,8,2004
32007421,641959,4849314,SC,8,8,2004
32007422,642603,4847910,SC,8,8,2004
32007423,641708,4843966,SC,8,8,2004
32007424,641753,4843964,SC,8,8,2004
32007426,640958,4842661,SC,8,8,2004
32007427,640956,4841962,SC,8,8,2004
32007428,640956,4841913,SC,8,8,2004
32007429,638912,4837117,SC,8,8,2004
32007430,639254,4836604,SC,8,8,2004
32007431,639664,4835661,SC,8,8,2004
32007432,639660,4835411,SC,8,8,2004
32007433,639607,4835360,SC,8,8,2004
32007434,642659,4837410,SC,8,8,2004
32007435,642157,4835361,SC,8,8,2004
32007436,639907,4832011,SC,8,8,2004
32007437,640204,4829807,SC,8,8,2004
32007438,642627,4837696,SC,8,8,2004
32007439,642363,4834864,SC,8,8,2004
32007440,642258,4834815,SC,8,8,2004
32007441,642205,4834708,SC,8,8,2004
32007442,642355,4834715,SC,8,8,2004
32007443,642251,4834365,SC,8,8,2004
32007444,642703,4833213,SC,8,8,2004
32007445,639547,4831709,SC,8,8,2004
32007447,638654,4857859,BWC,8,8,2004
32007449,640253,4836205,BWC,8,8,2004
32007450,639660,4848658,BWC,8,8,2004
32007451,639902,4848558,BWC,8,8,2004
32007452,640407,4848507,BWC,8,8,2004
32007453,640306,4848009,BWC,8,8,2004
32007456,644461,4843709,BWC,8,8,2004
32007457,644201,4843413,BWC,8,8,2004
32007458,643058,4842914,BWC,8,8,2004
32007459,643206,4842914,BWC,8,8,2004
32007460,638553,4857514,BWC,8,8,2004
32007461,638504,4856367,BWC,8,8,2004
32007462,641958,4848615,BWC,8,8,2004
32007463,641907,4848509,BWC,8,8,2004
32007467,643264,4844254,BWC,8,8,2004
32007468,644654,4843360,BWC,8,8,2004
32007469,644657,4843314,BWC,8,8,2004
32007470,644707,4843308,BWC,8,8,2004
32007471,640052,4839552,BWC,8,8,2004
32007472,639699,4836466,BWC,8,8,2004
32007473,640259,4836165,BWC,8,8,2004
32007474,637807,4858016,BWC,8,8,2004
32007475,644155,4842968,BWC,8,8,2004
32007477,640249,4839906,BWC,8,8,2004
32007478,637460,4858008,BWC,8,8,2004
32007479,642153,4846407,BWC,8,8,2004
32007480,642960,4843661,BWC,8,8,2004
32007482,640110,4840116,BWC,8,8,2004
32007483,640159,4839716,BWC,8,8,2004
32007484,640257,4839615,BWC,8,8,2004
32007485,639905,4836162,BWC,8,8,2004
32007486,639905,4835909,BWC,8,8,2004
32007487,640405,4835812,BWC,8,8,2004
32007488,639954,4835566,BWC,8,8,2004
32007489,640409,4835408,BWC,8,8,2004
32007490,639751,4849863,BWC,8,8,2004
32007492,639753,4849809,BWC,8,8,2004
32007493,640053,4836511,BWC,8,8,2004
32007494,643158,4841012,BWC,8,8,2004
32007495,640356,4839360,BWC,8,8,2004
32007496,637807,4857512,BWC,8,8,2004
32007497,638753,4857460,BWC,8,8,2004
32007498,638253,4857265,BWC,8,8,2004
32007501,644109,4841817,BWC,8,8,2004
32007502,643760,4841660,BWC,8,8,2004
32007503,643653,4841558,BWC,8,8,2004
32007504,643852,4841369,BWC,8,8,2004
32007505,643660,4841312,BWC,8,8,2004
32007507,641002,4840019,BWC,8,8,2004
32007508,639956,4838465,BWC,8,8,2004
32007509,639805,4835662,BWC,8,8,2004
32007510,642300,4847768,BWC,8,8,2004
32007513,642159,4844459,BWC,8,8,2004
32007514,641905,4842762,BWC,8,8,2004
32007515,642256,4841965,BWC,8,8,2004
32007516,643295,4841564,BWC,8,8,2004
32007517,640754,4841163,BWC,8,8,2004
32007518,642208,4841114,BWC,8,8,2004
32007519,642306,4840814,BWC,8,8,2004
32007520,641205,4840663,BWC,8,8,2004
32007521,641006,4840512,BWC,8,8,2004
32007522,640958,4839312,BWC,8,8,2004
32007523,638258,4858358,BWC,8,8,2004
32007524,638052,4857760,BWC,8,8,2004
32007525,637806,4857564,BWC,8,8,2004
32007526,638707,4857514,BWC,8,8,2004
32007527,637803,4857317,BWC,8,8,2004
32007528,638863,4857213,BWC,8,8,2004
32007529,638661,4857113,BWC,8,8,2004
32007530,638857,4856812,BWC,8,8,2004
32007531,638706,4856714,BWC,8,8,2004
32007532,638705,4856363,BWC,8,8,2004
32007533,639200,4855717,BWC,8,8,2004
32007536,641852,4849313,BWC,8,8,2004
32007537,639611,4849265,BWC,8,8,2004
32007538,642157,4849011,BWC,8,8,2004
32007539,640851,4847816,BWC,8,8,2004
32007540,642953,4847561,BWC,8,8,2004
32007541,641902,4846969,BWC,8,8,2004
32007543,641453,4845620,BWC,8,8,2004
32007544,641947,4845460,BWC,8,8,2004
32007548,641406,4844256,BWC,8,8,2004
32007549,642036,4844282,BWC,8,8,2004
32007550,641057,4843810,BWC,8,8,2004
32007551,642110,4843161,BWC,8,8,2004
32007552,643164,4842705,BWC,8,8,2004
32007554,641809,4842314,BWC,8,8,2004
32007555,642715,4842204,BWC,8,8,2004
32007556,642908,4842059,BWC,8,8,2004
32007557,640556,4841863,BWC,8,8,2004
32007558,641456,4841864,BWC,8,8,2004
32007559,641500,4841711,BWC,8,8,2004
32007560,641507,4841664,BWC,8,8,2004
32007562,643515,4841560,BWC,8,8,2004
32007563,644103,4841459,BWC,8,8,2004
32007565,643002,4840857,BWC,8,8,2004
32007566,642009,4840714,BWC,8,8,2004
32007567,643201,4840659,BWC,8,8,2004
32007568,640251,4840264,BWC,8,8,2004
32007569,638857,4837961,BWC,8,8,2004
32007570,640055,4837659,BWC,8,8,2004
32007571,638504,4851261,BWC,8,8,2004
32007572,638403,4851067,BWC,8,8,2004
32007573,638706,4851013,BWC,8,8,2004
32007574,638354,4850864,BWC,8,8,2004
32007575,637902,4850065,BWC,8,8,2004
32007576,639905,4845962,BWC,8,8,2004
32007577,639805,4845715,BWC,8,8,2004
32007578,639404,4845313,BWC,8,8,2004
32007579,639206,4844862,BWC,8,8,2004
32007580,639406,4844814,BWC,8,8,2004
32007581,639655,4844815,BWC,8,8,2004
32007582,639055,4844611,BWC,8,8,2004
32007583,639156,4844462,BWC,8,8,2004
32007584,639857,4844508,BWC,8,8,2004
32007585,639157,4844413,BWC,8,8,2004
32007586,639656,4844316,BWC,8,8,2004
32007587,639308,4844163,BWC,8,8,2004
32007588,638903,4850613,BWC,8,8,2004
32007589,638849,4850566,BWC,8,8,2004
32007590,639051,4850558,BWC,8,8,2004
32007591,638752,4850265,BWC,8,8,2004
32007592,639458,4844164,BWC,8,8,2004
32007593,639505,4844163,BWC,8,8,2004
32007594,639306,4843869,BWC,8,8,2004
32007595,639604,4843860,BWC,8,8,2004
32007596,639501,4843812,BWC,8,8,2004
32007597,639806,4843610,BWC,8,8,2004
32007598,639505,4843513,BWC,8,8,2004
32007599,639904,4843467,BWC,8,8,2004
32007600,639707,4843360,BWC,8,8,2004
32007601,639455,4843255,BWC,8,8,2004
32007602,639751,4843261,BWC,8,8,2004
32007603,639460,4843015,BWC,8,8,2004
32007604,639255,4842263,BWC,8,8,2004
32007605,639203,4843909,BWC,8,8,2004
32007606,640103,4843861,BWC,8,8,2004
32007607,639207,4843503,BWC,8,8,2004
32007608,639603,4842415,BWC,8,8,2004
32007609,639256,4841967,BWC,8,8,2004
32007610,641302,4840466,BWC,8,8,2004
32007611,641410,4840164,BWC,8,8,2004
32007612,642059,4840304,BWC,8,8,2004
32007613,643357,4840719,BWC,8,8,2004
32007614,643712,4840717,BWC,8,8,2004
32007615,643455,4840660,BWC,8,8,2004
32007616,643802,4840603,BWC,8,8,2004
32007618,642855,4840072,BWC,8,8,2004
32007619,641057,4839964,BWC,8,8,2004
32007620,643312,4840511,BWC,8,8,2004
32007621,639249,4834108,IMP,8,8,2004
32007622,639308,4833258,IMP,8,8,2004
32007623,639802,4829216,IMP,8,8,2004
32007624,639605,4829610,IMP,8,8,2004
32007625,641904,4840212,IMP,8,8,2004
32007626,643307,4833059,IMP,8,8,2004
32007627,639856,4829562,IMP,8,8,2004
32007628,640058,4829362,IMP,8,8,2004
32007629,640156,4829260,IMP,8,8,2004
32007630,641859,4839903,IMP,8,8,2004
32007631,642054,4837307,IMP,8,8,2004
32007632,641653,4836514,IMP,8,8,2004
32007633,640455,4834310,IMP,8,8,2004
32007634,641451,4831110,IMP,8,8,2004
32007635,641650,4830714,IMP,8,8,2004
32007636,643258,4828519,IMP,8,8,2004
32007637,642803,4839360,IMP,8,8,2004
32007638,642201,4837011,IMP,8,8,2004
32007639,640258,4829765,IMP,8,8,2004
32007640,641109,4829061,IMP,8,8,2004
32007641,643611,4840505,IMP,8,8,2004
32007642,642108,4840059,IMP,8,8,2004
32007643,643554,4840014,IMP,8,8,2004
32007644,642256,4839868,IMP,8,8,2004
32007645,643205,4839809,IMP,8,8,2004
32007646,642512,4839758,IMP,8,8,2004
32007647,641551,4839663,IMP,8,8,2004
32007648,642207,4839466,IMP,8,8,2004
32007649,642503,4839403,IMP,8,8,2004
32007650,643302,4839410,IMP,8,8,2004
32007651,643154,4839268,IMP,8,8,2004
32007652,643407,4839266,IMP,8,8,2004
32007653,641656,4839211,IMP,8,8,2004
32007654,641162,4839155,IMP,8,8,2004
32007655,641803,4839111,IMP,8,8,2004
32007656,643302,4839116,IMP,8,8,2004
32007657,641551,4839061,IMP,8,8,2004
32007658,641755,4838911,IMP,8,8,2004
32007659,643158,4838712,IMP,8,8,2004
32007660,640858,4838659,IMP,8,8,2004
32007661,640705,4838608,IMP,8,8,2004
32007662,641554,4838613,IMP,8,8,2004
32007663,641103,4838560,IMP,8,8,2004
32007664,640706,4838411,IMP,8,8,2004
32007665,641054,4838408,IMP,8,8,2004
32007666,640707,4838259,IMP,8,8,2004
32007667,642060,4838256,IMP,8,8,2004
32007668,643204,4838262,IMP,8,8,2004
32007669,643205,4838213,IMP,8,8,2004
32007670,642756,4838158,IMP,8,8,2004
32007671,641202,4838110,IMP,8,8,2004
32007672,641954,4838105,IMP,8,8,2004
32007673,640906,4837961,IMP,8,8,2004
32007674,641054,4837861,IMP,8,8,2004
32007675,640853,4837763,IMP,8,8,2004
32007676,641157,4837663,IMP,8,8,2004
32007677,641208,4837661,IMP,8,8,2004
32007678,640906,4837612,IMP,8,8,2004
32007679,641903,4837607,IMP,8,8,2004
32007680,643056,4837613,IMP,8,8,2004
32007681,641507,4837514,IMP,8,8,2004
32007682,642053,4837456,IMP,8,8,2004
32007683,643254,4837462,IMP,8,8,2004
32007684,641004,4837363,IMP,8,8,2004
32007685,641254,4837363,IMP,8,8,2004
32007686,640607,4837213,IMP,8,8,2004
32007687,640609,4837163,IMP,8,8,2004
32007688,642006,4837158,IMP,8,8,2004
32007689,641208,4837111,IMP,8,8,2004
32007690,642009,4836960,IMP,8,8,2004
32007691,640403,4836911,IMP,8,8,2004
32007692,640756,4836763,IMP,8,8,2004
32007693,643356,4836663,IMP,8,8,2004
32007694,640709,4836613,IMP,8,8,2004
32007695,643262,4836567,IMP,8,8,2004
32007696,641708,4836459,IMP,8,8,2004
32007697,642855,4836413,IMP,8,8,2004
32007698,641654,4836213,IMP,8,8,2004
32007699,642197,4836161,IMP,8,8,2004
32007700,641854,4835962,IMP,8,8,2004
32007701,642259,4835961,IMP,8,8,2004
32007702,642454,4835963,IMP,8,8,2004
32007703,642906,4835913,IMP,8,8,2004
32007704,643002,4835661,IMP,8,8,2004
32007705,640954,4835612,IMP,8,8,2004
32007706,641105,4835514,IMP,8,8,2004
32007707,640902,4835461,IMP,8,8,2004
32007708,642706,4835467,IMP,8,8,2004
32007709,643056,4835415,IMP,8,8,2004
32007710,642011,4835307,IMP,8,8,2004
32007711,640852,4835216,IMP,8,8,2004
32007712,642810,4835158,IMP,8,8,2004
32007713,640807,4835061,IMP,8,8,2004
32007714,640103,4834913,IMP,8,8,2004
32007715,642403,4834916,IMP,8,8,2004
32007716,640954,4834762,IMP,8,8,2004
32007717,641102,4834759,IMP,8,8,2004
32007718,639905,4834712,IMP,8,8,2004
32007719,640954,4834666,IMP,8,8,2004
32007720,641456,4834662,IMP,8,8,2004
32007721,640606,4834613,IMP,8,8,2004
32007723,642413,4834568,IMP,8,8,2004
32007724,640461,4834461,IMP,8,8,2004
32007725,641048,4834362,IMP,8,8,2004
32007726,642853,4834356,IMP,8,8,2004
32007727,640151,4834262,IMP,8,8,2004
32007728,640753,4834212,IMP,8,8,2004
32007729,642309,4834107,IMP,8,8,2004
32007730,642558,4834115,IMP,8,8,2004
32007731,641351,4834063,IMP,8,8,2004
32007732,642651,4834012,IMP,8,8,2004
32007733,641455,4833959,IMP,8,8,2004
32007734,642448,4833857,IMP,8,8,2004
32007735,642054,4833811,IMP,8,8,2004
32007736,641157,4833663,IMP,8,8,2004
32007737,640251,4833610,IMP,8,8,2004
32007738,641549,4833607,IMP,8,8,2004
32007739,640657,4833560,IMP,8,8,2004
32007740,640799,4833515,IMP,8,8,2004
32007741,641804,4833513,IMP,8,8,2004
32007742,639954,4833413,IMP,8,8,2004
32007743,641899,4833263,IMP,8,8,2004
32007744,641205,4833164,IMP,8,8,2004
32007745,641406,4833159,IMP,8,8,2004
32007746,642203,4833109,IMP,8,8,2004
32007747,640409,4832964,IMP,8,8,2004
32007748,640609,4832959,IMP,8,8,2004
32007749,643352,4832959,IMP,8,8,2004
32007750,640707,4832910,IMP,8,8,2004
32007751,640903,4832762,IMP,8,8,2004
32007752,642554,4832705,IMP,8,8,2004
32007753,641206,4832661,IMP,8,8,2004
32007754,639805,4832607,IMP,8,8,2004
32007755,641101,4832610,IMP,8,8,2004
32007756,641605,4832611,IMP,8,8,2004
32007757,640054,4832560,IMP,8,8,2004
32007758,640753,4832510,IMP,8,8,2004
32007759,641603,4832511,IMP,8,8,2004
32007760,641405,4832463,IMP,8,8,2004
32007761,641653,4832359,IMP,8,8,2004
32007762,639701,4832312,IMP,8,8,2004
32007763,639408,4832260,IMP,8,8,2004
32007764,641758,4832263,IMP,8,8,2004
32007765,640501,4832211,IMP,8,8,2004
32007766,640657,4832162,IMP,8,8,2004
32007767,640857,4832164,IMP,8,8,2004
32007768,642705,4832160,IMP,8,8,2004
32007769,641359,4832015,IMP,8,8,2004
32007770,643155,4832012,IMP,8,8,2004
32007771,642408,4831911,IMP,8,8,2004
32007772,642058,4831862,IMP,8,8,2004
32007773,641409,4831806,IMP,8,8,2004
32007774,643059,4831762,IMP,8,8,2004
32007775,642010,4831661,IMP,8,8,2004
32007776,642655,4831661,IMP,8,8,2004
32007777,643253,4831613,IMP,8,8,2004
32007778,639905,4831563,IMP,8,8,2004
32007779,643007,4831565,IMP,8,8,2004
32007780,642503,4831510,IMP,8,8,2004
32007781,642498,4831361,IMP,8,8,2004
32007782,639902,4831315,IMP,8,8,2004
32007783,640203,4831215,IMP,8,8,2004
32007784,641653,4831158,IMP,8,8,2004
32007785,642753,4831159,IMP,8,8,2004
32007786,640604,4831114,IMP,8,8,2004
32007787,640254,4831062,IMP,8,8,2004
32007788,643100,4831064,IMP,8,8,2004
32007789,640806,4831013,IMP,8,8,2004
32007790,642702,4830961,IMP,8,8,2004
32007791,640956,4830864,IMP,8,8,2004
32007792,642611,4830813,IMP,8,8,2004
32007793,642954,4830811,IMP,8,8,2004
32007794,642055,4830757,IMP,8,8,2004
32007795,640352,4830714,IMP,8,8,2004
32007796,640404,4830562,IMP,8,8,2004
32007797,641051,4830560,IMP,8,8,2004
32007798,641256,4830565,IMP,8,8,2004
32007799,641306,4830556,IMP,8,8,2004
32007800,642858,4830561,IMP,8,8,2004
32007801,641302,4830458,IMP,8,8,2004
32007802,641404,4830410,IMP,8,8,2004
32007803,641707,4830361,IMP,8,8,2004
32007804,641105,4830312,IMP,8,8,2004
32007805,641157,4830262,IMP,8,8,2004
32007806,641805,4830262,IMP,8,8,2004
32007807,640006,4830211,IMP,8,8,2004
32007808,640554,4830161,IMP,8,8,2004
32007809,642312,4830161,IMP,8,8,2004
32007810,641956,4830112,IMP,8,8,2004
32007812,642455,4830006,IMP,8,8,2004
32007813,642156,4829965,IMP,8,8,2004
32007814,642563,4829959,IMP,8,8,2004
32007815,640558,4829862,IMP,8,8,2004
32007816,639701,4829759,IMP,8,8,2004
32007817,640354,4829659,IMP,8,8,2004
32007818,640510,4829664,IMP,8,8,2004
32007819,641604,4829664,IMP,8,8,2004
32007820,640858,4829553,IMP,8,8,2004
32007821,641156,4829410,IMP,8,8,2004
32007822,641456,4829263,IMP,8,8,2004
32007823,642660,4829209,IMP,8,8,2004
32007824,641857,4829161,IMP,8,8,2004
32007825,642810,4829055,IMP,8,8,2004
32007826,643310,4829057,IMP,8,8,2004
32007827,640755,4829018,IMP,8,8,2004
32007828,640757,4828966,IMP,8,8,2004
32007829,642609,4828964,IMP,8,8,2004
32007830,641906,4828914,IMP,8,8,2004
32007831,641758,4828863,IMP,8,8,2004
32007832,641804,4828666,IMP,8,8,2004
32007833,643363,4828610,IMP,8,8,2004
32007834,642358,4828410,IMP,8,8,2004
32007835,642408,4828369,IMP,8,8,2004
32007836,642703,4828309,IMP,8,8,2004
32007837,641409,4828070,IMP,8,8,2004
32007838,641056,4836309,IMP,8,8,2004
32007839,643403,4836913,IMP,8,8,2004
32007840,643308,4836116,IMP,8,8,2004
32007841,643099,4835362,IMP,8,8,2004
32007842,642909,4834763,IMP,8,8,2004
32007843,640454,4829063,IMP,8,8,2004
32007844,641003,4828465,IMP,8,8,2004
32007845,643355,4828456,IMP,8,8,2004
32007876,636513,4858064,MBC,8,8,2005
32007877,638658,4854110,MBC,8,8,2005
32007878,640659,4844517,MBC,8,8,2005
32007879,640253,4842116,MBC,8,8,2005
32007880,639856,4837712,MBC,8,8,2005
32007881,640456,4836305,MBC,8,8,2005
32007882,638711,4854457,MBC,8,8,2005
32007883,639654,4851415,MBC,8,8,2005
32007884,639510,4851061,MBC,8,8,2005
32007885,639506,4851012,MBC,8,8,2005
32007886,639504,4850959,MBC,8,8,2005
32007887,641005,4848354,MBC,8,8,2005
32007888,640605,4844558,MBC,8,8,2005
32007889,640558,4844204,MBC,8,8,2005
32007890,640698,4844217,MBC,8,8,2005
32007891,640657,4844165,MBC,8,8,2005
32007892,640756,4844015,MBC,8,8,2005
32007893,640610,4843904,MBC,8,8,2005
32007894,640704,4843664,MBC,8,8,2005
32007895,640708,4843516,MBC,8,8,2005
32007896,640610,4843406,MBC,8,8,2005
32007897,640300,4842259,MBC,8,8,2005
32007898,640155,4841918,MBC,8,8,2005
32007899,639599,4841257,MBC,8,8,2005
32007900,639697,4839166,MBC,8,8,2005
32007901,639699,4839120,MBC,8,8,2005
32007902,639646,4839068,MBC,8,8,2005
32007903,639410,4837717,MBC,8,8,2005
32007904,639810,4837614,MBC,8,8,2005
32007905,639604,4837470,MBC,8,8,2005
32007906,640413,4836417,MBC,8,8,2005
32007907,640852,4836211,MBC,8,8,2005
32007908,641561,4835610,MBC,8,8,2005
32007909,641612,4835208,MBC,8,8,2005
32007910,641605,4834811,MBC,8,8,2005
32007911,641909,4834556,MBC,8,8,2005
32007912,642061,4834156,MBC,8,8,2005
32007913,642610,4826710,MBC,8,8,2005
32007914,642557,4826665,MBC,8,8,2005
32007915,642558,4826616,MBC,8,8,2005
32007916,638253,4854905,MBC,8,8,2005
32007917,639662,4851516,MBC,8,8,2005
32007918,640248,4841916,MBC,8,8,2005
32007919,638316,4854815,MBC,8,8,2005
32007920,638408,4854712,MBC,8,8,2005
32007921,638654,4854557,MBC,8,8,2005
32007922,638908,4853968,MBC,8,8,2005
32007923,639810,4853561,MBC,8,8,2005
32007924,639952,4853409,MBC,8,8,2005
32007925,640110,4851918,MBC,8,8,2005
32007926,639505,4850706,MBC,8,8,2005
32007927,639455,4850663,MBC,8,8,2005
32007928,641703,4848262,MBC,8,8,2005
32007929,641156,4848007,MBC,8,8,2005
32007930,641204,4847164,MBC,8,8,2005
32007931,641206,4847116,MBC,8,8,2005
32007932,640758,4846807,MBC,8,8,2005
32007933,640999,4846259,MBC,8,8,2005
32007934,641011,4846206,MBC,8,8,2005
32007935,640911,4845961,MBC,8,8,2005
32007936,640607,4844659,MBC,8,8,2005
32007937,640306,4843770,MBC,8,8,2005
32007938,640750,4843515,MBC,8,8,2005
32007939,640297,4842107,MBC,8,8,2005
32007940,639306,4839314,MBC,8,8,2005
32007941,639256,4838767,MBC,8,8,2005
32007942,639706,4837766,MBC,8,8,2005
32007943,639956,4837553,MBC,8,8,2005
32007944,640751,4836252,MBC,8,8,2005
32007945,641506,4835613,MBC,8,8,2005
32007946,640402,4851066,SC,8,8,2005
32007947,640953,4848259,SC,8,8,2005
32007948,640854,4847554,SC,8,8,2005
32007949,642967,4847507,SC,8,8,2005
32007950,643049,4847269,SC,8,8,2005
32007951,640656,4847071,SC,8,8,2005
32007952,641406,4846564,SC,8,8,2005
32007953,642507,4846504,SC,8,8,2005
32007954,641360,4846319,SC,8,8,2005
32007955,641606,4846066,SC,8,8,2005
32007956,643107,4845763,SC,8,8,2005
32007957,640999,4845609,SC,8,8,2005
32007958,643004,4845210,SC,8,8,2005
32007959,642755,4845168,SC,8,8,2005
32007960,642255,4844708,SC,8,8,2005
32007961,642505,4844607,SC,8,8,2005
32007963,642055,4843251,SC,8,8,2005
32007964,640007,4842967,SC,8,8,2005
32007965,641006,4842962,SC,8,8,2005
32007966,641363,4842856,SC,8,8,2005
32007967,641068,4842808,SC,8,8,2005
32007968,643895,4842567,SC,8,8,2005
32007969,639808,4842419,SC,8,8,2005
32007970,640547,4841967,SC,8,8,2005
32007971,641908,4841206,SC,8,8,2005
32007972,642556,4840913,SC,8,8,2005
32007973,643211,4840808,SC,8,8,2005
32007974,642602,4840413,SC,8,8,2005
32007978,640054,4833463,SC,8,8,2005
32007979,637363,4856960,SC,8,8,2005
32007980,637905,4856313,SC,8,8,2005
32007981,637955,4856062,SC,8,8,2005
32007982,638564,4854009,SC,8,8,2005
32007983,638758,4853955,SC,8,8,2005
32007984,639951,4853666,SC,8,8,2005
32007985,638855,4853356,SC,8,8,2005
32007986,639011,4853113,SC,8,8,2005
32007987,642551,4847664,SC,8,8,2005
32007988,642557,4844763,SC,8,8,2005
32007989,641110,4843670,SC,8,8,2005
32007990,640707,4842064,SC,8,8,2005
32007991,640599,4841862,SC,8,8,2005
32007992,642349,4841504,SC,8,8,2005
32007993,641906,4840462,SC,8,8,2005
32007994,640756,4839521,SC,8,8,2005
32007996,642557,4847767,SC,8,8,2005
32007997,642995,4847766,SC,8,8,2005
32007998,641363,4843612,SC,8,8,2005
32008001,639313,4834814,SC,8,8,2005
32008002,642753,4838460,SC,8,8,2005
32008003,643002,4837814,SC,8,8,2005
32008004,642249,4837063,SC,8,8,2005
32008005,639715,4834565,SC,8,8,2005
32008006,643156,4839656,SC,8,8,2005
32008007,641808,4836361,SC,8,8,2005
32008008,642160,4834818,SC,8,8,2005
32008009,642204,4834664,SC,8,8,2005
32008010,642206,4834510,SC,8,8,2005
32008011,638651,4851064,BWC,8,8,2005
32008012,641655,4843613,BWC,8,8,2005
32008013,639154,4848463,BWC,8,8,2005
32008015,640257,4848266,BWC,8,8,2005
32008016,644210,4843560,BWC,8,8,2005
32008017,644452,4843564,BWC,8,8,2005
32008019,638558,4856214,BWC,8,8,2005
32008021,644358,4845624,BWC,8,8,2005
32008022,644462,4845618,BWC,8,8,2005
32008023,644407,4845014,BWC,8,8,2005
32008024,643311,4844348,BWC,8,8,2005
32008025,644406,4842053,BWC,8,8,2005
32008026,639653,4836865,BWC,8,8,2005
32008027,639800,4836559,BWC,8,8,2005
32008028,639599,4836364,BWC,8,8,2005
32008029,637504,4858015,BWC,8,8,2005
32008031,639752,4836017,BWC,8,8,2005
32008032,640104,4835916,BWC,8,8,2005
32008033,639807,4835814,BWC,8,8,2005
32008034,640209,4835362,BWC,8,8,2005
32008035,643054,4846204,BWC,8,8,2005
32008036,641549,4841113,BWC,8,8,2005
32008037,642600,4840710,BWC,8,8,2005
32008038,640311,4838867,BWC,8,8,2005
32008039,643658,4845368,BWC,8,8,2005
32008040,643562,4844909,BWC,8,8,2005
32008041,644252,4841914,BWC,8,8,2005
32008042,642206,4841817,BWC,8,8,2005
32008043,644056,4841419,BWC,8,8,2005
32008044,643548,4841159,BWC,8,8,2005
32008045,642501,4840612,BWC,8,8,2005
32008046,639211,4835822,BWC,8,8,2005
32008047,639355,4834312,BWC,8,8,2005
32008048,638559,4856715,BWC,8,8,2005
32008049,643055,4846313,BWC,8,8,2005
32008050,642900,4845263,BWC,8,8,2005
32008051,642554,4844509,BWC,8,8,2005
32008052,642410,4844415,BWC,8,8,2005
32008053,641998,4843612,BWC,8,8,2005
32008055,640251,4838755,BWC,8,8,2005
32008056,637097,4857708,BWC,8,8,2005
32008057,638855,4857716,BWC,8,8,2005
32008058,638357,4857368,BWC,8,8,2005
32008059,638604,4857210,BWC,8,8,2005
32008060,636545,4857111,BWC,8,8,2005
32008061,638757,4856664,BWC,8,8,2005
32008062,637510,4856252,BWC,8,8,2005
32008063,639309,4849814,BWC,8,8,2005
32008064,639602,4849162,BWC,8,8,2005
32008065,642256,4847961,BWC,8,8,2005
32008066,642056,4847812,BWC,8,8,2005
32008067,640259,4847670,BWC,8,8,2005
32008068,643196,4847006,BWC,8,8,2005
32008070,643006,4846414,BWC,8,8,2005
32008071,641744,4846261,BWC,8,8,2005
32008072,643203,4846110,BWC,8,8,2005
32008073,641057,4845764,BWC,8,8,2005
32008074,641906,4845712,BWC,8,8,2005
32008075,643808,4845656,BWC,8,8,2005
32008076,643401,4845418,BWC,8,8,2005
32008077,643155,4845359,BWC,8,8,2005
32008078,641160,4845110,BWC,8,8,2005
32008079,642362,4844220,BWC,8,8,2005
32008080,643753,4844214,BWC,8,8,2005
32008082,641398,4843360,BWC,8,8,2005
32008083,642054,4842060,BWC,8,8,2005
32008084,644352,4841961,BWC,8,8,2005
32008085,642800,4841569,BWC,8,8,2005
32008086,641004,4841410,BWC,8,8,2005
32008087,642014,4841412,BWC,8,8,2005
32008088,641513,4841311,BWC,8,8,2005
32008089,641210,4840862,BWC,8,8,2005
32008090,641998,4840859,BWC,8,8,2005
32008091,643911,4840866,BWC,8,8,2005
32008092,640352,4839460,BWC,8,8,2005
32008094,638945,4837518,BWC,8,8,2005
32008095,639412,4836416,BWC,8,8,2005
32008096,638707,4857909,BWC,8,8,2005
32008097,638251,4851214,BWC,8,8,2005
32008098,638547,4851012,BWC,8,8,2005
32008099,638602,4851012,BWC,8,8,2005
32008100,637907,4850013,BWC,8,8,2005
32008101,637458,4849809,BWC,8,8,2005
32008102,638364,4849915,BWC,8,8,2005
32008103,639655,4844716,BWC,8,8,2005
32008104,639308,4844364,BWC,8,8,2005
32008105,638755,4850455,BWC,8,8,2005
32008106,639014,4850358,BWC,8,8,2005
32008107,638956,4850312,BWC,8,8,2005
32008108,639906,4843911,BWC,8,8,2005
32008109,639404,4843613,BWC,8,8,2005
32008110,639905,4843465,BWC,8,8,2005
32008111,639352,4843017,BWC,8,8,2005
32008112,639307,4842965,BWC,8,8,2005
32008113,638809,4850113,BWC,8,8,2005
32008114,639359,4841914,BWC,8,8,2005
32008115,641301,4840463,BWC,8,8,2005
32008116,642353,4840515,BWC,8,8,2005
32008120,641158,4839366,BWC,8,8,2005
32008121,639206,4833760,IMP,8,8,2005
32008122,639455,4833615,IMP,8,8,2005
32008123,639457,4833413,IMP,8,8,2005
32008124,639402,4833261,IMP,8,8,2005
32008125,639455,4833216,IMP,8,8,2005
32008126,639552,4833214,IMP,8,8,2005
32008127,639258,4832959,IMP,8,8,2005
32008128,639405,4832764,IMP,8,8,2005
32008129,639401,4832559,IMP,8,8,2005
32008130,643004,4833514,IMP,8,8,2005
32008131,643457,4833412,IMP,8,8,2005
32008132,641854,4834916,IMP,8,8,2005
32008133,640863,4836709,IMP,8,8,2005
32008134,641455,4836515,IMP,8,8,2005
32008135,643256,4836512,IMP,8,8,2005
32008136,641052,4834712,IMP,8,8,2005
32008137,641060,4832704,IMP,8,8,2005
32008138,643252,4831720,IMP,8,8,2005
32008139,642255,4829314,IMP,8,8,2005
32008140,642257,4828316,IMP,8,8,2005
32008141,639753,4832319,IMP,8,8,2005
32008142,641764,4828112,IMP,8,8,2005
32008143,642505,4840313,IMP,8,8,2005
32008145,642857,4839962,IMP,8,8,2005
32008146,643159,4839917,IMP,8,8,2005
32008147,641703,4839863,IMP,8,8,2005
32008148,641755,4839514,IMP,8,8,2005
32008149,641455,4839412,IMP,8,8,2005
32008150,642601,4839367,IMP,8,8,2005
32008151,641253,4839213,IMP,8,8,2005
32008152,642454,4839058,IMP,8,8,2005
32008153,641508,4838914,IMP,8,8,2005
32008154,641856,4838664,IMP,8,8,2005
32008155,642106,4838609,IMP,8,8,2005
32008156,643357,4838310,IMP,8,8,2005
32008157,642204,4838210,IMP,8,8,2005
32008158,643301,4838211,IMP,8,8,2005
32008159,643305,4838062,IMP,8,8,2005
32008160,642453,4838017,IMP,8,8,2005
32008161,641807,4837963,IMP,8,8,2005
32008162,641206,4837861,IMP,8,8,2005
32008163,641809,4837866,IMP,8,8,2005
32008164,640655,4837816,IMP,8,8,2005
32008165,642054,4837818,IMP,8,8,2005
32008166,640559,4837709,IMP,8,8,2005
32008167,640551,4837565,IMP,8,8,2005
32008168,641051,4837558,IMP,8,8,2005
32008169,640508,4837513,IMP,8,8,2005
32008170,641954,4837506,IMP,8,8,2005
32008171,640661,4837462,IMP,8,8,2005
32008172,643207,4837412,IMP,8,8,2005
32008173,641203,4837312,IMP,8,8,2005
32008174,641556,4837308,IMP,8,8,2005
32008175,642860,4837165,IMP,8,8,2005
32008176,641407,4837112,IMP,8,8,2005
32008177,641207,4837063,IMP,8,8,2005
32008178,640806,4836958,IMP,8,8,2005
32008179,642707,4836915,IMP,8,8,2005
32008180,641806,4836858,IMP,8,8,2005
32008181,640702,4836760,IMP,8,8,2005
32008182,642758,4836764,IMP,8,8,2005
32008183,641510,4836715,IMP,8,8,2005
32008184,642359,4836617,IMP,8,8,2005
32008185,642855,4836463,IMP,8,8,2005
32008186,643158,4836358,IMP,8,8,2005
32008187,641656,4836215,IMP,8,8,2005
32008188,641857,4836063,IMP,8,8,2005
32008189,640908,4835959,IMP,8,8,2005
32008190,640855,4835812,IMP,8,8,2005
32008191,642603,4835814,IMP,8,8,2005
32008192,642762,4835757,IMP,8,8,2005
32008193,642948,4835768,IMP,8,8,2005
32008194,642610,4835720,IMP,8,8,2005
32008195,640906,4835512,IMP,8,8,2005
32008196,639906,4835315,IMP,8,8,2005
32008197,640953,4835113,IMP,8,8,2005
32008198,640005,4834863,IMP,8,8,2005
32008199,641404,4834813,IMP,8,8,2005
32008200,640159,4834614,IMP,8,8,2005
32008201,640359,4834611,IMP,8,8,2005
32008202,642809,4834561,IMP,8,8,2005
32008203,641602,4834509,IMP,8,8,2005
32008204,641560,4834416,IMP,8,8,2005
32008205,640700,4834365,IMP,8,8,2005
32008206,641101,4834360,IMP,8,8,2005
32008207,642807,4834313,IMP,8,8,2005
32008208,639854,4834161,IMP,8,8,2005
32008209,642854,4834159,IMP,8,8,2005
32008210,642562,4834110,IMP,8,8,2005
32008211,642551,4834061,IMP,8,8,2005
32008212,641206,4833962,IMP,8,8,2005
32008213,640349,4833913,IMP,8,8,2005
32008214,641159,4833816,IMP,8,8,2005
32008215,641355,4833809,IMP,8,8,2005
32008216,642552,4833811,IMP,8,8,2005
32008217,642657,4833817,IMP,8,8,2005
32008218,640305,4833754,IMP,8,8,2005
32008219,641400,4833753,IMP,8,8,2005
32008220,641711,4833761,IMP,8,8,2005
32008221,642708,4833764,IMP,8,8,2005
32008222,640802,4833714,IMP,8,8,2005
32008223,641554,4833705,IMP,8,8,2005
32008224,641907,4833666,IMP,8,8,2005
32008225,640554,4833459,IMP,8,8,2005
32008226,640907,4833312,IMP,8,8,2005
32008227,640612,4833263,IMP,8,8,2005
32008228,641000,4833214,IMP,8,8,2005
32008229,640355,4833014,IMP,8,8,2005
32008230,640656,4833012,IMP,8,8,2005
32008231,640900,4833017,IMP,8,8,2005
32008232,640156,4832754,IMP,8,8,2005
32008233,641003,4832713,IMP,8,8,2005
32008234,641804,4832712,IMP,8,8,2005
32008235,640608,4832663,IMP,8,8,2005
32008236,642253,4832610,IMP,8,8,2005
32008237,639707,4832518,IMP,8,8,2005
32008238,641304,4832516,IMP,8,8,2005
32008239,642715,4832473,IMP,8,8,2005
32008240,641202,4832412,IMP,8,8,2005
32008241,641352,4832417,IMP,8,8,2005
32008242,641554,4832417,IMP,8,8,2005
32008243,642811,4832357,IMP,8,8,2005
32008244,640355,4832320,IMP,8,8,2005
32008245,642962,4832162,IMP,8,8,2005
32008246,640217,4832110,IMP,8,8,2005
32008247,640159,4832016,IMP,8,8,2005
32008248,640411,4832013,IMP,8,8,2005
32008249,640104,4831766,IMP,8,8,2005
32008250,640606,4831763,IMP,8,8,2005
32008251,641559,4831667,IMP,8,8,2005
32008252,640613,4831563,IMP,8,8,2005
32008253,640162,4831468,IMP,8,8,2005
32008254,642508,4831470,IMP,8,8,2005
32008255,640205,4831406,IMP,8,8,2005
32008256,640761,4831400,IMP,8,8,2005
32008257,641706,4831312,IMP,8,8,2005
32008258,643157,4831313,IMP,8,8,2005
32008259,640510,4831218,IMP,8,8,2005
32008260,641409,4831221,IMP,8,8,2005
32008261,643055,4831168,IMP,8,8,2005
32008262,641361,4831068,IMP,8,8,2005
32008263,642008,4831063,IMP,8,8,2005
32008264,642704,4831070,IMP,8,8,2005
32008265,643003,4831070,IMP,8,8,2005
32008266,641012,4830817,IMP,8,8,2005
32008267,641259,4830812,IMP,8,8,2005
32008268,641462,4830814,IMP,8,8,2005
32008269,642853,4830816,IMP,8,8,2005
32008270,641907,4830711,IMP,8,8,2005
32008271,641957,4830668,IMP,8,8,2005
32008272,641660,4830266,IMP,8,8,2005
32008273,641963,4830216,IMP,8,8,2005
32008274,642008,4830214,IMP,8,8,2005
32008275,642351,4830171,IMP,8,8,2005
32008276,641210,4830064,IMP,8,8,2005
32008277,640112,4830020,IMP,8,8,2005
32008278,642410,4830014,IMP,8,8,2005
32008279,642358,4829969,IMP,8,8,2005
32008280,641218,4829912,IMP,8,8,2005
32008281,642610,4829768,IMP,8,8,2005
32008282,640764,4829513,IMP,8,8,2005
32008283,640258,4829417,IMP,8,8,2005
32008284,640562,4829170,IMP,8,8,2005
32008285,640760,4829067,IMP,8,8,2005
32008286,641302,4829009,IMP,8,8,2005
32008287,641916,4829018,IMP,8,8,2005
32008288,641758,4828865,IMP,8,8,2005
32008289,641506,4828765,IMP,8,8,2005
32008290,643204,4828715,IMP,8,8,2005
32008291,641560,4828612,IMP,8,8,2005
32008292,641761,4828567,IMP,8,8,2005
32008293,641656,4828464,IMP,8,8,2005
32008294,642657,4828408,IMP,8,8,2005
32008295,642904,4828413,IMP,8,8,2005
32008296,642308,4828259,IMP,8,8,2005
32008297,643404,4839166,IMP,8,8,2005
32008300,640556,4836513,IMP,8,8,2005
32008301,643254,4835763,IMP,8,8,2005
32008302,643253,4835666,IMP,8,8,2005
32008303,639599,4830213,IMP,8,8,2005
32008304,641356,4827913,IMP,8,8,2005
32008305,641756,4827862,IMP,8,8,2005
32008326,638652,4854108,MBC,8,8,2006
32008327,640053,4853307,MBC,8,8,2006
32008328,640859,4844303,MBC,8,8,2006
32008329,639449,4837706,MBC,8,8,2006
32008330,638656,4854158,MBC,8,8,2006
32008331,638710,4854159,MBC,8,8,2006
32008332,639950,4852656,MBC,8,8,2006
32008333,639609,4851158,MBC,8,8,2006
32008334,639561,4851105,MBC,8,8,2006
32008335,639511,4851057,MBC,8,8,2006
32008336,639507,4850907,MBC,8,8,2006
32008337,639507,4850759,MBC,8,8,2006
32008338,639557,4850664,MBC,8,8,2006
32008339,640868,4848756,MBC,8,8,2006
32008340,640960,4848612,MBC,8,8,2006
32008341,640806,4847062,MBC,8,8,2006
32008342,640604,4845161,MBC,8,8,2006
32008343,640602,4844514,MBC,8,8,2006
32008344,640806,4844215,MBC,8,8,2006
32008345,640754,4844166,MBC,8,8,2006
32008346,640810,4844163,MBC,8,8,2006
32008347,640605,4843962,MBC,8,8,2006
32008348,640762,4843769,MBC,8,8,2006
32008349,640804,4843762,MBC,8,8,2006
32008350,640608,4843308,MBC,8,8,2006
32008351,640306,4843112,MBC,8,8,2006
32008352,639950,4841817,MBC,8,8,2006
32008353,639559,4841767,MBC,8,8,2006
32008354,639556,4840956,MBC,8,8,2006
32008355,639553,4840849,MBC,8,8,2006
32008356,639607,4840864,MBC,8,8,2006
32008357,639757,4840171,MBC,8,8,2006
32008358,639598,4839604,MBC,8,8,2006
32008359,639653,4838959,MBC,8,8,2006
32008360,639857,4837611,MBC,8,8,2006
32008361,639553,4837562,MBC,8,8,2006
32008362,640357,4836465,MBC,8,8,2006
32008363,641609,4834970,MBC,8,8,2006
32008364,642009,4834363,MBC,8,8,2006
32008365,643207,4832414,MBC,8,8,2006
32008366,642555,4826814,MBC,8,8,2006
32008367,642605,4826412,MBC,8,8,2006
32008368,640856,4843715,MBC,8,8,2006
32008369,638005,4855115,MBC,8,8,2006
32008370,638555,4854618,MBC,8,8,2006
32008371,638354,4854363,MBC,8,8,2006
32008372,638866,4854007,MBC,8,8,2006
32008373,640213,4852960,MBC,8,8,2006
32008374,639747,4851557,MBC,8,8,2006
32008375,639453,4850755,MBC,8,8,2006
32008376,639507,4850562,MBC,8,8,2006
32008377,639505,4850513,MBC,8,8,2006
32008378,640910,4845961,MBC,8,8,2006
32008379,640607,4844764,MBC,8,8,2006
32008380,640858,4844011,MBC,8,8,2006
32008381,639645,4841158,MBC,8,8,2006
32008382,639651,4840862,MBC,8,8,2006
32008383,639801,4840212,MBC,8,8,2006
32008384,639756,4839967,MBC,8,8,2006
32008385,639805,4838811,MBC,8,8,2006
32008386,639656,4837805,MBC,8,8,2006
32008387,639502,4837558,MBC,8,8,2006
32008388,639903,4837016,MBC,8,8,2006
32008389,639954,4836866,MBC,8,8,2006
32008390,640609,4836265,MBC,8,8,2006
32008391,642505,4826661,MBC,8,8,2006
32008392,639805,4839360,MBC,8,8,2006
32008393,640258,4836717,MBC,8,8,2006
32008394,640112,4837158,MBC,8,8,2006
32008395,642506,4833412,MBC,8,8,2006
32008396,637503,4856917,SC,8,8,2006
32008397,638502,4856007,SC,8,8,2006
32008398,638900,4856160,SC,8,8,2006
32008399,641759,4848112,SC,8,8,2006
32008400,641762,4847808,SC,8,8,2006
32008401,641904,4847562,SC,8,8,2006
32008402,641506,4846759,SC,8,8,2006
32008403,641907,4846367,SC,8,8,2006
32008404,642407,4845759,SC,8,8,2006
32008405,640761,4845069,SC,8,8,2006
32008406,641411,4844819,SC,8,8,2006
32008407,642507,4844413,SC,8,8,2006
32008408,642208,4844162,SC,8,8,2006
32008409,642202,4843965,SC,8,8,2006
32008410,642402,4843862,SC,8,8,2006
32008411,640908,4843808,SC,8,8,2006
32008412,642202,4843760,SC,8,8,2006
32008413,642003,4843308,SC,8,8,2006
32008414,641356,4843115,SC,8,8,2006
32008415,640007,4842716,SC,8,8,2006
32008416,640451,4842457,SC,8,8,2006
32008417,642103,4842466,SC,8,8,2006
32008418,641107,4841868,SC,8,8,2006
32008419,642356,4841465,SC,8,8,2006
32008420,641753,4841360,SC,8,8,2006
32008421,640602,4841019,SC,8,8,2006
32008422,640352,4840417,SC,8,8,2006
32008423,640105,4840258,SC,8,8,2006
32008424,640610,4838965,SC,8,8,2006
32008425,638355,4855411,SC,8,8,2006
32008426,638707,4854763,SC,8,8,2006
32008427,639706,4854365,SC,8,8,2006
32008428,638811,4853957,SC,8,8,2006
32008429,640208,4853612,SC,8,8,2006
32008430,638860,4853108,SC,8,8,2006
32008431,639303,4850557,SC,8,8,2006
32008432,639757,4849662,SC,8,8,2006
32008433,640406,4849064,SC,8,8,2006
32008434,642307,4844610,SC,8,8,2006
32008435,641907,4844010,SC,8,8,2006
32008436,643758,4842320,SC,8,8,2006
32008437,640706,4842010,SC,8,8,2006
32008438,641907,4841962,SC,8,8,2006
32008439,642347,4841769,SC,8,8,2006
32008441,639909,4840563,SC,8,8,2006
32008442,640456,4839557,SC,8,8,2006
32008443,640355,4839308,SC,8,8,2006
32008444,639904,4838357,SC,8,8,2006
32008445,639302,4837513,SC,8,8,2006
32008446,642853,4847866,SC,8,8,2006
32008447,641814,4843912,SC,8,8,2006
32008448,640903,4842261,SC,8,8,2006
32008449,639606,4837266,SC,8,8,2006
32008450,639409,4835917,SC,8,8,2006
32008451,639507,4835765,SC,8,8,2006
32008452,641906,4836205,SC,8,8,2006
32008453,639849,4832662,SC,8,8,2006
32008454,640806,4829362,SC,8,8,2006
32008455,642302,4834961,SC,8,8,2006
32008456,642406,4834865,SC,8,8,2006
32008457,641958,4834763,SC,8,8,2006
32008458,642157,4834562,SC,8,8,2006
32008459,639603,4831810,SC,8,8,2006
32008460,640455,4838413,SC,8,8,2006
32008461,643246,4842910,BWC,8,8,2006
32008462,644055,4845114,BWC,8,8,2006
32008463,639511,4848561,BWC,8,8,2006
32008465,644402,4845957,BWC,8,8,2006
32008466,638505,4857614,BWC,8,8,2006
32008467,639308,4855907,BWC,8,8,2006
32008469,642005,4848712,BWC,8,8,2006
32008470,642008,4848412,BWC,8,8,2006
32008471,644307,4845659,BWC,8,8,2006
32008472,644308,4845115,BWC,8,8,2006
32008473,644361,4842063,BWC,8,8,2006
32008474,639710,4837107,BWC,8,8,2006
32008475,639604,4836459,BWC,8,8,2006
32008476,641451,4840659,BWC,8,8,2006
32008477,644000,4842016,BWC,8,8,2006
32008478,642954,4843570,BWC,8,8,2006
32008479,643960,4842918,BWC,8,8,2006
32008481,639904,4835759,BWC,8,8,2006
32008482,640658,4835462,BWC,8,8,2006
32008484,643158,4845656,BWC,8,8,2006
32008485,640852,4840767,BWC,8,8,2006
32008486,642014,4840667,BWC,8,8,2006
32008487,640255,4839064,BWC,8,8,2006
32008488,639958,4838412,BWC,8,8,2006
32008490,637852,4857465,BWC,8,8,2006
32008491,638154,4857311,BWC,8,8,2006
32008492,638303,4857162,BWC,8,8,2006
32008493,638660,4856313,BWC,8,8,2006
32008494,644205,4841708,BWC,8,8,2006
32008495,643904,4841413,BWC,8,8,2006
32008496,643506,4841161,BWC,8,8,2006
32008497,639907,4838015,BWC,8,8,2006
32008498,640604,4835916,BWC,8,8,2006
32008499,639958,4835462,BWC,8,8,2006
32008501,639205,4834660,BWC,8,8,2006
32008502,642696,4847306,BWC,8,8,2006
32008503,643801,4845217,BWC,8,8,2006
32008504,641353,4843911,BWC,8,8,2006
32008505,641457,4843561,BWC,8,8,2006
32008506,640902,4842762,BWC,8,8,2006
32008507,641712,4842163,BWC,8,8,2006
32008508,642154,4841161,BWC,8,8,2006
32008509,641151,4840717,BWC,8,8,2006
32008511,642052,4840515,BWC,8,8,2006
32008512,641105,4839619,BWC,8,8,2006
32008513,637806,4857718,BWC,8,8,2006
32008514,638604,4857459,BWC,8,8,2006
32008515,638655,4856411,BWC,8,8,2006
32008516,638759,4856321,BWC,8,8,2006
32008517,637504,4856262,BWC,8,8,2006
32008518,639352,4849963,BWC,8,8,2006
32008519,640454,4849909,BWC,8,8,2006
32008521,639557,4848966,BWC,8,8,2006
32008522,640607,4847963,BWC,8,8,2006
32008523,640596,4847613,BWC,8,8,2006
32008524,640655,4847409,BWC,8,8,2006
32008525,643053,4846860,BWC,8,8,2006
32008526,643006,4846413,BWC,8,8,2006
32008527,641903,4845761,BWC,8,8,2006
32008528,643245,4845656,BWC,8,8,2006
32008529,641262,4845611,BWC,8,8,2006
32008530,641953,4845411,BWC,8,8,2006
32008532,643553,4845352,BWC,8,8,2006
32008533,641011,4845161,BWC,8,8,2006
32008534,641162,4844869,BWC,8,8,2006
32008535,640952,4842910,BWC,8,8,2006
32008536,643003,4842209,BWC,8,8,2006
32008537,643613,4842218,BWC,8,8,2006
32008538,643155,4841812,BWC,8,8,2006
32008539,643604,4841610,BWC,8,8,2006
32008540,644012,4841213,BWC,8,8,2006
32008541,639854,4838958,BWC,8,8,2006
32008542,639905,4838863,BWC,8,8,2006
32008543,640203,4837862,BWC,8,8,2006
32008544,639509,4836459,BWC,8,8,2006
32008547,639702,4845062,BWC,8,8,2006
32008548,639455,4844911,BWC,8,8,2006
32008549,638307,4850660,BWC,8,8,2006
32008550,638406,4850656,BWC,8,8,2006
32008551,638300,4850459,BWC,8,8,2006
32008552,638405,4850113,BWC,8,8,2006
32008553,638359,4849812,BWC,8,8,2006
32008554,639762,4844665,BWC,8,8,2006
32008555,639455,4844610,BWC,8,8,2006
32008556,639455,4844560,BWC,8,8,2006
32008557,639708,4844559,BWC,8,8,2006
32008558,638654,4850464,BWC,8,8,2006
32008559,638857,4850160,BWC,8,8,2006
32008560,639555,4844263,BWC,8,8,2006
32008561,639854,4843565,BWC,8,8,2006
32008562,639753,4843366,BWC,8,8,2006
32008563,639307,4843062,BWC,8,8,2006
32008564,639257,4841716,BWC,8,8,2006
32008565,639162,4843960,BWC,8,8,2006
32008566,641557,4840362,BWC,8,8,2006
32008567,642856,4840162,BWC,8,8,2006
32008568,641152,4840065,BWC,8,8,2006
32008570,640155,4837363,BWC,8,8,2006
32008571,639504,4833615,IMP,8,8,2006
32008572,639402,4833563,IMP,8,8,2006
32008573,639456,4833415,IMP,8,8,2006
32008574,639454,4833362,IMP,8,8,2006
32008575,639503,4832966,IMP,8,8,2006
32008576,639754,4829162,IMP,8,8,2006
32008577,641845,4840260,IMP,8,8,2006
32008579,639603,4833961,IMP,8,8,2006
32008580,643057,4833463,IMP,8,8,2006
32008581,642055,4839514,IMP,8,8,2006
32008582,641254,4838914,IMP,8,8,2006
32008583,640854,4837511,IMP,8,8,2006
32008584,641060,4837512,IMP,8,8,2006
32008585,641255,4835313,IMP,8,8,2006
32008586,640854,4834914,IMP,8,8,2006
32008587,642858,4834112,IMP,8,8,2006
32008588,639453,4832311,IMP,8,8,2006
32008589,641252,4832313,IMP,8,8,2006
32008590,641252,4828312,IMP,8,8,2006
32008591,642653,4839011,IMP,8,8,2006
32008592,642162,4836367,IMP,8,8,2006
32008593,641355,4828216,IMP,8,8,2006
32008594,643005,4840214,IMP,8,8,2006
32008595,643107,4840013,IMP,8,8,2006
32008596,643556,4840013,IMP,8,8,2006
32008597,641509,4839760,IMP,8,8,2006
32008598,641760,4839562,IMP,8,8,2006
32008599,642105,4839563,IMP,8,8,2006
32008600,642307,4839416,IMP,8,8,2006
32008601,642559,4839361,IMP,8,8,2006
32008602,642153,4839313,IMP,8,8,2006
32008603,641407,4839265,IMP,8,8,2006
32008604,641851,4839269,IMP,8,8,2006
32008605,641909,4839259,IMP,8,8,2006
32008606,642356,4839110,IMP,8,8,2006
32008607,642254,4838961,IMP,8,8,2006
32008608,641054,4838813,IMP,8,8,2006
32008609,641905,4838713,IMP,8,8,2006
32008610,642204,4838614,IMP,8,8,2006
32008611,642958,4838612,IMP,8,8,2006
32008612,641953,4838466,IMP,8,8,2006
32008613,640555,4838408,IMP,8,8,2006
32008614,641804,4838307,IMP,8,8,2006
32008615,643354,4838314,IMP,8,8,2006
32008616,642001,4838267,IMP,8,8,2006
32008617,642805,4838264,IMP,8,8,2006
32008618,643158,4838117,IMP,8,8,2006
32008619,643307,4838018,IMP,8,8,2006
32008620,641354,4837967,IMP,8,8,2006
32008621,640511,4837911,IMP,8,8,2006
32008622,642154,4837913,IMP,8,8,2006
32008623,642704,4837908,IMP,8,8,2006
32008624,641305,4837814,IMP,8,8,2006
32008625,642210,4837459,IMP,8,8,2006
32008626,642961,4837418,IMP,8,8,2006
32008627,640800,4837161,IMP,8,8,2006
32008628,642059,4836959,IMP,8,8,2006
32008629,640903,4836866,IMP,8,8,2006
32008630,641559,4836861,IMP,8,8,2006
32008631,642607,4836859,IMP,8,8,2006
32008632,640605,4836812,IMP,8,8,2006
32008633,641409,4836817,IMP,8,8,2006
32008634,643210,4836817,IMP,8,8,2006
32008635,640902,4836765,IMP,8,8,2006
32008636,643108,4836668,IMP,8,8,2006
32008637,642805,4836514,IMP,8,8,2006
32008638,640906,4836457,IMP,8,8,2006
32008639,641411,4836360,IMP,8,8,2006
32008640,642506,4836361,IMP,8,8,2006
32008641,643110,4836262,IMP,8,8,2006
32008642,642705,4836160,IMP,8,8,2006
32008643,642708,4835856,IMP,8,8,2006
32008644,642807,4835861,IMP,8,8,2006
32008645,640852,4835814,IMP,8,8,2006
32008646,642107,4835564,IMP,8,8,2006
32008647,643154,4835561,IMP,8,8,2006
32008648,640860,4835406,IMP,8,8,2006
32008649,642560,4835357,IMP,8,8,2006
32008650,642906,4835208,IMP,8,8,2006
32008651,640607,4835010,IMP,8,8,2006
32008652,639956,4834812,IMP,8,8,2006
32008653,640657,4834760,IMP,8,8,2006
32008654,640709,4834763,IMP,8,8,2006
32008655,640802,4834764,IMP,8,8,2006
32008656,640610,4834663,IMP,8,8,2006
32008657,640702,4834666,IMP,8,8,2006
32008658,641408,4834514,IMP,8,8,2006
32008659,640854,4834413,IMP,8,8,2006
32008660,641907,4834010,IMP,8,8,2006
32008661,642551,4834017,IMP,8,8,2006
32008662,642756,4833766,IMP,8,8,2006
32008663,641353,4833611,IMP,8,8,2006
32008664,641004,4833566,IMP,8,8,2006
32008665,640509,4833511,IMP,8,8,2006
32008666,641806,4833411,IMP,8,8,2006
32008667,641507,4833259,IMP,8,8,2006
32008668,640555,4833161,IMP,8,8,2006
32008669,641107,4833162,IMP,8,8,2006
32008670,640605,4833064,IMP,8,8,2006
32008671,641058,4833010,IMP,8,8,2006
32008672,641908,4832963,IMP,8,8,2006
32008673,641960,4832906,IMP,8,8,2006
32008674,641903,4832862,IMP,8,8,2006
32008675,640552,4832815,IMP,8,8,2006
32008676,641506,4832813,IMP,8,8,2006
32008677,642007,4832815,IMP,8,8,2006
32008678,640955,4832762,IMP,8,8,2006
32008679,642153,4832759,IMP,8,8,2006
32008680,642355,4832712,IMP,8,8,2006
32008681,640750,4832667,IMP,8,8,2006
32008682,642061,4832614,IMP,8,8,2006
32008683,641454,4832410,IMP,8,8,2006
32008684,642456,4832411,IMP,8,8,2006
32008685,640256,4832363,IMP,8,8,2006
32008686,640558,4832362,IMP,8,8,2006
32008687,640304,4832312,IMP,8,8,2006
32008688,641705,4832318,IMP,8,8,2006
32008689,641402,4832210,IMP,8,8,2006
32008690,640714,4832109,IMP,8,8,2006
32008691,641302,4832110,IMP,8,8,2006
32008692,642105,4832115,IMP,8,8,2006
32008693,640755,4832017,IMP,8,8,2006
32008694,641055,4832012,IMP,8,8,2006
32008695,643001,4831957,IMP,8,8,2006
32008696,641552,4831916,IMP,8,8,2006
32008697,640253,4831859,IMP,8,8,2006
32008698,641554,4831861,IMP,8,8,2006
32008699,640053,4831811,IMP,8,8,2006
32008700,640905,4831758,IMP,8,8,2006
32008701,641109,4831763,IMP,8,8,2006
32008702,642754,4831662,IMP,8,8,2006
32008703,642658,4831613,IMP,8,8,2006
32008704,643055,4831562,IMP,8,8,2006
32008705,642157,4831461,IMP,8,8,2006
32008706,642955,4831462,IMP,8,8,2006
32008707,643205,4831416,IMP,8,8,2006
32008708,641908,4831363,IMP,8,8,2006
32008709,641959,4831367,IMP,8,8,2006
32008710,642311,4831368,IMP,8,8,2006
32008711,640008,4831309,IMP,8,8,2006
32008712,640001,4831213,IMP,8,8,2006
32008713,641561,4831214,IMP,8,8,2006
32008714,640407,4831166,IMP,8,8,2006
32008715,640004,4831113,IMP,8,8,2006
32008716,641108,4831061,IMP,8,8,2006
32008717,640550,4831010,IMP,8,8,2006
32008718,640604,4831017,IMP,8,8,2006
32008719,642154,4831012,IMP,8,8,2006
32008720,643162,4831010,IMP,8,8,2006
32008721,640398,4830863,IMP,8,8,2006
32008722,642702,4830863,IMP,8,8,2006
32008723,640656,4830765,IMP,8,8,2006
32008724,642957,4830717,IMP,8,8,2006
32008725,641709,4830663,IMP,8,8,2006
32008726,642956,4830416,IMP,8,8,2006
32008727,640010,4830216,IMP,8,8,2006
32008728,642706,4830213,IMP,8,8,2006
32008729,642404,4830166,IMP,8,8,2006
32008730,640360,4830116,IMP,8,8,2006
32008731,640308,4830017,IMP,8,8,2006
32008732,641550,4829666,IMP,8,8,2006
32008733,641654,4829620,IMP,8,8,2006
32008734,642657,4829569,IMP,8,8,2006
32008735,641557,4829464,IMP,8,8,2006
32008736,641160,4829416,IMP,8,8,2006
32008737,641358,4829421,IMP,8,8,2006
32008738,641601,4829362,IMP,8,8,2006
32008739,641550,4829312,IMP,8,8,2006
32008740,641608,4829211,IMP,8,8,2006
32008741,641708,4829164,IMP,8,8,2006
32008742,642310,4829164,IMP,8,8,2006
32008743,642408,4829009,IMP,8,8,2006
32008744,643251,4828959,IMP,8,8,2006
32008745,640851,4828815,IMP,8,8,2006
32008746,642308,4828764,IMP,8,8,2006
32008747,641801,4828508,IMP,8,8,2006
32008748,642105,4828469,IMP,8,8,2006
32008749,642559,4828411,IMP,8,8,2006
32008750,642555,4828210,IMP,8,8,2006
32008751,642853,4828015,IMP,8,8,2006
32008752,642308,4827916,IMP,8,8,2006
32008753,641655,4834313,IMP,8,8,2006
32008754,642506,4837014,IMP,8,8,2006
32008755,642953,4834067,IMP,8,8,2006
32008776,641204,4847061,MBC,8,8,2007
32008777,639555,4850958,MBC,8,8,2007
32008778,639603,4850916,MBC,8,8,2007
32008779,640862,4848752,MBC,8,8,2007
32008780,641109,4848419,MBC,8,8,2007
32008781,641101,4848359,MBC,8,8,2007
32008782,640810,4845356,MBC,8,8,2007
32008783,640756,4845309,MBC,8,8,2007
32008784,640561,4844708,MBC,8,8,2007
32008785,640557,4844659,MBC,8,8,2007
32008786,640555,4844459,MBC,8,8,2007
32008787,640699,4844206,MBC,8,8,2007
32008788,640657,4844009,MBC,8,8,2007
32008789,640654,4843852,MBC,8,8,2007
32008790,640801,4843716,MBC,8,8,2007
32008791,640659,4843614,MBC,8,8,2007
32008792,640701,4843562,MBC,8,8,2007
32008793,640304,4843253,MBC,8,8,2007
32008794,640251,4843000,MBC,8,8,2007
32008795,640255,4842953,MBC,8,8,2007
32008796,640255,4842201,MBC,8,8,2007
32008797,640204,4841864,MBC,8,8,2007
32008798,639946,4841806,MBC,8,8,2007
32008799,639608,4840958,MBC,8,8,2007
32008800,639707,4840262,MBC,8,8,2007
32008802,639748,4837712,MBC,8,8,2007
32008803,639808,4837612,MBC,8,8,2007
32008804,639960,4837458,MBC,8,8,2007
32008805,641109,4836166,MBC,8,8,2007
32008806,643055,4832558,MBC,8,8,2007
32008807,643105,4832513,MBC,8,8,2007
32008808,643205,4832457,MBC,8,8,2007
32008810,637857,4855514,MBC,8,8,2007
32008812,636707,4857708,MBC,8,8,2007
32008813,636709,4856914,MBC,8,8,2007
32008814,636800,4856662,MBC,8,8,2007
32008815,637319,4856215,MBC,8,8,2007
32008816,636953,4856163,MBC,8,8,2007
32008817,638812,4854463,MBC,8,8,2007
32008818,639905,4853007,MBC,8,8,2007
32008819,639899,4852657,MBC,8,8,2007
32008820,639606,4851412,MBC,8,8,2007
32008821,639452,4850815,MBC,8,8,2007
32008822,639502,4850556,MBC,8,8,2007
32008823,640099,4850054,MBC,8,8,2007
32008824,640805,4849265,MBC,8,8,2007
32008825,641054,4849052,MBC,8,8,2007
32008826,641257,4848814,MBC,8,8,2007
32008827,641153,4847965,MBC,8,8,2007
32008828,640956,4846110,MBC,8,8,2007
32008829,640912,4845958,MBC,8,8,2007
32008830,640608,4844805,MBC,8,8,2007
32008831,640257,4843563,MBC,8,8,2007
32008832,639852,4842203,MBC,8,8,2007
32008833,639751,4842012,MBC,8,8,2007
32008834,640097,4841813,MBC,8,8,2007
32008835,639806,4841554,MBC,8,8,2007
32008839,639456,4837610,MBC,8,8,2007
32008840,639461,4837558,MBC,8,8,2007
32008841,639999,4837513,MBC,8,8,2007
32008842,640055,4836611,MBC,8,8,2007
32008844,643103,4832664,MBC,8,8,2007
32008846,642552,4844814,SC,8,8,2007
32008847,642202,4840963,SC,8,8,2007
32008848,637464,4858707,SC,8,8,2007
32008849,637508,4855250,SC,8,8,2007
32008850,637610,4855212,SC,8,8,2007
32008851,640856,4847410,SC,8,8,2007
32008852,641253,4846018,SC,8,8,2007
32008853,641316,4845956,SC,8,8,2007
32008854,643258,4845959,SC,8,8,2007
32008856,641446,4845414,SC,8,8,2007
32008857,642505,4844702,SC,8,8,2007
32008858,643661,4844515,SC,8,8,2007
32008859,641143,4844453,SC,8,8,2007
32008860,642205,4844354,SC,8,8,2007
32008861,640901,4844309,SC,8,8,2007
32008862,643663,4844211,SC,8,8,2007
32008863,641753,4844118,SC,8,8,2007
32008864,642252,4844110,SC,8,8,2007
32008865,642200,4843219,SC,8,8,2007
32008866,644247,4842963,SC,8,8,2007
32008867,640648,4841958,SC,8,8,2007
32008868,641753,4841614,SC,8,8,2007
32008869,640658,4841508,SC,8,8,2007
32008870,640001,4841461,SC,8,8,2007
32008871,641358,4840909,SC,8,8,2007
32008872,641260,4840716,SC,8,8,2007
32008873,639758,4840558,SC,8,8,2007
32008874,640566,4839512,SC,8,8,2007
32008875,641052,4849100,SC,8,8,2007
32008876,638063,4855913,SC,8,8,2007
32008877,638008,4855850,SC,8,8,2007
32008878,638156,4855803,SC,8,8,2007
32008879,638460,4855311,SC,8,8,2007
32008880,638956,4854567,SC,8,8,2007
32008881,638708,4853869,SC,8,8,2007
32008882,639108,4853021,SC,8,8,2007
32008883,639207,4852462,SC,8,8,2007
32008884,641521,4840701,SC,8,8,2007
32008885,639409,4837018,SC,8,8,2007
32008886,642043,4843114,SC,8,8,2007
32008887,641900,4842609,SC,8,8,2007
32008888,641605,4842257,SC,8,8,2007
32008889,641656,4842209,SC,8,8,2007
32008890,643548,4842113,SC,8,8,2007
32008891,641658,4842058,SC,8,8,2007
32008892,640707,4841958,SC,8,8,2007
32008893,641101,4841909,SC,8,8,2007
32008894,642763,4841308,SC,8,8,2007
32008895,641258,4841212,SC,8,8,2007
32008896,642713,4840915,SC,8,8,2007
32008897,639054,4836465,SC,8,8,2007
32008898,641355,4849963,SC,8,8,2007
32008899,642051,4849207,SC,8,8,2007
32008900,642256,4848952,SC,8,8,2007
32008901,642406,4848370,SC,8,8,2007
32008902,639504,4835763,SC,8,8,2007
32008903,639257,4835458,SC,8,8,2007
32008904,639358,4834861,SC,8,8,2007
32008905,640061,4833914,SC,8,8,2007
32008906,639954,4833158,SC,8,8,2007
32008907,642550,4838808,SC,8,8,2007
32008908,642065,4835315,SC,8,8,2007
32008909,642308,4835110,SC,8,8,2007
32008910,639596,4831855,SC,8,8,2007
32008911,641011,4840671,BWC,8,8,2007
32008912,639164,4856909,BWC,8,8,2007
32008913,640147,4836110,BWC,8,8,2007
32008915,639055,4856715,BWC,8,8,2007
32008918,643409,4841408,BWC,8,8,2007
32008919,643143,4847567,BWC,8,8,2007
32008920,640058,4848911,BWC,8,8,2007
32008921,644054,4846061,BWC,8,8,2007
32008922,644250,4846005,BWC,8,8,2007
32008925,638512,4857610,BWC,8,8,2007
32008930,639756,4837156,BWC,8,8,2007
32008931,641562,4840710,BWC,8,8,2007
32008932,640396,4839807,BWC,8,8,2007
32008933,642596,4846761,BWC,8,8,2007
32008934,643159,4843764,BWC,8,8,2007
32008935,643205,4843763,BWC,8,8,2007
32008936,643003,4843563,BWC,8,8,2007
32008937,640156,4835763,BWC,8,8,2007
32008938,640151,4835662,BWC,8,8,2007
32008939,640254,4835656,BWC,8,8,2007
32008940,640504,4835562,BWC,8,8,2007
32008941,640056,4836517,BWC,8,8,2007
32008942,641457,4840706,BWC,8,8,2007
32008946,640995,4840162,BWC,8,8,2007
32008947,640352,4838363,BWC,8,8,2007
32008948,639557,4835309,BWC,8,8,2007
32008949,642407,4844575,BWC,8,8,2007
32008950,641307,4843716,BWC,8,8,2007
32008951,641199,4842862,BWC,8,8,2007
32008952,641894,4841658,BWC,8,8,2007
32008954,640756,4841212,BWC,8,8,2007
32008956,638814,4857459,BWC,8,8,2007
32008957,638559,4856959,BWC,8,8,2007
32008958,638856,4856914,BWC,8,8,2007
32008959,638695,4856762,BWC,8,8,2007
32008960,638868,4856757,BWC,8,8,2007
32008961,639652,4853111,BWC,8,8,2007
32008962,640004,4849361,BWC,8,8,2007
32008963,642004,4848961,BWC,8,8,2007
32008964,643153,4846060,BWC,8,8,2007
32008966,643901,4845515,BWC,8,8,2007
32008967,642614,4845313,BWC,8,8,2007
32008968,644001,4845263,BWC,8,8,2007
32008970,641150,4845206,BWC,8,8,2007
32008971,643559,4845053,BWC,8,8,2007
32008972,643520,4844920,BWC,8,8,2007
32008973,643758,4844911,BWC,8,8,2007
32008975,641513,4844257,BWC,8,8,2007
32008977,641809,4842312,BWC,8,8,2007
32008979,642855,4842163,BWC,8,8,2007
32008980,640558,4841809,BWC,8,8,2007
32008982,640057,4840804,BWC,8,8,2007
32008983,640622,4840796,BWC,8,8,2007
32008984,641002,4840352,BWC,8,8,2007
32008985,640050,4840307,BWC,8,8,2007
32008987,640703,4839307,BWC,8,8,2007
32008988,640304,4839165,BWC,8,8,2007
32008989,640205,4838165,BWC,8,8,2007
32008990,638863,4837554,BWC,8,8,2007
32008996,639062,4844657,BWC,8,8,2007
32008997,638361,4850508,BWC,8,8,2007
32008998,639349,4844659,BWC,8,8,2007
32009000,639308,4844159,BWC,8,8,2007
32009001,639652,4843013,BWC,8,8,2007
32009002,638856,4850712,BWC,8,8,2007
32009003,639003,4850665,BWC,8,8,2007
32009004,639005,4850611,BWC,8,8,2007
32009005,638652,4850161,BWC,8,8,2007
32009006,638800,4850163,BWC,8,8,2007
32009007,639551,4844310,BWC,8,8,2007
32009008,639404,4844113,BWC,8,8,2007
32009009,639654,4843558,BWC,8,8,2007
32009010,639501,4843062,BWC,8,8,2007
32009011,639606,4843069,BWC,8,8,2007
32009012,639255,4841708,BWC,8,8,2007
32009013,640005,4844211,BWC,8,8,2007
32009016,642603,4840306,BWC,8,8,2007
32009019,642103,4840162,BWC,8,8,2007
32009020,641103,4840112,BWC,8,8,2007
32009021,639255,4833105,IMP,8,8,2007
32009022,639752,4829414,IMP,8,8,2007
32009023,641856,4840214,IMP,8,8,2007
32009025,641606,4840108,IMP,8,8,2007
32009026,639750,4834764,IMP,8,8,2007
32009027,642951,4833562,IMP,8,8,2007
32009028,639999,4829215,IMP,8,8,2007
32009029,641851,4839712,IMP,8,8,2007
32009030,643452,4839508,IMP,8,8,2007
32009031,641652,4839308,IMP,8,8,2007
32009032,640859,4837716,IMP,8,8,2007
32009033,642463,4836709,IMP,8,8,2007
32009034,642457,4836513,IMP,8,8,2007
32009035,641259,4834313,IMP,8,8,2007
32009036,642253,4831907,IMP,8,8,2007
32009037,642200,4836410,IMP,8,8,2007
32009038,640958,4836014,IMP,8,8,2007
32009039,641557,4835364,IMP,8,8,2007
32009040,640058,4833808,IMP,8,8,2007
32009041,639752,4832312,IMP,8,8,2007
32009042,639903,4830310,IMP,8,8,2007
32009043,641905,4827752,IMP,8,8,2007
32009048,642299,4840010,IMP,8,8,2007
32009053,642703,4839763,IMP,8,8,2007
32009055,641351,4839261,IMP,8,8,2007
32009056,643150,4839259,IMP,8,8,2007
32009057,641402,4839164,IMP,8,8,2007
32009058,641749,4839058,IMP,8,8,2007
32009059,641055,4838961,IMP,8,8,2007
32009060,641204,4838862,IMP,8,8,2007
32009061,641607,4838762,IMP,8,8,2007
32009062,641853,4838554,IMP,8,8,2007
32009063,641202,4838510,IMP,8,8,2007
32009064,643305,4838359,IMP,8,8,2007
32009065,641556,4838315,IMP,8,8,2007
32009066,641104,4838007,IMP,8,8,2007
32009067,640959,4837907,IMP,8,8,2007
32009068,642552,4837906,IMP,8,8,2007
32009069,642350,4837802,IMP,8,8,2007
32009070,641005,4837709,IMP,8,8,2007
32009071,641051,4837663,IMP,8,8,2007
32009072,643197,4837614,IMP,8,8,2007
32009073,640355,4837563,IMP,8,8,2007
32009074,641497,4837508,IMP,8,8,2007
32009075,643304,4837466,IMP,8,8,2007
32009076,643049,4837410,IMP,8,8,2007
32009077,641209,4837209,IMP,8,8,2007
32009078,642759,4837214,IMP,8,8,2007
32009079,641405,4837152,IMP,8,8,2007
32009080,641351,4837109,IMP,8,8,2007
32009081,642207,4837107,IMP,8,8,2007
32009082,642803,4837061,IMP,8,8,2007
32009083,640306,4837013,IMP,8,8,2007
32009084,640356,4836960,IMP,8,8,2007
32009085,641606,4836964,IMP,8,8,2007
32009086,641707,4836966,IMP,8,8,2007
32009087,640750,4836865,IMP,8,8,2007
32009088,641555,4836862,IMP,8,8,2007
32009089,642907,4836858,IMP,8,8,2007
32009090,640249,4836811,IMP,8,8,2007
32009091,640656,4836811,IMP,8,8,2007
32009092,641951,4836811,IMP,8,8,2007
32009093,641998,4836812,IMP,8,8,2007
32009094,642710,4836765,IMP,8,8,2007
32009095,640702,4836556,IMP,8,8,2007
32009096,640858,4836561,IMP,8,8,2007
32009097,640600,4836514,IMP,8,8,2007
32009098,642297,4836415,IMP,8,8,2007
32009099,643106,4836357,IMP,8,8,2007
32009100,642142,4836061,IMP,8,8,2007
32009101,641105,4835816,IMP,8,8,2007
32009102,642853,4835563,IMP,8,8,2007
32009103,641401,4835517,IMP,8,8,2007
32009104,642854,4835366,IMP,8,8,2007
32009105,642509,4835314,IMP,8,8,2007
32009106,639856,4835211,IMP,8,8,2007
32009107,642061,4835213,IMP,8,8,2007
32009108,641505,4835108,IMP,8,8,2007
32009109,642006,4835106,IMP,8,8,2007
32009110,640310,4835008,IMP,8,8,2007
32009111,642654,4834964,IMP,8,8,2007
32009112,640758,4834810,IMP,8,8,2007
32009113,642602,4834811,IMP,8,8,2007
32009114,640355,4834612,IMP,8,8,2007
32009115,641056,4834458,IMP,8,8,2007
32009116,640806,4834311,IMP,8,8,2007
32009117,640853,4834215,IMP,8,8,2007
32009118,640959,4834054,IMP,8,8,2007
32009119,641761,4834062,IMP,8,8,2007
32009120,640308,4834014,IMP,8,8,2007
32009121,641204,4833966,IMP,8,8,2007
32009122,642706,4833908,IMP,8,8,2007
32009123,640951,4833815,IMP,8,8,2007
32009124,640761,4833761,IMP,8,8,2007
32009125,641006,4833714,IMP,8,8,2007
32009126,640408,4833656,IMP,8,8,2007
32009127,640902,4833463,IMP,8,8,2007
32009128,640307,4833262,IMP,8,8,2007
32009129,641652,4833161,IMP,8,8,2007
32009130,642152,4833159,IMP,8,8,2007
32009131,640860,4833060,IMP,8,8,2007
32009132,641198,4833063,IMP,8,8,2007
32009133,643053,4833011,IMP,8,8,2007
32009134,642001,4832955,IMP,8,8,2007
32009135,643401,4832909,IMP,8,8,2007
32009137,640857,4832809,IMP,8,8,2007
32009138,640901,4832816,IMP,8,8,2007
32009139,641656,4832762,IMP,8,8,2007
32009140,642366,4832716,IMP,8,8,2007
32009141,642409,4832712,IMP,8,8,2007
32009142,640600,4832611,IMP,8,8,2007
32009143,641806,4832559,IMP,8,8,2007
32009144,640706,4832460,IMP,8,8,2007
32009145,639455,4832408,IMP,8,8,2007
32009146,641597,4832307,IMP,8,8,2007
32009147,641154,4832207,IMP,8,8,2007
32009148,642208,4832218,IMP,8,8,2007
32009149,640306,4832113,IMP,8,8,2007
32009150,641551,4832103,IMP,8,8,2007
32009151,642663,4832060,IMP,8,8,2007
32009152,642501,4831961,IMP,8,8,2007
32009153,640254,4831763,IMP,8,8,2007
32009154,640303,4831764,IMP,8,8,2007
32009155,642313,4831719,IMP,8,8,2007
32009156,642899,4831611,IMP,8,8,2007
32009157,643107,4831564,IMP,8,8,2007
32009158,641706,4831507,IMP,8,8,2007
32009159,643208,4831461,IMP,8,8,2007
32009160,642555,4831409,IMP,8,8,2007
32009161,640810,4831358,IMP,8,8,2007
32009162,642951,4831261,IMP,8,8,2007
32009163,640163,4831212,IMP,8,8,2007
32009164,642507,4831206,IMP,8,8,2007
32009165,639902,4831167,IMP,8,8,2007
32009166,642108,4831160,IMP,8,8,2007
32009167,642861,4831157,IMP,8,8,2007
32009168,643006,4831157,IMP,8,8,2007
32009169,639954,4831106,IMP,8,8,2007
32009170,643107,4831054,IMP,8,8,2007
32009171,639906,4830864,IMP,8,8,2007
32009172,640702,4830770,IMP,8,8,2007
32009173,640500,4830319,IMP,8,8,2007
32009174,640704,4830261,IMP,8,8,2007
32009175,643098,4830120,IMP,8,8,2007
32009176,640848,4830058,IMP,8,8,2007
32009177,640705,4830004,IMP,8,8,2007
32009178,642900,4830013,IMP,8,8,2007
32009179,640656,4829813,IMP,8,8,2007
32009180,642161,4829461,IMP,8,8,2007
32009181,642314,4829356,IMP,8,8,2007
32009182,642609,4829355,IMP,8,8,2007
32009183,643255,4829251,IMP,8,8,2007
32009184,642211,4829162,IMP,8,8,2007
32009185,641754,4829104,IMP,8,8,2007
32009186,641766,4829007,IMP,8,8,2007
32009187,643300,4828910,IMP,8,8,2007
32009188,641308,4828858,IMP,8,8,2007
32009189,641808,4828617,IMP,8,8,2007
32009190,642211,4828494,IMP,8,8,2007
32009191,641714,4828458,IMP,8,8,2007
32009192,641616,4828406,IMP,8,8,2007
32009193,642317,4828259,IMP,8,8,2007
32009194,642204,4828016,IMP,8,8,2007
32009195,642249,4827870,IMP,8,8,2007
32009197,643205,4837261,IMP,8,8,2007
32009199,640556,4836612,IMP,8,8,2007
32009200,643303,4836069,IMP,8,8,2007
32009201,641604,4834414,IMP,8,8,2007
32009202,639556,4830017,IMP,8,8,2007
32009203,640956,4828510,IMP,8,8,2007
32009204,641661,4827865,IMP,8,8,2007
32009205,642302,4827215,IMP,8,8,2007
32009226,641689,4848307,MBC,8,8,2008
32009227,640902,4845755,MBC,8,8,2008
32009228,639763,4840366,MBC,8,8,2008
32009229,639453,4837710,MBC,8,8,2008
32009230,641655,4835306,MBC,8,8,2008
32009231,636910,4857312,MBC,8,8,2008
32009232,638211,4854858,MBC,8,8,2008
32009233,638552,4854204,MBC,8,8,2008
32009234,638554,4854160,MBC,8,8,2008
32009235,638755,4854109,MBC,8,8,2008
32009236,639601,4851158,MBC,8,8,2008
32009237,639548,4850661,MBC,8,8,2008
32009238,640554,4844606,MBC,8,8,2008
32009239,640557,4844498,MBC,8,8,2008
32009240,640604,4844412,MBC,8,8,2008
32009241,640756,4844318,MBC,8,8,2008
32009242,640805,4844156,MBC,8,8,2008
32009243,640563,4843901,MBC,8,8,2008
32009244,640704,4843914,MBC,8,8,2008
32009245,640751,4843807,MBC,8,8,2008
32009246,640301,4843455,MBC,8,8,2008
32009247,640664,4843419,MBC,8,8,2008
32009248,640207,4842861,MBC,8,8,2008
32009249,640154,4842658,MBC,8,8,2008
32009250,640149,4841921,MBC,8,8,2008
32009251,640002,4841861,MBC,8,8,2008
32009252,639754,4840213,MBC,8,8,2008
32009253,639756,4840158,MBC,8,8,2008
32009254,639709,4838914,MBC,8,8,2008
32009255,639707,4837706,MBC,8,8,2008
32009256,639400,4837659,MBC,8,8,2008
32009257,639952,4837515,MBC,8,8,2008
32009258,639598,4837462,MBC,8,8,2008
32009259,640405,4836467,MBC,8,8,2008
32009260,640154,4836418,MBC,8,8,2008
32009261,640759,4836216,MBC,8,8,2008
32009262,641058,4836213,MBC,8,8,2008
32009263,641604,4835413,MBC,8,8,2008
32009264,641604,4835011,MBC,8,8,2008
32009265,641605,4834815,MBC,8,8,2008
32009266,641599,4834760,MBC,8,8,2008
32009267,642058,4834159,MBC,8,8,2008
32009268,643115,4832563,MBC,8,8,2008
32009269,643308,4832356,MBC,8,8,2008
32009270,642553,4826616,MBC,8,8,2008
32009271,639652,4851515,MBC,8,8,2008
32009272,640250,4843521,MBC,8,8,2008
32009273,639652,4838709,MBC,8,8,2008
32009274,637556,4855913,MBC,8,8,2008
32009275,637758,4855645,MBC,8,8,2008
32009276,638865,4854407,MBC,8,8,2008
32009277,638356,4854361,MBC,8,8,2008
32009278,638453,4854257,MBC,8,8,2008
32009279,639897,4852755,MBC,8,8,2008
32009280,640102,4851916,MBC,8,8,2008
32009281,640114,4851865,MBC,8,8,2008
32009282,639606,4851469,MBC,8,8,2008
32009283,640405,4849257,MBC,8,8,2008
32009284,641254,4848811,MBC,8,8,2008
32009285,641602,4848561,MBC,8,8,2008
32009286,640753,4847018,MBC,8,8,2008
32009287,640606,4844755,MBC,8,8,2008
32009288,640154,4842963,MBC,8,8,2008
32009289,640154,4842810,MBC,8,8,2008
32009290,639807,4842114,MBC,8,8,2008
32009291,639553,4838163,MBC,8,8,2008
32009292,639957,4837610,MBC,8,8,2008
32009293,639999,4837556,MBC,8,8,2008
32009294,642506,4826812,MBC,8,8,2008
32009295,641502,4835571,MBC,8,8,2008
32009296,642896,4845451,SC,8,8,2008
32009297,638952,4856261,SC,8,8,2008
32009298,642244,4847705,SC,8,8,2008
32009299,640946,4847659,SC,8,8,2008
32009300,640851,4847517,SC,8,8,2008
32009301,643000,4847204,SC,8,8,2008
32009302,641502,4846809,SC,8,8,2008
32009303,641405,4846160,SC,8,8,2008
32009304,641210,4846011,SC,8,8,2008
32009305,642155,4845966,SC,8,8,2008
32009306,641645,4845811,SC,8,8,2008
32009307,642352,4845709,SC,8,8,2008
32009308,642253,4845492,SC,8,8,2008
32009309,642200,4845353,SC,8,8,2008
32009310,642252,4845298,SC,8,8,2008
32009311,642803,4845215,SC,8,8,2008
32009312,640752,4845107,SC,8,8,2008
32009313,640806,4844751,SC,8,8,2008
32009314,640807,4844702,SC,8,8,2008
32009315,642544,4844211,SC,8,8,2008
32009316,643950,4843870,SC,8,8,2008
32009317,641951,4843110,SC,8,8,2008
32009318,642049,4842616,SC,8,8,2008
32009319,641507,4842260,SC,8,8,2008
32009320,642048,4841761,SC,8,8,2008
32009321,643256,4841659,SC,8,8,2008
32009322,641749,4841360,SC,8,8,2008
32009323,641296,4841060,SC,8,8,2008
32009324,641750,4840711,SC,8,8,2008
32009325,642597,4840616,SC,8,8,2008
32009326,639813,4838402,SC,8,8,2008
32009327,639302,4851662,SC,8,8,2008
32009328,640351,4851266,SC,8,8,2008
32009329,640504,4850407,SC,8,8,2008
32009330,639402,4850004,SC,8,8,2008
32009331,641458,4848865,SC,8,8,2008
32009332,639410,4834806,SC,8,8,2008
32009333,643598,4845566,SC,8,8,2008
32009334,641504,4844165,SC,8,8,2008
32009335,642107,4843697,SC,8,8,2008
32009336,643746,4842303,SC,8,8,2008
32009337,641663,4842060,SC,8,8,2008
32009338,641959,4841812,SC,8,8,2008
32009339,639353,4841459,SC,8,8,2008
32009341,642504,4841414,SC,8,8,2008
32009342,643057,4840910,SC,8,8,2008
32009344,641815,4840497,SC,8,8,2008
32009345,640354,4840458,SC,8,8,2008
32009346,640608,4840113,SC,8,8,2008
32009347,639758,4838505,SC,8,8,2008
32009348,639896,4838413,SC,8,8,2008
32009349,642053,4849202,SC,8,8,2008
32009350,642300,4848861,SC,8,8,2008
32009352,641054,4842111,SC,8,8,2008
32009353,642651,4837412,SC,8,8,2008
32009354,639512,4834907,SC,8,8,2008
32009355,642109,4834158,SC,8,8,2008
32009356,639858,4831663,SC,8,8,2008
32009357,643155,4839510,SC,8,8,2008
32009358,642302,4834664,SC,8,8,2008
32009359,642101,4834419,SC,8,8,2008
32009360,639498,4831811,SC,8,8,2008
32009361,641514,4841457,BWC,8,8,2008
32009362,639557,4848615,BWC,8,8,2008
32009363,640298,4848060,BWC,8,8,2008
32009364,644200,4845510,BWC,8,8,2008
32009365,641752,4844651,BWC,8,8,2008
32009366,641812,4844363,BWC,8,8,2008
32009367,644313,4843358,BWC,8,8,2008
32009368,640005,4850816,BWC,8,8,2008
32009369,641902,4848512,BWC,8,8,2008
32009371,644306,4845711,BWC,8,8,2008
32009372,644350,4845501,BWC,8,8,2008
32009373,643855,4842360,BWC,8,8,2008
32009375,644305,4843169,BWC,8,8,2008
32009376,644105,4842113,BWC,8,8,2008
32009377,640203,4839761,BWC,8,8,2008
32009378,640059,4835711,BWC,8,8,2008
32009379,640305,4836059,BWC,8,8,2008
32009380,642459,4840563,BWC,8,8,2008
32009381,642650,4840396,BWC,8,8,2008
32009382,638752,4857466,BWC,8,8,2008
32009384,643103,4846814,BWC,8,8,2008
32009385,643197,4842407,BWC,8,8,2008
32009386,642301,4841509,BWC,8,8,2008
32009387,643898,4841009,BWC,8,8,2008
32009388,641053,4840963,BWC,8,8,2008
32009389,643759,4840964,BWC,8,8,2008
32009390,641307,4840757,BWC,8,8,2008
32009391,642203,4840617,BWC,8,8,2008
32009392,640205,4839363,BWC,8,8,2008
32009393,639508,4835654,BWC,8,8,2008
32009394,640660,4835964,BWC,8,8,2008
32009395,641908,4842468,BWC,8,8,2008
32009396,640454,4842164,BWC,8,8,2008
32009397,642051,4841564,BWC,8,8,2008
32009398,642411,4841417,BWC,8,8,2008
32009399,641505,4841120,BWC,8,8,2008
32009400,641505,4841064,BWC,8,8,2008
32009401,640950,4840913,BWC,8,8,2008
32009402,639900,4840666,BWC,8,8,2008
32009403,640153,4839254,BWC,8,8,2008
32009404,636909,4857766,BWC,8,8,2008
32009405,638852,4857604,BWC,8,8,2008
32009406,638964,4856962,BWC,8,8,2008
32009407,638857,4856911,BWC,8,8,2008
32009408,638898,4856755,BWC,8,8,2008
32009409,638958,4854360,BWC,8,8,2008
32009410,639155,4854267,BWC,8,8,2008
32009411,639695,4852152,BWC,8,8,2008
32009412,639655,4851810,BWC,8,8,2008
32009413,640748,4847767,BWC,8,8,2008
32009414,641557,4846356,BWC,8,8,2008
32009415,643303,4845765,BWC,8,8,2008
32009416,643455,4845506,BWC,8,8,2008
32009417,643059,4845411,BWC,8,8,2008
32009418,644006,4845259,BWC,8,8,2008
32009419,641615,4845209,BWC,8,8,2008
32009420,642508,4845220,BWC,8,8,2008
32009421,643652,4844815,BWC,8,8,2008
32009422,642317,4844726,BWC,8,8,2008
32009423,642311,4843415,BWC,8,8,2008
32009424,641202,4843109,BWC,8,8,2008
32009425,643348,4842565,BWC,8,8,2008
32009426,643604,4842213,BWC,8,8,2008
32009427,643604,4841976,BWC,8,8,2008
32009428,641701,4841908,BWC,8,8,2008
32009429,642004,4841914,BWC,8,8,2008
32009430,640707,4841709,BWC,8,8,2008
32009431,643504,4841657,BWC,8,8,2008
32009432,640899,4841502,BWC,8,8,2008
32009433,641501,4841314,BWC,8,8,2008
32009434,641400,4841216,BWC,8,8,2008
32009436,640654,4840762,BWC,8,8,2008
32009437,640208,4838862,BWC,8,8,2008
32009438,640153,4837906,BWC,8,8,2008
32009439,640053,4845308,BWC,8,8,2008
32009440,640056,4845101,BWC,8,8,2008
32009441,639463,4845370,BWC,8,8,2008
32009442,639204,4844864,BWC,8,8,2008
32009446,639253,4844211,BWC,8,8,2008
32009447,639353,4844110,BWC,8,8,2008
32009448,639556,4842913,BWC,8,8,2008
32009449,639703,4842863,BWC,8,8,2008
32009451,640059,4844007,BWC,8,8,2008
32009452,639902,4843860,BWC,8,8,2008
32009453,639446,4843767,BWC,8,8,2008
32009454,639543,4843515,BWC,8,8,2008
32009456,639355,4841858,BWC,8,8,2008
32009457,640107,4843959,BWC,8,8,2008
32009458,639955,4843609,BWC,8,8,2008
32009459,639911,4843315,BWC,8,8,2008
32009460,639699,4842507,BWC,8,8,2008
32009461,639407,4842361,BWC,8,8,2008
32009462,639354,4841713,BWC,8,8,2008
32009463,641407,4840317,BWC,8,8,2008
32009464,641349,4840212,BWC,8,8,2008
32009465,643503,4840863,BWC,8,8,2008
32009466,643651,4840714,BWC,8,8,2008
32009467,643464,4840603,BWC,8,8,2008
32009468,642109,4840311,BWC,8,8,2008
32009469,642652,4840218,BWC,8,8,2008
32009470,642306,4840099,BWC,8,8,2008
32009471,639547,4833419,IMP,8,8,2008
32009472,639259,4832808,IMP,8,8,2008
32009473,639606,4834011,IMP,8,8,2008
32009474,639706,4833809,IMP,8,8,2008
32009475,639705,4833710,IMP,8,8,2008
32009476,639759,4833710,IMP,8,8,2008
32009477,639755,4833510,IMP,8,8,2008
32009478,643451,4833062,IMP,8,8,2008
32009479,639652,4833008,IMP,8,8,2008
32009480,639606,4832858,IMP,8,8,2008
32009481,640057,4829511,IMP,8,8,2008
32009482,640106,4829262,IMP,8,8,2008
32009483,640202,4829261,IMP,8,8,2008
32009484,641654,4827909,IMP,8,8,2008
32009485,641852,4838915,IMP,8,8,2008
32009486,641452,4838106,IMP,8,8,2008
32009487,641652,4837116,IMP,8,8,2008
32009488,640857,4831304,IMP,8,8,2008
32009489,642655,4838808,IMP,8,8,2008
32009490,640156,4837060,IMP,8,8,2008
32009491,640254,4833211,IMP,8,8,2008
32009492,640150,4829910,IMP,8,8,2008
32009493,640510,4829358,IMP,8,8,2008
32009494,642504,4827004,IMP,8,8,2008
32009495,643104,4839955,IMP,8,8,2008
32009496,643605,4839956,IMP,8,8,2008
32009497,641909,4839900,IMP,8,8,2008
32009498,642194,4839803,IMP,8,8,2008
32009499,641503,4839748,IMP,8,8,2008
32009500,641798,4839611,IMP,8,8,2008
32009501,642955,4839512,IMP,8,8,2008
32009502,641449,4839456,IMP,8,8,2008
32009503,642658,4839365,IMP,8,8,2008
32009504,642103,4839210,IMP,8,8,2008
32009505,642698,4839215,IMP,8,8,2008
32009506,641508,4839163,IMP,8,8,2008
32009507,641907,4839117,IMP,8,8,2008
32009508,642302,4839110,IMP,8,8,2008
32009509,640851,4838964,IMP,8,8,2008
32009510,642814,4838858,IMP,8,8,2008
32009511,643149,4838765,IMP,8,8,2008
32009512,641704,4838613,IMP,8,8,2008
32009513,642005,4838509,IMP,8,8,2008
32009514,643005,4838514,IMP,8,8,2008
32009515,640611,4838461,IMP,8,8,2008
32009516,641949,4838467,IMP,8,8,2008
32009517,641899,4838202,IMP,8,8,2008
32009518,642150,4838215,IMP,8,8,2008
32009519,643147,4837905,IMP,8,8,2008
32009520,640853,4837813,IMP,8,8,2008
32009521,642259,4837809,IMP,8,8,2008
32009522,640754,4837616,IMP,8,8,2008
32009523,640253,4837562,IMP,8,8,2008
32009524,641451,4837264,IMP,8,8,2008
32009525,640608,4837113,IMP,8,8,2008
32009526,640505,4836964,IMP,8,8,2008
32009527,641007,4836963,IMP,8,8,2008
32009528,641296,4836964,IMP,8,8,2008
32009529,641105,4836914,IMP,8,8,2008
32009530,642008,4836911,IMP,8,8,2008
32009531,642706,4836912,IMP,8,8,2008
32009532,640554,4836764,IMP,8,8,2008
32009533,642855,4836753,IMP,8,8,2008
32009534,641209,4836610,IMP,8,8,2008
32009535,641155,4836558,IMP,8,8,2008
32009536,643154,4836556,IMP,8,8,2008
32009537,642804,4836507,IMP,8,8,2008
32009538,643105,4836457,IMP,8,8,2008
32009539,642552,4836412,IMP,8,8,2008
32009540,641353,4836367,IMP,8,8,2008
32009541,642957,4836010,IMP,8,8,2008
32009542,643103,4836008,IMP,8,8,2008
32009543,642507,4835764,IMP,8,8,2008
32009544,642647,4835666,IMP,8,8,2008
32009545,642954,4835659,IMP,8,8,2008
32009546,642798,4835614,IMP,8,8,2008
32009547,641401,4835564,IMP,8,8,2008
32009548,642455,4835468,IMP,8,8,2008
32009549,642658,4835258,IMP,8,8,2008
32009550,640458,4835211,IMP,8,8,2008
32009551,641267,4835219,IMP,8,8,2008
32009552,641907,4835162,IMP,8,8,2008
32009553,640405,4835052,IMP,8,8,2008
32009554,641896,4835068,IMP,8,8,2008
32009555,642166,4835063,IMP,8,8,2008
32009556,640512,4835014,IMP,8,8,2008
32009557,640200,4834957,IMP,8,8,2008
32009558,640260,4834960,IMP,8,8,2008
32009559,640901,4834961,IMP,8,8,2008
32009560,640549,4834911,IMP,8,8,2008
32009561,640304,4834701,IMP,8,8,2008
32009562,641203,4834467,IMP,8,8,2008
32009563,640708,4834265,IMP,8,8,2008
32009564,642303,4834260,IMP,8,8,2008
32009565,640905,4834162,IMP,8,8,2008
32009566,640644,4834007,IMP,8,8,2008
32009567,641805,4833957,IMP,8,8,2008
32009568,642855,4833960,IMP,8,8,2008
32009569,641501,4833851,IMP,8,8,2008
32009570,640810,4833756,IMP,8,8,2008
32009571,641101,4833703,IMP,8,8,2008
32009572,642801,4833653,IMP,8,8,2008
32009573,642652,4833611,IMP,8,8,2008
32009574,640612,4833560,IMP,8,8,2008
32009575,640909,4833546,IMP,8,8,2008
32009576,641759,4833409,IMP,8,8,2008
32009577,642696,4833311,IMP,8,8,2008
32009578,642755,4833166,IMP,8,8,2008
32009579,643103,4833060,IMP,8,8,2008
32009580,642456,4833003,IMP,8,8,2008
32009581,640458,4832808,IMP,8,8,2008
32009582,641460,4832815,IMP,8,8,2008
32009583,641748,4832757,IMP,8,8,2008
32009584,640955,4832559,IMP,8,8,2008
32009585,641660,4832562,IMP,8,8,2008
32009586,641959,4832560,IMP,8,8,2008
32009587,642108,4832554,IMP,8,8,2008
32009588,641354,4832512,IMP,8,8,2008
32009589,642504,4832502,IMP,8,8,2008
32009590,641059,4832245,IMP,8,8,2008
32009591,642106,4832262,IMP,8,8,2008
32009592,642702,4832258,IMP,8,8,2008
32009593,642361,4832216,IMP,8,8,2008
32009595,640795,4832169,IMP,8,8,2008
32009596,640899,4832157,IMP,8,8,2008
32009597,641000,4832107,IMP,8,8,2008
32009598,641247,4832064,IMP,8,8,2008
32009599,640554,4831960,IMP,8,8,2008
32009600,640411,4831859,IMP,8,8,2008
32009601,642602,4831705,IMP,8,8,2008
32009602,642603,4831656,IMP,8,8,2008
32009603,640753,4831560,IMP,8,8,2008
32009604,642099,4831556,IMP,8,8,2008
32009605,643155,4831310,IMP,8,8,2008
32009606,640863,4831256,IMP,8,8,2008
32009607,641104,4831212,IMP,8,8,2008
32009608,641855,4831214,IMP,8,8,2008
32009609,642356,4831212,IMP,8,8,2008
32009610,640752,4831157,IMP,8,8,2008
32009611,640355,4831065,IMP,8,8,2008
32009612,640698,4830955,IMP,8,8,2008
32009613,641703,4830909,IMP,8,8,2008
32009614,642052,4830864,IMP,8,8,2008
32009615,641904,4830613,IMP,8,8,2008
32009616,641904,4830513,IMP,8,8,2008
32009617,640002,4830458,IMP,8,8,2008
32009618,640502,4830458,IMP,8,8,2008
32009619,642953,4830457,IMP,8,8,2008
32009620,641303,4830411,IMP,8,8,2008
32009621,640401,4830363,IMP,8,8,2008
32009622,641603,4830357,IMP,8,8,2008
32009623,642351,4830312,IMP,8,8,2008
32009624,641704,4830209,IMP,8,8,2008
32009625,643002,4830206,IMP,8,8,2008
32009626,641354,4830112,IMP,8,8,2008
32009627,641004,4829959,IMP,8,8,2008
32009628,642502,4829906,IMP,8,8,2008
32009629,639705,4829762,IMP,8,8,2008
32009630,640051,4829662,IMP,8,8,2008
32009631,640957,4829609,IMP,8,8,2008
32009632,642604,4829561,IMP,8,8,2008
32009633,642700,4829562,IMP,8,8,2008
32009634,641203,4829411,IMP,8,8,2008
32009635,641406,4829410,IMP,8,8,2008
32009636,640507,4829312,IMP,8,8,2008
32009637,641606,4829312,IMP,8,8,2008
32009638,641754,4829312,IMP,8,8,2008
32009639,641204,4829257,IMP,8,8,2008
32009640,640355,4829208,IMP,8,8,2008
32009641,642407,4829211,IMP,8,8,2008
32009642,643352,4829111,IMP,8,8,2008
32009643,642107,4828808,IMP,8,8,2008
32009644,642798,4828804,IMP,8,8,2008
32009645,642854,4828803,IMP,8,8,2008
32009646,641853,4828661,IMP,8,8,2008
32009647,642850,4828557,IMP,8,8,2008
32009648,641755,4828210,IMP,8,8,2008
32009649,641058,4835112,IMP,8,8,2008
32009652,643407,4836708,IMP,8,8,2008
32009653,643352,4836604,IMP,8,8,2008
32009654,643308,4835907,IMP,8,8,2008
32009655,639560,4831062,IMP,8,8,2008
32009676,640860,4847118,MBC,8,8,2009
32009677,640652,4844112,MBC,8,8,2009
32009678,640656,4843906,MBC,8,8,2009
32009679,640036,4841914,MBC,8,8,2009
32009680,640457,4836313,MBC,8,8,2009
32009681,638495,4854263,MBC,8,8,2009
32009682,638552,4854212,MBC,8,8,2009
32009683,639697,4851367,MBC,8,8,2009
32009684,639651,4851212,MBC,8,8,2009
32009685,639555,4850661,MBC,8,8,2009
32009686,641002,4848465,MBC,8,8,2009
32009687,641005,4848419,MBC,8,8,2009
32009688,640995,4847503,MBC,8,8,2009
32009689,640596,4845151,MBC,8,8,2009
32009691,640698,4844215,MBC,8,8,2009
32009692,640753,4844209,MBC,8,8,2009
32009693,640545,4843951,MBC,8,8,2009
32009694,640653,4843964,MBC,8,8,2009
32009695,640701,4843869,MBC,8,8,2009
32009696,640651,4843663,MBC,8,8,2009
32009697,640657,4843609,MBC,8,8,2009
32009698,640701,4843517,MBC,8,8,2009
32009699,640300,4843154,MBC,8,8,2009
32009700,639600,4841158,MBC,8,8,2009
32009701,639603,4841115,MBC,8,8,2009
32009702,639608,4840708,MBC,8,8,2009
32009703,639701,4839310,MBC,8,8,2009
32009704,639705,4839256,MBC,8,8,2009
32009705,639404,4837717,MBC,8,8,2009
32009706,641599,4835506,MBC,8,8,2009
32009707,641603,4835455,MBC,8,8,2009
32009708,641601,4835368,MBC,8,8,2009
32009709,641946,4834511,MBC,8,8,2009
32009710,642054,4834150,MBC,8,8,2009
32009711,643207,4832458,MBC,8,8,2009
32009712,636652,4856922,MBC,8,8,2009
32009713,640259,4843312,MBC,8,8,2009
32009714,639652,4841911,MBC,8,8,2009
32009715,640255,4841907,MBC,8,8,2009
32009716,639656,4840913,MBC,8,8,2009
32009717,639654,4838716,MBC,8,8,2009
32009718,636607,4857910,MBC,8,8,2009
32009719,637009,4856060,MBC,8,8,2009
32009720,637708,4855753,MBC,8,8,2009
32009721,639909,4852864,MBC,8,8,2009
32009722,639458,4851163,MBC,8,8,2009
32009723,639508,4850557,MBC,8,8,2009
32009724,640606,4849508,MBC,8,8,2009
32009725,641156,4847960,MBC,8,8,2009
32009726,641152,4847865,MBC,8,8,2009
32009727,641102,4847706,MBC,8,8,2009
32009728,640767,4846858,MBC,8,8,2009
32009729,640908,4845863,MBC,8,8,2009
32009730,639749,4842053,MBC,8,8,2009
32009731,639650,4841060,MBC,8,8,2009
32009732,639656,4840866,MBC,8,8,2009
32009733,639651,4840760,MBC,8,8,2009
32009734,639652,4840660,MBC,8,8,2009
32009735,639806,4840250,MBC,8,8,2009
32009736,639799,4840212,MBC,8,8,2009
32009737,639757,4839110,MBC,8,8,2009
32009738,639700,4838764,MBC,8,8,2009
32009739,639955,4837714,MBC,8,8,2009
32009740,639998,4837559,MBC,8,8,2009
32009742,640750,4836254,MBC,8,8,2009
32009743,641958,4834610,MBC,8,8,2009
32009744,642507,4826917,MBC,8,8,2009
32009745,641899,4834719,MBC,8,8,2009
32009746,641245,4848999,SC,8,8,2009
32009747,643404,4841968,SC,8,8,2009
32009748,639354,4855164,SC,8,8,2009
32009749,640955,4848064,SC,8,8,2009
32009751,640845,4847561,SC,8,8,2009
32009752,642504,4847207,SC,8,8,2009
32009753,643501,4846616,SC,8,8,2009
32009754,643409,4846568,SC,8,8,2009
32009755,642761,4846268,SC,8,8,2009
32009756,643410,4846016,SC,8,8,2009
32009757,642155,4845863,SC,8,8,2009
32009758,642402,4845855,SC,8,8,2009
32009759,642403,4845745,SC,8,8,2009
32009761,642150,4845715,SC,8,8,2009
32009762,641504,4845443,SC,8,8,2009
32009763,642051,4845307,SC,8,8,2009
32009764,642150,4844305,SC,8,8,2009
32009765,641302,4843918,SC,8,8,2009
32009766,642205,4843864,SC,8,8,2009
32009767,643906,4843669,SC,8,8,2009
32009769,640105,4843304,SC,8,8,2009
32009770,641051,4842803,SC,8,8,2009
32009771,639805,4842413,SC,8,8,2009
32009772,643802,4842417,SC,8,8,2009
32009773,641200,4842062,SC,8,8,2009
32009774,640048,4841667,SC,8,8,2009
32009775,639861,4841119,SC,8,8,2009
32009776,640051,4840499,SC,8,8,2009
32009777,640105,4840318,SC,8,8,2009
32009778,640803,4839916,SC,8,8,2009
32009779,640052,4832858,SC,8,8,2009
32009780,638110,4856109,SC,8,8,2009
32009781,638550,4855212,SC,8,8,2009
32009782,639212,4854564,SC,8,8,2009
32009783,638552,4854111,SC,8,8,2009
32009784,638647,4853966,SC,8,8,2009
32009785,639865,4853810,SC,8,8,2009
32009786,639010,4853064,SC,8,8,2009
32009787,639454,4851564,SC,8,8,2009
32009788,641103,4849163,SC,8,8,2009
32009789,640505,4848963,SC,8,8,2009
32009790,641303,4848913,SC,8,8,2009
32009791,643360,4846104,SC,8,8,2009
32009792,642509,4844505,SC,8,8,2009
32009793,642056,4843608,SC,8,8,2009
32009794,640754,4841964,SC,8,8,2009
32009795,641660,4840755,SC,8,8,2009
32009796,639150,4837151,SC,8,8,2009
32009797,639203,4835007,SC,8,8,2009
32009798,642049,4849207,SC,8,8,2009
32009799,640895,4842455,SC,8,8,2009
32009800,640788,4842156,SC,8,8,2009
32009801,640845,4842160,SC,8,8,2009
32009802,639250,4836656,SC,8,8,2009
32009803,639207,4834858,SC,8,8,2009
32009804,642703,4837663,SC,8,8,2009
32009805,639802,4834452,SC,8,8,2009
32009806,640005,4834062,SC,8,8,2009
32009807,641305,4828766,SC,8,8,2009
32009808,642341,4834065,SC,8,8,2009
32009809,642704,4833154,SC,8,8,2009
32009810,639551,4832116,SC,8,8,2009
32009811,644111,4845403,BWC,8,8,2009
32009812,640953,4840561,BWC,8,8,2009
32009814,644214,4846222,BWC,8,8,2009
32009815,644359,4845366,BWC,8,8,2009
32009816,638464,4857558,BWC,8,8,2009
32009817,638555,4857455,BWC,8,8,2009
32009818,643499,4845953,BWC,8,8,2009
32009819,644455,4845458,BWC,8,8,2009
32009820,644410,4845160,BWC,8,8,2009
32009821,644853,4843448,BWC,8,8,2009
32009822,639847,4836713,BWC,8,8,2009
32009823,639605,4836516,BWC,8,8,2009
32009824,637842,4857963,BWC,8,8,2009
32009825,637852,4858055,BWC,8,8,2009
32009826,642701,4846501,BWC,8,8,2009
32009828,640061,4840067,BWC,8,8,2009
32009829,640099,4835955,BWC,8,8,2009
32009830,640100,4835918,BWC,8,8,2009
32009831,640453,4835467,BWC,8,8,2009
32009832,640152,4835359,BWC,8,8,2009
32009833,639503,4834362,BWC,8,8,2009
32009834,640503,4835960,BWC,8,8,2009
32009835,641499,4841909,BWC,8,8,2009
32009836,640912,4840862,BWC,8,8,2009
32009837,643354,4840855,BWC,8,8,2009
32009838,641356,4840663,BWC,8,8,2009
32009839,640206,4839115,BWC,8,8,2009
32009840,639844,4838451,BWC,8,8,2009
32009841,637856,4857510,BWC,8,8,2009
32009842,638064,4857364,BWC,8,8,2009
32009843,638065,4857321,BWC,8,8,2009
32009844,642047,4844912,BWC,8,8,2009
32009845,644010,4841664,BWC,8,8,2009
32009846,643849,4841610,BWC,8,8,2009
32009847,643904,4841604,BWC,8,8,2009
32009848,643703,4841559,BWC,8,8,2009
32009849,643608,4841416,BWC,8,8,2009
32009850,640459,4839112,BWC,8,8,2009
32009851,640254,4838457,BWC,8,8,2009
32009852,639302,4834263,BWC,8,8,2009
32009853,643111,4846363,BWC,8,8,2009
32009854,643555,4845613,BWC,8,8,2009
32009855,642716,4845363,BWC,8,8,2009
32009856,641958,4845309,BWC,8,8,2009
32009857,641352,4844851,BWC,8,8,2009
32009858,641261,4844764,BWC,8,8,2009
32009859,643810,4844306,BWC,8,8,2009
32009860,642311,4843509,BWC,8,8,2009
32009861,641064,4843110,BWC,8,8,2009
32009862,640462,4842156,BWC,8,8,2009
32009863,640454,4840263,BWC,8,8,2009
32009864,638063,4857962,BWC,8,8,2009
32009865,638763,4857853,BWC,8,8,2009
32009866,637706,4857715,BWC,8,8,2009
32009867,636545,4857119,BWC,8,8,2009
32009868,638758,4856764,BWC,8,8,2009
32009869,638756,4856615,BWC,8,8,2009
32009870,637658,4856452,BWC,8,8,2009
32009871,638659,4856265,BWC,8,8,2009
32009872,639151,4855808,BWC,8,8,2009
32009873,639658,4852082,BWC,8,8,2009
32009874,639312,4850109,BWC,8,8,2009
32009876,640655,4848091,BWC,8,8,2009
32009877,642159,4847956,BWC,8,8,2009
32009878,642449,4847801,BWC,8,8,2009
32009879,642646,4847409,BWC,8,8,2009
32009880,643357,4846959,BWC,8,8,2009
32009881,641554,4846360,BWC,8,8,2009
32009882,641060,4845852,BWC,8,8,2009
32009883,643050,4845855,BWC,8,8,2009
32009884,644055,4844919,BWC,8,8,2009
32009885,643651,4844814,BWC,8,8,2009
32009886,643805,4844503,BWC,8,8,2009
32009887,642058,4844262,BWC,8,8,2009
32009888,641769,4843154,BWC,8,8,2009
32009889,643158,4842516,BWC,8,8,2009
32009890,641855,4842312,BWC,8,8,2009
32009891,643108,4842263,BWC,8,8,2009
32009892,641795,4842165,BWC,8,8,2009
32009893,641316,4841806,BWC,8,8,2009
32009894,639402,4841518,BWC,8,8,2009
32009895,643503,4841505,BWC,8,8,2009
32009896,641057,4841304,BWC,8,8,2009
32009897,640946,4841059,BWC,8,8,2009
32009899,640745,4840060,BWC,8,8,2009
32009900,640957,4840014,BWC,8,8,2009
32009902,638509,4850809,BWC,8,8,2009
32009903,637706,4850055,BWC,8,8,2009
32009904,639962,4845061,BWC,8,8,2009
32009905,640047,4845060,BWC,8,8,2009
32009906,639451,4844857,BWC,8,8,2009
32009907,639059,4844807,BWC,8,8,2009
32009908,639358,4844813,BWC,8,8,2009
32009909,638251,4850608,BWC,8,8,2009
32009910,639552,4844506,BWC,8,8,2009
32009911,639149,4844166,BWC,8,8,2009
32009912,638806,4850159,BWC,8,8,2009
32009913,639401,4843761,BWC,8,8,2009
32009914,639263,4843359,BWC,8,8,2009
32009915,639356,4842958,BWC,8,8,2009
32009918,642260,4840563,BWC,8,8,2009
32009919,642401,4840413,BWC,8,8,2009
32009920,642803,4840064,BWC,8,8,2009
32009921,639310,4834114,IMP,8,8,2009
32009922,639606,4833602,IMP,8,8,2009
32009923,639311,4833303,IMP,8,8,2009
32009925,639396,4832818,IMP,8,8,2009
32009926,639802,4829267,IMP,8,8,2009
32009927,639656,4834914,IMP,8,8,2009
32009928,639657,4833913,IMP,8,8,2009
32009929,641204,4834709,IMP,8,8,2009
32009930,639557,4829768,IMP,8,8,2009
32009931,641999,4840113,IMP,8,8,2009
32009932,639703,4834908,IMP,8,8,2009
32009933,643051,4833408,IMP,8,8,2009
32009934,643299,4833069,IMP,8,8,2009
32009935,639552,4832715,IMP,8,8,2009
32009936,640157,4829368,IMP,8,8,2009
32009937,642253,4839506,IMP,8,8,2009
32009938,643455,4839307,IMP,8,8,2009
32009939,641657,4839113,IMP,8,8,2009
32009940,641855,4839113,IMP,8,8,2009
32009941,640455,4836912,IMP,8,8,2009
32009942,640657,4836708,IMP,8,8,2009
32009943,641453,4836115,IMP,8,8,2009
32009944,642653,4835311,IMP,8,8,2009
32009945,642851,4834704,IMP,8,8,2009
32009947,641451,4831907,IMP,8,8,2009
32009948,642856,4831706,IMP,8,8,2009
32009949,641050,4830910,IMP,8,8,2009
32009950,640854,4830711,IMP,8,8,2009
32009951,640051,4830519,IMP,8,8,2009
32009952,640651,4830312,IMP,8,8,2009
32009953,641461,4828714,IMP,8,8,2009
32009954,641855,4828118,IMP,8,8,2009
32009955,641309,4828366,IMP,8,8,2009
32009956,642552,4827416,IMP,8,8,2009
32009957,643557,4840563,IMP,8,8,2009
32009958,643605,4840411,IMP,8,8,2009
32009959,643605,4839958,IMP,8,8,2009
32009960,642506,4839906,IMP,8,8,2009
32009961,642605,4839654,IMP,8,8,2009
32009962,641748,4839609,IMP,8,8,2009
32009963,642055,4839562,IMP,8,8,2009
32009964,643354,4839313,IMP,8,8,2009
32009965,642249,4839262,IMP,8,8,2009
32009966,642403,4839262,IMP,8,8,2009
32009967,643155,4839261,IMP,8,8,2009
32009968,641351,4839171,IMP,8,8,2009
32009969,642400,4839162,IMP,8,8,2009
32009970,642600,4839156,IMP,8,8,2009
32009971,641554,4838464,IMP,8,8,2009
32009972,641857,4838408,IMP,8,8,2009
32009973,642502,4838415,IMP,8,8,2009
32009974,641506,4838363,IMP,8,8,2009
32009976,641751,4838212,IMP,8,8,2009
32009977,641956,4838212,IMP,8,8,2009
32009978,642107,4838002,IMP,8,8,2009
32009979,642855,4837965,IMP,8,8,2009
32009983,641759,4837668,IMP,8,8,2009
32009984,642008,4837556,IMP,8,8,2009
32009985,643057,4837555,IMP,8,8,2009
32009986,641905,4837507,IMP,8,8,2009
32009988,642204,4837309,IMP,8,8,2009
32009989,641856,4837162,IMP,8,8,2009
32009990,642702,4836973,IMP,8,8,2009
32009991,641005,4836815,IMP,8,8,2009
32009992,641756,4836816,IMP,8,8,2009
32009993,643048,4836813,IMP,8,8,2009
32009994,640508,4836759,IMP,8,8,2009
32009995,640909,4836714,IMP,8,8,2009
32009996,641707,4836614,IMP,8,8,2009
32009997,641103,4835918,IMP,8,8,2009
32009998,642947,4835910,IMP,8,8,2009
32009999,641807,4835763,IMP,8,8,2009
32010000,642143,4835557,IMP,8,8,2009
32010001,642156,4835464,IMP,8,8,2009
32010002,642305,4835408,IMP,8,8,2009
32010003,641449,4835358,IMP,8,8,2009
32010004,641002,4835313,IMP,8,8,2009
32010005,640306,4835106,IMP,8,8,2009
32010006,640253,4835014,IMP,8,8,2009
32010007,640708,4835015,IMP,8,8,2009
32010008,642705,4835007,IMP,8,8,2009
32010009,641155,4834866,IMP,8,8,2009
32010010,641108,4834763,IMP,8,8,2009
32010011,639902,4834712,IMP,8,8,2009
32010013,640855,4834613,IMP,8,8,2009
32010014,642654,4834606,IMP,8,8,2009
32010015,642256,4834559,IMP,8,8,2009
32010016,641306,4834510,IMP,8,8,2009
32010017,642599,4834500,IMP,8,8,2009
32010018,642756,4834502,IMP,8,8,2009
32010019,642551,4834466,IMP,8,8,2009
32010020,641515,4834351,IMP,8,8,2009
32010021,640807,4833963,IMP,8,8,2009
32010022,641705,4833905,IMP,8,8,2009
32010023,642446,4833865,IMP,8,8,2009
32010024,640397,4833610,IMP,8,8,2009
32010025,642751,4833611,IMP,8,8,2009
32010026,640805,4833563,IMP,8,8,2009
32010027,642555,4833567,IMP,8,8,2009
32010028,641657,4833405,IMP,8,8,2009
32010029,642707,4833305,IMP,8,8,2009
32010031,642999,4833217,IMP,8,8,2009
32010033,642360,4833157,IMP,8,8,2009
32010034,643144,4833113,IMP,8,8,2009
32010035,640348,4833060,IMP,8,8,2009
32010036,640906,4833058,IMP,8,8,2009
32010038,640455,4833011,IMP,8,8,2009
32010039,642247,4833007,IMP,8,8,2009
32010041,642862,4832960,IMP,8,8,2009
32010042,640501,4832914,IMP,8,8,2009
32010043,642306,4832903,IMP,8,8,2009
32010045,640065,4832567,IMP,8,8,2009
32010047,641049,4832352,IMP,8,8,2009
32010048,642207,4832274,IMP,8,8,2009
32010049,640257,4832206,IMP,8,8,2009
32010050,641250,4832210,IMP,8,8,2009
32010051,642305,4832213,IMP,8,8,2009
32010052,642556,4832160,IMP,8,8,2009
32010053,642652,4832161,IMP,8,8,2009
32010054,640355,4832103,IMP,8,8,2009
32010055,641454,4831853,IMP,8,8,2009
32010056,640150,4831763,IMP,8,8,2009
32010057,642150,4831705,IMP,8,8,2009
32010058,642955,4831663,IMP,8,8,2009
32010059,641059,4831618,IMP,8,8,2009
32010060,641853,4831605,IMP,8,8,2009
32010061,641703,4831568,IMP,8,8,2009
32010062,642503,4831568,IMP,8,8,2009
32010063,641906,4831464,IMP,8,8,2009
32010064,642051,4831464,IMP,8,8,2009
32010065,642254,4831456,IMP,8,8,2009
32010066,642806,4831468,IMP,8,8,2009
32010067,642257,4831361,IMP,8,8,2009
32010068,642704,4831267,IMP,8,8,2009
32010069,641255,4831166,IMP,8,8,2009
32010070,640604,4831109,IMP,8,8,2009
32010071,642699,4831114,IMP,8,8,2009
32010072,640652,4831065,IMP,8,8,2009
32010073,640856,4831065,IMP,8,8,2009
32010074,641650,4831072,IMP,8,8,2009
32010075,641251,4831019,IMP,8,8,2009
32010076,643097,4830911,IMP,8,8,2009
32010077,642651,4830866,IMP,8,8,2009
32010078,640707,4830712,IMP,8,8,2009
32010079,640250,4830665,IMP,8,8,2009
32010080,641550,4830610,IMP,8,8,2009
32010081,640553,4830117,IMP,8,8,2009
32010082,640208,4830057,IMP,8,8,2009
32010083,640201,4830014,IMP,8,8,2009
32010084,640804,4830010,IMP,8,8,2009
32010085,642006,4829916,IMP,8,8,2009
32010086,641505,4829815,IMP,8,8,2009
32010087,641207,4829765,IMP,8,8,2009
32010088,642603,4829765,IMP,8,8,2009
32010089,640401,4829710,IMP,8,8,2009
32010090,641502,4829719,IMP,8,8,2009
32010091,643399,4829212,IMP,8,8,2009
32010092,643353,4829015,IMP,8,8,2009
32010093,641399,4828961,IMP,8,8,2009
32010094,641852,4828760,IMP,8,8,2009
32010095,641005,4828621,IMP,8,8,2009
32010096,642055,4828414,IMP,8,8,2009
32010098,641855,4828362,IMP,8,8,2009
32010099,641203,4828161,IMP,8,8,2009
32010100,642303,4828015,IMP,8,8,2009
32010101,643310,4839011,IMP,8,8,2009
32010102,643455,4838615,IMP,8,8,2009
32010103,642764,4837410,IMP,8,8,2009
32010104,640706,4828868,IMP,8,8,2009
32010105,640751,4828864,IMP,8,8,2009
32010128,639790,4839823,MBC,8,8,2010
32010129,640035,4836872,MBC,8,8,2010
32010131,638693,4854324,MBC,8,8,2010
32010133,639591,4851427,MBC,8,8,2010
32010134,639543,4851319,MBC,8,8,2010
32010135,639541,4851221,MBC,8,8,2010
32010136,639488,4850971,MBC,8,8,2010
32010137,639543,4850873,MBC,8,8,2010
32010138,639585,4850861,MBC,8,8,2010
32010139,641093,4848668,MBC,8,8,2010
32010141,640992,4848566,MBC,8,8,2010
32010142,641147,4848572,MBC,8,8,2010
32010143,640642,4844579,MBC,8,8,2010
32010145,640593,4844418,MBC,8,8,2010
32010146,640744,4844282,MBC,8,8,2010
32010147,640186,4843125,MBC,8,8,2010
32010148,640235,4842270,MBC,8,8,2010
32010152,639689,4839374,MBC,8,8,2010
32010153,639688,4839219,MBC,8,8,2010
32010154,641585,4835673,MBC,8,8,2010
32010155,641994,4834517,MBC,8,8,2010
32010156,643135,4832771,MBC,8,8,2010
32010157,643141,4832720,MBC,8,8,2010
32010158,642844,4827766,MBC,8,8,2010
32010159,642541,4827071,MBC,8,8,2010
32010160,642544,4826975,MBC,8,8,2010
32010161,642593,4826572,MBC,8,8,2010
32010162,642643,4826574,MBC,8,8,2010
32010164,637081,4856072,MBC,8,8,2010
32010166,638287,4854631,MBC,8,8,2010
32010169,639899,4853258,MBC,8,8,2010
32010172,641092,4849219,MBC,8,8,2010
32010173,640744,4847077,MBC,8,8,2010
32010174,640749,4847022,MBC,8,8,2010
32010177,640138,4842973,MBC,8,8,2010
32010178,640083,4842025,MBC,8,8,2010
32010179,639982,4841971,MBC,8,8,2010
32010182,639788,4839069,MBC,8,8,2010
32010183,639694,4838973,MBC,8,8,2010
32010184,639189,4838068,MBC,8,8,2010
32010186,639939,4837872,MBC,8,8,2010
32010187,639991,4837622,MBC,8,8,2010
32010188,640845,4836469,MBC,8,8,2010
32010189,641539,4835028,MBC,8,8,2010
32010190,641838,4835029,MBC,8,8,2010
32010191,641994,4834675,MBC,8,8,2010
32010192,642047,4834472,MBC,8,8,2010
32010193,643189,4829077,MBC,8,8,2010
32010194,642887,4828074,MBC,8,8,2010
32010195,640450,4836672,MBC,8,8,2010
32010196,642247,4846621,SC,8,8,2010
32010198,639197,4855428,SC,8,8,2010
32010199,637589,4855378,SC,8,8,2010
32010202,641390,4846773,SC,8,8,2010
32010204,641841,4846627,SC,8,8,2010
32010206,641292,4846228,SC,8,8,2010
32010208,642137,4845573,SC,8,8,2010
32010209,643787,4844287,SC,8,8,2010
32010210,642332,4843968,SC,8,8,2010
32010212,639893,4842822,SC,8,8,2010
32010213,641681,4841666,SC,8,8,2010
32010214,641678,4841569,SC,8,8,2010
32010215,640390,4841170,SC,8,8,2010
32010217,643285,4840924,SC,8,8,2010
32010219,640943,4839975,SC,8,8,2010
32010222,637143,4857323,SC,8,8,2010
32010224,638090,4856318,SC,8,8,2010
32010225,638192,4855969,SC,8,8,2010
32010229,640188,4849423,SC,8,8,2010
32010230,639592,4835424,SC,8,8,2010
32010231,644439,4843169,SC,8,8,2010
32010232,642242,4844621,SC,8,8,2010
32010233,642382,4844565,SC,8,8,2010
32010234,641091,4843369,SC,8,8,2010
32010235,640740,4842171,SC,8,8,2010
32010236,641335,4840924,SC,8,8,2010
32010237,641391,4840921,SC,8,8,2010
32010238,639893,4840823,SC,8,8,2010
32010239,641241,4840822,SC,8,8,2010
32010240,640540,4840376,SC,8,8,2010
32010241,640343,4839070,SC,8,8,2010
32010243,639192,4836379,SC,8,8,2010
32010244,639239,4836328,SC,8,8,2010
32010246,639033,4837422,SC,8,8,2010
32010247,639238,4836518,SC,8,8,2010
32010248,639390,4836372,SC,8,8,2010
32010249,639598,4835569,SC,8,8,2010
32010250,642688,4839165,SC,8,8,2010
32010251,642692,4838711,SC,8,8,2010
32010252,642940,4839625,SC,8,8,2010
32010253,642836,4839223,SC,8,8,2010
32010254,642093,4834978,SC,8,8,2010
32010255,642292,4834979,SC,8,8,2010
32010256,642096,4834727,SC,8,8,2010
32010257,642493,4834626,SC,8,8,2010
32010258,642093,4834521,SC,8,8,2010
32010259,639494,4831975,SC,8,8,2010
32010260,639531,4831874,SC,8,8,2010
32010264,639147,4848425,BWC,8,8,2010
32010266,641944,4844677,BWC,8,8,2010
32010268,638233,4857976,BWC,8,8,2010
32010270,641983,4848671,BWC,8,8,2010
32010274,644540,4843574,BWC,8,8,2010
32010276,639994,4839878,BWC,8,8,2010
32010278,639640,4836625,BWC,8,8,2010
32010279,640240,4839976,BWC,8,8,2010
32010281,642039,4840629,BWC,8,8,2010
32010282,639689,4836181,BWC,8,8,2010
32010283,640392,4835474,BWC,8,8,2010
32010284,640691,4835972,BWC,8,8,2010
32010285,641590,4841220,BWC,8,8,2010
32010286,637941,4857725,BWC,8,8,2010
32010288,642245,4842074,BWC,8,8,2010
32010289,644142,4841922,BWC,8,8,2010
32010291,643596,4841423,BWC,8,8,2010
32010292,643539,4841320,BWC,8,8,2010
32010293,643894,4841274,BWC,8,8,2010
32010294,640493,4839022,BWC,8,8,2010
32010295,639294,4835670,BWC,8,8,2010
32010296,639684,4835674,BWC,8,8,2010
32010297,642284,4847973,BWC,8,8,2010
32010298,643043,4846272,BWC,8,8,2010
32010299,641593,4843120,BWC,8,8,2010
32010300,641889,4841668,BWC,8,8,2010
32010301,642442,4841625,BWC,8,8,2010
32010302,643144,4841320,BWC,8,8,2010
32010303,640194,4838876,BWC,8,8,2010
32010304,637989,4858121,BWC,8,8,2010
32010306,638891,4855525,BWC,8,8,2010
32010307,639143,4855124,BWC,8,8,2010
32010308,638949,4855072,BWC,8,8,2010
32010309,638587,4854872,BWC,8,8,2010
32010311,639539,4851871,BWC,8,8,2010
32010312,641482,4849835,BWC,8,8,2010
32010314,641742,4849320,BWC,8,8,2010
32010315,642645,4847570,BWC,8,8,2010
32010316,643839,4845628,BWC,8,8,2010
32010317,644043,4845623,BWC,8,8,2010
32010318,642888,4845520,BWC,8,8,2010
32010319,642341,4845377,BWC,8,8,2010
32010321,641890,4845076,BWC,8,8,2010
32010323,642345,4843779,BWC,8,8,2010
32010328,641437,4842173,BWC,8,8,2010
32010329,643044,4842176,BWC,8,8,2010
32010330,643090,4842130,BWC,8,8,2010
32010332,641884,4841920,BWC,8,8,2010
32010337,642991,4840674,BWC,8,8,2010
32010338,639892,4840573,BWC,8,8,2010
32010339,641044,4839627,BWC,8,8,2010
32010340,638892,4837427,BWC,8,8,2010
32010341,639289,4837372,BWC,8,8,2010
32010344,638585,4851128,BWC,8,8,2010
32010345,638543,4851072,BWC,8,8,2010
32010349,639989,4845329,BWC,8,8,2010
32010350,639387,4844927,BWC,8,8,2010
32010351,638040,4850728,BWC,8,8,2010
32010352,638634,4850324,BWC,8,8,2010
32010353,639346,4844475,BWC,8,8,2010
32010354,639639,4843172,BWC,8,8,2010
32010355,639644,4843123,BWC,8,8,2010
32010356,638792,4850628,BWC,8,8,2010
32010357,639799,4844325,BWC,8,8,2010
32010361,639190,4842427,BWC,8,8,2010
32010362,638590,4850924,BWC,8,8,2010
32010363,638640,4850872,BWC,8,8,2010
32010365,639691,4842823,BWC,8,8,2010
32010366,639439,4842476,BWC,8,8,2010
32010367,642641,4840473,BWC,8,8,2010
32010368,643592,4841074,BWC,8,8,2010
32010369,642297,4840424,BWC,8,8,2010
32010370,641040,4840123,BWC,8,8,2010
32010371,639292,4834426,IMP,8,8,2010
32010372,639340,4833928,IMP,8,8,2010
32010373,639587,4833573,IMP,8,8,2010
32010374,639542,4833021,IMP,8,8,2010
32010375,639533,4832969,IMP,8,8,2010
32010376,639342,4832828,IMP,8,8,2010
32010377,639749,4833728,IMP,8,8,2010
32010378,640040,4829624,IMP,8,8,2010
32010379,642845,4837129,IMP,8,8,2010
32010380,641436,4834519,IMP,8,8,2010
32010383,640837,4832126,IMP,8,8,2010
32010385,639840,4830921,IMP,8,8,2010
32010387,641644,4830730,IMP,8,8,2010
32010388,641237,4829524,IMP,8,8,2010
32010389,641294,4836029,IMP,8,8,2010
32010391,639686,4834580,IMP,8,8,2010
32010392,640802,4829317,IMP,8,8,2010
32010393,641048,4829015,IMP,8,8,2010
32010394,642287,4827923,IMP,8,8,2010
32010395,643537,4840779,IMP,8,8,2010
32010396,643643,4840572,IMP,8,8,2010
32010397,642390,4840379,IMP,8,8,2010
32010398,642034,4840073,IMP,8,8,2010
32010399,643088,4840075,IMP,8,8,2010
32010401,642446,4839875,IMP,8,8,2010
32010404,641589,4839627,IMP,8,8,2010
32010406,641398,4839526,IMP,8,8,2010
32010408,641446,4839473,IMP,8,8,2010
32010413,641487,4838675,IMP,8,8,2010
32010414,640789,4838577,IMP,8,8,2010
32010416,640595,4838465,IMP,8,8,2010
32010419,642740,4838271,IMP,8,8,2010
32010421,640739,4838076,IMP,8,8,2010
32010422,640887,4838023,IMP,8,8,2010
32010423,643138,4838029,IMP,8,8,2010
32010424,641894,4837979,IMP,8,8,2010
32010425,640440,4837773,IMP,8,8,2010
32010426,641141,4837626,IMP,8,8,2010
32010428,641839,4837418,IMP,8,8,2010
32010429,642995,4837374,IMP,8,8,2010
32010430,643144,4837326,IMP,8,8,2010
32010431,642689,4837181,IMP,8,8,2010
32010432,642941,4837113,IMP,8,8,2010
32010434,640437,4837025,IMP,8,8,2010
32010436,643335,4836913,IMP,8,8,2010
32010437,641139,4836720,IMP,8,8,2010
32010438,642283,4836626,IMP,8,8,2010
32010439,641195,4836513,IMP,8,8,2010
32010440,641295,4836472,IMP,8,8,2010
32010441,641356,4836358,IMP,8,8,2010
32010442,643193,4836125,IMP,8,8,2010
32010443,642538,4836024,IMP,8,8,2010
32010444,642689,4835932,IMP,8,8,2010
32010445,640987,4835776,IMP,8,8,2010
32010446,642888,4835722,IMP,8,8,2010
32010448,642738,4835630,IMP,8,8,2010
32010449,641245,4835426,IMP,8,8,2010
32010453,640294,4835079,IMP,8,8,2010
32010455,642837,4835078,IMP,8,8,2010
32010456,640586,4835027,IMP,8,8,2010
32010457,640039,4834970,IMP,8,8,2010
32010458,640688,4834880,IMP,8,8,2010
32010459,642237,4834776,IMP,8,8,2010
32010460,642290,4834525,IMP,8,8,2010
32010461,640386,4834377,IMP,8,8,2010
32010462,640434,4834370,IMP,8,8,2010
32010463,641592,4834326,IMP,8,8,2010
32010464,642697,4834272,IMP,8,8,2010
32010465,640391,4834231,IMP,8,8,2010
32010466,641794,4834223,IMP,8,8,2010
32010467,640289,4834074,IMP,8,8,2010
32010468,640338,4834021,IMP,8,8,2010
32010469,640741,4833924,IMP,8,8,2010
32010470,640295,4833875,IMP,8,8,2010
32010471,640287,4833626,IMP,8,8,2010
32010472,641339,4833628,IMP,8,8,2010
32010473,640688,4833374,IMP,8,8,2010
32010474,641090,4833174,IMP,8,8,2010
32010476,641595,4832975,IMP,8,8,2010
32010477,640940,4832876,IMP,8,8,2010
32010478,641195,4832822,IMP,8,8,2010
32010482,641781,4832718,IMP,8,8,2010
32010483,639683,4832675,IMP,8,8,2010
32010484,640786,4832428,IMP,8,8,2010
32010485,641792,4832377,IMP,8,8,2010
32010486,642042,4832373,IMP,8,8,2010
32010487,640948,4832321,IMP,8,8,2010
32010488,641694,4832327,IMP,8,8,2010
32010490,641986,4832271,IMP,8,8,2010
32010491,640840,4832224,IMP,8,8,2010
32010493,641334,4832124,IMP,8,8,2010
32010495,641793,4832023,IMP,8,8,2010
32010498,642137,4831980,IMP,8,8,2010
32010499,641148,4831820,IMP,8,8,2010
32010500,640488,4831776,IMP,8,8,2010
32010501,639891,4831724,IMP,8,8,2010
32010502,642145,4831725,IMP,8,8,2010
32010505,641692,4831525,IMP,8,8,2010
32010507,641197,4831427,IMP,8,8,2010
32010508,641339,4831428,IMP,8,8,2010
32010510,640143,4831371,IMP,8,8,2010
32010512,640445,4831228,IMP,8,8,2010
32010513,640640,4831221,IMP,8,8,2010
32010515,640743,4831120,IMP,8,8,2010
32010516,640787,4831127,IMP,8,8,2010
32010517,641392,4831122,IMP,8,8,2010
32010518,639991,4831022,IMP,8,8,2010
32010519,640885,4831023,IMP,8,8,2010
32010520,640693,4830870,IMP,8,8,2010
32010521,639891,4830826,IMP,8,8,2010
32010522,641142,4830829,IMP,8,8,2010
32010523,640194,4830723,IMP,8,8,2010
32010524,640693,4830623,IMP,8,8,2010
32010525,641893,4830582,IMP,8,8,2010
32010526,642388,4830576,IMP,8,8,2010
32010527,642535,4830526,IMP,8,8,2010
32010528,639686,4830479,IMP,8,8,2010
32010529,641542,4830479,IMP,8,8,2010
32010530,642091,4830423,IMP,8,8,2010
32010531,641791,4830370,IMP,8,8,2010
32010532,642390,4830322,IMP,8,8,2010
32010534,642591,4830270,IMP,8,8,2010
32010535,641942,4830179,IMP,8,8,2010
32010537,641494,4829824,IMP,8,8,2010
32010538,642692,4829822,IMP,8,8,2010
32010540,641195,4829471,IMP,8,8,2010
32010541,641641,4828975,IMP,8,8,2010
32010542,642793,4828666,IMP,8,8,2010
32010543,642191,4828174,IMP,8,8,2010
32010544,643436,4829728,IMP,8,8,2010
32010545,639583,4831671,IMP,8,8,2010
32010547,642494,4837078,IMP,8,8,2010
32010548,643242,4835976,IMP,8,8,2010
32010549,641141,4834930,IMP,8,8,2010
32010550,642944,4834175,IMP,8,8,2010
32010551,639480,4832073,IMP,8,8,2010
32010552,640347,4829318,IMP,8,8,2010
32010553,643333,4828675,IMP,8,8,2010
32010554,641948,4827826,IMP,8,8,2010
32010555,642089,4827681,IMP,8,8,2010
32010576,636050,4857966,MBC,8,8,2011
32010577,637096,4856712,MBC,8,8,2011
32010578,637056,4856721,MBC,8,8,2011
32010579,637562,4855904,MBC,8,8,2011
32010580,637997,4855119,MBC,8,8,2011
32010581,638411,4854706,MBC,8,8,2011
32010582,638749,4854556,MBC,8,8,2011
32010583,638567,4854203,MBC,8,8,2011
32010584,638501,4854168,MBC,8,8,2011
32010585,638601,4854117,MBC,8,8,2011
32010586,638894,4853970,MBC,8,8,2011
32010587,639109,4853903,MBC,8,8,2011
32010588,639002,4853917,MBC,8,8,2011
32010589,639804,4853570,MBC,8,8,2011
32010590,640102,4851665,MBC,8,8,2011
32010591,639658,4851213,MBC,8,8,2011
32010592,639559,4850961,MBC,8,8,2011
32010593,639550,4850608,MBC,8,8,2011
32010594,639452,4850562,MBC,8,8,2011
32010595,640944,4848561,MBC,8,8,2011
32010596,641604,4848568,MBC,8,8,2011
32010597,641611,4848517,MBC,8,8,2011
32010598,641146,4848057,MBC,8,8,2011
32010599,641049,4847612,MBC,8,8,2011
32010600,641007,4846209,MBC,8,8,2011
32010601,640754,4845857,MBC,8,8,2011
32010602,640710,4845201,MBC,8,8,2011
32010603,640607,4844464,MBC,8,8,2011
32010604,640551,4844410,MBC,8,8,2011
32010605,640606,4844362,MBC,8,8,2011
32010606,640799,4844364,MBC,8,8,2011
32010607,640755,4844019,MBC,8,8,2011
32010608,640602,4843815,MBC,8,8,2011
32010609,640753,4843807,MBC,8,8,2011
32010610,640705,4843770,MBC,8,8,2011
32010611,640602,4843712,MBC,8,8,2011
32010612,640604,4843655,MBC,8,8,2011
32010613,640657,4843667,MBC,8,8,2011
32010614,640302,4843454,MBC,8,8,2011
32010615,640106,4842657,MBC,8,8,2011
32010616,640161,4841969,MBC,8,8,2011
32010617,640262,4841909,MBC,8,8,2011
32010618,639397,4841362,MBC,8,8,2011
32010619,639799,4840262,MBC,8,8,2011
32010620,639601,4839561,MBC,8,8,2011
32010621,639752,4839163,MBC,8,8,2011
32010622,639650,4839066,MBC,8,8,2011
32010623,639702,4838819,MBC,8,8,2011
32010624,639203,4837867,MBC,8,8,2011
32010625,639458,4837765,MBC,8,8,2011
32010626,639650,4837760,MBC,8,8,2011
32010627,639755,4837714,MBC,8,8,2011
32010628,639858,4837664,MBC,8,8,2011
32010629,639860,4837614,MBC,8,8,2011
32010630,639604,4837455,MBC,8,8,2011
32010631,639609,4837417,MBC,8,8,2011
32010632,640405,4836564,MBC,8,8,2011
32010633,640549,4836363,MBC,8,8,2011
32010634,640499,4836310,MBC,8,8,2011
32010635,641061,4836268,MBC,8,8,2011
32010636,641308,4835859,MBC,8,8,2011
32010637,641357,4835808,MBC,8,8,2011
32010638,641856,4835306,MBC,8,8,2011
32010639,641801,4835002,MBC,8,8,2011
32010640,642855,4832860,MBC,8,8,2011
32010641,643062,4832612,MBC,8,8,2011
32010642,643064,4832503,MBC,8,8,2011
32010643,642507,4826911,MBC,8,8,2011
32010644,642555,4826713,MBC,8,8,2011
32010645,642605,4826661,MBC,8,8,2011
32010646,637298,4856964,SC,8,8,2011
32010647,637457,4856762,SC,8,8,2011
32010648,637900,4856511,SC,8,8,2011
32010649,637907,4856357,SC,8,8,2011
32010650,637258,4855664,SC,8,8,2011
32010651,639314,4855113,SC,8,8,2011
32010652,638499,4855064,SC,8,8,2011
32010653,641700,4849569,SC,8,8,2011
32010654,640255,4849357,SC,8,8,2011
32010655,642849,4847817,SC,8,8,2011
32010656,641755,4847706,SC,8,8,2011
32010657,641704,4847261,SC,8,8,2011
32010658,641897,4846406,SC,8,8,2011
32010659,642854,4846157,SC,8,8,2011
32010660,641353,4846114,SC,8,8,2011
32010661,641603,4846113,SC,8,8,2011
32010663,643254,4845815,SC,8,8,2011
32010664,643304,4845216,SC,8,8,2011
32010665,642255,4844762,SC,8,8,2011
32010666,643704,4844760,SC,8,8,2011
32010667,643655,4844611,SC,8,8,2011
32010668,643650,4844510,SC,8,8,2011
32010669,641449,4844463,SC,8,8,2011
32010670,642255,4844413,SC,8,8,2011
32010671,641162,4844215,SC,8,8,2011
32010672,641249,4844212,SC,8,8,2011
32010673,642555,4844108,SC,8,8,2011
32010674,641459,4843502,SC,8,8,2011
32010675,641307,4843360,SC,8,8,2011
32010676,641948,4843109,SC,8,8,2011
32010677,641207,4842918,SC,8,8,2011
32010678,640795,4842707,SC,8,8,2011
32010679,641500,4842667,SC,8,8,2011
32010680,639605,4842220,SC,8,8,2011
32010681,641455,4842117,SC,8,8,2011
32010682,643609,4842112,SC,8,8,2011
32010683,640950,4842010,SC,8,8,2011
32010684,640203,4841754,SC,8,8,2011
32010685,639349,4841305,SC,8,8,2011
32010686,641661,4841254,SC,8,8,2011
32010687,642108,4841264,SC,8,8,2011
32010688,642607,4841213,SC,8,8,2011
32010689,641305,4841009,SC,8,8,2011
32010690,642102,4840968,SC,8,8,2011
32010691,642453,4840762,SC,8,8,2011
32010692,640162,4840203,SC,8,8,2011
32010693,640954,4839663,SC,8,8,2011
32010694,640557,4839015,SC,8,8,2011
32010695,640410,4838467,SC,8,8,2011
32010696,642907,4838362,SC,8,8,2011
32010697,639301,4837617,SC,8,8,2011
32010698,642451,4837459,SC,8,8,2011
32010699,642397,4837363,SC,8,8,2011
32010700,639203,4837052,SC,8,8,2011
32010701,639153,4836552,SC,8,8,2011
32010702,639351,4836266,SC,8,8,2011
32010703,639250,4836206,SC,8,8,2011
32010704,639413,4836012,SC,8,8,2011
32010705,642356,4835104,SC,8,8,2011
32010706,642308,4835057,SC,8,8,2011
32010707,642361,4834763,SC,8,8,2011
32010708,642409,4834760,SC,8,8,2011
32010709,639912,4834513,SC,8,8,2011
32010710,639949,4834171,SC,8,8,2011
32010711,638601,4858516,BWC,8,8,2011
32010712,637648,4857706,BWC,8,8,2011
32010713,638102,4857461,BWC,8,8,2011
32010714,638655,4857015,BWC,8,8,2011
32010715,639105,4856663,BWC,8,8,2011
32010716,637908,4855967,BWC,8,8,2011
32010717,639709,4851980,BWC,8,8,2011
32010718,639604,4851770,BWC,8,8,2011
32010725,639308,4850064,BWC,8,8,2011
32010726,639858,4849803,BWC,8,8,2011
32010727,641798,4849367,BWC,8,8,2011
32010728,639501,4848961,BWC,8,8,2011
32010729,639857,4848764,BWC,8,8,2011
32010730,641803,4848560,BWC,8,8,2011
32010731,640051,4848415,BWC,8,8,2011
32010732,642354,4847970,BWC,8,8,2011
32010733,640004,4847713,BWC,8,8,2011
32010735,643153,4846912,BWC,8,8,2011
32010737,642651,4846511,BWC,8,8,2011
32010738,641108,4846469,BWC,8,8,2011
32010739,642803,4846413,BWC,8,8,2011
32010740,642951,4846259,BWC,8,8,2011
32010741,643053,4846117,BWC,8,8,2011
32010742,643501,4845952,BWC,8,8,2011
32010743,644454,4845863,BWC,8,8,2011
32010744,644302,4845812,BWC,8,8,2011
32010746,644556,4845565,BWC,8,8,2011
32010747,644404,4845513,BWC,8,8,2011
32010748,643955,4845411,BWC,8,8,2011
32010749,639403,4845362,BWC,8,8,2011
32010750,644297,4845113,BWC,8,8,2011
32010751,644693,4845012,BWC,8,8,2011
32010752,644450,4844963,BWC,8,8,2011
32010753,644302,4844913,BWC,8,8,2011
32010754,639406,4844709,BWC,8,8,2011
32010755,641860,4844511,BWC,8,8,2011
32010756,642251,4844455,BWC,8,8,2011
32010757,639454,4844466,BWC,8,8,2011
32010758,639706,4844307,BWC,8,8,2011
32010759,641801,4844251,BWC,8,8,2011
32010760,639153,4844107,BWC,8,8,2011
32010761,639950,4844062,BWC,8,8,2011
32010762,639206,4843810,BWC,8,8,2011
32010763,643404,4843765,BWC,8,8,2011
32010764,642001,4843765,BWC,8,8,2011
32010765,639502,4843763,BWC,8,8,2011
32010766,639254,4843754,BWC,8,8,2011
32010767,642961,4843561,BWC,8,8,2011
32010769,641352,4843221,BWC,8,8,2011
32010770,641749,4843016,BWC,8,8,2011
32010771,639405,4842958,BWC,8,8,2011
32010772,643905,4842860,BWC,8,8,2011
32010773,639455,4842761,BWC,8,8,2011
32010774,641901,4842650,BWC,8,8,2011
32010775,639753,4842660,BWC,8,8,2011
32010776,639650,4842610,BWC,8,8,2011
32010777,641454,4842518,BWC,8,8,2011
32010778,643307,4842411,BWC,8,8,2011
32010779,643398,4842366,BWC,8,8,2011
32010780,643550,4842065,BWC,8,8,2011
32010781,642054,4842004,BWC,8,8,2011
32010782,642701,4842013,BWC,8,8,2011
32010783,643060,4842017,BWC,8,8,2011
32010784,644258,4841961,BWC,8,8,2011
32010785,641403,4841764,BWC,8,8,2011
32010786,641606,4841766,BWC,8,8,2011
32010787,644054,4841663,BWC,8,8,2011
32010789,643650,4841412,BWC,8,8,2011
32010790,643954,4841413,BWC,8,8,2011
32010791,640754,4841308,BWC,8,8,2011
32010792,641453,4841156,BWC,8,8,2011
32010794,640855,4841011,BWC,8,8,2011
32010796,642904,4840723,BWC,8,8,2011
32010797,641551,4840507,BWC,8,8,2011
32010798,642454,4840455,BWC,8,8,2011
32010799,640857,4840360,BWC,8,8,2011
32010801,640703,4840317,BWC,8,8,2011
32010802,640702,4840217,BWC,8,8,2011
32010803,640595,4839965,BWC,8,8,2011
32010805,641053,4839811,BWC,8,8,2011
32010806,641304,4839759,BWC,8,8,2011
32010807,640408,4839463,BWC,8,8,2011
32010808,640361,4839463,BWC,8,8,2011
32010809,641353,4839458,BWC,8,8,2011
32010810,640702,4839255,BWC,8,8,2011
32010813,640053,4836062,BWC,8,8,2011
32010815,639954,4835954,BWC,8,8,2011
32010816,639757,4835720,BWC,8,8,2011
32010817,640301,4835613,BWC,8,8,2011
32010818,640455,4835612,BWC,8,8,2011
32010819,639398,4834361,BWC,8,8,2011
32010820,639797,4834062,BWC,8,8,2011
32010821,641803,4840264,IMP,8,8,2011
32010822,643202,4839761,IMP,8,8,2011
32010824,641709,4839606,IMP,8,8,2011
32010826,643091,4839570,IMP,8,8,2011
32010827,641451,4839459,IMP,8,8,2011
32010829,643349,4839363,IMP,8,8,2011
32010831,643054,4839068,IMP,8,8,2011
32010832,643152,4839014,IMP,8,8,2011
32010834,643004,4838922,IMP,8,8,2011
32010835,641254,4838861,IMP,8,8,2011
32010836,642450,4838702,IMP,8,8,2011
32010839,642107,4838607,IMP,8,8,2011
32010841,642850,4838550,IMP,8,8,2011
32010842,640602,4838513,IMP,8,8,2011
32010843,640747,4838509,IMP,8,8,2011
32010844,642305,4838455,IMP,8,8,2011
32010845,641951,4838363,IMP,8,8,2011
32010846,642059,4838355,IMP,8,8,2011
32010848,640447,4838055,IMP,8,8,2011
32010849,642099,4838062,IMP,8,8,2011
32010850,640850,4838007,IMP,8,8,2011
32010851,641799,4838010,IMP,8,8,2011
32010852,640650,4837961,IMP,8,8,2011
32010854,642500,4837960,IMP,8,8,2011
32010855,640509,4837813,IMP,8,8,2011
32010859,640206,4837563,IMP,8,8,2011
32010860,643203,4837459,IMP,8,8,2011
32010862,641950,4837255,IMP,8,8,2011
32010865,643306,4837063,IMP,8,8,2011
32010869,642759,4836960,IMP,8,8,2011
32010870,643006,4836957,IMP,8,8,2011
32010871,642350,4836860,IMP,8,8,2011
32010872,642901,4836865,IMP,8,8,2011
32010874,642750,4836809,IMP,8,8,2011
32010875,642502,4836660,IMP,8,8,2011
32010876,642607,4836515,IMP,8,8,2011
32010879,642656,4835765,IMP,8,8,2011
32010880,641248,4835712,IMP,8,8,2011
32010881,641148,4835615,IMP,8,8,2011
32010882,640959,4835564,IMP,8,8,2011
32010883,640758,4835457,IMP,8,8,2011
32010884,642648,4835263,IMP,8,8,2011
32010885,639900,4835011,IMP,8,8,2011
32010886,640856,4835016,IMP,8,8,2011
32010887,641959,4835010,IMP,8,8,2011
32010888,640652,4834913,IMP,8,8,2011
32010889,640803,4834718,IMP,8,8,2011
32010890,640100,4834612,IMP,8,8,2011
32010891,640709,4834515,IMP,8,8,2011
32010892,642506,4834502,IMP,8,8,2011
32010893,641547,4834357,IMP,8,8,2011
32010894,641446,4834312,IMP,8,8,2011
32010895,639795,4834315,IMP,8,8,2011
32010896,640198,4834313,IMP,8,8,2011
32010897,642611,4834308,IMP,8,8,2011
32010898,639208,4834265,IMP,8,8,2011
32010899,640356,4834261,IMP,8,8,2011
32010900,642350,4834257,IMP,8,8,2011
32010901,642804,4834114,IMP,8,8,2011
32010902,640703,4833967,IMP,8,8,2011
32010903,642605,4833954,IMP,8,8,2011
32010904,642453,4833855,IMP,8,8,2011
32010905,643008,4833865,IMP,8,8,2011
32010906,639551,4833660,IMP,8,8,2011
32010907,641594,4833665,IMP,8,8,2011
32010908,640851,4833615,IMP,8,8,2011
32010909,640951,4833614,IMP,8,8,2011
32010910,642798,4833605,IMP,8,8,2011
32010911,639758,4833508,IMP,8,8,2011
32010912,641208,4833415,IMP,8,8,2011
32010913,640412,4833363,IMP,8,8,2011
32010914,640955,4833305,IMP,8,8,2011
32010915,643193,4833212,IMP,8,8,2011
32010916,641201,4833154,IMP,8,8,2011
32010917,639504,4833062,IMP,8,8,2011
32010918,640500,4833063,IMP,8,8,2011
32010919,640756,4833007,IMP,8,8,2011
32010920,643199,4833016,IMP,8,8,2011
32010921,640656,4832908,IMP,8,8,2011
32010922,640353,4832815,IMP,8,8,2011
32010923,642152,4832820,IMP,8,8,2011
32010924,643155,4832813,IMP,8,8,2011
32010925,639354,4832758,IMP,8,8,2011
32010926,641664,4832751,IMP,8,8,2011
32010927,639301,4832660,IMP,8,8,2011
32010928,641307,4832612,IMP,8,8,2011
32010929,641356,4832612,IMP,8,8,2011
32010931,643255,4832565,IMP,8,8,2011
32010933,640705,4832462,IMP,8,8,2011
32010934,640009,4832413,IMP,8,8,2011
32010935,640808,4832394,IMP,8,8,2011
32010936,640416,4832358,IMP,8,8,2011
32010937,641292,4832261,IMP,8,8,2011
32010938,641297,4832115,IMP,8,8,2011
32010939,641300,4832056,IMP,8,8,2011
32010940,642946,4832017,IMP,8,8,2011
32010941,639903,4831810,IMP,8,8,2011
32010942,641106,4831805,IMP,8,8,2011
32010943,642247,4831814,IMP,8,8,2011
32010944,641795,4831762,IMP,8,8,2011
32010945,643148,4831762,IMP,8,8,2011
32010946,643257,4831766,IMP,8,8,2011
32010947,641605,4831607,IMP,8,8,2011
32010948,640303,4831559,IMP,8,8,2011
32010949,641611,4831564,IMP,8,8,2011
32010950,642200,4831564,IMP,8,8,2011
32010951,643001,4831560,IMP,8,8,2011
32010952,641103,4831508,IMP,8,8,2011
32010953,642000,4831319,IMP,8,8,2011
32010954,643152,4831316,IMP,8,8,2011
32010955,642057,4831208,IMP,8,8,2011
32010956,639909,4831059,IMP,8,8,2011
32010957,640999,4830962,IMP,8,8,2011
32010958,641455,4830963,IMP,8,8,2011
32010959,641553,4830964,IMP,8,8,2011
32010960,641657,4830817,IMP,8,8,2011
32010961,639858,4830765,IMP,8,8,2011
32010962,640102,4830662,IMP,8,8,2011
32010963,640204,4830667,IMP,8,8,2011
32010964,642552,4830662,IMP,8,8,2011
32010965,639956,4830562,IMP,8,8,2011
32010966,640252,4830563,IMP,8,8,2011
32010967,642506,4830561,IMP,8,8,2011
32010968,641058,4830514,IMP,8,8,2011
32010969,641203,4830515,IMP,8,8,2011
32010970,641404,4830508,IMP,8,8,2011
32010971,641108,4830458,IMP,8,8,2011
32010972,642106,4830415,IMP,8,8,2011
32010973,643001,4830413,IMP,8,8,2011
32010974,640303,4830317,IMP,8,8,2011
32010975,640904,4830310,IMP,8,8,2011
32010976,639763,4830253,IMP,8,8,2011
32010977,641960,4830263,IMP,8,8,2011
32010978,639758,4830165,IMP,8,8,2011
32010979,639599,4830068,IMP,8,8,2011
32010980,641157,4830017,IMP,8,8,2011
32010981,641710,4830013,IMP,8,8,2011
32010982,641410,4829963,IMP,8,8,2011
32010983,639598,4829897,IMP,8,8,2011
32010984,640702,4829907,IMP,8,8,2011
32010985,639805,4829811,IMP,8,8,2011
32010986,641513,4829765,IMP,8,8,2011
32010987,639857,4829714,IMP,8,8,2011
32010988,641461,4829711,IMP,8,8,2011
32010989,643394,4829714,IMP,8,8,2011
32010990,641312,4829661,IMP,8,8,2011
32010991,642507,4829650,IMP,8,8,2011
32010992,639607,4829506,IMP,8,8,2011
32010993,641048,4829312,IMP,8,8,2011
32010994,640403,4829162,IMP,8,8,2011
32010995,643254,4829163,IMP,8,8,2011
32010996,640767,4829100,IMP,8,8,2011
32010997,642301,4829064,IMP,8,8,2011
32010998,640805,4828912,IMP,8,8,2011
32010999,641455,4828864,IMP,8,8,2011
32011000,642508,4828700,IMP,8,8,2011
32011001,642110,4828460,IMP,8,8,2011
32011002,642355,4828460,IMP,8,8,2011
32011003,641853,4828366,IMP,8,8,2011
32011004,642853,4828164,IMP,8,8,2011
32011005,641951,4827664,IMP,8,8,2011
32011026,636402,4858271,MBC,8,8,2012
32011027,636713,4857690,MBC,8,8,2012
32011028,636912,4857263,MBC,8,8,2012
32011029,636907,4857210,MBC,8,8,2012
32011030,636602,4857177,MBC,8,8,2012
32011031,636656,4856915,MBC,8,8,2012
32011032,638307,4854408,MBC,8,8,2012
32011033,639904,4852760,MBC,8,8,2012
32011034,639959,4852663,MBC,8,8,2012
32011035,639660,4851561,MBC,8,8,2012
32011036,639601,4851370,MBC,8,8,2012
32011037,639653,4851203,MBC,8,8,2012
32011038,639551,4850668,MBC,8,8,2012
32011039,639501,4850616,MBC,8,8,2012
32011040,640050,4849659,MBC,8,8,2012
32011041,640503,4849167,MBC,8,8,2012
32011042,641504,4848619,MBC,8,8,2012
32011043,641097,4848517,MBC,8,8,2012
32011044,641104,4848358,MBC,8,8,2012
32011045,641550,4848318,MBC,8,8,2012
32011046,640897,4847261,MBC,8,8,2012
32011047,641009,4846262,MBC,8,8,2012
32011048,640915,4845916,MBC,8,8,2012
32011049,640606,4845162,MBC,8,8,2012
32011050,640697,4844564,MBC,8,8,2012
32011051,640606,4844312,MBC,8,8,2012
32011052,640698,4844313,MBC,8,8,2012
32011053,640811,4844214,MBC,8,8,2012
32011054,640859,4844115,MBC,8,8,2012
32011055,640859,4843963,MBC,8,8,2012
32011056,640811,4843909,MBC,8,8,2012
32011057,640860,4843855,MBC,8,8,2012
32011058,640708,4843756,MBC,8,8,2012
32011059,640604,4843657,MBC,8,8,2012
32011060,640699,4843660,MBC,8,8,2012
32011061,640605,4843267,MBC,8,8,2012
32011062,640298,4843213,MBC,8,8,2012
32011063,640154,4842866,MBC,8,8,2012
32011064,640101,4842670,MBC,8,8,2012
32011065,639852,4842211,MBC,8,8,2012
32011066,640000,4841766,MBC,8,8,2012
32011067,640102,4841765,MBC,8,8,2012
32011068,639755,4841460,MBC,8,8,2012
32011069,639598,4841308,MBC,8,8,2012
32011070,639557,4841159,MBC,8,8,2012
32011071,639606,4840912,MBC,8,8,2012
32011072,639653,4840918,MBC,8,8,2012
32011073,639653,4840860,MBC,8,8,2012
32011074,639654,4840717,MBC,8,8,2012
32011075,639794,4840310,MBC,8,8,2012
32011076,639750,4838961,MBC,8,8,2012
32011077,639794,4838916,MBC,8,8,2012
32011078,639646,4838854,MBC,8,8,2012
32011079,639259,4838762,MBC,8,8,2012
32011080,639250,4837804,MBC,8,8,2012
32011081,639754,4837711,MBC,8,8,2012
32011082,640057,4837258,MBC,8,8,2012
32011083,639897,4837067,MBC,8,8,2012
32011084,640355,4836517,MBC,8,8,2012
32011086,640845,4836253,MBC,8,8,2012
32011087,641498,4835712,MBC,8,8,2012
32011088,641906,4834607,MBC,8,8,2012
32011089,643156,4832564,MBC,8,8,2012
32011090,643064,4832509,MBC,8,8,2012
32011091,643152,4832516,MBC,8,8,2012
32011092,642548,4826662,MBC,8,8,2012
32011093,642501,4826571,MBC,8,8,2012
32011094,642599,4826417,MBC,8,8,2012
32011095,642555,4826367,MBC,8,8,2012
32011096,637321,4856971,SC,8,8,2012
32011097,637952,4856521,SC,8,8,2012
32011098,637950,4856155,SC,8,8,2012
32011099,638003,4856014,SC,8,8,2012
32011100,638054,4855766,SC,8,8,2012
32011101,638556,4854911,SC,8,8,2012
32011102,638707,4854770,SC,8,8,2012
32011103,640045,4853367,SC,8,8,2012
32011104,638850,4853013,SC,8,8,2012
32011105,641052,4849319,SC,8,8,2012
32011106,640407,4849117,SC,8,8,2012
32011107,642707,4848070,SC,8,8,2012
32011108,642750,4847912,SC,8,8,2012
32011109,641949,4847661,SC,8,8,2012
32011110,642592,4847121,SC,8,8,2012
32011111,641411,4846861,SC,8,8,2012
32011112,641505,4846865,SC,8,8,2012
32011113,642506,4846766,SC,8,8,2012
32011114,643856,4846406,SC,8,8,2012
32011115,642342,4846249,SC,8,8,2012
32011116,642155,4846065,SC,8,8,2012
32011117,643906,4846008,SC,8,8,2012
32011118,642303,4845916,SC,8,8,2012
32011119,642403,4845813,SC,8,8,2012
32011120,643145,4845762,SC,8,8,2012
32011121,641443,4844915,SC,8,8,2012
32011122,640852,4844567,SC,8,8,2012
32011124,642198,4844111,SC,8,8,2012
32011126,643954,4843964,SC,8,8,2012
32011127,641449,4843908,SC,8,8,2012
32011128,641297,4843855,SC,8,8,2012
32011129,641355,4843811,SC,8,8,2012
32011130,642254,4843361,SC,8,8,2012
32011132,641948,4843162,SC,8,8,2012
32011133,640956,4843110,SC,8,8,2012
32011134,640606,4842915,SC,8,8,2012
32011135,643748,4842370,SC,8,8,2012
32011136,641651,4842209,SC,8,8,2012
32011137,641608,4842174,SC,8,8,2012
32011138,640701,4842011,SC,8,8,2012
32011139,642613,4841525,SC,8,8,2012
32011140,641757,4841413,SC,8,8,2012
32011141,643254,4841411,SC,8,8,2012
32011142,643252,4841364,SC,8,8,2012
32011143,641455,4841310,SC,8,8,2012
32011144,640057,4841262,SC,8,8,2012
32011145,642707,4841112,SC,8,8,2012
32011146,639800,4840911,SC,8,8,2012
32011147,643261,4840918,SC,8,8,2012
32011148,642396,4840615,SC,8,8,2012
32011149,643046,4839408,SC,8,8,2012
32011150,640508,4839007,SC,8,8,2012
32011151,639786,4838710,SC,8,8,2012
32011152,642652,4838697,SC,8,8,2012
32011153,638918,4837419,SC,8,8,2012
32011154,639049,4837063,SC,8,8,2012
32011155,639255,4836611,SC,8,8,2012
32011156,639652,4835410,SC,8,8,2012
32011157,642205,4834864,SC,8,8,2012
32011158,642209,4834762,SC,8,8,2012
32011159,642556,4833460,SC,8,8,2012
32011160,639555,4831665,SC,8,8,2012
32011161,638351,4858613,BWC,8,8,2012
32011162,637917,4857661,BWC,8,8,2012
32011163,638407,4857614,BWC,8,8,2012
32011164,637902,4857612,BWC,8,8,2012
32011165,638149,4857619,BWC,8,8,2012
32011166,638707,4857615,BWC,8,8,2012
32011167,638011,4857566,BWC,8,8,2012
32011168,638255,4857415,BWC,8,8,2012
32011169,638955,4857257,BWC,8,8,2012
32011170,638809,4857016,BWC,8,8,2012
32011171,638657,4856465,BWC,8,8,2012
32011172,638750,4851462,BWC,8,8,2012
32011173,638445,4850871,BWC,8,8,2012
32011174,638290,4850349,BWC,8,8,2012
32011175,638245,4850215,BWC,8,8,2012
32011176,638154,4850110,BWC,8,8,2012
32011177,641854,4848416,BWC,8,8,2012
32011178,642196,4848353,BWC,8,8,2012
32011179,639207,4848252,BWC,8,8,2012
32011180,641998,4848263,BWC,8,8,2012
32011181,640603,4848159,BWC,8,8,2012
32011182,640012,4847761,BWC,8,8,2012
32011183,643102,4846763,BWC,8,8,2012
32011184,642203,4846709,BWC,8,8,2012
32011185,641194,4846660,BWC,8,8,2012
32011186,642949,4846472,BWC,8,8,2012
32011188,644255,4846008,BWC,8,8,2012
32011189,644060,4845855,BWC,8,8,2012
32011190,644255,4845762,BWC,8,8,2012
32011191,643709,4845661,BWC,8,8,2012
32011192,643401,4845665,BWC,8,8,2012
32011194,641905,4845460,BWC,8,8,2012
32011195,641957,4845468,BWC,8,8,2012
32011196,643804,4845459,BWC,8,8,2012
32011197,644462,4845412,BWC,8,8,2012
32011198,643198,4845307,BWC,8,8,2012
32011199,641002,4845218,BWC,8,8,2012
32011200,639201,4845215,BWC,8,8,2012
32011201,643064,4845171,BWC,8,8,2012
32011202,644401,4844957,BWC,8,8,2012
32011203,639355,4844662,BWC,8,8,2012
32011204,642649,4844617,BWC,8,8,2012
32011205,639651,4844371,BWC,8,8,2012
32011206,639103,4844319,BWC,8,8,2012
32011207,641899,4844216,BWC,8,8,2012
32011208,639950,4844205,BWC,8,8,2012
32011209,639603,4844007,BWC,8,8,2012
32011210,639957,4843959,BWC,8,8,2012
32011211,640053,4843916,BWC,8,8,2012
32011212,639952,4843856,BWC,8,8,2012
32011213,639808,4843762,BWC,8,8,2012
32011214,643312,4843708,BWC,8,8,2012
32011215,644409,4843667,BWC,8,8,2012
32011216,643202,4843615,BWC,8,8,2012
32011217,644052,4843510,BWC,8,8,2012
32011218,644408,4843505,BWC,8,8,2012
32011219,644554,4843513,BWC,8,8,2012
32011220,641299,4843310,BWC,8,8,2012
32011221,639848,4843256,BWC,8,8,2012
32011222,641351,4843216,BWC,8,8,2012
32011223,644099,4843111,BWC,8,8,2012
32011224,639753,4843008,BWC,8,8,2012
32011225,639805,4842915,BWC,8,8,2012
32011226,641956,4842716,BWC,8,8,2012
32011228,643146,4842311,BWC,8,8,2012
32011229,644206,4842260,BWC,8,8,2012
32011230,640404,4842004,BWC,8,8,2012
32011232,639206,4841817,BWC,8,8,2012
32011233,642099,4841562,BWC,8,8,2012
32011235,641547,4841512,BWC,8,8,2012
32011237,641752,4841258,BWC,8,8,2012
32011238,643154,4841015,BWC,8,8,2012
32011241,643904,4840916,BWC,8,8,2012
32011243,643156,4840611,BWC,8,8,2012
32011244,643155,4840515,BWC,8,8,2012
32011245,642354,4840518,BWC,8,8,2012
32011246,642006,4840358,BWC,8,8,2012
32011247,642104,4840369,BWC,8,8,2012
32011248,642912,4840308,BWC,8,8,2012
32011249,642198,4840263,BWC,8,8,2012
32011250,641456,4840213,BWC,8,8,2012
32011251,641156,4840208,BWC,8,8,2012
32011252,641005,4840114,BWC,8,8,2012
32011253,641257,4839957,BWC,8,8,2012
32011254,640107,4839760,BWC,8,8,2012
32011255,640355,4839408,BWC,8,8,2012
32011256,640306,4838911,BWC,8,8,2012
32011257,640607,4838863,BWC,8,8,2012
32011258,640355,4838718,BWC,8,8,2012
32011259,639709,4836956,BWC,8,8,2012
32011260,639456,4836660,BWC,8,8,2012
32011261,639752,4836116,BWC,8,8,2012
32011262,639802,4835861,BWC,8,8,2012
32011263,640154,4835814,BWC,8,8,2012
32011264,639312,4835709,BWC,8,8,2012
32011265,640002,4835660,BWC,8,8,2012
32011266,640502,4835561,BWC,8,8,2012
32011267,640408,4835354,BWC,8,8,2012
32011269,639551,4834106,BWC,8,8,2012
32011270,643203,4833815,BWC,8,8,2012
32011271,643653,4840565,IMP,8,8,2012
32011272,643604,4840317,IMP,8,8,2012
32011274,642902,4840062,IMP,8,8,2012
32011275,642799,4839911,IMP,8,8,2012
32011276,641706,4839863,IMP,8,8,2012
32011277,642350,4839804,IMP,8,8,2012
32011278,642151,4839714,IMP,8,8,2012
32011279,642802,4839659,IMP,8,8,2012
32011280,641455,4839602,IMP,8,8,2012
32011281,642004,4839606,IMP,8,8,2012
32011282,641757,4839556,IMP,8,8,2012
32011283,641657,4839465,IMP,8,8,2012
32011284,640950,4839100,IMP,8,8,2012
32011285,641455,4838962,IMP,8,8,2012
32011286,641401,4838868,IMP,8,8,2012
32011287,641807,4838698,IMP,8,8,2012
32011288,643103,4838709,IMP,8,8,2012
32011289,641956,4838665,IMP,8,8,2012
32011290,642448,4838650,IMP,8,8,2012
32011291,641809,4838603,IMP,8,8,2012
32011292,640810,4838553,IMP,8,8,2012
32011293,641501,4838513,IMP,8,8,2012
32011294,641605,4838507,IMP,8,8,2012
32011295,640706,4838458,IMP,8,8,2012
32011296,642403,4838398,IMP,8,8,2012
32011297,641207,4838310,IMP,8,8,2012
32011298,640603,4838254,IMP,8,8,2012
32011299,642811,4838261,IMP,8,8,2012
32011300,640506,4838207,IMP,8,8,2012
32011301,642303,4838099,IMP,8,8,2012
32011302,642100,4837953,IMP,8,8,2012
32011303,642650,4837953,IMP,8,8,2012
32011304,642754,4837856,IMP,8,8,2012
32011305,642853,4837812,IMP,8,8,2012
32011306,641794,4837709,IMP,8,8,2012
32011307,640812,4837617,IMP,8,8,2012
32011308,640406,4837563,IMP,8,8,2012
32011309,641504,4837513,IMP,8,8,2012
32011310,641903,4837516,IMP,8,8,2012
32011311,640755,4837465,IMP,8,8,2012
32011312,641001,4837366,IMP,8,8,2012
32011313,642302,4837356,IMP,8,8,2012
32011314,641006,4837263,IMP,8,8,2012
32011315,640905,4837114,IMP,8,8,2012
32011316,641752,4837119,IMP,8,8,2012
32011317,641652,4837062,IMP,8,8,2012
32011318,641696,4837067,IMP,8,8,2012
32011319,640705,4837015,IMP,8,8,2012
32011320,641702,4837020,IMP,8,8,2012
32011321,640602,4836966,IMP,8,8,2012
32011322,641103,4836715,IMP,8,8,2012
32011323,640952,4836562,IMP,8,8,2012
32011324,642155,4836502,IMP,8,8,2012
32011325,640956,4836465,IMP,8,8,2012
32011326,641603,4836004,IMP,8,8,2012
32011327,642353,4835960,IMP,8,8,2012
32011328,642203,4835864,IMP,8,8,2012
32011329,642504,4835820,IMP,8,8,2012
32011330,643246,4835812,IMP,8,8,2012
32011331,643006,4835765,IMP,8,8,2012
32011332,642420,4835706,IMP,8,8,2012
32011333,641347,4835664,IMP,8,8,2012
32011334,642555,4835304,IMP,8,8,2012
32011335,642148,4835005,IMP,8,8,2012
32011336,639552,4834968,IMP,8,8,2012
32011337,639610,4834966,IMP,8,8,2012
32011338,642901,4834961,IMP,8,8,2012
32011339,642052,4834913,IMP,8,8,2012
32011340,640905,4834810,IMP,8,8,2012
32011341,641154,4834762,IMP,8,8,2012
32011342,640803,4834710,IMP,8,8,2012
32011343,640805,4834661,IMP,8,8,2012
32011344,642313,4834552,IMP,8,8,2012
32011345,641251,4834510,IMP,8,8,2012
32011346,640501,4834111,IMP,8,8,2012
32011347,640204,4834023,IMP,8,8,2012
32011348,641452,4834007,IMP,8,8,2012
32011349,640951,4833961,IMP,8,8,2012
32011351,640857,4833863,IMP,8,8,2012
32011352,640450,4833763,IMP,8,8,2012
32011353,640450,4833715,IMP,8,8,2012
32011354,640356,4833665,IMP,8,8,2012
32011355,639509,4833512,IMP,8,8,2012
32011356,639650,4833416,IMP,8,8,2012
32011357,640603,4833413,IMP,8,8,2012
32011358,641650,4833360,IMP,8,8,2012
32011359,642308,4833315,IMP,8,8,2012
32011360,639745,4833269,IMP,8,8,2012
32011361,640704,4833270,IMP,8,8,2012
32011362,642804,4833258,IMP,8,8,2012
32011363,639352,4833207,IMP,8,8,2012
32011364,641197,4833211,IMP,8,8,2012
32011365,639352,4833157,IMP,8,8,2012
32011366,643415,4833152,IMP,8,8,2012
32011367,641904,4833167,IMP,8,8,2012
32011368,641466,4833122,IMP,8,8,2012
32011369,641558,4833108,IMP,8,8,2012
32011370,643355,4833013,IMP,8,8,2012
32011371,640697,4832970,IMP,8,8,2012
32011372,641899,4832961,IMP,8,8,2012
32011373,639404,4832916,IMP,8,8,2012
32011374,642857,4832913,IMP,8,8,2012
32011376,642252,4832763,IMP,8,8,2012
32011377,639500,4832708,IMP,8,8,2012
32011378,640699,4832706,IMP,8,8,2012
32011379,640950,4832712,IMP,8,8,2012
32011380,641951,4832662,IMP,8,8,2012
32011382,642351,4832564,IMP,8,8,2012
32011383,640609,4832466,IMP,8,8,2012
32011384,642803,4832356,IMP,8,8,2012
32011386,642256,4832259,IMP,8,8,2012
32011387,640356,4832166,IMP,8,8,2012
32011388,641704,4832166,IMP,8,8,2012
32011389,642357,4832160,IMP,8,8,2012
32011390,641306,4832116,IMP,8,8,2012
32011391,642348,4832012,IMP,8,8,2012
32011392,642552,4832012,IMP,8,8,2012
32011393,642907,4832008,IMP,8,8,2012
32011394,640256,4831957,IMP,8,8,2012
32011395,642307,4831953,IMP,8,8,2012
32011396,642908,4831858,IMP,8,8,2012
32011397,641298,4831662,IMP,8,8,2012
32011398,642053,4831662,IMP,8,8,2012
32011399,640753,4831512,IMP,8,8,2012
32011400,641803,4831517,IMP,8,8,2012
32011401,643154,4831514,IMP,8,8,2012
32011402,643149,4831363,IMP,8,8,2012
32011403,642259,4831316,IMP,8,8,2012
32011404,641304,4831313,IMP,8,8,2012
32011405,640249,4831255,IMP,8,8,2012
32011406,641854,4831259,IMP,8,8,2012
32011407,640914,4831213,IMP,8,8,2012
32011408,639958,4831164,IMP,8,8,2012
32011409,640460,4831112,IMP,8,8,2012
32011410,640403,4831116,IMP,8,8,2012
32011411,642206,4830965,IMP,8,8,2012
32011412,641860,4830854,IMP,8,8,2012
32011413,640860,4830761,IMP,8,8,2012
32011414,641706,4830657,IMP,8,8,2012
32011415,642810,4830663,IMP,8,8,2012
32011416,643154,4830566,IMP,8,8,2012
32011417,640154,4830510,IMP,8,8,2012
32011418,640593,4830519,IMP,8,8,2012
32011419,642414,4830514,IMP,8,8,2012
32011420,641360,4830463,IMP,8,8,2012
32011421,643103,4830467,IMP,8,8,2012
32011422,642916,4830406,IMP,8,8,2012
32011423,641211,4830366,IMP,8,8,2012
32011424,640359,4830264,IMP,8,8,2012
32011425,642256,4830262,IMP,8,8,2012
32011426,640963,4830203,IMP,8,8,2012
32011427,642201,4830208,IMP,8,8,2012
32011428,640050,4830166,IMP,8,8,2012
32011429,639709,4830115,IMP,8,8,2012
32011430,642408,4829913,IMP,8,8,2012
32011431,642451,4829868,IMP,8,8,2012
32011432,641959,4829818,IMP,8,8,2012
32011433,642203,4829820,IMP,8,8,2012
32011434,641106,4829762,IMP,8,8,2012
32011435,640862,4829610,IMP,8,8,2012
32011436,640906,4829466,IMP,8,8,2012
32011437,642451,4829466,IMP,8,8,2012
32011438,640000,4829413,IMP,8,8,2012
32011439,641247,4829266,IMP,8,8,2012
32011440,641954,4829171,IMP,8,8,2012
32011441,640855,4829066,IMP,8,8,2012
32011442,641558,4829012,IMP,8,8,2012
32011443,641905,4829016,IMP,8,8,2012
32011444,640905,4828969,IMP,8,8,2012
32011445,642602,4828966,IMP,8,8,2012
32011446,642051,4828814,IMP,8,8,2012
32011447,643204,4828767,IMP,8,8,2012
32011448,642560,4828611,IMP,8,8,2012
32011449,641656,4828571,IMP,8,8,2012
32011450,642010,4828565,IMP,8,8,2012
32011451,641854,4828257,IMP,8,8,2012
32011452,641400,4828215,IMP,8,8,2012
32011453,641905,4828115,IMP,8,8,2012
32011454,641906,4828073,IMP,8,8,2012
32011455,642703,4827963,IMP,8,8,2012
32011478,638450,4854475,MBC,8,8,2013
32011479,639157,4854432,MBC,8,8,2013
32011480,638720,4854373,MBC,8,8,2013
32011481,639151,4854024,MBC,8,8,2013
32011482,639950,4852965,MBC,8,8,2013
32011484,639662,4851423,MBC,8,8,2013
32011485,639446,4851224,MBC,8,8,2013
32011486,639564,4850769,MBC,8,8,2013
32011487,639499,4850718,MBC,8,8,2013
32011488,640303,4849563,MBC,8,8,2013
32011489,640865,4848978,MBC,8,8,2013
32011490,640747,4848969,MBC,8,8,2013
32011491,640854,4848867,MBC,8,8,2013
32011492,641453,4848825,MBC,8,8,2013
32011493,640953,4848779,MBC,8,8,2013
32011494,641110,4848735,MBC,8,8,2013
32011495,641346,4847768,MBC,8,8,2013
32011496,640752,4847022,MBC,8,8,2013
32011497,641050,4846719,MBC,8,8,2013
32011498,640551,4844723,MBC,8,8,2013
32011499,640609,4844618,MBC,8,8,2013
32011500,640794,4844522,MBC,8,8,2013
32011501,640752,4844428,MBC,8,8,2013
32011502,640854,4844217,MBC,8,8,2013
32011503,640655,4844186,MBC,8,8,2013
32011504,640794,4844177,MBC,8,8,2013
32011505,640694,4844071,MBC,8,8,2013
32011506,640651,4843626,MBC,8,8,2013
32011507,640659,4843577,MBC,8,8,2013
32011508,640606,4843522,MBC,8,8,2013
32011509,640248,4843330,MBC,8,8,2013
32011510,640198,4843078,MBC,8,8,2013
32011511,640251,4842430,MBC,8,8,2013
32011512,639994,4842068,MBC,8,8,2013
32011513,640042,4842028,MBC,8,8,2013
32011514,639705,4841574,MBC,8,8,2013
32011515,639604,4841473,MBC,8,8,2013
32011516,639650,4841473,MBC,8,8,2013
32011517,639549,4841268,MBC,8,8,2013
32011518,639658,4840977,MBC,8,8,2013
32011519,639755,4840438,MBC,8,8,2013
32011520,639611,4839818,MBC,8,8,2013
32011521,639805,4839120,MBC,8,8,2013
32011522,639302,4838976,MBC,8,8,2013
32011523,639303,4838923,MBC,8,8,2013
32011524,639651,4838930,MBC,8,8,2013
32011526,639851,4837879,MBC,8,8,2013
32011528,639600,4837623,MBC,8,8,2013
32011529,640001,4837575,MBC,8,8,2013
32011530,639711,4837576,MBC,8,8,2013
32011531,640106,4837320,MBC,8,8,2013
32011532,640006,4837029,MBC,8,8,2013
32011533,640255,4836928,MBC,8,8,2013
32011534,640359,4836765,MBC,8,8,2013
32011536,640899,4836430,MBC,8,8,2013
32011537,641497,4835879,MBC,8,8,2013
32011538,641599,4835327,MBC,8,8,2013
32011539,641794,4835274,MBC,8,8,2013
32011540,641959,4834531,MBC,8,8,2013
32011541,643058,4832727,MBC,8,8,2013
32011542,643151,4832727,MBC,8,8,2013
32011543,643258,4832683,MBC,8,8,2013
32011544,642867,4827873,MBC,8,8,2013
32011545,642501,4826825,MBC,8,8,2013
32011546,639159,4856725,SC,8,8,2013
32011548,637906,4856471,SC,8,8,2013
32011549,637557,4855723,SC,8,8,2013
32011551,638808,4853375,SC,8,8,2013
32011553,639209,4852527,SC,8,8,2013
32011554,639306,4851827,SC,8,8,2013
32011558,640662,4849166,SC,8,8,2013
32011559,641503,4847677,SC,8,8,2013
32011560,641695,4847315,SC,8,8,2013
32011562,643397,4846420,SC,8,8,2013
32011563,641559,4846325,SC,8,8,2013
32011564,643247,4846127,SC,8,8,2013
32011565,643848,4846125,SC,8,8,2013
32011566,641149,4846022,SC,8,8,2013
32011567,642951,4846025,SC,8,8,2013
32011568,642363,4845726,SC,8,8,2013
32011571,640852,4844971,SC,8,8,2013
32011572,641301,4844783,SC,8,8,2013
32011573,640912,4844721,SC,8,8,2013
32011574,642253,4844570,SC,8,8,2013
32011575,643956,4844129,SC,8,8,2013
32011577,641851,4844131,SC,8,8,2013
32011578,640903,4844082,SC,8,8,2013
32011579,642153,4843824,SC,8,8,2013
32011580,642105,4843715,SC,8,8,2013
32011581,641060,4843526,SC,8,8,2013
32011582,641949,4843372,SC,8,8,2013
32011583,640859,4843029,SC,8,8,2013
32011585,640600,4841777,SC,8,8,2013
32011586,642006,4841720,SC,8,8,2013
32011587,641698,4841682,SC,8,8,2013
32011588,641405,4841678,SC,8,8,2013
32011589,642551,4841670,SC,8,8,2013
32011591,640470,4841375,SC,8,8,2013
32011592,641756,4841272,SC,8,8,2013
32011593,642746,4841218,SC,8,8,2013
32011594,643056,4841173,SC,8,8,2013
32011595,642854,4841174,SC,8,8,2013
32011596,642453,4840922,SC,8,8,2013
32011597,641355,4840926,SC,8,8,2013
32011598,641404,4840926,SC,8,8,2013
32011599,640251,4840727,SC,8,8,2013
32011600,640347,4840381,SC,8,8,2013
32011601,640953,4839923,SC,8,8,2013
32011602,642749,4838671,SC,8,8,2013
32011603,640110,4838533,SC,8,8,2013
32011604,643107,4838219,SC,8,8,2013
32011605,643107,4838168,SC,8,8,2013
32011606,638953,4837374,SC,8,8,2013
32011607,639261,4835920,SC,8,8,2013
32011608,642262,4835280,SC,8,8,2013
32011609,639949,4834373,SC,8,8,2013
32011610,639547,4831871,SC,8,8,2013
32011612,637598,4857979,BWC,8,8,2013
32011613,638553,4857582,BWC,8,8,2013
32011614,638801,4857585,BWC,8,8,2013
32011615,637003,4857574,BWC,8,8,2013
32011617,638705,4857178,BWC,8,8,2013
32011618,638710,4857126,BWC,8,8,2013
32011619,639052,4856714,BWC,8,8,2013
32011621,638554,4855472,BWC,8,8,2013
32011623,638598,4851479,BWC,8,8,2013
32011625,639203,4850728,BWC,8,8,2013
32011626,639152,4850721,BWC,8,8,2013
32011627,638356,4850626,BWC,8,8,2013
32011628,638550,4850577,BWC,8,8,2013
32011629,638957,4850563,BWC,8,8,2013
32011631,639600,4849427,BWC,8,8,2013
32011633,642152,4849122,BWC,8,8,2013
32011634,639400,4848874,BWC,8,8,2013
32011636,639955,4848228,BWC,8,8,2013
32011638,640355,4847880,BWC,8,8,2013
32011644,643207,4845727,BWC,8,8,2013
32011645,641158,4845673,BWC,8,8,2013
32011647,642702,4845574,BWC,8,8,2013
32011648,644257,4845474,BWC,8,8,2013
32011649,644460,4845479,BWC,8,8,2013
32011650,641959,4845374,BWC,8,8,2013
32011651,644703,4845217,BWC,8,8,2013
32011652,641854,4845228,BWC,8,8,2013
32011653,639507,4845224,BWC,8,8,2013
32011654,639205,4845120,BWC,8,8,2013
32011655,643506,4845074,BWC,8,8,2013
32011656,643651,4845071,BWC,8,8,2013
32011657,644393,4845037,BWC,8,8,2013
32011658,642100,4845024,BWC,8,8,2013
32011661,639155,4844570,BWC,8,8,2013
32011662,639352,4844475,BWC,8,8,2013
32011664,641905,4844122,BWC,8,8,2013
32011665,640098,4844120,BWC,8,8,2013
32011668,642099,4843662,BWC,8,8,2013
32011669,641109,4843674,BWC,8,8,2013
32011670,644248,4843626,BWC,8,8,2013
32011671,641458,4843473,BWC,8,8,2013
32011672,639454,4843424,BWC,8,8,2013
32011673,644153,4843385,BWC,8,8,2013
32011674,639655,4843330,BWC,8,8,2013
32011678,641507,4842679,BWC,8,8,2013
32011679,643166,4842630,BWC,8,8,2013
32011680,643210,4842580,BWC,8,8,2013
32011681,643406,4842518,BWC,8,8,2013
32011683,641759,4842323,BWC,8,8,2013
32011685,644307,4842130,BWC,8,8,2013
32011686,643860,4842076,BWC,8,8,2013
32011687,642301,4842033,BWC,8,8,2013
32011688,642154,4841776,BWC,8,8,2013
32011689,644154,4841717,BWC,8,8,2013
32011690,640508,4841675,BWC,8,8,2013
32011692,640211,4841424,BWC,8,8,2013
32011693,643858,4841070,BWC,8,8,2013
32011695,641800,4840832,BWC,8,8,2013
32011697,642951,4840782,BWC,8,8,2013
32011698,639951,4840727,BWC,8,8,2013
32011699,640955,4840724,BWC,8,8,2013
32011700,641606,4840719,BWC,8,8,2013
32011701,640260,4840677,BWC,8,8,2013
32011702,639905,4840631,BWC,8,8,2013
32011703,641411,4840583,BWC,8,8,2013
32011704,641809,4840580,BWC,8,8,2013
32011705,641351,4840529,BWC,8,8,2013
32011706,642257,4840469,BWC,8,8,2013
32011707,642598,4840476,BWC,8,8,2013
32011708,640113,4840375,BWC,8,8,2013
32011709,642648,4840283,BWC,8,8,2013
32011710,640403,4840220,BWC,8,8,2013
32011711,640201,4840071,BWC,8,8,2013
32011712,640448,4840074,BWC,8,8,2013
32011713,640357,4839223,BWC,8,8,2013
32011714,640158,4838820,BWC,8,8,2013
32011715,638948,4838075,BWC,8,8,2013
32011716,639510,4837614,BWC,8,8,2013
32011717,639000,4837526,BWC,8,8,2013
32011718,639709,4837468,BWC,8,8,2013
32011719,639940,4836826,BWC,8,8,2013
32011720,639509,4834376,BWC,8,8,2013
32011721,643060,4840528,IMP,8,8,2013
32011722,641809,4840369,IMP,8,8,2013
32011723,641605,4840277,IMP,8,8,2013
32011724,642049,4840131,IMP,8,8,2013
32011725,642308,4840124,IMP,8,8,2013
32011726,641658,4840013,IMP,8,8,2013
32011727,641407,4839875,IMP,8,8,2013
32011728,641448,4839813,IMP,8,8,2013
32011729,641706,4839826,IMP,8,8,2013
32011730,641706,4839726,IMP,8,8,2013
32011731,641210,4839574,IMP,8,8,2013
32011732,641204,4839531,IMP,8,8,2013
32011733,642302,4839521,IMP,8,8,2013
32011734,643304,4839531,IMP,8,8,2013
32011735,641002,4839278,IMP,8,8,2013
32011736,643203,4839025,IMP,8,8,2013
32011737,643155,4838977,IMP,8,8,2013
32011738,641248,4838936,IMP,8,8,2013
32011739,640649,4838829,IMP,8,8,2013
32011740,643154,4838817,IMP,8,8,2013
32011741,642110,4838769,IMP,8,8,2013
32011742,640561,4838629,IMP,8,8,2013
32011743,641754,4838571,IMP,8,8,2013
32011744,641850,4838474,IMP,8,8,2013
32011745,641254,4838419,IMP,8,8,2013
32011746,641918,4838357,IMP,8,8,2013
32011747,643102,4838264,IMP,8,8,2013
32011748,642649,4838168,IMP,8,8,2013
32011749,642705,4838173,IMP,8,8,2013
32011750,642309,4838122,IMP,8,8,2013
32011751,641201,4838027,IMP,8,8,2013
32011752,641254,4837984,IMP,8,8,2013
32011753,641601,4837973,IMP,8,8,2013
32011755,642011,4837762,IMP,8,8,2013
32011756,641511,4837725,IMP,8,8,2013
32011757,642204,4837563,IMP,8,8,2013
32011758,642694,4837573,IMP,8,8,2013
32011759,640303,4837378,IMP,8,8,2013
32011760,640700,4837384,IMP,8,8,2013
32011761,642755,4837283,IMP,8,8,2013
32011762,640751,4837075,IMP,8,8,2013
32011763,642702,4837082,IMP,8,8,2013
32011764,642961,4837073,IMP,8,8,2013
32011765,643104,4837076,IMP,8,8,2013
32011766,643154,4837078,IMP,8,8,2013
32011767,643402,4837078,IMP,8,8,2013
32011768,640505,4836932,IMP,8,8,2013
32011769,640902,4836932,IMP,8,8,2013
32011770,642509,4836878,IMP,8,8,2013
32011771,640904,4836827,IMP,8,8,2013
32011772,642703,4836826,IMP,8,8,2013
32011773,642959,4836776,IMP,8,8,2013
32011774,642653,4836713,IMP,8,8,2013
32011775,641595,4836430,IMP,8,8,2013
32011776,642155,4836421,IMP,8,8,2013
32011777,641452,4836372,IMP,8,8,2013
32011778,641658,4836311,IMP,8,8,2013
32011779,642756,4836184,IMP,8,8,2013
32011780,641303,4836032,IMP,8,8,2013
32011781,640758,4835979,IMP,8,8,2013
32011782,640754,4835727,IMP,8,8,2013
32011783,641103,4835621,IMP,8,8,2013
32011784,640604,4835473,IMP,8,8,2013
32011785,640406,4835325,IMP,8,8,2013
32011786,640002,4835263,IMP,8,8,2013
32011787,639553,4835224,IMP,8,8,2013
32011788,640199,4835127,IMP,8,8,2013
32011789,641151,4835127,IMP,8,8,2013
32011790,640202,4835070,IMP,8,8,2013
32011791,641004,4835073,IMP,8,8,2013
32011792,640755,4834827,IMP,8,8,2013
32011793,640049,4834626,IMP,8,8,2013
32011794,641543,4834630,IMP,8,8,2013
32011795,642797,4834632,IMP,8,8,2013
32011796,641547,4834578,IMP,8,8,2013
32011797,642899,4834460,IMP,8,8,2013
32011798,641202,4834227,IMP,8,8,2013
32011799,641655,4834180,IMP,8,8,2013
32011801,642659,4834069,IMP,8,8,2013
32011802,642760,4833979,IMP,8,8,2013
32011803,640452,4833883,IMP,8,8,2013
32011804,640549,4833826,IMP,8,8,2013
32011805,641357,4833813,IMP,8,8,2013
32011806,642701,4833836,IMP,8,8,2013
32011807,639351,4833725,IMP,8,8,2013
32011808,639351,4833681,IMP,8,8,2013
32011809,640351,4833627,IMP,8,8,2013
32011810,640649,4833629,IMP,8,8,2013
32011811,642153,4833626,IMP,8,8,2013
32011812,641808,4833535,IMP,8,8,2013
32011813,641198,4833419,IMP,8,8,2013
32011814,643001,4833380,IMP,8,8,2013
32011815,640556,4833327,IMP,8,8,2013
32011816,642901,4833337,IMP,8,8,2013
32011817,639800,4833223,IMP,8,8,2013
32011818,643496,4833224,IMP,8,8,2013
32011819,640305,4833180,IMP,8,8,2013
32011820,641249,4833019,IMP,8,8,2013
32011821,642300,4832981,IMP,8,8,2013
32011822,641803,4832932,IMP,8,8,2013
32011823,640658,4832784,IMP,8,8,2013
32011824,639606,4832678,IMP,8,8,2013
32011825,640304,4832677,IMP,8,8,2013
32011827,642801,4832430,IMP,8,8,2013
32011828,641005,4832370,IMP,8,8,2013
32011829,642198,4832336,IMP,8,8,2013
32011830,639948,4832281,IMP,8,8,2013
32011831,640752,4832274,IMP,8,8,2013
32011832,641353,4832183,IMP,8,8,2013
32011833,640304,4832131,IMP,8,8,2013
32011834,640798,4831968,IMP,8,8,2013
32011835,641599,4831978,IMP,8,8,2013
32011836,642301,4831973,IMP,8,8,2013
32011837,642403,4831964,IMP,8,8,2013
32011838,642260,4831928,IMP,8,8,2013
32011839,642746,4831821,IMP,8,8,2013
32011840,640397,4831776,IMP,8,8,2013
32011841,640694,4831775,IMP,8,8,2013
32011842,641548,4831780,IMP,8,8,2013
32011843,641800,4831777,IMP,8,8,2013
32011844,642205,4831777,IMP,8,8,2013
32011845,642704,4831730,IMP,8,8,2013
32011846,643002,4831627,IMP,8,8,2013
32011847,642653,4831488,IMP,8,8,2013
32011848,642549,4831423,IMP,8,8,2013
32011849,641253,4831320,IMP,8,8,2013
32011850,640501,4831276,IMP,8,8,2013
32011851,642752,4831267,IMP,8,8,2013
32011852,641758,4831229,IMP,8,8,2013
32011853,643008,4831233,IMP,8,8,2013
32011854,640253,4831126,IMP,8,8,2013
32011855,640699,4831130,IMP,8,8,2013
32011856,641554,4831123,IMP,8,8,2013
32011857,642056,4831068,IMP,8,8,2013
32011858,642953,4831083,IMP,8,8,2013
32011859,640852,4831027,IMP,8,8,2013
32011860,643151,4831029,IMP,8,8,2013
32011861,640255,4830929,IMP,8,8,2013
32011862,642500,4830922,IMP,8,8,2013
32011863,639855,4830834,IMP,8,8,2013
32011864,641000,4830820,IMP,8,8,2013
32011865,641703,4830822,IMP,8,8,2013
32011866,641900,4830826,IMP,8,8,2013
32011867,642558,4830721,IMP,8,8,2013
32011868,642951,4830726,IMP,8,8,2013
32011869,641150,4830674,IMP,8,8,2013
32011870,640203,4830525,IMP,8,8,2013
32011871,641757,4830479,IMP,8,8,2013
32011872,641655,4830423,IMP,8,8,2013
32011873,643054,4830418,IMP,8,8,2013
32011874,640757,4830368,IMP,8,8,2013
32011875,642503,4830369,IMP,8,8,2013
32011876,639753,4830332,IMP,8,8,2013
32011877,641997,4830323,IMP,8,8,2013
32011878,640905,4830222,IMP,8,8,2013
32011879,642558,4830225,IMP,8,8,2013
32011880,640500,4829977,IMP,8,8,2013
32011881,641460,4829975,IMP,8,8,2013
32011882,642405,4829976,IMP,8,8,2013
32011883,642065,4829923,IMP,8,8,2013
32011884,641349,4829928,IMP,8,8,2013
32011885,641556,4829921,IMP,8,8,2013
32011886,642314,4829823,IMP,8,8,2013
32011887,641452,4829783,IMP,8,8,2013
32011888,640103,4829731,IMP,8,8,2013
32011889,642658,4829719,IMP,8,8,2013
32011890,640801,4829722,IMP,8,8,2013
32011891,640057,4829620,IMP,8,8,2013
32011892,639857,4829378,IMP,8,8,2013
32011893,642405,4829380,IMP,8,8,2013
32011894,641702,4829320,IMP,8,8,2013
32011895,640807,4829226,IMP,8,8,2013
32011896,643306,4829073,IMP,8,8,2013
32011897,640851,4828930,IMP,8,8,2013
32011898,642005,4828871,IMP,8,8,2013
32011899,642805,4828427,IMP,8,8,2013
32011900,641705,4828367,IMP,8,8,2013
32011901,642052,4828375,IMP,8,8,2013
32011902,641961,4828281,IMP,8,8,2013
32011903,642407,4828166,IMP,8,8,2013
32011904,642354,4827971,IMP,8,8,2013
32011905,642512,4827816,IMP,8,8,2013
32011926,636704,4856861,MBC,8,8,2014
32011927,637852,4855514,MBC,8,8,2014
32011928,638645,4854619,MBC,8,8,2014
32011929,638753,4854514,MBC,8,8,2014
32011930,638549,4854215,MBC,8,8,2014
32011931,639108,4853906,MBC,8,8,2014
32011932,639460,4850915,MBC,8,8,2014
32011933,639501,4850664,MBC,8,8,2014
32011935,640348,4849318,MBC,8,8,2014
32011936,640855,4849218,MBC,8,8,2014
32011937,640807,4848762,MBC,8,8,2014
32011938,641098,4847663,MBC,8,8,2014
32011939,640748,4847060,MBC,8,8,2014
32011940,640755,4846718,MBC,8,8,2014
32011941,640958,4846014,MBC,8,8,2014
32011942,640761,4845465,MBC,8,8,2014
32011943,640752,4845317,MBC,8,8,2014
32011944,640660,4844662,MBC,8,8,2014
32011945,640600,4844361,MBC,8,8,2014
32011946,640803,4844354,MBC,8,8,2014
32011947,640602,4844315,MBC,8,8,2014
32011948,640699,4844315,MBC,8,8,2014
32011949,640756,4844269,MBC,8,8,2014
32011950,640600,4844168,MBC,8,8,2014
32011951,640559,4844109,MBC,8,8,2014
32011952,640601,4844112,MBC,8,8,2014
32011953,640700,4843918,MBC,8,8,2014
32011954,640800,4843806,MBC,8,8,2014
32011955,640702,4843763,MBC,8,8,2014
32011956,640600,4843710,MBC,8,8,2014
32011957,640801,4843669,MBC,8,8,2014
32011958,640608,4843619,MBC,8,8,2014
32011959,640256,4843509,MBC,8,8,2014
32011960,640602,4843307,MBC,8,8,2014
32011961,640253,4843307,MBC,8,8,2014
32011962,640146,4842962,MBC,8,8,2014
32011963,640257,4842220,MBC,8,8,2014
32011964,640254,4842121,MBC,8,8,2014
32011965,640303,4842106,MBC,8,8,2014
32011966,640247,4841909,MBC,8,8,2014
32011967,639697,4841414,MBC,8,8,2014
32011968,639603,4841211,MBC,8,8,2014
32011969,639658,4840761,MBC,8,8,2014
32011970,639706,4839218,MBC,8,8,2014
32011971,639705,4838963,MBC,8,8,2014
32011972,639753,4838860,MBC,8,8,2014
32011973,639801,4838820,MBC,8,8,2014
32011974,639253,4838712,MBC,8,8,2014
32011975,639601,4838615,MBC,8,8,2014
32011976,639560,4838459,MBC,8,8,2014
32011977,639814,4837610,MBC,8,8,2014
32011978,639548,4837509,MBC,8,8,2014
32011979,640002,4837460,MBC,8,8,2014
32011980,639657,4837417,MBC,8,8,2014
32011981,639599,4837415,MBC,8,8,2014
32011982,640008,4836813,MBC,8,8,2014
32011983,640004,4836760,MBC,8,8,2014
32011984,640349,4836563,MBC,8,8,2014
32011985,640353,4836462,MBC,8,8,2014
32011986,640413,4836412,MBC,8,8,2014
32011988,641054,4836212,MBC,8,8,2014
32011989,641504,4835667,MBC,8,8,2014
32011990,641604,4835372,MBC,8,8,2014
32011991,641803,4835068,MBC,8,8,2014
32011992,641907,4834607,MBC,8,8,2014
32011993,643301,4832463,MBC,8,8,2014
32011994,642901,4827807,MBC,8,8,2014
32011995,642513,4826414,MBC,8,8,2014
32011996,637260,4856970,SC,8,8,2014
32011997,639246,4856462,SC,8,8,2014
32011998,637754,4856458,SC,8,8,2014
32011999,639256,4856418,SC,8,8,2014
32012000,638004,4856218,SC,8,8,2014
32012001,638005,4856168,SC,8,8,2014
32012002,637248,4855762,SC,8,8,2014
32012003,639151,4854463,SC,8,8,2014
32012004,638803,4853622,SC,8,8,2014
32012005,638958,4853062,SC,8,8,2014
32012006,639003,4852560,SC,8,8,2014
32012007,640349,4851362,SC,8,8,2014
32012008,640357,4851265,SC,8,8,2014
32012009,640356,4851117,SC,8,8,2014
32012010,641755,4849520,SC,8,8,2014
32012011,641298,4849116,SC,8,8,2014
32012012,641400,4848809,SC,8,8,2014
32012013,641503,4848814,SC,8,8,2014
32012014,642504,4847217,SC,8,8,2014
32012015,642311,4846364,SC,8,8,2014
32012016,642851,4846168,SC,8,8,2014
32012017,642905,4846161,SC,8,8,2014
32012018,641356,4845911,SC,8,8,2014
32012019,643152,4845868,SC,8,8,2014
32012020,642104,4844970,SC,8,8,2014
32012021,642203,4844167,SC,8,8,2014
32012022,641501,4844164,SC,8,8,2014
32012023,642158,4843719,SC,8,8,2014
32012024,642200,4843460,SC,8,8,2014
32012027,641950,4843362,SC,8,8,2014
32012028,641810,4843120,SC,8,8,2014
32012029,644606,4843070,SC,8,8,2014
32012030,644102,4842819,SC,8,8,2014
32012031,641447,4842764,SC,8,8,2014
32012032,640753,4842166,SC,8,8,2014
32012033,640756,4842013,SC,8,8,2014
32012034,640608,4841963,SC,8,8,2014
32012035,640256,4841818,SC,8,8,2014
32012037,640254,4841761,SC,8,8,2014
32012038,641705,4841510,SC,8,8,2014
32012039,642248,4841419,SC,8,8,2014
32012040,642702,4841215,SC,8,8,2014
32012041,640803,4841065,SC,8,8,2014
32012043,641451,4840917,SC,8,8,2014
32012044,641955,4840565,SC,8,8,2014
32012045,641859,4840566,SC,8,8,2014
32012046,642708,4840362,SC,8,8,2014
32012047,640705,4838965,SC,8,8,2014
32012048,642705,4838963,SC,8,8,2014
32012049,642713,4838663,SC,8,8,2014
32012050,642809,4838369,SC,8,8,2014
32012051,642912,4838365,SC,8,8,2014
32012052,642962,4838359,SC,8,8,2014
32012053,640011,4837967,SC,8,8,2014
32012054,639154,4836453,SC,8,8,2014
32012055,639303,4835768,SC,8,8,2014
32012056,639603,4835763,SC,8,8,2014
32012057,639352,4835457,SC,8,8,2014
32012058,639204,4834866,SC,8,8,2014
32012059,640002,4832861,SC,8,8,2014
32012060,639748,4832205,SC,8,8,2014
32012061,638606,4858469,BWC,8,8,2014
32012062,637705,4857712,BWC,8,8,2014
32012063,638552,4857658,BWC,8,8,2014
32012064,638453,4857565,BWC,8,8,2014
32012065,638451,4857516,BWC,8,8,2014
32012066,637052,4857519,BWC,8,8,2014
32012067,638856,4857209,BWC,8,8,2014
32012068,638454,4857159,BWC,8,8,2014
32012069,638751,4856613,BWC,8,8,2014
32012070,639307,4855918,BWC,8,8,2014
32012071,638557,4855418,BWC,8,8,2014
32012072,639706,4852872,BWC,8,8,2014
32012073,639547,4852361,BWC,8,8,2014
32012074,638396,4851016,BWC,8,8,2014
32012075,638847,4850615,BWC,8,8,2014
32012076,638207,4850568,BWC,8,8,2014
32012077,638109,4850468,BWC,8,8,2014
32012078,638659,4850266,BWC,8,8,2014
32012079,638709,4850169,BWC,8,8,2014
32012080,639152,4850015,BWC,8,8,2014
32012081,639555,4849415,BWC,8,8,2014
32012082,641756,4849406,BWC,8,8,2014
32012083,641908,4849119,BWC,8,8,2014
32012084,639459,4848959,BWC,8,8,2014
32012085,642052,4848758,BWC,8,8,2014
32012086,641907,4848664,BWC,8,8,2014
32012087,641853,4848262,BWC,8,8,2014
32012088,642301,4848265,BWC,8,8,2014
32012089,643157,4846712,BWC,8,8,2014
32012090,642650,4846459,BWC,8,8,2014
32012092,644203,4846214,BWC,8,8,2014
32012093,644251,4846115,BWC,8,8,2014
32012094,643755,4845609,BWC,8,8,2014
32012095,639151,4845612,BWC,8,8,2014
32012096,644155,4845566,BWC,8,8,2014
32012097,642902,4845564,BWC,8,8,2014
32012098,639202,4845569,BWC,8,8,2014
32012099,641306,4845466,BWC,8,8,2014
32012100,639303,4845463,BWC,8,8,2014
32012101,639250,4845413,BWC,8,8,2014
32012102,641910,4845366,BWC,8,8,2014
32012103,639307,4845362,BWC,8,8,2014
32012104,644553,4845320,BWC,8,8,2014
32012105,642947,4845268,BWC,8,8,2014
32012106,641109,4845264,BWC,8,8,2014
32012107,641799,4844369,BWC,8,8,2014
32012108,641996,4844263,BWC,8,8,2014
32012109,640059,4844055,BWC,8,8,2014
32012110,639763,4843714,BWC,8,8,2014
32012111,641153,4843516,BWC,8,8,2014
32012112,642304,4843515,BWC,8,8,2014
32012113,641613,4843465,BWC,8,8,2014
32012114,643001,4843314,BWC,8,8,2014
32012115,644711,4843266,BWC,8,8,2014
32012116,639707,4843216,BWC,8,8,2014
32012117,639657,4842961,BWC,8,8,2014
32012118,643100,4842466,BWC,8,8,2014
32012119,642012,4842368,BWC,8,8,2014
32012120,639401,4842354,BWC,8,8,2014
32012121,644405,4842064,BWC,8,8,2014
32012122,640450,4841955,BWC,8,8,2014
32012123,643111,4841910,BWC,8,8,2014
32012124,642708,4841863,BWC,8,8,2014
32012125,641801,4841813,BWC,8,8,2014
32012126,644256,4841811,BWC,8,8,2014
32012127,643602,4841819,BWC,8,8,2014
32012128,639253,4841703,BWC,8,8,2014
32012129,643655,4841663,BWC,8,8,2014
32012130,642856,4841612,BWC,8,8,2014
32012131,643654,4841308,BWC,8,8,2014
32012132,640454,4841314,BWC,8,8,2014
32012133,643401,4841317,BWC,8,8,2014
32012134,640754,4841156,BWC,8,8,2014
32012135,639809,4841055,BWC,8,8,2014
32012136,643303,4841012,BWC,8,8,2014
32012137,643752,4841019,BWC,8,8,2014
32012138,642301,4840964,BWC,8,8,2014
32012139,641255,4840867,BWC,8,8,2014
32012140,641655,4840815,BWC,8,8,2014
32012141,641609,4840765,BWC,8,8,2014
32012142,643161,4840717,BWC,8,8,2014
32012143,643011,4840513,BWC,8,8,2014
32012144,641650,4840509,BWC,8,8,2014
32012145,643757,4840511,BWC,8,8,2014
32012146,641158,4840462,BWC,8,8,2014
32012147,641704,4840462,BWC,8,8,2014
32012148,641352,4840356,BWC,8,8,2014
32012149,640009,4840310,BWC,8,8,2014
32012150,641351,4840259,BWC,8,8,2014
32012151,642151,4840259,BWC,8,8,2014
32012152,640363,4840065,BWC,8,8,2014
32012153,640353,4840009,BWC,8,8,2014
32012154,641008,4840012,BWC,8,8,2014
32012155,641057,4839961,BWC,8,8,2014
32012156,640110,4839817,BWC,8,8,2014
32012157,641254,4839556,BWC,8,8,2014
32012158,640505,4839459,BWC,8,8,2014
32012159,640555,4839358,BWC,8,8,2014
32012160,640158,4838455,BWC,8,8,2014
32012161,639858,4838115,BWC,8,8,2014
32012162,638957,4837115,BWC,8,8,2014
32012163,639757,4836159,BWC,8,8,2014
32012164,639901,4836161,BWC,8,8,2014
32012165,639554,4836117,BWC,8,8,2014
32012166,639555,4835866,BWC,8,8,2014
32012167,640396,4835511,BWC,8,8,2014
32012168,640455,4835320,BWC,8,8,2014
32012169,639795,4835313,BWC,8,8,2014
32012170,643160,4834015,BWC,8,8,2014
32012171,643551,4840316,IMP,8,8,2014
32012172,643607,4840216,IMP,8,8,2014
32012173,642963,4840113,IMP,8,8,2014
32012174,643108,4839963,IMP,8,8,2014
32012175,642053,4839912,IMP,8,8,2014
32012176,642655,4839912,IMP,8,8,2014
32012177,641851,4839856,IMP,8,8,2014
32012178,642658,4839857,IMP,8,8,2014
32012179,643004,4839857,IMP,8,8,2014
32012180,641758,4839765,IMP,8,8,2014
32012181,643351,4839567,IMP,8,8,2014
32012182,642506,4839508,IMP,8,8,2014
32012183,642408,4839407,IMP,8,8,2014
32012184,641359,4839313,IMP,8,8,2014
32012185,642005,4839309,IMP,8,8,2014
32012186,642355,4839314,IMP,8,8,2014
32012187,642906,4839314,IMP,8,8,2014
32012188,642448,4839213,IMP,8,8,2014
32012189,642596,4839157,IMP,8,8,2014
32012190,641757,4839063,IMP,8,8,2014
32012191,641803,4839062,IMP,8,8,2014
32012192,642204,4838813,IMP,8,8,2014
32012193,641597,4838658,IMP,8,8,2014
32012194,642261,4838658,IMP,8,8,2014
32012195,641707,4838621,IMP,8,8,2014
32012196,641552,4838517,IMP,8,8,2014
32012197,643313,4838512,IMP,8,8,2014
32012198,642304,4838467,IMP,8,8,2014
32012199,642247,4838406,IMP,8,8,2014
32012200,640507,4838212,IMP,8,8,2014
32012201,642350,4838168,IMP,8,8,2014
32012202,643103,4838172,IMP,8,8,2014
32012203,641801,4838020,IMP,8,8,2014
32012204,640652,4837916,IMP,8,8,2014
32012205,641952,4837863,IMP,8,8,2014
32012206,640204,4837814,IMP,8,8,2014
32012207,640251,4837816,IMP,8,8,2014
32012208,640504,4837757,IMP,8,8,2014
32012209,642203,4837767,IMP,8,8,2014
32012210,640256,4837710,IMP,8,8,2014
32012211,640709,4837554,IMP,8,8,2014
32012212,641460,4837560,IMP,8,8,2014
32012213,641499,4837470,IMP,8,8,2014
32012214,642304,4837465,IMP,8,8,2014
32012215,642262,4837409,IMP,8,8,2014
32012216,641208,4837368,IMP,8,8,2014
32012217,641001,4837162,IMP,8,8,2014
32012218,642951,4837114,IMP,8,8,2014
32012219,642999,4837064,IMP,8,8,2014
32012220,643055,4837064,IMP,8,8,2014
32012221,643105,4837012,IMP,8,8,2014
32012222,642702,4836970,IMP,8,8,2014
32012223,642955,4836963,IMP,8,8,2014
32012224,641407,4836822,IMP,8,8,2014
32012225,641398,4836566,IMP,8,8,2014
32012226,641152,4836464,IMP,8,8,2014
32012227,642256,4836371,IMP,8,8,2014
32012228,641061,4836359,IMP,8,8,2014
32012229,642155,4836316,IMP,8,8,2014
32012230,642405,4836009,IMP,8,8,2014
32012231,642452,4835869,IMP,8,8,2014
32012232,643160,4835869,IMP,8,8,2014
32012233,641351,4835716,IMP,8,8,2014
32012234,642661,4835619,IMP,8,8,2014
32012235,640304,4835171,IMP,8,8,2014
32012236,642057,4834964,IMP,8,8,2014
32012237,640399,4834910,IMP,8,8,2014
32012238,641150,4834914,IMP,8,8,2014
32012239,642004,4834864,IMP,8,8,2014
32012240,639659,4834818,IMP,8,8,2014
32012241,639649,4834759,IMP,8,8,2014
32012242,641510,4834764,IMP,8,8,2014
32012243,642457,4834672,IMP,8,8,2014
32012244,640657,4834306,IMP,8,8,2014
32012245,640355,4834205,IMP,8,8,2014
32012246,640813,4834213,IMP,8,8,2014
32012247,640205,4834109,IMP,8,8,2014
32012248,639456,4834061,IMP,8,8,2014
32012249,641702,4834059,IMP,8,8,2014
32012250,639703,4833965,IMP,8,8,2014
32012251,639361,4833765,IMP,8,8,2014
32012252,639753,4833770,IMP,8,8,2014
32012253,641449,4833615,IMP,8,8,2014
32012254,641803,4833565,IMP,8,8,2014
32012255,640952,4833459,IMP,8,8,2014
32012256,643450,4833417,IMP,8,8,2014
32012257,640299,4833365,IMP,8,8,2014
32012258,642106,4833315,IMP,8,8,2014
32012259,640451,4833267,IMP,8,8,2014
32012260,640804,4833262,IMP,8,8,2014
32012261,641950,4833265,IMP,8,8,2014
32012262,643450,4833210,IMP,8,8,2014
32012264,643405,4833166,IMP,8,8,2014
32012265,642852,4833170,IMP,8,8,2014
32012266,642853,4833114,IMP,8,8,2014
32012267,639456,4833067,IMP,8,8,2014
32012268,642106,4833062,IMP,8,8,2014
32012269,642200,4833064,IMP,8,8,2014
32012270,642756,4833017,IMP,8,8,2014
32012271,643499,4832964,IMP,8,8,2014
32012272,639703,4832905,IMP,8,8,2014
32012273,642954,4832919,IMP,8,8,2014
32012274,641346,4832816,IMP,8,8,2014
32012275,642156,4832806,IMP,8,8,2014
32012276,641659,4832765,IMP,8,8,2014
32012277,642355,4832714,IMP,8,8,2014
32012278,642506,4832719,IMP,8,8,2014
32012279,640508,4832565,IMP,8,8,2014
32012280,639560,4832457,IMP,8,8,2014
32012281,640746,4832466,IMP,8,8,2014
32012282,641959,4832472,IMP,8,8,2014
32012283,640254,4832413,IMP,8,8,2014
32012284,641002,4832417,IMP,8,8,2014
32012285,641204,4832415,IMP,8,8,2014
32012286,642056,4832406,IMP,8,8,2014
32012287,642195,4832411,IMP,8,8,2014
32012288,641964,4832362,IMP,8,8,2014
32012289,639407,4832310,IMP,8,8,2014
32012290,642606,4832263,IMP,8,8,2014
32012291,641357,4832060,IMP,8,8,2014
32012292,641156,4832011,IMP,8,8,2014
32012293,641061,4831909,IMP,8,8,2014
32012294,640655,4831808,IMP,8,8,2014
32012295,642300,4831663,IMP,8,8,2014
32012296,642607,4831618,IMP,8,8,2014
32012297,640305,4831511,IMP,8,8,2014
32012298,641195,4831513,IMP,8,8,2014
32012299,643151,4831521,IMP,8,8,2014
32012300,641805,4831458,IMP,8,8,2014
32012301,643000,4831465,IMP,8,8,2014
32012302,643052,4831418,IMP,8,8,2014
32012303,641056,4831308,IMP,8,8,2014
32012304,641606,4831254,IMP,8,8,2014
32012305,643204,4831167,IMP,8,8,2014
32012306,640353,4831110,IMP,8,8,2014
32012307,642908,4831114,IMP,8,8,2014
32012308,639557,4831107,IMP,8,8,2014
32012309,641402,4831058,IMP,8,8,2014
32012310,641606,4830965,IMP,8,8,2014
32012311,641801,4830962,IMP,8,8,2014
32012312,640410,4830908,IMP,8,8,2014
32012313,640402,4830861,IMP,8,8,2014
32012314,639907,4830813,IMP,8,8,2014
32012315,640349,4830816,IMP,8,8,2014
32012316,641899,4830764,IMP,8,8,2014
32012317,641506,4830609,IMP,8,8,2014
32012318,640149,4830569,IMP,8,8,2014
32012319,641002,4830559,IMP,8,8,2014
32012320,641857,4830562,IMP,8,8,2014
32012321,642855,4830566,IMP,8,8,2014
32012322,642155,4830413,IMP,8,8,2014
32012323,642352,4830365,IMP,8,8,2014
32012324,640659,4830256,IMP,8,8,2014
32012325,642557,4830260,IMP,8,8,2014
32012326,641653,4830171,IMP,8,8,2014
32012327,639798,4830115,IMP,8,8,2014
32012328,640509,4830063,IMP,8,8,2014
32012329,641957,4830067,IMP,8,8,2014
32012330,640410,4829971,IMP,8,8,2014
32012331,642909,4829860,IMP,8,8,2014
32012332,639905,4829806,IMP,8,8,2014
32012333,641861,4829814,IMP,8,8,2014
32012334,640859,4829763,IMP,8,8,2014
32012335,641206,4829719,IMP,8,8,2014
32012336,640903,4829660,IMP,8,8,2014
32012337,641756,4829565,IMP,8,8,2014
32012338,641904,4829567,IMP,8,8,2014
32012339,641348,4829520,IMP,8,8,2014
32012340,641955,4829515,IMP,8,8,2014
32012341,642504,4829421,IMP,8,8,2014
32012342,641555,4829363,IMP,8,8,2014
32012343,642004,4829312,IMP,8,8,2014
32012344,640211,4829217,IMP,8,8,2014
32012345,642255,4829212,IMP,8,8,2014
32012346,640257,4829158,IMP,8,8,2014
32012347,643457,4829164,IMP,8,8,2014
32012348,641897,4828969,IMP,8,8,2014
32012349,642707,4828960,IMP,8,8,2014
32012350,641249,4828912,IMP,8,8,2014
32012351,642054,4828716,IMP,8,8,2014
32012352,642411,4827966,IMP,8,8,2014
32012353,642255,4827865,IMP,8,8,2014
32012354,642304,4827813,IMP,8,8,2014
32012355,642351,4827161,IMP,8,8,2014
32012376,636901,4857317,MBC,8,8,2015
32012377,636910,4857209,MBC,8,8,2015
32012378,637112,4856717,MBC,8,8,2015
32012379,637110,4856616,MBC,8,8,2015
32012380,637050,4855972,MBC,8,8,2015
32012381,637557,4855908,MBC,8,8,2015
32012382,638302,4854820,MBC,8,8,2015
32012383,638402,4854269,MBC,8,8,2015
32012384,638909,4854010,MBC,8,8,2015
32012385,640202,4853010,MBC,8,8,2015
32012386,639611,4851263,MBC,8,8,2015
32012387,639657,4851257,MBC,8,8,2015
32012388,639557,4851111,MBC,8,8,2015
32012389,639507,4850756,MBC,8,8,2015
32012390,639501,4850659,MBC,8,8,2015
32012391,639457,4850565,MBC,8,8,2015
32012392,640355,4849819,MBC,8,8,2015
32012393,641306,4848808,MBC,8,8,2015
32012394,641109,4848515,MBC,8,8,2015
32012395,641156,4848470,MBC,8,8,2015
32012396,641056,4848414,MBC,8,8,2015
32012397,641104,4847713,MBC,8,8,2015
32012398,640853,4847114,MBC,8,8,2015
32012399,640757,4846970,MBC,8,8,2015
32012400,640909,4845958,MBC,8,8,2015
32012401,640857,4845808,MBC,8,8,2015
32012402,640608,4844761,MBC,8,8,2015
32012403,640610,4844708,MBC,8,8,2015
32012404,640659,4844409,MBC,8,8,2015
32012405,640550,4844265,MBC,8,8,2015
32012406,640709,4844217,MBC,8,8,2015
32012407,640755,4844212,MBC,8,8,2015
32012408,640748,4843763,MBC,8,8,2015
32012409,640696,4843715,MBC,8,8,2015
32012410,640659,4843566,MBC,8,8,2015
32012411,640657,4843315,MBC,8,8,2015
32012412,640251,4843057,MBC,8,8,2015
32012413,640162,4842921,MBC,8,8,2015
32012414,640152,4842874,MBC,8,8,2015
32012415,639957,4842321,MBC,8,8,2015
32012416,639855,4842223,MBC,8,8,2015
32012417,639960,4841812,MBC,8,8,2015
32012418,639650,4841346,MBC,8,8,2015
32012419,639755,4840262,MBC,8,8,2015
32012420,639763,4839761,MBC,8,8,2015
32012421,639208,4839319,MBC,8,8,2015
32012422,639750,4838764,MBC,8,8,2015
32012423,639563,4838415,MBC,8,8,2015
32012424,639604,4837862,MBC,8,8,2015
32012425,639255,4837811,MBC,8,8,2015
32012426,639661,4837811,MBC,8,8,2015
32012427,640108,4836570,MBC,8,8,2015
32012428,640404,4836515,MBC,8,8,2015
32012429,640502,4836308,MBC,8,8,2015
32012430,640560,4836312,MBC,8,8,2015
32012432,640657,4836259,MBC,8,8,2015
32012433,640896,4836211,MBC,8,8,2015
32012434,640951,4836219,MBC,8,8,2015
32012435,641552,4835510,MBC,8,8,2015
32012436,641599,4835216,MBC,8,8,2015
32012437,641806,4835024,MBC,8,8,2015
32012438,641552,4834873,MBC,8,8,2015
32012439,642059,4834363,MBC,8,8,2015
32012440,643014,4832609,MBC,8,8,2015
32012441,643208,4832413,MBC,8,8,2015
32012442,642499,4826912,MBC,8,8,2015
32012443,642509,4826665,MBC,8,8,2015
32012444,642554,4826363,MBC,8,8,2015
32012445,642605,4826360,MBC,8,8,2015
32012446,637502,4856715,SC,8,8,2015
32012447,637759,4856508,SC,8,8,2015
32012449,638059,4855917,SC,8,8,2015
32012450,639156,4855325,SC,8,8,2015
32012452,638456,4854973,SC,8,8,2015
32012453,639399,4854671,SC,8,8,2015
32012454,638902,4852963,SC,8,8,2015
32012456,641056,4849257,SC,8,8,2015
32012457,642407,4848718,SC,8,8,2015
32012458,640957,4848208,SC,8,8,2015
32012459,640903,4847711,SC,8,8,2015
32012460,642497,4847412,SC,8,8,2015
32012461,641405,4846862,SC,8,8,2015
32012462,642410,4846311,SC,8,8,2015
32012463,642302,4845561,SC,8,8,2015
32012464,643757,4845223,SC,8,8,2015
32012465,642261,4845161,SC,8,8,2015
32012466,643955,4845018,SC,8,8,2015
32012467,641505,4844916,SC,8,8,2015
32012468,642251,4844925,SC,8,8,2015
32012469,642307,4844612,SC,8,8,2015
32012470,642356,4844634,SC,8,8,2015
32012471,640856,4844415,SC,8,8,2015
32012472,643652,4844312,SC,8,8,2015
32012473,642556,4844119,SC,8,8,2015
32012474,641446,4843869,SC,8,8,2015
32012475,642111,4843818,SC,8,8,2015
32012476,641709,4843813,SC,8,8,2015
32012477,642051,4843617,SC,8,8,2015
32012478,641949,4843366,SC,8,8,2015
32012479,641312,4843066,SC,8,8,2015
32012480,640709,4843015,SC,8,8,2015
32012481,641009,4842822,SC,8,8,2015
32012482,644106,4842824,SC,8,8,2015
32012483,641612,4842363,SC,8,8,2015
32012484,641601,4842219,SC,8,8,2015
32012485,641564,4842165,SC,8,8,2015
32012486,641651,4842022,SC,8,8,2015
32012487,641658,4841920,SC,8,8,2015
32012488,641751,4841567,SC,8,8,2015
32012489,641754,4841374,SC,8,8,2015
32012490,639904,4841168,SC,8,8,2015
32012491,640455,4841162,SC,8,8,2015
32012492,642950,4841017,SC,8,8,2015
32012493,642812,4840972,SC,8,8,2015
32012494,642456,4840770,SC,8,8,2015
32012495,641360,4840568,SC,8,8,2015
32012496,640407,4840420,SC,8,8,2015
32012497,642997,4839315,SC,8,8,2015
32012498,640951,4839172,SC,8,8,2015
32012499,642705,4838658,SC,8,8,2015
32012500,643057,4837960,SC,8,8,2015
32012501,642902,4837908,SC,8,8,2015
32012502,642656,4837910,SC,8,8,2015
32012503,639254,4837308,SC,8,8,2015
32012504,642355,4836911,SC,8,8,2015
32012505,639107,4836724,SC,8,8,2015
32012506,639395,4835876,SC,8,8,2015
32012507,639602,4835173,SC,8,8,2015
32012508,642157,4834614,SC,8,8,2015
32012509,642507,4833513,SC,8,8,2015
32012510,639909,4831966,SC,8,8,2015
32012511,638206,4858367,BWC,8,8,2015
32012512,638696,4857933,BWC,8,8,2015
32012513,637856,4857521,BWC,8,8,2015
32012514,638757,4857372,BWC,8,8,2015
32012515,638455,4857018,BWC,8,8,2015
32012516,638757,4856825,BWC,8,8,2015
32012518,639703,4853156,BWC,8,8,2015
32012519,638906,4851171,BWC,8,8,2015
32012520,639058,4850658,BWC,8,8,2015
32012521,638158,4850269,BWC,8,8,2015
32012522,638609,4850212,BWC,8,8,2015
32012523,639353,4850064,BWC,8,8,2015
32012524,638457,4850016,BWC,8,8,2015
32012525,640454,4849919,BWC,8,8,2015
32012526,642403,4848413,BWC,8,8,2015
32012527,640854,4847928,BWC,8,8,2015
32012528,640349,4847871,BWC,8,8,2015
32012529,640353,4847708,BWC,8,8,2015
32012530,642108,4847418,BWC,8,8,2015
32012532,642802,4846419,BWC,8,8,2015
32012533,643058,4846368,BWC,8,8,2015
32012534,643996,4846255,BWC,8,8,2015
32012535,642956,4846259,BWC,8,8,2015
32012536,643549,4846057,BWC,8,8,2015
32012537,643299,4845865,BWC,8,8,2015
32012538,639855,4845772,BWC,8,8,2015
32012539,644356,4845666,BWC,8,8,2015
32012540,641857,4845611,BWC,8,8,2015
32012542,644460,4845473,BWC,8,8,2015
32012543,641855,4845407,BWC,8,8,2015
32012544,644252,4845366,BWC,8,8,2015
32012545,641613,4845212,BWC,8,8,2015
32012546,639305,4845168,BWC,8,8,2015
32012548,641204,4844868,BWC,8,8,2015
32012549,643799,4844717,BWC,8,8,2015
32012550,642662,4844664,BWC,8,8,2015
32012551,639657,4844616,BWC,8,8,2015
32012552,643808,4844571,BWC,8,8,2015
32012553,639300,4844464,BWC,8,8,2015
32012554,639660,4844466,BWC,8,8,2015
32012555,639752,4844359,BWC,8,8,2015
32012556,641605,4844322,BWC,8,8,2015
32012557,639406,4844165,BWC,8,8,2015
32012558,639859,4843957,BWC,8,8,2015
32012559,642450,4843822,BWC,8,8,2015
32012560,639901,4843771,BWC,8,8,2015
32012561,639554,4843704,BWC,8,8,2015
32012562,641310,4843671,BWC,8,8,2015
32012563,639547,4843172,BWC,8,8,2015
32012564,639658,4843061,BWC,8,8,2015
32012565,643058,4842761,BWC,8,8,2015
32012566,639506,4842761,BWC,8,8,2015
32012567,640857,4842715,BWC,8,8,2015
32012568,644054,4842673,BWC,8,8,2015
32012569,639456,4842618,BWC,8,8,2015
32012570,640555,4842309,BWC,8,8,2015
32012571,643100,4842313,BWC,8,8,2015
32012572,644208,4842169,BWC,8,8,2015
32012573,641852,4842171,BWC,8,8,2015
32012574,642145,4842166,BWC,8,8,2015
32012575,644201,4841960,BWC,8,8,2015
32012576,642752,4841866,BWC,8,8,2015
32012577,643055,4841815,BWC,8,8,2015
32012578,644205,4841715,BWC,8,8,2015
32012579,640345,4841706,BWC,8,8,2015
32012580,643902,4841658,BWC,8,8,2015
32012581,642049,4841611,BWC,8,8,2015
32012582,643547,4841511,BWC,8,8,2015
32012583,644102,4841516,BWC,8,8,2015
32012584,640950,4841360,BWC,8,8,2015
32012585,640699,4841312,BWC,8,8,2015
32012586,640707,4841264,BWC,8,8,2015
32012587,643953,4841157,BWC,8,8,2015
32012588,642554,4841066,BWC,8,8,2015
32012589,643111,4841016,BWC,8,8,2015
32012591,641154,4840812,BWC,8,8,2015
32012594,643300,4840607,BWC,8,8,2015
32012595,642359,4840571,BWC,8,8,2015
32012596,640204,4840463,BWC,8,8,2015
32012597,642059,4840416,BWC,8,8,2015
32012598,641604,4840314,BWC,8,8,2015
32012599,642063,4840256,BWC,8,8,2015
32012600,641107,4840060,BWC,8,8,2015
32012601,640210,4840017,BWC,8,8,2015
32012602,641005,4839720,BWC,8,8,2015
32012603,640299,4839665,BWC,8,8,2015
32012604,640402,4839516,BWC,8,8,2015
32012605,640710,4839208,BWC,8,8,2015
32012606,641107,4839215,BWC,8,8,2015
32012607,640257,4839163,BWC,8,8,2015
32012608,640355,4838915,BWC,8,8,2015
32012609,638844,4838117,BWC,8,8,2015
32012611,640051,4836469,BWC,8,8,2015
32012612,639608,4836414,BWC,8,8,2015
32012613,639704,4836064,BWC,8,8,2015
32012614,639857,4835762,BWC,8,8,2015
32012615,640204,4835766,BWC,8,8,2015
32012616,640402,4835716,BWC,8,8,2015
32012617,640551,4835659,BWC,8,8,2015
32012618,640304,4835512,BWC,8,8,2015
32012619,639456,4835466,BWC,8,8,2015
32012620,640407,4835312,BWC,8,8,2015
32012621,643549,4840309,IMP,8,8,2015
32012622,641548,4840019,IMP,8,8,2015
32012623,641550,4839657,IMP,8,8,2015
32012624,642455,4839666,IMP,8,8,2015
32012625,641959,4839557,IMP,8,8,2015
32012626,643258,4839420,IMP,8,8,2015
32012627,641456,4839373,IMP,8,8,2015
32012628,641952,4839365,IMP,8,8,2015
32012629,641800,4839321,IMP,8,8,2015
32012630,642252,4839270,IMP,8,8,2015
32012631,643006,4839265,IMP,8,8,2015
32012632,641311,4839215,IMP,8,8,2015
32012633,641509,4839117,IMP,8,8,2015
32012634,641097,4839064,IMP,8,8,2015
32012635,642462,4838962,IMP,8,8,2015
32012636,643100,4838914,IMP,8,8,2015
32012637,641501,4838816,IMP,8,8,2015
32012638,641905,4838807,IMP,8,8,2015
32012639,642005,4838760,IMP,8,8,2015
32012640,640662,4838714,IMP,8,8,2015
32012641,641604,4838717,IMP,8,8,2015
32012642,640751,4838670,IMP,8,8,2015
32012643,641455,4838669,IMP,8,8,2015
32012644,642961,4838569,IMP,8,8,2015
32012645,642206,4838511,IMP,8,8,2015
32012646,640954,4838473,IMP,8,8,2015
32012647,642011,4838316,IMP,8,8,2015
32012648,642502,4838208,IMP,8,8,2015
32012649,642553,4838161,IMP,8,8,2015
32012650,640862,4837917,IMP,8,8,2015
32012651,640498,4837921,IMP,8,8,2015
32012652,640305,4837812,IMP,8,8,2015
32012653,641407,4837714,IMP,8,8,2015
32012654,641604,4837725,IMP,8,8,2015
32012655,641013,4837661,IMP,8,8,2015
32012656,641654,4837516,IMP,8,8,2015
32012657,641805,4837519,IMP,8,8,2015
32012658,642253,4837407,IMP,8,8,2015
32012659,640211,4837363,IMP,8,8,2015
32012660,641700,4837258,IMP,8,8,2015
32012661,642553,4837165,IMP,8,8,2015
32012662,640899,4837167,IMP,8,8,2015
32012663,643301,4837163,IMP,8,8,2015
32012664,641154,4837074,IMP,8,8,2015
32012665,641449,4837062,IMP,8,8,2015
32012666,641199,4836973,IMP,8,8,2015
32012667,642505,4836912,IMP,8,8,2015
32012668,641104,4836866,IMP,8,8,2015
32012669,641102,4836761,IMP,8,8,2015
32012670,643300,4836771,IMP,8,8,2015
32012671,641707,4836666,IMP,8,8,2015
32012672,643406,4836661,IMP,8,8,2015
32012673,641748,4836316,IMP,8,8,2015
32012674,641498,4836214,IMP,8,8,2015
32012675,642303,4836117,IMP,8,8,2015
32012676,642959,4836120,IMP,8,8,2015
32012677,641014,4836016,IMP,8,8,2015
32012678,642701,4836021,IMP,8,8,2015
32012679,641697,4835964,IMP,8,8,2015
32012680,641505,4835409,IMP,8,8,2015
32012681,642852,4835324,IMP,8,8,2015
32012682,640152,4835168,IMP,8,8,2015
32012683,640747,4835019,IMP,8,8,2015
32012684,640954,4835017,IMP,8,8,2015
32012685,642954,4834963,IMP,8,8,2015
32012686,640652,4834914,IMP,8,8,2015
32012687,639554,4834869,IMP,8,8,2015
32012688,641905,4834872,IMP,8,8,2015
32012689,639848,4834818,IMP,8,8,2015
32012690,640597,4834766,IMP,8,8,2015
32012691,641099,4834770,IMP,8,8,2015
32012692,641455,4834763,IMP,8,8,2015
32012693,641201,4834764,IMP,8,8,2015
32012694,642555,4834717,IMP,8,8,2015
32012695,640052,4834664,IMP,8,8,2015
32012696,640701,4834618,IMP,8,8,2015
32012697,641004,4834414,IMP,8,8,2015
32012698,641555,4834412,IMP,8,8,2015
32012699,642555,4834274,IMP,8,8,2015
32012700,640201,4834221,IMP,8,8,2015
32012701,639262,4834158,IMP,8,8,2015
32012702,640256,4834165,IMP,8,8,2015
32012703,641008,4834174,IMP,8,8,2015
32012704,641099,4834117,IMP,8,8,2015
32012705,640255,4834017,IMP,8,8,2015
32012706,640555,4834013,IMP,8,8,2015
32012707,640853,4833964,IMP,8,8,2015
32012708,639355,4833867,IMP,8,8,2015
32012709,641710,4833864,IMP,8,8,2015
32012710,642999,4833817,IMP,8,8,2015
32012711,640756,4833765,IMP,8,8,2015
32012712,639503,4833664,IMP,8,8,2015
32012713,639906,4833663,IMP,8,8,2015
32012714,642850,4833666,IMP,8,8,2015
32012715,639800,4833616,IMP,8,8,2015
32012716,642102,4833613,IMP,8,8,2015
32012717,639358,4833572,IMP,8,8,2015
32012718,640350,4833563,IMP,8,8,2015
32012719,642099,4833564,IMP,8,8,2015
32012720,640800,4833420,IMP,8,8,2015
32012721,641353,4833417,IMP,8,8,2015
32012722,639853,4833368,IMP,8,8,2015
32012723,639404,4833217,IMP,8,8,2015
32012724,639562,4833215,IMP,8,8,2015
32012725,642055,4833112,IMP,8,8,2015
32012726,643056,4833066,IMP,8,8,2015
32012727,643206,4832967,IMP,8,8,2015
32012728,642002,4832870,IMP,8,8,2015
32012729,640161,4832760,IMP,8,8,2015
32012730,640207,4832768,IMP,8,8,2015
32012731,642000,4832765,IMP,8,8,2015
32012732,641045,4832718,IMP,8,8,2015
32012733,642052,4832710,IMP,8,8,2015
32012734,640609,4832668,IMP,8,8,2015
32012735,640549,4832611,IMP,8,8,2015
32012736,639813,4832570,IMP,8,8,2015
32012738,641004,4832214,IMP,8,8,2015
32012739,641513,4832067,IMP,8,8,2015
32012740,640097,4832013,IMP,8,8,2015
32012741,640297,4832013,IMP,8,8,2015
32012742,640351,4831970,IMP,8,8,2015
32012743,641301,4831968,IMP,8,8,2015
32012745,640554,4831766,IMP,8,8,2015
32012748,639607,4831471,IMP,8,8,2015
32012749,640399,4831221,IMP,8,8,2015
32012753,640056,4830921,IMP,8,8,2015
32012754,640006,4830917,IMP,8,8,2015
32012756,640409,4830817,IMP,8,8,2015
32012758,640304,4830764,IMP,8,8,2015
32012762,641149,4830171,IMP,8,8,2015
32012763,641810,4830160,IMP,8,8,2015
32012766,641454,4830064,IMP,8,8,2015
32012767,639712,4830016,IMP,8,8,2015
32012768,640506,4829967,IMP,8,8,2015
32012769,640709,4829961,IMP,8,8,2015
32012770,639607,4829923,IMP,8,8,2015
32012771,639904,4829915,IMP,8,8,2015
32012772,639848,4829870,IMP,8,8,2015
32012776,640556,4829707,IMP,8,8,2015
32012777,640004,4829665,IMP,8,8,2015
32012778,642103,4829665,IMP,8,8,2015
32012779,642506,4829618,IMP,8,8,2015
32012780,642702,4829569,IMP,8,8,2015
32012781,641852,4829368,IMP,8,8,2015
32012782,640402,4829320,IMP,8,8,2015
32012783,642054,4829275,IMP,8,8,2015
32012784,639655,4829221,IMP,8,8,2015
32012785,640151,4829215,IMP,8,8,2015
32012786,640207,4829210,IMP,8,8,2015
32012787,641009,4829216,IMP,8,8,2015
32012788,640703,4829159,IMP,8,8,2015
32012789,641460,4829171,IMP,8,8,2015
32012790,642255,4829112,IMP,8,8,2015
32012791,641904,4829117,IMP,8,8,2015
32012792,641804,4829021,IMP,8,8,2015
32012793,641808,4828966,IMP,8,8,2015
32012794,640651,4828963,IMP,8,8,2015
32012795,642052,4828819,IMP,8,8,2015
32012796,642000,4828768,IMP,8,8,2015
32012797,643245,4828519,IMP,8,8,2015
32012798,643301,4828512,IMP,8,8,2015
32012799,641609,4828414,IMP,8,8,2015
32012800,642148,4828123,IMP,8,8,2015
32012801,642606,4828117,IMP,8,8,2015
32012802,642354,4828015,IMP,8,8,2015
32012803,642852,4827965,IMP,8,8,2015
32012804,642301,4827864,IMP,8,8,2015
32012805,642250,4827763,IMP,8,8,2015
32012831,636695,4856912,MBC,8,8,2016
32012832,636955,4856160,MBC,8,8,2016
32012833,638659,4854509,MBC,8,8,2016
32012834,638309,4854416,MBC,8,8,2016
32012835,638507,4854268,MBC,8,8,2016
32012836,638398,4854270,MBC,8,8,2016
32012837,639611,4853808,MBC,8,8,2016
32012838,640051,4853315,MBC,8,8,2016
32012839,640211,4852907,MBC,8,8,2016
32012840,640112,4851659,MBC,8,8,2016
32012841,639704,4851415,MBC,8,8,2016
32012842,639508,4851060,MBC,8,8,2016
32012843,639549,4850815,MBC,8,8,2016
32012844,639602,4850654,MBC,8,8,2016
32012845,639605,4850606,MBC,8,8,2016
32012846,639503,4850510,MBC,8,8,2016
32012847,640612,4849512,MBC,8,8,2016
32012848,641008,4849066,MBC,8,8,2016
32012849,640909,4848555,MBC,8,8,2016
32012850,641005,4848405,MBC,8,8,2016
32012851,641158,4848414,MBC,8,8,2016
32012852,641658,4848309,MBC,8,8,2016
32012853,641551,4847974,MBC,8,8,2016
32012854,640914,4847311,MBC,8,8,2016
32012855,640655,4844667,MBC,8,8,2016
32012856,640553,4844602,MBC,8,8,2016
32012857,640701,4844318,MBC,8,8,2016
32012858,640754,4844257,MBC,8,8,2016
32012859,640713,4844169,MBC,8,8,2016
32012860,640747,4844165,MBC,8,8,2016
32012861,640604,4844063,MBC,8,8,2016
32012862,640703,4844056,MBC,8,8,2016
32012863,640605,4843856,MBC,8,8,2016
32012864,640697,4843615,MBC,8,8,2016
32012865,640308,4843456,MBC,8,8,2016
32012866,640308,4843249,MBC,8,8,2016
32012867,640312,4842307,MBC,8,8,2016
32012868,640155,4841906,MBC,8,8,2016
32012869,639656,4841912,MBC,8,8,2016
32012870,640012,4841856,MBC,8,8,2016
32012871,640047,4841861,MBC,8,8,2016
32012872,639660,4841309,MBC,8,8,2016
32012873,639595,4840743,MBC,8,8,2016
32012874,639658,4840758,MBC,8,8,2016
32012875,639659,4840659,MBC,8,8,2016
32012876,639664,4840546,MBC,8,8,2016
32012877,639608,4839560,MBC,8,8,2016
32012878,639308,4839311,MBC,8,8,2016
32012879,639712,4838858,MBC,8,8,2016
32012880,639707,4838764,MBC,8,8,2016
32012881,639562,4838061,MBC,8,8,2016
32012882,639262,4837905,MBC,8,8,2016
32012883,639208,4837804,MBC,8,8,2016
32012884,639703,4837762,MBC,8,8,2016
32012885,639957,4837556,MBC,8,8,2016
32012886,640000,4837554,MBC,8,8,2016
32012887,640005,4837460,MBC,8,8,2016
32012888,640358,4836565,MBC,8,8,2016
32012889,640370,4836456,MBC,8,8,2016
32012890,640459,4836318,MBC,8,8,2016
32012891,641307,4835911,MBC,8,8,2016
32012892,641549,4835511,MBC,8,8,2016
32012893,641602,4835413,MBC,8,8,2016
32012894,641648,4835306,MBC,8,8,2016
32012895,641607,4834957,MBC,8,8,2016
32012896,643062,4832562,MBC,8,8,2016
32012897,642507,4826864,MBC,8,8,2016
32012898,642501,4826711,MBC,8,8,2016
32012899,642505,4826613,MBC,8,8,2016
32012900,642601,4826416,MBC,8,8,2016
32012901,637612,4856713,SC,8,8,2016
32012902,637569,4856655,SC,8,8,2016
32012903,637906,4856504,SC,8,8,2016
32012904,638853,4856160,SC,8,8,2016
32012905,639452,4856005,SC,8,8,2016
32012906,639211,4854565,SC,8,8,2016
32012907,638653,4854011,SC,8,8,2016
32012908,638911,4853214,SC,8,8,2016
32012909,640601,4849660,SC,8,8,2016
32012910,641361,4848951,SC,8,8,2016
32012911,642257,4848959,SC,8,8,2016
32012912,642446,4848460,SC,8,8,2016
32012913,642560,4847817,SC,8,8,2016
32012914,641551,4847312,SC,8,8,2016
32012915,641506,4846809,SC,8,8,2016
32012916,643115,4845960,SC,8,8,2016
32012917,642801,4845662,SC,8,8,2016
32012918,643955,4845015,SC,8,8,2016
32012919,642558,4844415,SC,8,8,2016
32012920,641002,4844154,SC,8,8,2016
32012921,642257,4844109,SC,8,8,2016
32012922,641861,4844007,SC,8,8,2016
32012923,641851,4843915,SC,8,8,2016
32012924,641355,4843864,SC,8,8,2016
32012925,642351,4843719,SC,8,8,2016
32012926,640994,4843656,SC,8,8,2016
32012927,640910,4843611,SC,8,8,2016
32012928,642308,4843557,SC,8,8,2016
32012929,642161,4843160,SC,8,8,2016
32012930,640606,4842719,SC,8,8,2016
32012931,641757,4842662,SC,8,8,2016
32012932,641909,4842600,SC,8,8,2016
32012933,640757,4842571,SC,8,8,2016
32012934,640660,4842414,SC,8,8,2016
32012935,640508,4842103,SC,8,8,2016
32012936,640708,4842114,SC,8,8,2016
32012937,640855,4842071,SC,8,8,2016
32012938,641151,4842065,SC,8,8,2016
32012939,641610,4842012,SC,8,8,2016
32012940,641804,4841861,SC,8,8,2016
32012941,640602,4841569,SC,8,8,2016
32012942,643253,4841367,SC,8,8,2016
32012943,640910,4841307,SC,8,8,2016
32012945,641359,4840917,SC,8,8,2016
32012946,641909,4840911,SC,8,8,2016
32012947,642645,4840769,SC,8,8,2016
32012948,639953,4840722,SC,8,8,2016
32012949,641246,4840513,SC,8,8,2016
32012950,640452,4839009,SC,8,8,2016
32012951,642760,4838963,SC,8,8,2016
32012952,640097,4838260,SC,8,8,2016
32012953,640005,4837921,SC,8,8,2016
32012954,639362,4837555,SC,8,8,2016
32012955,639110,4837354,SC,8,8,2016
32012956,639356,4836611,SC,8,8,2016
32012957,639611,4836208,SC,8,8,2016
32012958,642103,4836066,SC,8,8,2016
32012959,639409,4835970,SC,8,8,2016
32012960,639706,4835615,SC,8,8,2016
32012961,641854,4835063,SC,8,8,2016
32012962,639307,4834867,SC,8,8,2016
32012963,642100,4834669,SC,8,8,2016
32012964,640104,4832766,SC,8,8,2016
32012965,639755,4832212,SC,8,8,2016
32012966,637650,4857907,BWC,8,8,2016
32012967,638850,4857718,BWC,8,8,2016
32012968,637901,4857517,BWC,8,8,2016
32012969,638063,4857415,BWC,8,8,2016
32012970,637009,4857362,BWC,8,8,2016
32012971,638459,4857208,BWC,8,8,2016
32012972,638564,4856958,BWC,8,8,2016
32012973,638356,4856359,BWC,8,8,2016
32012974,638901,4855359,BWC,8,8,2016
32012980,638851,4850658,BWC,8,8,2016
32012981,638452,4850003,BWC,8,8,2016
32012982,638365,4849764,BWC,8,8,2016
32012984,641811,4849111,BWC,8,8,2016
32012985,642155,4848906,BWC,8,8,2016
32012986,639258,4848808,BWC,8,8,2016
32012987,642012,4848720,BWC,8,8,2016
32012988,641807,4848506,BWC,8,8,2016
32012989,640398,4848458,BWC,8,8,2016
32012990,639612,4848314,BWC,8,8,2016
32012991,642303,4848114,BWC,8,8,2016
32012992,639899,4848062,BWC,8,8,2016
32012993,643250,4847207,BWC,8,8,2016
32012994,642855,4846613,BWC,8,8,2016
32012995,642856,4846513,BWC,8,8,2016
32012996,644157,4846207,BWC,8,8,2016
32012997,644096,4845813,BWC,8,8,2016
32012998,642754,4845757,BWC,8,8,2016
32013000,641259,4845567,BWC,8,8,2016
32013001,641255,4845504,BWC,8,8,2016
32013002,643503,4845509,BWC,8,8,2016
32013003,643299,4845417,BWC,8,8,2016
32013004,643313,4845358,BWC,8,8,2016
32013005,643468,4845271,BWC,8,8,2016
32013006,644202,4845110,BWC,8,8,2016
32013007,644303,4845056,BWC,8,8,2016
32013008,641308,4845006,BWC,8,8,2016
32013009,639509,4845011,BWC,8,8,2016
32013010,641155,4844956,BWC,8,8,2016
32013011,639604,4844861,BWC,8,8,2016
32013013,639345,4844661,BWC,8,8,2016
32013014,643861,4844613,BWC,8,8,2016
32013015,639709,4844461,BWC,8,8,2016
32013016,639608,4844409,BWC,8,8,2016
32013017,643814,4844158,BWC,8,8,2016
32013018,639550,4844152,BWC,8,8,2016
32013019,639208,4844115,BWC,8,8,2016
32013020,642004,4844004,BWC,8,8,2016
32013021,639654,4843967,BWC,8,8,2016
32013022,639254,4843757,BWC,8,8,2016
32013023,643757,4843606,BWC,8,8,2016
32013024,639648,4843613,BWC,8,8,2016
32013025,644555,4843514,BWC,8,8,2016
32013026,639808,4843519,BWC,8,8,2016
32013027,639707,4843463,BWC,8,8,2016
32013028,641554,4843163,BWC,8,8,2016
32013029,639299,4843062,BWC,8,8,2016
32013030,639708,4843067,BWC,8,8,2016
32013031,641264,4842908,BWC,8,8,2016
32013032,641507,4842864,BWC,8,8,2016
32013033,641657,4842800,BWC,8,8,2016
32013034,641952,4842710,BWC,8,8,2016
32013035,639405,4842562,BWC,8,8,2016
32013036,641460,4842470,BWC,8,8,2016
32013037,643210,4842420,BWC,8,8,2016
32013038,639507,4842415,BWC,8,8,2016
32013039,644410,4842357,BWC,8,8,2016
32013040,641808,4842365,BWC,8,8,2016
32013041,639405,4842366,BWC,8,8,2016
32013042,644505,4842265,BWC,8,8,2016
32013043,641795,4841767,BWC,8,8,2016
32013044,643207,4841313,BWC,8,8,2016
32013045,641506,4841067,BWC,8,8,2016
32013046,641097,4840866,BWC,8,8,2016
32013047,643863,4840862,BWC,8,8,2016
32013048,640600,4840863,BWC,8,8,2016
32013049,642906,4840721,BWC,8,8,2016
32013050,643910,4840718,BWC,8,8,2016
32013052,641349,4840610,BWC,8,8,2016
32013053,643300,4840605,BWC,8,8,2016
32013054,640855,4840558,BWC,8,8,2016
32013055,640805,4840516,BWC,8,8,2016
32013056,642856,4840521,BWC,8,8,2016
32013057,641350,4840459,BWC,8,8,2016
32013058,641053,4839809,BWC,8,8,2016
32013059,640335,4839411,BWC,8,8,2016
32013060,640757,4839303,BWC,8,8,2016
32013061,640106,4839311,BWC,8,8,2016
32013062,640400,4838858,BWC,8,8,2016
32013063,639999,4838856,BWC,8,8,2016
32013064,640251,4838708,BWC,8,8,2016
32013065,639802,4838510,BWC,8,8,2016
32013067,639851,4836570,BWC,8,8,2016
32013068,639395,4836318,BWC,8,8,2016
32013069,640561,4835910,BWC,8,8,2016
32013070,640355,4835702,BWC,8,8,2016
32013071,639955,4835663,BWC,8,8,2016
32013072,640053,4835616,BWC,8,8,2016
32013073,640055,4835560,BWC,8,8,2016
32013076,641914,4840253,IMP,8,8,2016
32013077,641655,4840212,IMP,8,8,2016
32013078,643059,4840162,IMP,8,8,2016
32013079,643500,4840114,IMP,8,8,2016
32013080,642059,4840067,IMP,8,8,2016
32013081,642595,4840060,IMP,8,8,2016
32013082,641850,4840020,IMP,8,8,2016
32013083,642360,4839904,IMP,8,8,2016
32013084,642301,4839874,IMP,8,8,2016
32013085,643051,4839815,IMP,8,8,2016
32013086,643503,4839816,IMP,8,8,2016
32013087,642946,4839761,IMP,8,8,2016
32013088,642706,4839659,IMP,8,8,2016
32013089,641805,4839606,IMP,8,8,2016
32013090,642555,4839619,IMP,8,8,2016
32013091,643306,4839559,IMP,8,8,2016
32013092,642303,4839514,IMP,8,8,2016
32013093,642054,4839466,IMP,8,8,2016
32013094,641915,4839265,IMP,8,8,2016
32013095,642358,4839268,IMP,8,8,2016
32013096,642604,4839251,IMP,8,8,2016
32013097,642658,4839202,IMP,8,8,2016
32013098,642311,4839117,IMP,8,8,2016
32013099,641906,4839067,IMP,8,8,2016
32013100,643004,4839065,IMP,8,8,2016
32013101,642395,4838811,IMP,8,8,2016
32013102,641554,4838755,IMP,8,8,2016
32013103,642056,4838758,IMP,8,8,2016
32013104,642007,4838668,IMP,8,8,2016
32013105,641701,4838516,IMP,8,8,2016
32013106,642460,4838405,IMP,8,8,2016
32013107,642307,4838306,IMP,8,8,2016
32013108,641659,4838264,IMP,8,8,2016
32013109,641003,4838165,IMP,8,8,2016
32013110,641061,4838169,IMP,8,8,2016
32013112,640507,4837912,IMP,8,8,2016
32013113,643158,4837920,IMP,8,8,2016
32013114,640754,4837756,IMP,8,8,2016
32013115,640807,4837660,IMP,8,8,2016
32013116,640305,4837615,IMP,8,8,2016
32013117,640701,4837506,IMP,8,8,2016
32013119,642202,4837358,IMP,8,8,2016
32013120,640565,4837311,IMP,8,8,2016
32013121,642202,4837306,IMP,8,8,2016
32013122,640954,4837167,IMP,8,8,2016
32013123,641352,4837071,IMP,8,8,2016
32013124,640457,4837020,IMP,8,8,2016
32013125,641049,4837007,IMP,8,8,2016
32013126,643305,4836911,IMP,8,8,2016
32013127,642861,4836705,IMP,8,8,2016
32013128,640805,4836712,IMP,8,8,2016
32013129,643411,4836704,IMP,8,8,2016
32013130,641351,4836661,IMP,8,8,2016
32013131,642303,4836672,IMP,8,8,2016
32013132,642804,4836615,IMP,8,8,2016
32013133,641651,4836462,IMP,8,8,2016
32013134,643356,4836413,IMP,8,8,2016
32013135,641505,4836311,IMP,8,8,2016
32013136,642952,4836308,IMP,8,8,2016
32013137,641449,4836255,IMP,8,8,2016
32013138,641600,4836212,IMP,8,8,2016
32013139,642802,4835570,IMP,8,8,2016
32013140,643057,4835570,IMP,8,8,2016
32013141,642062,4835449,IMP,8,8,2016
32013142,642950,4835464,IMP,8,8,2016
32013143,640706,4835364,IMP,8,8,2016
32013144,640655,4835317,IMP,8,8,2016
32013145,641401,4835312,IMP,8,8,2016
32013146,641408,4835266,IMP,8,8,2016
32013147,642754,4835214,IMP,8,8,2016
32013148,641955,4835164,IMP,8,8,2016
32013149,640303,4835012,IMP,8,8,2016
32013150,640952,4835014,IMP,8,8,2016
32013151,641010,4835008,IMP,8,8,2016
32013152,640858,4834959,IMP,8,8,2016
32013153,642105,4834969,IMP,8,8,2016
32013154,641195,4834814,IMP,8,8,2016
32013155,642007,4834813,IMP,8,8,2016
32013156,640350,4834765,IMP,8,8,2016
32013157,642452,4834748,IMP,8,8,2016
32013158,640209,4834606,IMP,8,8,2016
32013159,640352,4834506,IMP,8,8,2016
32013160,642312,4834464,IMP,8,8,2016
32013161,641100,4834252,IMP,8,8,2016
32013162,641551,4834206,IMP,8,8,2016
32013163,642857,4834059,IMP,8,8,2016
32013164,642653,4834011,IMP,8,8,2016
32013165,640258,4833966,IMP,8,8,2016
32013166,642656,4833865,IMP,8,8,2016
32013167,640656,4833770,IMP,8,8,2016
32013169,641513,4833715,IMP,8,8,2016
32013170,641339,4833667,IMP,8,8,2016
32013171,639763,4833559,IMP,8,8,2016
32013172,640601,4833462,IMP,8,8,2016
32013173,641454,4833468,IMP,8,8,2016
32013174,641908,4833457,IMP,8,8,2016
32013175,639404,4833414,IMP,8,8,2016
32013176,643158,4833363,IMP,8,8,2016
32013177,641904,4833359,IMP,8,8,2016
32013178,642701,4833358,IMP,8,8,2016
32013179,642902,4833311,IMP,8,8,2016
32013180,641653,4833113,IMP,8,8,2016
32013181,639457,4833067,IMP,8,8,2016
32013184,639254,4832958,IMP,8,8,2016
32013185,641805,4832911,IMP,8,8,2016
32013186,643355,4832911,IMP,8,8,2016
32013188,641956,4832860,IMP,8,8,2016
32013190,641612,4832765,IMP,8,8,2016
32013191,641666,4832762,IMP,8,8,2016
32013192,642096,4832764,IMP,8,8,2016
32013193,641659,4832653,IMP,8,8,2016
32013194,641761,4832616,IMP,8,8,2016
32013195,641906,4832612,IMP,8,8,2016
32013196,642202,4832612,IMP,8,8,2016
32013197,641559,4832470,IMP,8,8,2016
32013198,642103,4832414,IMP,8,8,2016
32013199,641553,4832360,IMP,8,8,2016
32013200,641757,4832320,IMP,8,8,2016
32013201,639661,4832216,IMP,8,8,2016
32013202,640215,4832214,IMP,8,8,2016
32013203,643007,4832196,IMP,8,8,2016
32013204,640458,4832158,IMP,8,8,2016
32013205,640507,4832060,IMP,8,8,2016
32013206,640760,4832058,IMP,8,8,2016
32013207,641609,4832055,IMP,8,8,2016
32013208,641711,4832059,IMP,8,8,2016
32013209,643052,4832010,IMP,8,8,2016
32013210,640899,4831964,IMP,8,8,2016
32013211,640959,4831959,IMP,8,8,2016
32013212,642658,4831912,IMP,8,8,2016
32013213,642502,4831909,IMP,8,8,2016
32013214,643210,4831860,IMP,8,8,2016
32013215,640106,4831672,IMP,8,8,2016
32013216,641005,4831653,IMP,8,8,2016
32013217,642401,4831664,IMP,8,8,2016
32013218,641410,4831606,IMP,8,8,2016
32013219,642402,4831260,IMP,8,8,2016
32013220,642454,4831259,IMP,8,8,2016
32013221,642158,4831118,IMP,8,8,2016
32013222,640257,4831066,IMP,8,8,2016
32013223,641857,4830968,IMP,8,8,2016
32013224,640660,4830716,IMP,8,8,2016
32013225,640356,4830658,IMP,8,8,2016
32013226,640059,4830619,IMP,8,8,2016
32013227,641945,4830605,IMP,8,8,2016
32013228,641357,4830473,IMP,8,8,2016
32013229,640659,4830370,IMP,8,8,2016
32013230,641556,4830369,IMP,8,8,2016
32013231,641001,4830315,IMP,8,8,2016
32013232,639858,4830124,IMP,8,8,2016
32013233,640397,4830106,IMP,8,8,2016
32013234,641658,4830064,IMP,8,8,2016
32013235,642151,4830062,IMP,8,8,2016
32013236,640464,4829970,IMP,8,8,2016
32013237,639708,4829912,IMP,8,8,2016
32013238,640508,4829860,IMP,8,8,2016
32013239,641455,4829872,IMP,8,8,2016
32013240,643359,4829710,IMP,8,8,2016
32013241,642198,4829600,IMP,8,8,2016
32013242,642553,4829611,IMP,8,8,2016
32013243,639959,4829321,IMP,8,8,2016
32013244,643505,4829264,IMP,8,8,2016
32013245,643257,4829106,IMP,8,8,2016
32013246,641807,4829021,IMP,8,8,2016
32013247,641868,4829010,IMP,8,8,2016
32013248,641563,4828959,IMP,8,8,2016
32013249,641315,4828865,IMP,8,8,2016
32013250,642111,4828856,IMP,8,8,2016
32013251,641008,4828664,IMP,8,8,2016
32013252,641848,4828608,IMP,8,8,2016
32013253,642109,4828613,IMP,8,8,2016
32013254,641502,4828503,IMP,8,8,2016
32013255,641949,4828454,IMP,8,8,2016
32013256,642567,4828408,IMP,8,8,2016
32013257,642896,4828216,IMP,8,8,2016
32013258,642249,4828010,IMP,8,8,2016
32013259,642503,4827810,IMP,8,8,2016
32013260,642352,4827116,IMP,8,8,2016
32013281,636404,4858261,MBC,8,8,2017
32013283,636704,4857711,MBC,8,8,2017
32013285,638004,4855161,MBC,8,8,2017
32013286,638854,4854411,MBC,8,8,2017
32013287,638555,4854211,MBC,8,8,2017
32013288,639105,4853911,MBC,8,8,2017
32013289,639905,4853461,MBC,8,8,2017
32013290,639955,4852911,MBC,8,8,2017
32013291,639955,4852711,MBC,8,8,2017
32013292,639905,4852711,MBC,8,8,2017
32013293,639755,4851611,MBC,8,8,2017
32013294,639655,4851511,MBC,8,8,2017
32013295,639605,4851511,MBC,8,8,2017
32013296,639505,4851261,MBC,8,8,2017
32013297,639555,4851111,MBC,8,8,2017
32013298,639455,4851111,MBC,8,8,2017
32013299,639505,4850761,MBC,8,8,2017
32013300,639955,4850562,MBC,8,8,2017
32013301,640855,4848712,MBC,8,8,2017
32013302,641055,4847562,MBC,8,8,2017
32013303,640805,4847162,MBC,8,8,2017
32013304,640855,4847112,MBC,8,8,2017
32013305,640755,4846962,MBC,8,8,2017
32013306,640755,4846762,MBC,8,8,2017
32013307,641005,4846312,MBC,8,8,2017
32013308,640755,4845812,MBC,8,8,2017
32013309,640905,4845762,MBC,8,8,2017
32013310,640805,4845262,MBC,8,8,2017
32013311,640655,4844512,MBC,8,8,2017
32013312,640705,4844362,MBC,8,8,2017
32013313,640605,4844262,MBC,8,8,2017
32013314,640655,4844262,MBC,8,8,2017
32013315,640555,4844112,MBC,8,8,2017
32013316,640605,4844062,MBC,8,8,2017
32013317,640855,4844062,MBC,8,8,2017
32013318,640705,4843562,MBC,8,8,2017
32013319,640755,4843562,MBC,8,8,2017
32013320,640605,4843262,MBC,8,8,2017
32013321,640605,4843212,MBC,8,8,2017
32013322,639755,4842062,MBC,8,8,2017
32013323,639705,4841962,MBC,8,8,2017
32013324,639555,4841762,MBC,8,8,2017
32013326,639655,4840762,MBC,8,8,2017
32013327,639705,4840462,MBC,8,8,2017
32013328,639705,4840262,MBC,8,8,2017
32013329,639655,4839062,MBC,8,8,2017
32013330,639655,4838812,MBC,8,8,2017
32013331,639305,4838712,MBC,8,8,2017
32013333,639555,4838412,MBC,8,8,2017
32013334,639405,4837762,MBC,8,8,2017
32013335,639555,4837562,MBC,8,8,2017
32013336,640005,4837512,MBC,8,8,2017
32013337,640005,4837462,MBC,8,8,2017
32013338,640405,4836562,MBC,8,8,2017
32013339,640555,4836312,MBC,8,8,2017
32013340,640555,4836262,MBC,8,8,2017
32013341,641055,4836212,MBC,8,8,2017
32013342,641105,4836212,MBC,8,8,2017
32013343,641805,4835062,MBC,8,8,2017
32013344,642055,4834212,MBC,8,8,2017
32013345,643105,4832562,MBC,8,8,2017
32013346,643105,4832512,MBC,8,8,2017
32013347,643255,4832362,MBC,8,8,2017
32013348,642905,4827862,MBC,8,8,2017
32013349,642505,4826862,MBC,8,8,2017
32013350,642555,4826362,MBC,8,8,2017
32013351,637254,4857011,SC,8,8,2017
32013352,637354,4856961,SC,8,8,2017
32013353,639054,4856611,SC,8,8,2017
32013354,638004,4856261,SC,8,8,2017
32013355,638004,4856111,SC,8,8,2017
32013356,638604,4855011,SC,8,8,2017
32013357,638905,4853211,SC,8,8,2017
32013358,638905,4853061,SC,8,8,2017
32013359,639005,4853011,SC,8,8,2017
32013360,639055,4853011,SC,8,8,2017
32013361,638905,4852961,SC,8,8,2017
32013362,641405,4849162,SC,8,8,2017
32013364,640955,4848112,SC,8,8,2017
32013365,642755,4847912,SC,8,8,2017
32013366,642855,4847862,SC,8,8,2017
32013367,641955,4847262,SC,8,8,2017
32013368,641205,4846112,SC,8,8,2017
32013370,642505,4845962,SC,8,8,2017
32013372,643755,4845212,SC,8,8,2017
32013373,640705,4845062,SC,8,8,2017
32013374,642105,4845012,SC,8,8,2017
32013375,642255,4844912,SC,8,8,2017
32013376,642255,4844712,SC,8,8,2017
32013377,640955,4844212,SC,8,8,2017
32013378,640955,4844162,SC,8,8,2017
32013379,640905,4844062,SC,8,8,2017
32013380,642205,4843712,SC,8,8,2017
32013381,642255,4843412,SC,8,8,2017
32013382,641305,4843362,SC,8,8,2017
32013383,642055,4843212,SC,8,8,2017
32013384,641205,4843162,SC,8,8,2017
32013385,641255,4842862,SC,8,8,2017
32013386,641655,4842762,SC,8,8,2017
32013387,641455,4842362,SC,8,8,2017
32013388,640805,4842062,SC,8,8,2017
32013389,642355,4841912,SC,8,8,2017
32013390,640655,4841812,SC,8,8,2017
32013391,642005,4841812,SC,8,8,2017
32013392,642705,4841512,SC,8,8,2017
32013393,641255,4841112,SC,8,8,2017
32013394,640305,4841062,SC,8,8,2017
32013395,643255,4841062,SC,8,8,2017
32013396,642805,4840912,SC,8,8,2017
32013397,641205,4840762,SC,8,8,2017
32013398,639955,4839162,SC,8,8,2017
32013399,640055,4838412,SC,8,8,2017
32013400,642805,4838312,SC,8,8,2017
32013401,640105,4838162,SC,8,8,2017
32013402,642605,4837762,SC,8,8,2017
32013403,642355,4837212,SC,8,8,2017
32013404,639005,4836762,SC,8,8,2017
32013405,639355,4836562,SC,8,8,2017
32013406,639605,4835662,SC,8,8,2017
32013407,641905,4835362,SC,8,8,2017
32013408,642305,4834812,SC,8,8,2017
32013409,641955,4834762,SC,8,8,2017
32013410,642305,4834712,SC,8,8,2017
32013411,639555,4834512,SC,8,8,2017
32013412,642655,4833062,SC,8,8,2017
32013413,640005,4832812,SC,8,8,2017
32013414,639705,4831962,SC,8,8,2017
32013415,639605,4831762,SC,8,8,2017
32013416,638154,4858411,BWC,8,8,2017
32013417,638404,4857611,BWC,8,8,2017
32013418,638804,4857361,BWC,8,8,2017
32013419,638954,4856961,BWC,8,8,2017
32013420,638704,4856911,BWC,8,8,2017
32013421,638754,4856561,BWC,8,8,2017
32013422,638804,4856561,BWC,8,8,2017
32013423,638554,4856511,BWC,8,8,2017
32013424,638555,4851111,BWC,8,8,2017
32013425,637805,4851061,BWC,8,8,2017
32013426,638455,4850511,BWC,8,8,2017
32013427,639205,4850362,BWC,8,8,2017
32013428,638705,4850262,BWC,8,8,2017
32013429,638355,4850212,BWC,8,8,2017
32013430,639655,4849262,BWC,8,8,2017
32013431,638905,4848212,BWC,8,8,2017
32013432,640355,4847862,BWC,8,8,2017
32013436,641405,4846362,BWC,8,8,2017
32013437,644005,4846262,BWC,8,8,2017
32013438,643655,4845912,BWC,8,8,2017
32013439,643305,4845762,BWC,8,8,2017
32013440,643255,4845662,BWC,8,8,2017
32013441,641255,4845612,BWC,8,8,2017
32013442,642205,4845612,BWC,8,8,2017
32013443,644555,4845462,BWC,8,8,2017
32013444,642355,4845412,BWC,8,8,2017
32013445,639955,4845362,BWC,8,8,2017
32013446,644655,4845262,BWC,8,8,2017
32013447,644205,4845262,BWC,8,8,2017
32013448,641655,4845212,BWC,8,8,2017
32013449,639655,4845112,BWC,8,8,2017
32013450,644705,4845062,BWC,8,8,2017
32013451,641155,4845012,BWC,8,8,2017
32013452,639555,4844862,BWC,8,8,2017
32013453,642655,4844812,BWC,8,8,2017
32013454,643605,4844762,BWC,8,8,2017
32013455,639405,4844762,BWC,8,8,2017
32013456,639355,4844562,BWC,8,8,2017
32013457,641955,4844462,BWC,8,8,2017
32013458,643955,4844412,BWC,8,8,2017
32013459,639955,4844112,BWC,8,8,2017
32013460,642355,4843962,BWC,8,8,2017
32013461,639555,4843962,BWC,8,8,2017
32013462,639655,4843862,BWC,8,8,2017
32013463,639905,4843762,BWC,8,8,2017
32013464,639955,4843612,BWC,8,8,2017
32013465,640855,4843412,BWC,8,8,2017
32013466,641355,4843362,BWC,8,8,2017
32013467,639605,4843312,BWC,8,8,2017
32013468,639505,4843162,BWC,8,8,2017
32013469,643205,4843062,BWC,8,8,2017
32013470,640155,4843062,BWC,8,8,2017
32013471,639305,4842962,BWC,8,8,2017
32013472,643155,4842912,BWC,8,8,2017
32013473,640855,4842862,BWC,8,8,2017
32013474,639255,4842862,BWC,8,8,2017
32013475,641855,4842662,BWC,8,8,2017
32013476,639505,4842612,BWC,8,8,2017
32013477,639005,4842562,BWC,8,8,2017
32013479,643755,4842262,BWC,8,8,2017
32013480,639355,4842262,BWC,8,8,2017
32013481,644255,4842112,BWC,8,8,2017
32013482,643105,4841912,BWC,8,8,2017
32013483,639405,4841912,BWC,8,8,2017
32013484,642305,4841862,BWC,8,8,2017
32013485,642855,4841812,BWC,8,8,2017
32013486,639355,4841762,BWC,8,8,2017
32013487,639305,4841712,BWC,8,8,2017
32013488,641255,4841662,BWC,8,8,2017
32013489,640705,4841612,BWC,8,8,2017
32013490,641155,4841462,BWC,8,8,2017
32013491,643855,4841462,BWC,8,8,2017
32013493,643405,4841212,BWC,8,8,2017
32013494,643805,4840962,BWC,8,8,2017
32013495,643955,4840962,BWC,8,8,2017
32013496,640905,4840862,BWC,8,8,2017
32013497,642355,4840812,BWC,8,8,2017
32013498,641405,4840612,BWC,8,8,2017
32013499,641655,4840562,BWC,8,8,2017
32013500,640855,4840512,BWC,8,8,2017
32013501,642205,4840312,BWC,8,8,2017
32013502,641455,4840212,BWC,8,8,2017
32013503,640155,4840112,BWC,8,8,2017
32013504,641055,4840112,BWC,8,8,2017
32013505,640205,4840012,BWC,8,8,2017
32013506,640805,4839812,BWC,8,8,2017
32013507,640355,4839612,BWC,8,8,2017
32013508,641105,4839462,BWC,8,8,2017
32013509,640805,4839212,BWC,8,8,2017
32013510,640155,4839112,BWC,8,8,2017
32013511,640405,4838962,BWC,8,8,2017
32013512,639105,4836762,BWC,8,8,2017
32013513,639655,4836712,BWC,8,8,2017
32013514,640155,4836362,BWC,8,8,2017
32013515,639555,4836262,BWC,8,8,2017
32013516,639955,4836212,BWC,8,8,2017
32013517,639855,4836062,BWC,8,8,2017
32013518,640155,4835712,BWC,8,8,2017
32013519,640505,4835612,BWC,8,8,2017
32013520,640605,4835512,BWC,8,8,2017
32013521,639905,4835462,BWC,8,8,2017
32013522,639955,4835412,BWC,8,8,2017
32013523,639205,4834812,BWC,8,8,2017
32013524,639255,4834462,BWC,8,8,2017
32013525,639805,4834062,BWC,8,8,2017
32013526,643555,4840312,IMP,8,8,2017
32013527,643555,4840262,IMP,8,8,2017
32013528,642055,4840112,IMP,8,8,2017
32013529,643655,4840062,IMP,8,8,2017
32013530,642305,4840012,IMP,8,8,2017
32013531,642805,4839962,IMP,8,8,2017
32013532,643605,4839962,IMP,8,8,2017
32013533,642055,4839862,IMP,8,8,2017
32013534,642905,4839862,IMP,8,8,2017
32013535,641305,4839362,IMP,8,8,2017
32013536,641555,4839362,IMP,8,8,2017
32013537,641355,4839312,IMP,8,8,2017
32013538,641705,4839312,IMP,8,8,2017
32013539,641655,4839112,IMP,8,8,2017
32013540,641305,4838962,IMP,8,8,2017
32013541,641505,4838762,IMP,8,8,2017
32013542,642405,4838762,IMP,8,8,2017
32013543,643055,4838612,IMP,8,8,2017
32013544,641155,4838562,IMP,8,8,2017
32013545,641805,4838562,IMP,8,8,2017
32013546,641255,4838512,IMP,8,8,2017
32013547,642005,4838512,IMP,8,8,2017
32013548,642455,4838462,IMP,8,8,2017
32013549,640655,4838412,IMP,8,8,2017
32013550,642555,4838412,IMP,8,8,2017
32013551,640755,4838262,IMP,8,8,2017
32013552,641455,4838262,IMP,8,8,2017
32013553,642605,4838262,IMP,8,8,2017
32013554,641155,4838162,IMP,8,8,2017
32013555,641955,4838112,IMP,8,8,2017
32013556,641555,4837962,IMP,8,8,2017
32013557,641455,4837912,IMP,8,8,2017
32013558,642755,4837912,IMP,8,8,2017
32013559,640305,4837862,IMP,8,8,2017
32013560,641005,4837862,IMP,8,8,2017
32013561,643105,4837862,IMP,8,8,2017
32013563,640505,4837812,IMP,8,8,2017
32013564,641155,4837812,IMP,8,8,2017
32013565,640455,4837762,IMP,8,8,2017
32013566,640655,4837762,IMP,8,8,2017
32013567,641805,4837762,IMP,8,8,2017
32013568,641505,4837712,IMP,8,8,2017
32013569,642305,4837712,IMP,8,8,2017
32013570,640305,4837662,IMP,8,8,2017
32013571,641355,4837662,IMP,8,8,2017
32013572,643155,4837612,IMP,8,8,2017
32013573,643255,4837512,IMP,8,8,2017
32013574,643205,4837512,IMP,8,8,2017
32013575,640805,4837412,IMP,8,8,2017
32013576,640705,4837162,IMP,8,8,2017
32013577,641905,4837162,IMP,8,8,2017
32013578,642155,4837162,IMP,8,8,2017
32013579,643005,4837062,IMP,8,8,2017
32013580,641905,4837012,IMP,8,8,2017
32013581,641155,4836912,IMP,8,8,2017
32013582,642655,4836812,IMP,8,8,2017
32013583,642905,4836812,IMP,8,8,2017
32013584,643055,4836762,IMP,8,8,2017
32013585,642605,4836662,IMP,8,8,2017
32013586,641455,4836612,IMP,8,8,2017
32013587,642905,4836512,IMP,8,8,2017
32013588,641205,4836412,IMP,8,8,2017
32013589,642955,4836212,IMP,8,8,2017
32013590,641655,4836162,IMP,8,8,2017
32013591,643155,4836162,IMP,8,8,2017
32013592,643355,4836162,IMP,8,8,2017
32013593,641705,4836012,IMP,8,8,2017
32013594,642755,4835962,IMP,8,8,2017
32013595,643055,4835912,IMP,8,8,2017
32013596,642205,4835912,IMP,8,8,2017
32013597,643305,4835912,IMP,8,8,2017
32013598,643055,4835712,IMP,8,8,2017
32013599,641455,4835462,IMP,8,8,2017
32013600,640905,4835412,IMP,8,8,2017
32013601,641055,4835412,IMP,8,8,2017
32013602,642405,4835312,IMP,8,8,2017
32013603,640455,4835162,IMP,8,8,2017
32013604,641255,4835162,IMP,8,8,2017
32013605,642155,4835062,IMP,8,8,2017
32013606,640105,4835012,IMP,8,8,2017
32013607,642505,4834912,IMP,8,8,2017
32013608,641455,4834762,IMP,8,8,2017
32013609,642855,4834762,IMP,8,8,2017
32013610,642355,4834562,IMP,8,8,2017
32013611,641055,4834562,IMP,8,8,2017
32013612,640255,4834462,IMP,8,8,2017
32013613,640355,4834412,IMP,8,8,2017
32013614,641005,4834412,IMP,8,8,2017
32013615,641455,4834312,IMP,8,8,2017
32013616,641105,4834262,IMP,8,8,2017
32013617,642605,4834212,IMP,8,8,2017
32013618,642805,4834162,IMP,8,8,2017
32013619,641555,4834062,IMP,8,8,2017
32013620,642505,4833912,IMP,8,8,2017
32013621,642755,4833912,IMP,8,8,2017
32013622,642805,4833912,IMP,8,8,2017
32013623,641255,4833812,IMP,8,8,2017
32013624,640805,4833762,IMP,8,8,2017
32013625,641805,4833762,IMP,8,8,2017
32013626,640255,4833462,IMP,8,8,2017
32013627,643455,4833412,IMP,8,8,2017
32013628,640805,4833412,IMP,8,8,2017
32013629,639855,4833362,IMP,8,8,2017
32013630,639955,4833212,IMP,8,8,2017
32013631,641755,4833212,IMP,8,8,2017
32013632,639855,4833162,IMP,8,8,2017
32013633,639905,4833162,IMP,8,8,2017
32013634,640505,4833112,IMP,8,8,2017
32013635,639605,4833062,IMP,8,8,2017
32013636,642205,4832962,IMP,8,8,2017
32013637,639755,4832912,IMP,8,8,2017
32013638,641005,4832912,IMP,8,8,2017
32013639,640305,4832662,IMP,8,8,2017
32013640,640355,4832662,IMP,8,8,2017
32013641,641155,4832562,IMP,8,8,2017
32013642,640805,4832462,IMP,8,8,2017
32013643,642455,4832462,IMP,8,8,2017
32013644,641955,4832412,IMP,8,8,2017
32013645,640955,4832362,IMP,8,8,2017
32013646,640405,4832262,IMP,8,8,2017
32013647,640905,4832262,IMP,8,8,2017
32013648,640655,4832212,IMP,8,8,2017
32013649,640905,4832162,IMP,8,8,2017
32013650,640205,4832112,IMP,8,8,2017
32013651,642355,4832112,IMP,8,8,2017
32013652,640955,4832062,IMP,8,8,2017
32013657,641405,4831812,IMP,8,8,2017
32013658,641705,4831762,IMP,8,8,2017
32013661,641905,4831512,IMP,8,8,2017
32013662,641405,4831462,IMP,8,8,2017
32013663,641755,4831412,IMP,8,8,2017
32013664,641705,4831362,IMP,8,8,2017
32013673,642005,4830762,IMP,8,8,2017
32013675,641105,4830712,IMP,8,8,2017
32013678,641155,4830562,IMP,8,8,2017
32013679,642155,4830562,IMP,8,8,2017
32013682,642555,4830312,IMP,8,8,2017
32013683,641955,4830262,IMP,8,8,2017
32013684,642305,4830262,IMP,8,8,2017
32013686,641205,4830162,IMP,8,8,2017
32013687,640805,4829962,IMP,8,8,2017
32013688,641605,4829962,IMP,8,8,2017
32013689,642605,4829912,IMP,8,8,2017
32013690,640555,4829862,IMP,8,8,2017
32013691,641105,4829762,IMP,8,8,2017
32013692,641655,4829662,IMP,8,8,2017
32013693,641955,4829512,IMP,8,8,2017
32013694,641105,4829412,IMP,8,8,2017
32013695,640405,4829312,IMP,8,8,2017
32013696,639705,4829212,IMP,8,8,2017
32013697,642805,4829162,IMP,8,8,2017
32013698,641605,4829062,IMP,8,8,2017
32013699,643205,4829062,IMP,8,8,2017
32013700,640905,4828912,IMP,8,8,2017
32013701,641605,4828762,IMP,8,8,2017
32013702,642005,4828612,IMP,8,8,2017
32013703,640955,4828562,IMP,8,8,2017
32013704,642205,4828562,IMP,8,8,2017
32013705,642855,4828512,IMP,8,8,2017
32013706,641955,4828412,IMP,8,8,2017
32013707,642905,4828362,IMP,8,8,2017
32013708,642805,4828112,IMP,8,8,2017
32013709,641305,4827962,IMP,8,8,2017
32013710,642405,4827762,IMP,8,8,2017
32013731,637004,4856911,MBC,8,8,2018
32013732,638504,4854261,MBC,8,8,2018
32013734,638505,4854159,MBC,8,8,2018
32013735,639206,4854183,MBC,8,8,2018
32013736,638759,4854105,MBC,8,8,2018
32013737,639108,4853910,MBC,8,8,2018
32013738,639600,4853810,MBC,8,8,2018
32013739,639815,4853565,MBC,8,8,2018
32013740,640067,4853310,MBC,8,8,2018
32013741,639805,4853261,MBC,8,8,2018
32013742,640205,4852911,MBC,8,8,2018
32013743,639754,4851605,MBC,8,8,2018
32013744,639603,4851361,MBC,8,8,2018
32013745,639452,4851161,MBC,8,8,2018
32013746,639504,4850954,MBC,8,8,2018
32013747,639608,4850961,MBC,8,8,2018
32013748,639605,4850811,MBC,8,8,2018
32013749,639548,4850654,MBC,8,8,2018
32013750,639456,4850602,MBC,8,8,2018
32013751,640367,4849301,MBC,8,8,2018
32013752,640756,4848751,MBC,8,8,2018
32013753,641407,4848660,MBC,8,8,2018
32013754,641047,4848362,MBC,8,8,2018
32013755,640952,4847358,MBC,8,8,2018
32013756,641209,4847117,MBC,8,8,2018
32013757,640900,4845910,MBC,8,8,2018
32013758,640555,4844808,MBC,8,8,2018
32013759,640603,4844508,MBC,8,8,2018
32013760,640702,4844161,MBC,8,8,2018
32013761,640853,4844165,MBC,8,8,2018
32013762,640548,4844100,MBC,8,8,2018
32013763,640855,4844111,MBC,8,8,2018
32013764,640765,4844061,MBC,8,8,2018
32013765,640764,4844008,MBC,8,8,2018
32013766,640803,4843707,MBC,8,8,2018
32013767,640854,4843709,MBC,8,8,2018
32013768,640758,4843647,MBC,8,8,2018
32013769,640719,4843611,MBC,8,8,2018
32013770,640249,4843501,MBC,8,8,2018
32013771,640609,4843405,MBC,8,8,2018
32013772,640707,4843411,MBC,8,8,2018
32013773,640600,4843287,MBC,8,8,2018
32013774,640303,4843052,MBC,8,8,2018
32013775,640155,4842756,MBC,8,8,2018
32013776,640105,4842713,MBC,8,8,2018
32013777,640244,4842045,MBC,8,8,2018
32013778,639646,4841356,MBC,8,8,2018
32013779,639600,4841303,MBC,8,8,2018
32013780,639605,4841212,MBC,8,8,2018
32013781,639661,4841054,MBC,8,8,2018
32013782,639663,4840554,MBC,8,8,2018
32013783,639606,4837965,MBC,8,8,2018
32013784,639252,4837907,MBC,8,8,2018
32013785,639752,4837713,MBC,8,8,2018
32013786,639346,4837656,MBC,8,8,2018
32013787,640013,4837370,MBC,8,8,2018
32013788,640054,4837364,MBC,8,8,2018
32013789,639902,4837021,MBC,8,8,2018
32013790,640359,4836460,MBC,8,8,2018
32013791,640559,4836363,MBC,8,8,2018
32013792,640755,4836249,MBC,8,8,2018
32013793,641061,4836263,MBC,8,8,2018
32013794,641107,4836215,MBC,8,8,2018
32013795,641996,4834516,MBC,8,8,2018
32013796,642068,4834316,MBC,8,8,2018
32013797,643095,4832661,MBC,8,8,2018
32013798,642901,4827862,MBC,8,8,2018
32013799,642608,4826713,MBC,8,8,2018
32013800,642551,4826506,MBC,8,8,2018
32013801,637652,4856611,SC,8,8,2018
32013802,637248,4855565,SC,8,8,2018
32013803,638812,4854017,SC,8,8,2018
32013804,639205,4852511,SC,8,8,2018
32013805,639205,4852461,SC,8,8,2018
32013806,639412,4850660,SC,8,8,2018
32013807,640953,4849807,SC,8,8,2018
32013808,640357,4849112,SC,8,8,2018
32013809,642259,4848970,SC,8,8,2018
32013810,640956,4848060,SC,8,8,2018
32013811,642705,4847914,SC,8,8,2018
32013812,641755,4847851,SC,8,8,2018
32013813,641948,4847560,SC,8,8,2018
32013814,641350,4847463,SC,8,8,2018
32013815,643097,4847107,SC,8,8,2018
32013816,641655,4846965,SC,8,8,2018
32013817,641512,4846761,SC,8,8,2018
32013818,641411,4846714,SC,8,8,2018
32013819,641400,4846667,SC,8,8,2018
32013826,641306,4845858,SC,8,8,2018
32013830,641359,4845417,SC,8,8,2018
32013831,640807,4844412,SC,8,8,2018
32013833,641859,4843909,SC,8,8,2018
32013834,642161,4843864,SC,8,8,2018
32013835,641251,4843469,SC,8,8,2018
32013836,640956,4842621,SC,8,8,2018
32013837,640844,4842518,SC,8,8,2018
32013838,640947,4842517,SC,8,8,2018
32013839,640400,4842303,SC,8,8,2018
32013841,641657,4841913,SC,8,8,2018
32013842,643355,4841912,SC,8,8,2018
32013843,643257,4841557,SC,8,8,2018
32013844,641314,4841564,SC,8,8,2018
32013845,642761,4841351,SC,8,8,2018
32013846,642401,4841161,SC,8,8,2018
32013847,643161,4841062,SC,8,8,2018
32013848,641451,4840806,SC,8,8,2018
32013849,642497,4840820,SC,8,8,2018
32013850,642397,4840614,SC,8,8,2018
32013851,640755,4839507,SC,8,8,2018
32013852,640904,4839454,SC,8,8,2018
32013853,640947,4839463,SC,8,8,2018
32013854,643097,4839455,SC,8,8,2018
32013855,640257,4838606,SC,8,8,2018
32013856,642652,4838619,SC,8,8,2018
32013857,639301,4835955,SC,8,8,2018
32013858,639309,4835404,SC,8,8,2018
32013859,639659,4835260,SC,8,8,2018
32013860,642355,4834913,SC,8,8,2018
32013861,642758,4834918,SC,8,8,2018
32013862,641954,4834711,SC,8,8,2018
32013863,642002,4834704,SC,8,8,2018
32013864,640013,4834053,SC,8,8,2018
32013865,640058,4832857,SC,8,8,2018
32013866,637055,4857566,BWC,8,8,2018
32013867,638256,4857523,BWC,8,8,2018
32013868,638610,4857465,BWC,8,8,2018
32013869,638900,4857160,BWC,8,8,2018
32013870,638759,4856965,BWC,8,8,2018
32013871,638703,4856954,BWC,8,8,2018
32013872,638954,4856666,BWC,8,8,2018
32013873,638611,4856412,BWC,8,8,2018
32013875,639702,4852960,BWC,8,8,2018
32013876,639648,4851712,BWC,8,8,2018
32013877,638207,4851167,BWC,8,8,2018
32013878,638406,4850812,BWC,8,8,2018
32013880,638854,4850660,BWC,8,8,2018
32013881,638100,4850408,BWC,8,8,2018
32013882,639153,4850360,BWC,8,8,2018
32013883,638252,4849912,BWC,8,8,2018
32013884,641747,4849061,BWC,8,8,2018
32013885,639305,4848816,BWC,8,8,2018
32013886,639904,4848810,BWC,8,8,2018
32013887,639308,4848616,BWC,8,8,2018
32013888,639559,4848512,BWC,8,8,2018
32013889,639151,4848461,BWC,8,8,2018
32013890,642300,4848217,BWC,8,8,2018
32013891,644202,4845761,BWC,8,8,2018
32013892,644155,4845622,BWC,8,8,2018
32013893,641362,4845619,BWC,8,8,2018
32013894,641913,4845609,BWC,8,8,2018
32013895,644361,4845506,BWC,8,8,2018
32013896,643505,4845521,BWC,8,8,2018
32013897,641261,4845361,BWC,8,8,2018
32013898,639350,4845362,BWC,8,8,2018
32013899,642953,4845313,BWC,8,8,2018
32013901,639303,4845212,BWC,8,8,2018
32013903,639506,4844959,BWC,8,8,2018
32013904,642350,4844868,BWC,8,8,2018
32013909,639050,4844611,BWC,8,8,2018
32013910,639252,4844511,BWC,8,8,2018
32013911,642010,4844409,BWC,8,8,2018
32013912,641805,4844262,BWC,8,8,2018
32013913,643410,4844217,BWC,8,8,2018
32013915,643651,4844103,BWC,8,8,2018
32013916,639106,4844107,BWC,8,8,2018
32013917,639707,4844114,BWC,8,8,2018
32013918,639694,4844006,BWC,8,8,2018
32013919,639203,4843958,BWC,8,8,2018
32013920,639711,4843855,BWC,8,8,2018
32013921,639412,4843805,BWC,8,8,2018
32013922,639502,4843701,BWC,8,8,2018
32013923,643749,4843607,BWC,8,8,2018
32013924,639301,4843559,BWC,8,8,2018
32013925,639905,4843564,BWC,8,8,2018
32013926,639562,4843454,BWC,8,8,2018
32013927,639603,4843414,BWC,8,8,2018
32013928,639711,4843409,BWC,8,8,2018
32013929,639860,4843414,BWC,8,8,2018
32013930,639812,4843305,BWC,8,8,2018
32013931,639400,4842716,BWC,8,8,2018
32013932,639456,4842568,BWC,8,8,2018
32013933,639654,4842463,BWC,8,8,2018
32013934,639153,4842412,BWC,8,8,2018
32013935,643100,4842260,BWC,8,8,2018
32013936,641402,4842105,BWC,8,8,2018
32013937,642904,4842072,BWC,8,8,2018
32013938,640701,4841917,BWC,8,8,2018
32013939,643855,4841812,BWC,8,8,2018
32013940,643002,4841758,BWC,8,8,2018
32013941,644261,4841758,BWC,8,8,2018
32013942,642305,4841715,BWC,8,8,2018
32013943,643553,4841461,BWC,8,8,2018
32013944,643704,4841415,BWC,8,8,2018
32013945,641156,4841321,BWC,8,8,2018
32013946,640708,4841261,BWC,8,8,2018
32013947,641649,4841165,BWC,8,8,2018
32013948,643257,4841164,BWC,8,8,2018
32013949,643812,4841113,BWC,8,8,2018
32013950,643852,4840953,BWC,8,8,2018
32013951,643907,4840957,BWC,8,8,2018
32013952,641648,4840863,BWC,8,8,2018
32013953,643604,4840813,BWC,8,8,2018
32013954,643153,4840706,BWC,8,8,2018
32013955,642699,4840507,BWC,8,8,2018
32013956,641165,4840317,BWC,8,8,2018
32013957,641453,4840219,BWC,8,8,2018
32013958,642657,4840107,BWC,8,8,2018
32013959,642257,4840061,BWC,8,8,2018
32013960,641215,4839859,BWC,8,8,2018
32013961,641196,4839518,BWC,8,8,2018
32013962,640608,4839269,BWC,8,8,2018
32013963,640405,4839160,BWC,8,8,2018
32013964,639900,4838916,BWC,8,8,2018
32013965,640502,4838801,BWC,8,8,2018
32013966,640353,4838315,BWC,8,8,2018
32013967,640167,4838104,BWC,8,8,2018
32013969,639705,4836759,BWC,8,8,2018
32013970,639756,4836618,BWC,8,8,2018
32013971,639401,4836306,BWC,8,8,2018
32013972,640605,4835918,BWC,8,8,2018
32013973,639501,4835916,BWC,8,8,2018
32013974,640557,4835460,BWC,8,8,2018
32013975,643058,4826058,BWC,8,8,2018
32013976,643553,4840602,IMP,8,8,2018
32013977,643460,4840411,IMP,8,8,2018
32013978,643450,4840359,IMP,8,8,2018
32013979,643604,4840250,IMP,8,8,2018
32013980,641998,4840163,IMP,8,8,2018
32013981,641955,4840115,IMP,8,8,2018
32013982,643454,4840113,IMP,8,8,2018
32013983,642505,4840112,IMP,8,8,2018
32013984,643003,4840070,IMP,8,8,2018
32013985,642512,4840012,IMP,8,8,2018
32013986,643252,4839972,IMP,8,8,2018
32013987,643409,4839967,IMP,8,8,2018
32013988,641860,4839908,IMP,8,8,2018
32013989,642209,4839666,IMP,8,8,2018
32013990,642457,4839653,IMP,8,8,2018
32013991,643608,4839616,IMP,8,8,2018
32013992,642307,4839412,IMP,8,8,2018
32013993,643008,4839120,IMP,8,8,2018
32013995,640896,4838758,IMP,8,8,2018
32013996,641209,4838718,IMP,8,8,2018
32014000,640951,4838605,IMP,8,8,2018
32014003,641102,4838313,IMP,8,8,2018
32014006,641608,4838119,IMP,8,8,2018
32014007,640605,4838013,IMP,8,8,2018
32014008,641250,4838008,IMP,8,8,2018
32014010,642411,4837960,IMP,8,8,2018
32014011,640561,4837762,IMP,8,8,2018
32014012,642303,4837721,IMP,8,8,2018
32014013,641157,4837665,IMP,8,8,2018
32014014,642308,4837559,IMP,8,8,2018
32014015,641212,4837461,IMP,8,8,2018
32014016,640556,4837264,IMP,8,8,2018
32014017,641603,4837272,IMP,8,8,2018
32014018,641657,4837272,IMP,8,8,2018
32014019,640451,4837115,IMP,8,8,2018
32014020,640456,4837068,IMP,8,8,2018
32014021,641608,4837019,IMP,8,8,2018
32014022,643008,4837020,IMP,8,8,2018
32014023,640805,4836862,IMP,8,8,2018
32014024,641402,4836772,IMP,8,8,2018
32014025,640657,4836716,IMP,8,8,2018
32014026,640303,4836715,IMP,8,8,2018
32014027,642410,4836709,IMP,8,8,2018
32014028,642962,4836716,IMP,8,8,2018
32014029,641464,4836612,IMP,8,8,2018
32014030,642807,4836468,IMP,8,8,2018
32014031,642656,4836417,IMP,8,8,2018
32014032,643064,4836066,IMP,8,8,2018
32014033,643205,4835964,IMP,8,8,2018
32014034,642145,4835848,IMP,8,8,2018
32014035,643052,4835763,IMP,8,8,2018
32014036,640760,4835563,IMP,8,8,2018
32014037,643203,4835566,IMP,8,8,2018
32014038,641155,4835522,IMP,8,8,2018
32014039,642161,4835104,IMP,8,8,2018
32014040,640401,4834957,IMP,8,8,2018
32014041,640105,4834917,IMP,8,8,2018
32014042,641010,4834919,IMP,8,8,2018
32014043,641362,4834863,IMP,8,8,2018
32014044,641462,4834865,IMP,8,8,2018
32014045,639710,4834606,IMP,8,8,2018
32014046,640954,4834553,IMP,8,8,2018
32014047,640055,4834455,IMP,8,8,2018
32014048,640355,4834406,IMP,8,8,2018
32014049,641204,4834405,IMP,8,8,2018
32014050,642457,4834359,IMP,8,8,2018
32014051,641299,4834259,IMP,8,8,2018
32014052,639806,4834260,IMP,8,8,2018
32014053,642701,4834201,IMP,8,8,2018
32014054,639408,4834160,IMP,8,8,2018
32014055,642751,4834165,IMP,8,8,2018
32014056,639443,4834119,IMP,8,8,2018
32014057,641700,4834064,IMP,8,8,2018
32014058,641110,4834015,IMP,8,8,2018
32014059,641854,4833960,IMP,8,8,2018
32014060,641701,4833860,IMP,8,8,2018
32014061,640315,4833806,IMP,8,8,2018
32014062,640609,4833812,IMP,8,8,2018
32014063,640058,4833756,IMP,8,8,2018
32014064,640001,4833763,IMP,8,8,2018
32014065,642755,4833711,IMP,8,8,2018
32014066,641347,4833561,IMP,8,8,2018
32014067,641600,4833565,IMP,8,8,2018
32014068,642016,4833564,IMP,8,8,2018
32014069,641158,4833508,IMP,8,8,2018
32014070,639801,4833453,IMP,8,8,2018
32014071,641204,4833452,IMP,8,8,2018
32014072,642806,4833402,IMP,8,8,2018
32014073,643351,4833263,IMP,8,8,2018
32014074,640746,4833269,IMP,8,8,2018
32014075,641292,4833267,IMP,8,8,2018
32014076,641008,4833207,IMP,8,8,2018
32014077,642360,4833203,IMP,8,8,2018
32014078,640863,4833161,IMP,8,8,2018
32014079,642250,4833162,IMP,8,8,2018
32014080,642956,4833122,IMP,8,8,2018
32014081,642751,4833057,IMP,8,8,2018
32014082,641404,4832955,IMP,8,8,2018
32014083,643056,4832865,IMP,8,8,2018
32014084,640711,4832804,IMP,8,8,2018
32014085,640859,4832809,IMP,8,8,2018
32014086,641151,4832657,IMP,8,8,2018
32014087,642494,4832660,IMP,8,8,2018
32014088,640407,4832619,IMP,8,8,2018
32014089,641609,4832566,IMP,8,8,2018
32014090,641459,4832510,IMP,8,8,2018
32014091,639614,4832397,IMP,8,8,2018
32014092,641663,4832417,IMP,8,8,2018
32014093,639410,4832363,IMP,8,8,2018
32014094,642450,4832309,IMP,8,8,2018
32014095,639412,4832264,IMP,8,8,2018
32014096,642047,4832266,IMP,8,8,2018
32014097,640505,4832163,IMP,8,8,2018
32014098,641053,4832149,IMP,8,8,2018
32014099,641796,4831910,IMP,8,8,2018
32014100,640655,4831716,IMP,8,8,2018
32014101,642004,4831607,IMP,8,8,2018
32014102,642452,4831609,IMP,8,8,2018
32014103,641350,4831465,IMP,8,8,2018
32014104,643007,4831463,IMP,8,8,2018
32014105,640061,4831417,IMP,8,8,2018
32014106,641104,4831262,IMP,8,8,2018
32014107,641751,4831249,IMP,8,8,2018
32014108,640401,4831169,IMP,8,8,2018
32014109,639856,4831119,IMP,8,8,2018
32014110,641652,4831110,IMP,8,8,2018
32014111,642806,4831107,IMP,8,8,2018
32014112,640003,4831057,IMP,8,8,2018
32014113,640050,4831057,IMP,8,8,2018
32014114,640503,4831067,IMP,8,8,2018
32014115,642915,4831065,IMP,8,8,2018
32014116,640807,4830818,IMP,8,8,2018
32014117,640907,4830799,IMP,8,8,2018
32014118,641555,4830806,IMP,8,8,2018
32014119,641601,4830807,IMP,8,8,2018
32014120,642655,4830815,IMP,8,8,2018
32014121,642053,4830721,IMP,8,8,2018
32014122,640057,4830669,IMP,8,8,2018
32014123,643155,4830662,IMP,8,8,2018
32014124,639955,4830613,IMP,8,8,2018
32014125,642248,4830515,IMP,8,8,2018
32014126,641863,4830463,IMP,8,8,2018
32014127,640650,4830417,IMP,8,8,2018
32014128,640306,4830260,IMP,8,8,2018
32014129,641312,4830263,IMP,8,8,2018
32014130,641958,4830260,IMP,8,8,2018
32014131,642559,4830266,IMP,8,8,2018
32014132,642006,4830160,IMP,8,8,2018
32014133,642253,4830111,IMP,8,8,2018
32014134,642468,4830118,IMP,8,8,2018
32014135,639702,4830061,IMP,8,8,2018
32014136,640203,4830067,IMP,8,8,2018
32014137,643402,4830071,IMP,8,8,2018
32014138,640500,4830017,IMP,8,8,2018
32014139,641558,4830012,IMP,8,8,2018
32014140,640553,4829865,IMP,8,8,2018
32014141,640258,4829812,IMP,8,8,2018
32014142,640303,4829752,IMP,8,8,2018
32014143,640706,4829718,IMP,8,8,2018
32014144,642551,4829662,IMP,8,8,2018
32014145,640956,4829514,IMP,8,8,2018
32014146,641357,4829461,IMP,8,8,2018
32014147,641753,4829315,IMP,8,8,2018
32014148,640508,4829261,IMP,8,8,2018
32014149,641056,4829214,IMP,8,8,2018
32014150,641459,4828959,IMP,8,8,2018
32014151,641556,4828957,IMP,8,8,2018
32014152,642104,4828953,IMP,8,8,2018
32014153,640709,4828863,IMP,8,8,2018
32014154,641552,4828794,IMP,8,8,2018
32014155,642560,4828569,IMP,8,8,2018
32014156,641251,4828212,IMP,8,8,2018
32014157,642603,4828216,IMP,8,8,2018
32014158,641905,4828109,IMP,8,8,2018
32014159,642157,4828106,IMP,8,8,2018
32014160,642407,4827962,IMP,8,8,2018
32014181,636657,4856910,MBC,8,8,2019
32014182,637104,4856611,MBC,8,8,2019
32014183,638747,4854548,MBC,8,8,2019
32014184,638561,4854207,MBC,8,8,2019
32014185,639914,4853459,MBC,8,8,2019
32014186,639911,4852957,MBC,8,8,2019
32014187,639811,4852065,MBC,8,8,2019
32014188,639604,4851509,MBC,8,8,2019
32014189,639661,4851419,MBC,8,8,2019
32014190,639455,4851161,MBC,8,8,2019
32014191,639605,4850951,MBC,8,8,2019
32014192,639505,4850511,MBC,8,8,2019
32014193,640300,4849367,MBC,8,8,2019
32014194,640755,4848764,MBC,8,8,2019
32014195,640805,4848712,MBC,8,8,2019
32014196,641605,4848565,MBC,8,8,2019
32014197,641155,4848412,MBC,8,8,2019
32014198,641155,4847862,MBC,8,8,2019
32014199,641054,4847616,MBC,8,8,2019
32014200,641008,4847513,MBC,8,8,2019
32014201,640957,4847409,MBC,8,8,2019
32014202,640755,4847058,MBC,8,8,2019
32014203,641010,4846366,MBC,8,8,2019
32014204,640605,4845163,MBC,8,8,2019
32014205,640656,4845152,MBC,8,8,2019
32014206,640761,4845163,MBC,8,8,2019
32014207,640605,4844652,MBC,8,8,2019
32014208,640705,4844521,MBC,8,8,2019
32014209,640558,4844316,MBC,8,8,2019
32014210,640655,4844213,MBC,8,8,2019
32014211,640850,4844216,MBC,8,8,2019
32014212,640653,4844156,MBC,8,8,2019
32014213,640750,4844153,MBC,8,8,2019
32014214,640810,4843819,MBC,8,8,2019
32014215,640311,4843769,MBC,8,8,2019
32014216,640754,4843560,MBC,8,8,2019
32014217,640261,4842956,MBC,8,8,2019
32014218,640055,4841863,MBC,8,8,2019
32014219,639452,4841512,MBC,8,8,2019
32014220,639658,4841010,MBC,8,8,2019
32014221,639704,4840464,MBC,8,8,2019
32014222,639702,4840364,MBC,8,8,2019
32014223,639755,4840171,MBC,8,8,2019
32014224,639794,4840163,MBC,8,8,2019
32014225,639756,4839970,MBC,8,8,2019
32014226,639810,4839614,MBC,8,8,2019
32014227,639805,4839562,MBC,8,8,2019
32014228,639706,4839263,MBC,8,8,2019
32014229,639261,4838763,MBC,8,8,2019
32014230,639557,4838114,MBC,8,8,2019
32014232,639555,4837552,MBC,8,8,2019
32014233,640006,4837509,MBC,8,8,2019
32014234,640300,4836606,MBC,8,8,2019
32014235,640507,4836406,MBC,8,8,2019
32014236,640752,4836254,MBC,8,8,2019
32014237,640653,4836216,MBC,8,8,2019
32014239,641555,4835612,MBC,8,8,2019
32014240,641548,4835463,MBC,8,8,2019
32014241,641553,4835412,MBC,8,8,2019
32014242,641605,4835204,MBC,8,8,2019
32014243,641605,4834767,MBC,8,8,2019
32014244,641905,4834562,MBC,8,8,2019
32014245,642005,4834373,MBC,8,8,2019
32014246,642056,4834167,MBC,8,8,2019
32014247,643169,4832605,MBC,8,8,2019
32014248,643202,4832513,MBC,8,8,2019
32014249,642555,4826621,MBC,8,8,2019
32014250,642661,4826401,MBC,8,8,2019
32014252,639049,4856626,SC,8,8,2019
32014253,638810,4856511,SC,8,8,2019
32014254,637954,4856411,SC,8,8,2019
32014255,638011,4856150,SC,8,8,2019
32014256,637405,4855367,SC,8,8,2019
32014257,639950,4853664,SC,8,8,2019
32014258,638805,4853361,SC,8,8,2019
32014259,639006,4852605,SC,8,8,2019
32014260,639255,4852261,SC,8,8,2019
32014261,641405,4850008,SC,8,8,2019
32014262,641352,4848871,SC,8,8,2019
32014263,642904,4847816,SC,8,8,2019
32014264,642904,4847711,SC,8,8,2019
32014265,641555,4847665,SC,8,8,2019
32014266,641511,4847505,SC,8,8,2019
32014267,641706,4847414,SC,8,8,2019
32014268,641704,4847266,SC,8,8,2019
32014269,643555,4846818,SC,8,8,2019
32014270,641405,4846713,SC,8,8,2019
32014271,642456,4846704,SC,8,8,2019
32014272,641205,4846212,SC,8,8,2019
32014273,641250,4846170,SC,8,8,2019
32014274,641397,4846112,SC,8,8,2019
32014275,643858,4845867,SC,8,8,2019
32014277,642961,4845616,SC,8,8,2019
32014279,640901,4845358,SC,8,8,2019
32014280,642301,4845019,SC,8,8,2019
32014281,640859,4844759,SC,8,8,2019
32014282,640956,4844469,SC,8,8,2019
32014283,642148,4844258,SC,8,8,2019
32014284,641700,4844217,SC,8,8,2019
32014285,640961,4844168,SC,8,8,2019
32014287,642206,4844118,SC,8,8,2019
32014288,642166,4843866,SC,8,8,2019
32014289,641010,4843112,SC,8,8,2019
32014290,641048,4843005,SC,8,8,2019
32014291,641417,4842812,SC,8,8,2019
32014293,640455,4842362,SC,8,8,2019
32014294,642253,4842186,SC,8,8,2019
32014295,641251,4842118,SC,8,8,2019
32014296,640208,4841763,SC,8,8,2019
32014297,640248,4841657,SC,8,8,2019
32014299,642607,4841163,SC,8,8,2019
32014300,643299,4841157,SC,8,8,2019
32014301,640552,4841115,SC,8,8,2019
32014302,640555,4840812,SC,8,8,2019
32014303,643310,4840666,SC,8,8,2019
32014304,641505,4840612,SC,8,8,2019
32014305,643207,4839718,SC,8,8,2019
32014306,640007,4838264,SC,8,8,2019
32014307,639355,4836807,SC,8,8,2019
32014308,639250,4836365,SC,8,8,2019
32014309,641905,4836217,SC,8,8,2019
32014310,639610,4835312,SC,8,8,2019
32014311,641858,4835202,SC,8,8,2019
32014312,639367,4834912,SC,8,8,2019
32014313,639900,4834560,SC,8,8,2019
32014314,642651,4833256,SC,8,8,2019
32014315,639602,4831911,SC,8,8,2019
32014316,638305,4858662,BWC,8,8,2019
32014317,638705,4856220,BWC,8,8,2019
32014318,639202,4855715,BWC,8,8,2019
32014319,638853,4855352,BWC,8,8,2019
32014320,639704,4854415,BWC,8,8,2019
32014321,638359,4851065,BWC,8,8,2019
32014322,638756,4851060,BWC,8,8,2019
32014323,638610,4850558,BWC,8,8,2019
32014324,638208,4850514,BWC,8,8,2019
32014325,639112,4850454,BWC,8,8,2019
32014326,639012,4850315,BWC,8,8,2019
32014327,639303,4849968,BWC,8,8,2019
32014328,639622,4849316,BWC,8,8,2019
32014329,639854,4848612,BWC,8,8,2019
32014331,642349,4848306,BWC,8,8,2019
32014332,639908,4848209,BWC,8,8,2019
32014333,640858,4847910,BWC,8,8,2019
32014334,642947,4847556,BWC,8,8,2019
32014335,640309,4847461,BWC,8,8,2019
32014336,642357,4847419,BWC,8,8,2019
32014337,643157,4846871,BWC,8,8,2019
32014338,641614,4846619,BWC,8,8,2019
32014339,642501,4846116,BWC,8,8,2019
32014342,639107,4845663,BWC,8,8,2019
32014344,641913,4845465,BWC,8,8,2019
32014348,639449,4845256,BWC,8,8,2019
32014350,641154,4845115,BWC,8,8,2019
32014351,639900,4845116,BWC,8,8,2019
32014352,641957,4845023,BWC,8,8,2019
32014355,639505,4844722,BWC,8,8,2019
32014356,639657,4844662,BWC,8,8,2019
32014358,641754,4844562,BWC,8,8,2019
32014360,639252,4844415,BWC,8,8,2019
32014361,642400,4844060,BWC,8,8,2019
32014362,639203,4844015,BWC,8,8,2019
32014363,643352,4843962,BWC,8,8,2019
32014364,639954,4843963,BWC,8,8,2019
32014365,640003,4843859,BWC,8,8,2019
32014366,643261,4843707,BWC,8,8,2019
32014367,641305,4843722,BWC,8,8,2019
32014369,644462,4843665,BWC,8,8,2019
32014370,642052,4843652,BWC,8,8,2019
32014371,644710,4843515,BWC,8,8,2019
32014372,639709,4843306,BWC,8,8,2019
32014374,639401,4843208,BWC,8,8,2019
32014375,641956,4842966,BWC,8,8,2019
32014376,639613,4842613,BWC,8,8,2019
32014378,644158,4841908,BWC,8,8,2019
32014379,642809,4841864,BWC,8,8,2019
32014380,640855,4841871,BWC,8,8,2019
32014381,641460,4841856,BWC,8,8,2019
32014382,643557,4841720,BWC,8,8,2019
32014383,644108,4841611,BWC,8,8,2019
32014384,641355,4841613,BWC,8,8,2019
32014385,641553,4841462,BWC,8,8,2019
32014386,644109,4841415,BWC,8,8,2019
32014387,641257,4841368,BWC,8,8,2019
32014388,641552,4841336,BWC,8,8,2019
32014389,642351,4841216,BWC,8,8,2019
32014390,642653,4841213,BWC,8,8,2019
32014391,643761,4841165,BWC,8,8,2019
32014392,641657,4841118,BWC,8,8,2019
32014393,640905,4841103,BWC,8,8,2019
32014394,641607,4841053,BWC,8,8,2019
32014395,643905,4841011,BWC,8,8,2019
32014396,642656,4840959,BWC,8,8,2019
32014397,642502,4840920,BWC,8,8,2019
32014398,641951,4840759,BWC,8,8,2019
32014400,642206,4840657,BWC,8,8,2019
32014401,642107,4840613,BWC,8,8,2019
32014402,643458,4840611,BWC,8,8,2019
32014403,641348,4840371,BWC,8,8,2019
32014404,639851,4840314,BWC,8,8,2019
32014405,642855,4840271,BWC,8,8,2019
32014406,640402,4839566,BWC,8,8,2019
32014407,640604,4839570,BWC,8,8,2019
32014408,640405,4838807,BWC,8,8,2019
32014409,640565,4838812,BWC,8,8,2019
32014410,640408,4838711,BWC,8,8,2019
32014411,639909,4838110,BWC,8,8,2019
32014412,638905,4837951,BWC,8,8,2019
32014413,638956,4837764,BWC,8,8,2019
32014414,639302,4837418,BWC,8,8,2019
32014415,639705,4836262,BWC,8,8,2019
32014416,639956,4836267,BWC,8,8,2019
32014417,639355,4836104,BWC,8,8,2019
32014418,640552,4835910,BWC,8,8,2019
32014419,640657,4835761,BWC,8,8,2019
32014420,640248,4835716,BWC,8,8,2019
32014421,640459,4835670,BWC,8,8,2019
32014422,639862,4835312,BWC,8,8,2019
32014423,639458,4835169,BWC,8,8,2019
32014424,639252,4834656,BWC,8,8,2019
32014425,639458,4834509,BWC,8,8,2019
32014426,643654,4840210,IMP,8,8,2019
32014427,642953,4840162,IMP,8,8,2019
32014428,642561,4840118,IMP,8,8,2019
32014429,643608,4840004,IMP,8,8,2019
32014430,641911,4839914,IMP,8,8,2019
32014431,642813,4839816,IMP,8,8,2019
32014432,641406,4839667,IMP,8,8,2019
32014433,642507,4839569,IMP,8,8,2019
32014434,643259,4839419,IMP,8,8,2019
32014435,643407,4839367,IMP,8,8,2019
32014436,643056,4839261,IMP,8,8,2019
32014437,641611,4839158,IMP,8,8,2019
32014438,641409,4839124,IMP,8,8,2019
32014439,641549,4839103,IMP,8,8,2019
32014440,642807,4839070,IMP,8,8,2019
32014441,642011,4839065,IMP,8,8,2019
32014442,643198,4839015,IMP,8,8,2019
32014443,642411,4838839,IMP,8,8,2019
32014444,643403,4838804,IMP,8,8,2019
32014445,642396,4838609,IMP,8,8,2019
32014446,642006,4838515,IMP,8,8,2019
32014447,643459,4838460,IMP,8,8,2019
32014448,640712,4838465,IMP,8,8,2019
32014449,640961,4838462,IMP,8,8,2019
32014450,641960,4838469,IMP,8,8,2019
32014451,642451,4838154,IMP,8,8,2019
32014452,641209,4838066,IMP,8,8,2019
32014453,641700,4838006,IMP,8,8,2019
32014454,642107,4838006,IMP,8,8,2019
32014455,641300,4837866,IMP,8,8,2019
32014456,643361,4837861,IMP,8,8,2019
32014457,641504,4837812,IMP,8,8,2019
32014458,641706,4837771,IMP,8,8,2019
32014459,640556,4837519,IMP,8,8,2019
32014460,641499,4837256,IMP,8,8,2019
32014461,640658,4837154,IMP,8,8,2019
32014462,641851,4837166,IMP,8,8,2019
32014463,643206,4837165,IMP,8,8,2019
32014464,641204,4837064,IMP,8,8,2019
32014465,641800,4837061,IMP,8,8,2019
32014466,643304,4837062,IMP,8,8,2019
32014467,641152,4837013,IMP,8,8,2019
32014468,640254,4836965,IMP,8,8,2019
32014469,643252,4836909,IMP,8,8,2019
32014470,641746,4836863,IMP,8,8,2019
32014471,640557,4836796,IMP,8,8,2019
32014472,641104,4836820,IMP,8,8,2019
32014473,640358,4836766,IMP,8,8,2019
32014474,641702,4836764,IMP,8,8,2019
32014475,642557,4836715,IMP,8,8,2019
32014476,640408,4836671,IMP,8,8,2019
32014477,640900,4836611,IMP,8,8,2019
32014478,640808,4836412,IMP,8,8,2019
32014479,641755,4836362,IMP,8,8,2019
32014480,642859,4836263,IMP,8,8,2019
32014481,643198,4836211,IMP,8,8,2019
32014482,641508,4836163,IMP,8,8,2019
32014483,641653,4836161,IMP,8,8,2019
32014484,643151,4835970,IMP,8,8,2019
32014485,642697,4835716,IMP,8,8,2019
32014487,641004,4835617,IMP,8,8,2019
32014488,642105,4835618,IMP,8,8,2019
32014489,642257,4835607,IMP,8,8,2019
32014490,642750,4835616,IMP,8,8,2019
32014491,641006,4835511,IMP,8,8,2019
32014492,641000,4835467,IMP,8,8,2019
32014493,641053,4835461,IMP,8,8,2019
32014494,641012,4835370,IMP,8,8,2019
32014495,642108,4835204,IMP,8,8,2019
32014496,641505,4835167,IMP,8,8,2019
32014497,642106,4835116,IMP,8,8,2019
32014498,641310,4835070,IMP,8,8,2019
32014499,640399,4834960,IMP,8,8,2019
32014500,640607,4834866,IMP,8,8,2019
32014501,642611,4834761,IMP,8,8,2019
32014502,642657,4834663,IMP,8,8,2019
32014503,642904,4834663,IMP,8,8,2019
32014504,641551,4834618,IMP,8,8,2019
32014505,640704,4834562,IMP,8,8,2019
32014506,642562,4834312,IMP,8,8,2019
32014507,640611,4834256,IMP,8,8,2019
32014508,641051,4834207,IMP,8,8,2019
32014509,642760,4834215,IMP,8,8,2019
32014510,641914,4833999,IMP,8,8,2019
32014511,639505,4833870,IMP,8,8,2019
32014512,641007,4833853,IMP,8,8,2019
32014513,642960,4833868,IMP,8,8,2019
32014514,642851,4833713,IMP,8,8,2019
32014515,640753,4833658,IMP,8,8,2019
32014516,641355,4833596,IMP,8,8,2019
32014517,641907,4833516,IMP,8,8,2019
32014518,640011,4833462,IMP,8,8,2019
32014519,642708,4833459,IMP,8,8,2019
32014520,643257,4833362,IMP,8,8,2019
32014521,641546,4833366,IMP,8,8,2019
32014522,641647,4833361,IMP,8,8,2019
32014523,642160,4833364,IMP,8,8,2019
32014524,641651,4833311,IMP,8,8,2019
32014525,642961,4833318,IMP,8,8,2019
32014526,639252,4833216,IMP,8,8,2019
32014527,643202,4833213,IMP,8,8,2019
32014528,642202,4833210,IMP,8,8,2019
32014529,640356,4833120,IMP,8,8,2019
32014530,640956,4833064,IMP,8,8,2019
32014531,642002,4833018,IMP,8,8,2019
32014532,639754,4832959,IMP,8,8,2019
32014533,641906,4832969,IMP,8,8,2019
32014534,639402,4832914,IMP,8,8,2019
32014535,640849,4832913,IMP,8,8,2019
32014536,641904,4832917,IMP,8,8,2019
32014538,639500,4832858,IMP,8,8,2019
32014539,640205,4832863,IMP,8,8,2019
32014540,641699,4832866,IMP,8,8,2019
32014541,641904,4832866,IMP,8,8,2019
32014542,640306,4832767,IMP,8,8,2019
32014544,642499,4832708,IMP,8,8,2019
32014545,640013,4832358,IMP,8,8,2019
32014546,639408,4832222,IMP,8,8,2019
32014547,641305,4832161,IMP,8,8,2019
32014548,640398,4832014,IMP,8,8,2019
32014549,640409,4831957,IMP,8,8,2019
32014552,640208,4831794,IMP,8,8,2019
32014553,642303,4831763,IMP,8,8,2019
32014555,641652,4831654,IMP,8,8,2019
32014556,640255,4831619,IMP,8,8,2019
32014557,640854,4831560,IMP,8,8,2019
32014558,642106,4831552,IMP,8,8,2019
32014559,641512,4831512,IMP,8,8,2019
32014561,640055,4831359,IMP,8,8,2019
32014562,640208,4831263,IMP,8,8,2019
32014563,639856,4831054,IMP,8,8,2019
32014565,642406,4830863,IMP,8,8,2019
32014566,641804,4830816,IMP,8,8,2019
32014569,640848,4830758,IMP,8,8,2019
32014570,641107,4830722,IMP,8,8,2019
32014571,639902,4830664,IMP,8,8,2019
32014572,641802,4830665,IMP,8,8,2019
32014573,642251,4830607,IMP,8,8,2019
32014574,642408,4830606,IMP,8,8,2019
32014575,640054,4830457,IMP,8,8,2019
32014577,642603,4830366,IMP,8,8,2019
32014579,640011,4830315,IMP,8,8,2019
32014581,641347,4830263,IMP,8,8,2019
32014582,639764,4830169,IMP,8,8,2019
32014583,640861,4830161,IMP,8,8,2019
32014584,640199,4830059,IMP,8,8,2019
32014585,641011,4829913,IMP,8,8,2019
32014586,640504,4829765,IMP,8,8,2019
32014587,639801,4829758,IMP,8,8,2019
32014588,641703,4829561,IMP,8,8,2019
32014589,640607,4829515,IMP,8,8,2019
32014590,642305,4829412,IMP,8,8,2019
32014592,641858,4829315,IMP,8,8,2019
32014593,640563,4829259,IMP,8,8,2019
32014594,643218,4829205,IMP,8,8,2019
32014595,641903,4829061,IMP,8,8,2019
32014596,643453,4829015,IMP,8,8,2019
32014597,642709,4828960,IMP,8,8,2019
32014598,641912,4828906,IMP,8,8,2019
32014599,640798,4828859,IMP,8,8,2019
32014600,641103,4828652,IMP,8,8,2019
32014601,641708,4828509,IMP,8,8,2019
32014602,642208,4828364,IMP,8,8,2019
32014603,642856,4828311,IMP,8,8,2019
32014604,642056,4828213,IMP,8,8,2019
32014605,642812,4828110,IMP,8,8,2019
32014606,642408,4828059,IMP,8,8,2019
32014607,641205,4828022,IMP,8,8,2019
32014608,642260,4827903,IMP,8,8,2019
32014609,642502,4827911,IMP,8,8,2019
32014610,641354,4827913,IMP,8,8,2019
33001604,723162,4674400,MBC,13,13,1998
33001605,723094,4674185,MBC,13,13,1998
33001606,723721,4674190,SC,13,13,1998
33001607,724392,4673590,MBC,13,13,1998
33001609,725556,4673372,SC,13,13,1998
33001610,725562,4673338,SC,13,13,1998
33001611,725410,4673501,BWC,13,13,1998
33001613,725708,4673535,SC,13,13,1998
33001616,727357,4673125,SC,13,13,1998
33001617,727424,4673041,SC,13,13,1998
33001618,728221,4672339,SC,13,13,1998
33001619,728447,4672458,SC,13,13,1998
33001620,729093,4672187,SC,13,13,1998
33001621,729018,4672098,SC,13,13,1998
33001622,729711,4671498,SC,13,13,1998
33001624,714742,4680929,BWC,13,13,1998
33001626,715947,4679314,BWC,13,13,1998
33001627,716275,4678574,BWC,13,13,1998
33001628,717258,4677645,BWC,13,13,1998
33001630,718193,4677369,BWC,13,13,1998
33001631,719163,4677394,BWC,13,13,1998
33001632,719058,4676908,BWC,13,13,1998
33001633,715656,4678451,SC,13,13,1998
33001634,715497,4678527,SC,13,13,1998
33001636,714666,4678487,SC,13,13,1998
33001637,714355,4678954,SC,13,13,1998
33001638,714552,4678963,SC,13,13,1998
33001639,714498,4678952,SC,13,13,1998
33001640,714506,4679005,SC,13,13,1998
33001642,713746,4680014,MBC,13,13,1998
33001643,713418,4681254,MBC,13,13,1998
33001644,713561,4680833,MBC,13,13,1998
33001645,713614,4680148,MBC,13,13,1998
33001656,733412,4665253,BWC,13,13,1998
33001659,731787,4667150,SC,13,13,1998
33001660,731972,4667192,SC,13,13,1998
33001661,732083,4667126,SC,13,13,1998
33001665,733907,4664854,BWC,13,13,1998
33001666,733864,4665054,BWC,13,13,1998
33001667,734065,4665297,BWC,13,13,1998
33001668,734011,4665945,BWC,13,13,1998
33001669,734259,4665551,BWC,13,13,1998
33001670,734069,4665078,BWC,13,13,1998
33001671,734203,4662905,MBC,13,13,1998
33001672,733664,4662246,SC,13,13,1998
33001673,733651,4662418,BWC,13,13,1998
33001674,733511,4662747,BWC,13,13,1998
33001683,726127,4671881,BWC,13,13,1998
33001684,725762,4670753,BWC,13,13,1998
33001685,726265,4670505,BWC,13,13,1998
33001686,726307,4670098,BWC,13,13,1998
33001687,726358,4670011,BWC,13,13,1998
33001688,726461,4669906,BWC,13,13,1998
33001689,726808,4670306,BWC,13,13,1998
33001690,726755,4670188,BWC,13,13,1998
33001692,727108,4671148,BWC,13,13,1998
33001693,727266,4670860,BWC,13,13,1998
33001694,727039,4670816,BWC,13,13,1998
33001695,727309,4670807,BWC,13,13,1998
33001696,727555,4670242,BWC,13,13,1998
33001697,728050,4670311,SC,13,13,1998
33001699,728474,4672046,MBC,13,13,1998
33001703,730056,4671468,SC,13,13,1998
33001705,730022,4671529,SC,13,13,1998
33001706,730018,4671565,SC,13,13,1998
33001707,730281,4671439,SC,13,13,1998
33001708,730398,4671332,SC,13,13,1998
33001710,730398,4670088,SC,13,13,1998
33001712,732643,4664498,BWC,13,13,1998
33001713,732470,4664275,BWC,13,13,1998
33001714,733050,4664119,BWC,13,13,1998
33001715,733262,4664001,BWC,13,13,1998
33001716,733010,4663987,BWC,13,13,1998
33001717,732842,4663898,BWC,13,13,1998
33001718,732761,4663707,BWC,13,13,1998
33001719,732759,4663415,BWC,13,13,1998
33001720,733161,4663245,BWC,13,13,1998
33001721,732902,4663218,BWC,13,13,1998
33001722,732866,4663149,BWC,13,13,1998
33001723,716649,4676955,MBC,13,13,1998
33001724,732367,4662949,BWC,13,13,1998
33001725,732948,4662690,BWC,13,13,1998
33001726,732924,4662399,BWC,13,13,1998
33001727,732917,4662660,BWC,13,13,1998
33001734,728912,4670017,BWC,13,13,1998
33001735,729458,4670096,BWC,13,13,1998
33001736,729264,4670358,BWC,13,13,1998
33001737,730008,4669146,BWC,13,13,1998
33001738,730408,4668715,BWC,13,13,1998
33001739,732660,4667753,MBC,13,13,1998
33001740,733156,4668409,BWC,13,13,1998
33001741,733661,4668455,BWC,13,13,1998
33001742,733995,4668201,BWC,13,13,1998
33001743,734453,4667906,BWC,13,13,1998
33001744,734819,4667637,SC,13,13,1998
33001745,734655,4667948,BWC,13,13,1998
33001746,734506,4668293,BWC,13,13,1998
33001747,734458,4668357,BWC,13,13,1998
33001748,733758,4668603,BWC,13,13,1998
33001749,733613,4668650,BWC,13,13,1998
33001750,733314,4668652,BWC,13,13,1998
33001751,732616,4668893,BWC,13,13,1998
33001752,733171,4668938,BWC,13,13,1998
33001753,733268,4668890,BWC,13,13,1998
33001754,733565,4669058,BWC,13,13,1998
33001755,733654,4668947,BWC,13,13,1998
33001756,733362,4668989,BWC,13,13,1998
33001757,733156,4669197,BWC,13,13,1998
33001758,733501,4669447,BWC,13,13,1998
33001759,733459,4669497,BWC,13,13,1998
33001760,733300,4669716,BWC,13,13,1998
33001761,733574,4669521,BWC,13,13,1998
33001762,734742,4663522,MBC,13,13,1998
33001763,734509,4661676,MBC,13,13,1998
33001765,734950,4661147,BWC,13,13,1998
33001766,734844,4662610,BWC,13,13,1998
33001768,735444,4659306,BWC,13,13,1998
33001769,735413,4659443,BWC,13,13,1998
33001770,735160,4659528,BWC,13,13,1998
33001771,735459,4658359,SC,13,13,1998
33001772,735623,4657879,MBC,13,13,1998
33001773,735456,4657635,MBC,13,13,1998
33001774,735700,4657452,MBC,13,13,1998
33001775,736054,4657089,MBC,13,13,1998
33001776,736220,4657261,SC,13,13,1998
33001777,735907,4657504,MBC,13,13,1998
33001778,735859,4657608,MBC,13,13,1998
33001780,736311,4657664,SC,13,13,1998
33001781,736585,4657503,SC,13,13,1998
33001782,736658,4657350,SC,13,13,1998
33001783,736956,4656667,BWC,13,13,1998
33001784,736911,4656246,BWC,13,13,1998
33001785,736765,4656279,BWC,13,13,1998
33001787,737713,4655649,BWC,13,13,1998
33001789,736614,4658114,BWC,13,13,1998
33001790,736758,4658234,BWC,13,13,1998
33001791,735788,4658401,BWC,13,13,1998
33001792,735993,4658645,BWC,13,13,1998
33001796,735663,4658514,BWC,13,13,1998
33001797,736258,4658759,BWC,13,13,1998
33001798,736383,4659232,BWC,13,13,1998
33001799,736614,4659301,BWC,13,13,1998
33001800,736457,4659512,BWC,13,13,1998
33001801,736354,4659548,BWC,13,13,1998
33001802,735712,4660203,BWC,13,13,1998
33001803,735752,4660017,BWC,13,13,1998
33001804,735857,4660385,BWC,13,13,1998
33001805,735763,4660501,BWC,13,13,1998
33001806,735818,4660846,BWC,13,13,1998
33001807,736154,4660456,BWC,13,13,1998
33001808,733744,4660352,BWC,13,13,1998
33001809,733956,4660210,BWC,13,13,1998
33001810,733853,4659709,BWC,13,13,1998
33001811,733906,4659552,SC,13,13,1998
33001812,734814,4658400,MBC,13,13,1998
33001813,734963,4658360,MBC,13,13,1998
33001814,734662,4657653,SC,13,13,1998
33001815,734556,4657604,SC,13,13,1998
33001816,734964,4656855,SC,13,13,1998
33001817,735409,4657199,MBC,13,13,1998
33001818,735754,4656304,SC,13,13,1998
33001819,736461,4655957,MBC,13,13,1998
33001821,736711,4655464,MBC,13,13,1998
33001822,736599,4655195,MBC,13,13,1998
33001823,735959,4655389,MBC,13,13,1998
33001824,736209,4654901,MBC,13,13,1998
33001825,736503,4653653,MBC,13,13,1998
33001826,736556,4653490,MBC,13,13,1998
33001827,736601,4653357,MBC,13,13,1998
33001828,736450,4652794,MBC,13,13,1998
33001829,736465,4652685,MBC,13,13,1998
33001830,736508,4652689,MBC,13,13,1998
33001831,736519,4652655,MBC,13,13,1998
33001832,736799,4652686,MBC,13,13,1998
33001833,736554,4652443,MBC,13,13,1998
33001834,736462,4652144,MBC,13,13,1998
33001835,736501,4652008,MBC,13,13,1998
33001836,736593,4652006,MBC,13,13,1998
33001837,736733,4660689,BWC,13,13,1998
33001838,737214,4660653,BWC,13,13,1998
33001839,737472,4660857,BWC,13,13,1998
33001840,737767,4660544,BWC,13,13,1998
33001841,737449,4660445,BWC,13,13,1998
33001842,736899,4660089,BWC,13,13,1998
33001843,736902,4660158,BWC,13,13,1998
33001844,736864,4660109,BWC,13,13,1998
33001845,737062,4660059,BWC,13,13,1998
33001846,737365,4660047,BWC,13,13,1998
33001847,736953,4659713,BWC,13,13,1998
33001848,738014,4659874,BWC,13,13,1998
33001849,738224,4659735,BWC,13,13,1998
33001850,738310,4659538,BWC,13,13,1998
33001851,738059,4659247,BWC,13,13,1998
33001852,737656,4659106,BWC,13,13,1998
33001853,737616,4659002,BWC,13,13,1998
33001854,737204,4659148,BWC,13,13,1998
33001855,737206,4659110,BWC,13,13,1998
33001856,737157,4658802,BWC,13,13,1998
33001857,738359,4658749,BWC,13,13,1998
33001858,738208,4658291,BWC,13,13,1998
33001859,738313,4658039,BWC,13,13,1998
33001860,737197,4658364,BWC,13,13,1998
33001861,737457,4658198,BWC,13,13,1998
33001862,737657,4658050,BWC,13,13,1998
33001863,737508,4657698,BWC,13,13,1998
33001864,737951,4657447,BWC,13,13,1998
33001865,737506,4656610,BWC,13,13,1998
33001866,737514,4656455,BWC,13,13,1998
33001867,737550,4656241,BWC,13,13,1998
33001868,735610,4656038,SC,13,13,1998
33001869,735352,4655506,BWC,13,13,1998
33001870,735362,4655362,BWC,13,13,1998
33001872,735594,4654997,SC,13,13,1998
33001873,735859,4654936,SC,13,13,1998
33001875,735800,4654683,SC,13,13,1998
33001876,735605,4654477,BWC,13,13,1998
33001877,735811,4654448,BWC,13,13,1998
33001878,735685,4654240,BWC,13,13,1998
33001879,736061,4653455,BWC,13,13,1998
33001880,736059,4653334,BWC,13,13,1998
33001881,736097,4653006,SC,13,13,1998
33001882,736248,4652549,MBC,13,13,1998
33001883,735932,4652919,IMP,13,13,1998
33001884,735798,4652800,IMP,13,13,1998
33001885,735497,4653109,BWC,13,13,1998
33001886,735198,4652987,BWC,13,13,1998
33001887,735094,4652777,BWC,13,13,1998
33001888,734892,4652200,BWC,13,13,1998
33001889,735448,4652043,IMP,13,13,1998
33001890,735951,4652061,IMP,13,13,1998
33001891,735968,4651992,IMP,13,13,1998
33001892,735808,4651892,SC,13,13,1998
33001893,736206,4651565,MBC,13,13,1998
33001894,736111,4651285,MBC,13,13,1998
33001895,735714,4650755,IMP,13,13,1998
33001896,735273,4650301,IMP,13,13,1998
33001897,734853,4650058,IMP,13,13,1998
33001898,734720,4650053,IMP,13,13,1998
33001899,734959,4649513,IMP,13,13,1998
33001900,734707,4649171,IMP,13,13,1998
33001902,735514,4648843,IMP,13,13,1998
33001903,735389,4649289,MBC,13,13,1998
33001905,737369,4655123,BWC,13,13,1998
33001906,737200,4654902,BWC,13,13,1998
33001907,737602,4654942,BWC,13,13,1998
33001909,737379,4654541,BWC,13,13,1998
33001910,737596,4654290,SC,13,13,1998
33001913,737723,4653809,SC,13,13,1998
33001914,737245,4653565,BWC,13,13,1998
33001915,737705,4653291,BWC,13,13,1998
33001917,737533,4653007,BWC,13,13,1998
33001918,737462,4652949,BWC,13,13,1998
33001919,737690,4652300,SC,13,13,1998
33001920,737804,4652265,SC,13,13,1998
33001921,737242,4652194,BWC,13,13,1998
33001922,737216,4652135,BWC,13,13,1998
33001923,736941,4651830,BWC,13,13,1998
33001924,737044,4651673,IMP,13,13,1998
33001925,737758,4651847,IMP,13,13,1998
33001926,737606,4651844,IMP,13,13,1998
33001927,737702,4650927,IMP,13,13,1998
33001928,737503,4651097,IMP,13,13,1998
33001929,737117,4651004,IMP,13,13,1998
33001930,736616,4651265,IMP,13,13,1998
33001931,737039,4650867,IMP,13,13,1998
33001932,737243,4650717,IMP,13,13,1998
33001933,736044,4649538,IMP,13,13,1998
33001934,736292,4649110,IMP,13,13,1998
33001935,736018,4649105,IMP,13,13,1998
33001936,735813,4649040,IMP,13,13,1998
33001937,735938,4648820,IMP,13,13,1998
33001938,736104,4648581,IMP,13,13,1998
33001939,735954,4648555,IMP,13,13,1998
33001940,735760,4648662,IMP,13,13,1998
33001941,735402,4648622,IMP,13,13,1998
33001942,735500,4648532,IMP,13,13,1998
33001943,735331,4648660,IMP,13,13,1998
33001944,735160,4648598,MBC,13,13,1998
33001945,735544,4648411,SC,13,13,1998
33001947,736258,4648009,IMP,13,13,1998
33001948,736255,4647892,IMP,13,13,1998
33001949,735806,4647804,IMP,13,13,1998
33001950,735546,4647723,IMP,13,13,1998
33001951,735855,4647635,IMP,13,13,1998
33001952,735497,4647232,IMP,13,13,1998
33001953,735588,4646861,MBC,13,13,1998
33001955,736017,4647045,IMP,13,13,1998
33001956,735789,4646853,SC,13,13,1998
33001957,735807,4646643,MBC,13,13,1998
33001958,735871,4646591,MBC,13,13,1998
33001959,735972,4646451,MBC,13,13,1998
33001960,734159,4650840,IMP,13,13,1998
33001961,733965,4650921,IMP,13,13,1998
33001962,733908,4650006,IMP,13,13,1998
33001963,733954,4649455,IMP,13,13,1998
33001964,733930,4649399,IMP,13,13,1998
33001965,733769,4649332,IMP,13,13,1998
33001967,737780,4650546,IMP,13,13,1998
33001969,734028,4648191,IMP,13,13,1998
33001970,734571,4648103,IMP,13,13,1998
33001971,734350,4647686,IMP,13,13,1998
33001972,734021,4647806,IMP,13,13,1998
33001973,733956,4647790,IMP,13,13,1998
33001974,733603,4647692,IMP,13,13,1998
33001975,733751,4647664,IMP,13,13,1998
33001976,733511,4647124,IMP,13,13,1998
33001977,734001,4646682,IMP,13,13,1998
33001978,736807,4650322,IMP,13,13,1998
33001979,736859,4649783,IMP,13,13,1998
33001980,736756,4649694,IMP,13,13,1998
33001981,736568,4649779,IMP,13,13,1998
33001982,736767,4649287,IMP,13,13,1998
33001983,737213,4649454,IMP,13,13,1998
33001984,737399,4649583,IMP,13,13,1998
33001985,737710,4649981,IMP,13,13,1998
33001986,737808,4649795,IMP,13,13,1998
33001987,737969,4649514,IMP,13,13,1998
33001988,738229,4649498,IMP,13,13,1998
33001989,738556,4649359,IMP,13,13,1998
33001990,738758,4649196,IMP,13,13,1998
33001991,738306,4649125,IMP,13,13,1998
33001992,737641,4649349,IMP,13,13,1998
33001993,737607,4649113,IMP,13,13,1998
33001994,737311,4649001,IMP,13,13,1998
33001995,737309,4649097,IMP,13,13,1998
33001996,737264,4648965,IMP,13,13,1998
33001997,737742,4648756,IMP,13,13,1998
33001998,738271,4648505,IMP,13,13,1998
33001999,738225,4648415,IMP,13,13,1998
33002000,737556,4648456,IMP,13,13,1998
33002001,737115,4648679,IMP,13,13,1998
33002002,737649,4648456,IMP,13,13,1998
33002003,736999,4648744,IMP,13,13,1998
33002004,737207,4648555,IMP,13,13,1998
33002005,739410,4646972,BWC,13,13,1998
33002006,739147,4647207,BWC,13,13,1998
33002007,739401,4647238,BWC,13,13,1998
33002008,738659,4644602,BWC,13,13,1998
33002009,738672,4644445,BWC,13,13,1998
33002010,738558,4645927,BWC,13,13,1998
33002011,738651,4645775,BWC,13,13,1998
33002012,738269,4644570,IMP,13,13,1998
33002013,738148,4644414,IMP,13,13,1998
33002014,738067,4643850,IMP,13,13,1998
33002015,738233,4643512,IMP,13,13,1998
33002016,737844,4643301,IMP,13,13,1998
33002017,737712,4643397,IMP,13,13,1998
33002018,737791,4643499,IMP,13,13,1998
33002019,737138,4648482,IMP,13,13,1998
33002020,737307,4648417,IMP,13,13,1998
33002021,737254,4648251,IMP,13,13,1998
33002022,737142,4647896,IMP,13,13,1998
33002023,737148,4648041,IMP,13,13,1998
33002024,738117,4648102,IMP,13,13,1998
33002025,737861,4648048,IMP,13,13,1998
33002026,738410,4648043,IMP,13,13,1998
33002027,738413,4647960,IMP,13,13,1998
33002028,738189,4647903,IMP,13,13,1998
33002029,738006,4647629,IMP,13,13,1998
33002030,737858,4647304,IMP,13,13,1998
33002031,737621,4647201,IMP,13,13,1998
33002032,738302,4647146,IMP,13,13,1998
33002033,738299,4646843,IMP,13,13,1998
33002034,737876,4646836,IMP,13,13,1998
33002035,737798,4646853,IMP,13,13,1998
33002036,737762,4646743,IMP,13,13,1998
33002037,737862,4646553,IMP,13,13,1998
33002038,737310,4646598,IMP,13,13,1998
33002039,737405,4646748,IMP,13,13,1998
33002040,737366,4646847,IMP,13,13,1998
33002041,736807,4646899,IMP,13,13,1998
33002042,736962,4647194,IMP,13,13,1998
33002043,736807,4647540,IMP,13,13,1998
33002044,736556,4647795,IMP,13,13,1998
33002045,736387,4647380,IMP,13,13,1998
33002046,736248,4647146,IMP,13,13,1998
33002047,736453,4646845,IMP,13,13,1998
33002048,736204,4646495,IMP,13,13,1998
33002049,736709,4646292,IMP,13,13,1998
33002050,737203,4646391,IMP,13,13,1998
33002051,737416,4646408,IMP,13,13,1998
33002052,737550,4646241,IMP,13,13,1998
33002053,737959,4646057,IMP,13,13,1998
33002054,737552,4645945,IMP,13,13,1998
33002055,737315,4645741,IMP,13,13,1998
33002056,737970,4645752,IMP,13,13,1998
33002057,738149,4645759,IMP,13,13,1998
33002058,737443,4643043,IMP,13,13,1998
33002059,737355,4643150,IMP,13,13,1998
33002060,736892,4643202,IMP,13,13,1998
33002061,737651,4643694,IMP,13,13,1998
33002062,737909,4644405,IMP,13,13,1998
33002063,737629,4644424,IMP,13,13,1998
33002064,737752,4644541,IMP,13,13,1998
33002065,737752,4644811,IMP,13,13,1998
33002066,738004,4645142,IMP,13,13,1998
33002067,738053,4645296,IMP,13,13,1998
33002068,734370,4642606,IMP,13,13,1998
33002069,734407,4642852,IMP,13,13,1998
33002070,734308,4642962,IMP,13,13,1998
33002071,734802,4643008,IMP,13,13,1998
33002072,734813,4642917,IMP,13,13,1998
33002073,737557,4643305,IMP,13,13,1998
33002074,734356,4643369,IMP,13,13,1998
33002075,734013,4643381,IMP,13,13,1998
33002076,734562,4643606,IMP,13,13,1998
33002077,733762,4645182,IMP,13,13,1998
33002078,734008,4646351,IMP,13,13,1998
33002079,734157,4646247,IMP,13,13,1998
33002080,734193,4646415,IMP,13,13,1998
33002081,734408,4646559,IMP,13,13,1998
33002082,734614,4646431,IMP,13,13,1998
33002083,734600,4646741,IMP,13,13,1998
33002084,737455,4642941,IMP,13,13,1998
33002085,735264,4646626,IMP,13,13,1998
33002086,735207,4646453,IMP,13,13,1998
33002087,735619,4646199,IMP,13,13,1998
33002088,735149,4646098,IMP,13,13,1998
33002089,734659,4646207,IMP,13,13,1998
33002090,734615,4646149,IMP,13,13,1998
33002091,734253,4645782,IMP,13,13,1998
33002092,734046,4645694,IMP,13,13,1998
33002093,734109,4645442,IMP,13,13,1998
33002094,734360,4645095,IMP,13,13,1998
33002095,734263,4644646,IMP,13,13,1998
33002096,734266,4644880,IMP,13,13,1998
33002097,734354,4644347,IMP,13,13,1998
33002098,734598,4644155,IMP,13,13,1998
33002099,734664,4643996,IMP,13,13,1998
33002100,734754,4643951,IMP,13,13,1998
33002101,735213,4643710,IMP,13,13,1998
33002102,735210,4643585,IMP,13,13,1998
33002103,735827,4643643,IMP,13,13,1998
33002104,735923,4643508,MBC,13,13,1998
33002105,735795,4643193,MBC,13,13,1998
33002107,735761,4643148,MBC,13,13,1998
33002108,735374,4643294,IMP,13,13,1998
33002109,735256,4643296,IMP,13,13,1998
33002110,735103,4643192,IMP,13,13,1998
33002111,735108,4643286,IMP,13,13,1998
33002112,735009,4642948,IMP,13,13,1998
33002113,735053,4642653,IMP,13,13,1998
33002115,736454,4644274,MBC,13,13,1998
33002116,736859,4644206,IMP,13,13,1998
33002117,737100,4644555,IMP,13,13,1998
33002118,737425,4644864,IMP,13,13,1998
33002119,736850,4644804,IMP,13,13,1998
33002120,736790,4644860,IMP,13,13,1998
33002121,736910,4645111,IMP,13,13,1998
33002122,736522,4645555,IMP,13,13,1998
33002123,735961,4646438,MBC,13,13,1998
33002124,736300,4645076,IMP,13,13,1998
33002125,736305,4645307,IMP,13,13,1998
33002127,736008,4644277,IMP,13,13,1998
33002128,735856,4644438,IMP,13,13,1998
33002129,735751,4644502,IMP,13,13,1998
33002130,735815,4644606,IMP,13,13,1998
33002131,735463,4644538,IMP,13,13,1998
33002132,735202,4644601,IMP,13,13,1998
33002133,735670,4644907,IMP,13,13,1998
33002134,735621,4645090,IMP,13,13,1998
33002135,734910,4645133,IMP,13,13,1998
33002136,735210,4645300,IMP,13,13,1998
33002137,735216,4645408,IMP,13,13,1998
33002138,735408,4645459,IMP,13,13,1998
33002139,734253,4650296,IMP,13,13,1998
33002140,734512,4650446,IMP,13,13,1998
33002142,734158,4649847,IMP,13,13,1998
33002143,717224,4676449,MBC,13,13,1998
33002144,717425,4676396,MBC,13,13,1998
33002145,717599,4676261,MBC,13,13,1998
33002146,719791,4675545,MBC,13,13,1998
33002147,719765,4675492,MBC,13,13,1998
33002149,720191,4675328,MBC,13,13,1998
33002151,720414,4675090,SC,13,13,1998
33002152,720769,4675762,BWC,13,13,1998
33002469,713128,4682045,BWC,13,13,1999
33002471,713407,4680406,MBC,13,13,1999
33002472,713255,4681350,MBC,13,13,1999
33002473,713976,4681493,BWC,13,13,1999
33002474,715076,4681010,BWC,13,13,1999
33002477,717755,4677299,BWC,13,13,1999
33002479,718919,4677468,BWC,13,13,1999
33002480,719164,4677507,BWC,13,13,1999
33002481,719296,4677395,BWC,13,13,1999
33002483,719528,4676917,BWC,13,13,1999
33002484,719524,4676882,BWC,13,13,1999
33002485,720294,4676259,BWC,13,13,1999
33002486,720016,4676203,BWC,13,13,1999
33002487,719428,4676400,BWC,13,13,1999
33002488,719416,4676202,SC,13,13,1999
33002489,718767,4676128,SC,13,13,1999
33002490,718221,4676349,MBC,13,13,1999
33002491,717567,4676389,MBC,13,13,1999
33002492,717369,4676093,SC,13,13,1999
33002493,716385,4676696,SC,13,13,1999
33002494,716306,4677049,MBC,13,13,1999
33002495,716628,4676789,MBC,13,13,1999
33002496,716919,4676795,MBC,13,13,1999
33002497,715814,4678424,SC,13,13,1999
33002498,715588,4678621,SC,13,13,1999
33002499,715153,4679100,SC,13,13,1999
33002500,715067,4679163,SC,13,13,1999
33002501,713710,4680249,MBC,13,13,1999
33002504,734041,4665450,BWC,13,13,1999
33002506,734458,4664852,MBC,13,13,1999
33002508,734241,4664005,MBC,13,13,1999
33002509,733945,4663696,SC,13,13,1999
33002510,733811,4663902,BWC,13,13,1999
33002511,733705,4663394,BWC,13,13,1999
33002512,733908,4661793,SC,13,13,1999
33002513,732961,4662188,BWC,13,13,1999
33002514,733197,4662120,BWC,13,13,1999
33002516,732600,4664090,BWC,13,13,1999
33002517,732643,4664214,BWC,13,13,1999
33002518,732657,4664365,BWC,13,13,1999
33002519,732801,4664153,BWC,13,13,1999
33002520,733005,4664649,BWC,13,13,1999
33002521,732922,4664155,BWC,13,13,1999
33002522,733216,4663507,BWC,13,13,1999
33002523,732851,4662847,BWC,13,13,1999
33002524,734027,4660304,BWC,13,13,1999
33002525,733584,4660214,BWC,13,13,1999
33002526,733402,4659997,BWC,13,13,1999
33002527,733540,4659866,BWC,13,13,1999
33002529,735074,4663393,SC,13,13,1999
33002530,732096,4667133,SC,13,13,1999
33002532,734804,4659834,MBC,13,13,1999
33002533,735004,4662618,BWC,13,13,1999
33002534,735095,4662526,BWC,13,13,1999
33002535,734652,4662402,BWC,13,13,1999
33002536,734705,4662237,BWC,13,13,1999
33002537,735214,4660245,BWC,13,13,1999
33002539,735455,4661442,BWC,13,13,1999
33002541,735309,4659454,BWC,13,13,1999
33002542,735355,4659301,SC,13,13,1999
33002543,735448,4658967,SC,13,13,1999
33002544,735416,4658890,SC,13,13,1999
33002545,734861,4658407,MBC,13,13,1999
33002546,735713,4657429,MBC,13,13,1999
33002547,735870,4657535,MBC,13,13,1999
33002548,735875,4656531,MBC,13,13,1999
33002549,735506,4656801,SC,13,13,1999
33002550,735770,4656245,SC,13,13,1999
33002551,735967,4655755,MBC,13,13,1999
33002552,735406,4656544,BWC,13,13,1999
33002553,735008,4656274,SC,13,13,1999
33002555,734901,4656950,SC,13,13,1999
33002556,734689,4657111,SC,13,13,1999
33002557,734517,4657902,MBC,13,13,1999
33002558,735500,4655747,SC,13,13,1999
33002559,735555,4655643,SC,13,13,1999
33002560,735620,4655126,SC,13,13,1999
33002561,735713,4655085,SC,13,13,1999
33002562,735651,4654697,BWC,13,13,1999
33002563,736372,4654345,MBC,13,13,1999
33002564,736453,4654141,MBC,13,13,1999
33002565,736921,4653238,MBC,13,13,1999
33002566,736673,4652739,MBC,13,13,1999
33002567,736363,4652793,MBC,13,13,1999
33002568,736260,4652591,MBC,13,13,1999
33002569,736168,4652307,MBC,13,13,1999
33002570,736714,4652165,MBC,13,13,1999
33002571,736557,4651913,MBC,13,13,1999
33002572,736002,4651317,IMP,13,13,1999
33002573,735811,4651449,IMP,13,13,1999
33002574,735356,4651579,BWC,13,13,1999
33002575,735941,4651944,IMP,13,13,1999
33002576,735859,4652104,IMP,13,13,1999
33002577,735598,4652095,IMP,13,13,1999
33002578,735065,4652445,BWC,13,13,1999
33002579,735760,4652456,IMP,13,13,1999
33002580,735759,4652597,IMP,13,13,1999
33002581,735472,4652797,BWC,13,13,1999
33002582,735856,4652796,IMP,13,13,1999
33002583,736028,4653146,BWC,13,13,1999
33002584,735796,4653234,BWC,13,13,1999
33002585,735757,4653362,BWC,13,13,1999
33002586,735463,4653529,BWC,13,13,1999
33002587,735174,4655041,BWC,13,13,1999
33002588,735452,4655091,BWC,13,13,1999
33002589,735907,4654110,SC,13,13,1999
33002590,735957,4653644,BWC,13,13,1999
33002591,736241,4653379,SC,13,13,1999
33002592,737469,4653052,BWC,13,13,1999
33002593,737517,4653166,BWC,13,13,1999
33002594,737467,4653549,BWC,13,13,1999
33002595,737671,4653642,BWC,13,13,1999
33002596,737557,4653903,BWC,13,13,1999
33002597,736940,4654240,MBC,13,13,1999
33002598,736866,4654259,MBC,13,13,1999
33002599,736763,4655116,MBC,13,13,1999
33002600,736816,4655046,MBC,13,13,1999
33002601,736855,4655195,MBC,13,13,1999
33002602,736409,4656163,MBC,13,13,1999
33002603,736687,4657506,SC,13,13,1999
33002605,736976,4656468,BWC,13,13,1999
33002606,736505,4656561,SC,13,13,1999
33002607,736784,4656415,SC,13,13,1999
33002608,737066,4656091,BWC,13,13,1999
33002609,737152,4656216,SC,13,13,1999
33002610,737470,4655861,BWC,13,13,1999
33002611,736539,4658804,BWC,13,13,1999
33002613,736059,4659034,BWC,13,13,1999
33002614,736269,4659133,BWC,13,13,1999
33002615,736516,4659347,BWC,13,13,1999
33002616,736604,4659452,BWC,13,13,1999
33002617,736290,4659659,BWC,13,13,1999
33002618,736256,4659688,BWC,13,13,1999
33002619,736175,4659746,BWC,13,13,1999
33002620,736217,4659911,BWC,13,13,1999
33002621,735806,4659905,BWC,13,13,1999
33002622,735852,4660004,BWC,13,13,1999
33002623,736467,4661106,BWC,13,13,1999
33002624,735996,4660302,BWC,13,13,1999
33002625,735874,4660955,BWC,13,13,1999
33002626,738165,4656153,BWC,13,13,1999
33002627,737844,4655715,BWC,13,13,1999
33002628,737894,4655560,BWC,13,13,1999
33002629,738067,4655509,BWC,13,13,1999
33002630,737515,4655455,BWC,13,13,1999
33002631,737600,4655233,BWC,13,13,1999
33002632,737149,4655260,BWC,13,13,1999
33002633,737255,4655256,BWC,13,13,1999
33002634,737315,4655058,BWC,13,13,1999
33002652,737466,4656610,BWC,13,13,1999
33002653,737414,4657053,BWC,13,13,1999
33002654,735906,4657862,BWC,13,13,1999
33002655,735795,4658093,BWC,13,13,1999
33002656,735713,4658043,BWC,13,13,1999
33002657,735659,4658258,BWC,13,13,1999
33002658,735720,4658501,BWC,13,13,1999
33002659,735819,4658445,BWC,13,13,1999
33002660,736306,4658289,BWC,13,13,1999
33002661,736169,4658256,BWC,13,13,1999
33002662,736366,4658391,BWC,13,13,1999
33002663,736561,4658238,BWC,13,13,1999
33002664,737213,4659297,BWC,13,13,1999
33002665,738207,4659655,BWC,13,13,1999
33002666,737951,4659713,BWC,13,13,1999
33002667,737406,4659603,BWC,13,13,1999
33002668,737304,4659452,BWC,13,13,1999
33002669,736910,4659359,BWC,13,13,1999
33002670,737009,4659798,BWC,13,13,1999
33002671,737511,4659713,BWC,13,13,1999
33002672,737654,4659802,BWC,13,13,1999
33002673,738152,4659906,BWC,13,13,1999
33002674,737664,4660051,BWC,13,13,1999
33002675,737215,4660296,BWC,13,13,1999
33002676,737499,4660311,BWC,13,13,1999
33002677,737614,4660741,BWC,13,13,1999
33002678,737015,4649747,IMP,13,13,1999
33002679,736103,4649204,IMP,13,13,1999
33002680,736808,4649655,IMP,13,13,1999
33002681,736645,4649626,IMP,13,13,1999
33002682,736577,4649653,IMP,13,13,1999
33002683,736308,4649701,IMP,13,13,1999
33002684,736216,4649754,IMP,13,13,1999
33002685,736458,4649952,IMP,13,13,1999
33002686,736062,4650155,MBC,13,13,1999
33002687,736055,4650296,MBC,13,13,1999
33002688,736509,4650158,IMP,13,13,1999
33002689,736868,4650349,IMP,13,13,1999
33002690,736705,4650455,IMP,13,13,1999
33002691,737022,4650902,IMP,13,13,1999
33002692,736413,4651037,MBC,13,13,1999
33002693,736415,4651102,MBC,13,13,1999
33002694,736553,4651304,IMP,13,13,1999
33002695,736555,4651404,MBC,13,13,1999
33002696,738050,4651156,IMP,13,13,1999
33002697,737658,4651401,IMP,13,13,1999
33002698,737452,4651453,IMP,13,13,1999
33002699,737753,4651805,IMP,13,13,1999
33002700,737501,4651860,IMP,13,13,1999
33002701,737610,4652061,IMP,13,13,1999
33002702,738354,4656554,BWC,13,13,1999
33002703,737946,4657311,BWC,13,13,1999
33002704,737700,4657761,BWC,13,13,1999
33002705,737560,4658050,BWC,13,13,1999
33002706,737909,4658107,BWC,13,13,1999
33002707,738254,4658150,BWC,13,13,1999
33002708,737312,4658400,BWC,13,13,1999
33002709,738060,4658607,BWC,13,13,1999
33002710,738303,4658749,BWC,13,13,1999
33002711,714645,4678750,SC,13,13,1999
33002712,714653,4678762,SC,13,13,1999
33002713,714515,4678746,SC,13,13,1999
33002714,714413,4679071,SC,13,13,1999
33002715,713970,4679591,SC,13,13,1999
33002716,713817,4679999,MBC,13,13,1999
33002717,713765,4679998,MBC,13,13,1999
33002718,713605,4679999,SC,13,13,1999
33002719,738348,4650483,IMP,13,13,1999
33002720,732955,4669906,BWC,13,13,1999
33002721,733063,4669698,BWC,13,13,1999
33002722,733200,4668753,BWC,13,13,1999
33002723,733395,4668809,BWC,13,13,1999
33002724,733648,4668761,BWC,13,13,1999
33002725,733650,4668610,BWC,13,13,1999
33002726,733867,4668253,BWC,13,13,1999
33002727,734001,4668352,BWC,13,13,1999
33002728,734259,4668595,BWC,13,13,1999
33002729,734417,4668252,BWC,13,13,1999
33002730,734071,4668156,BWC,13,13,1999
33002731,734562,4668104,BWC,13,13,1999
33002732,734457,4667999,BWC,13,13,1999
33002734,732701,4667762,MBC,13,13,1999
33002735,730924,4668622,MBC,13,13,1999
33002736,731262,4668853,MBC,13,13,1999
33002740,732101,4668709,BWC,13,13,1999
33002742,732418,4669157,BWC,13,13,1999
33002743,732411,4669200,BWC,13,13,1999
33002746,737417,4651045,IMP,13,13,1999
33002747,737605,4650942,IMP,13,13,1999
33002748,737446,4650599,IMP,13,13,1999
33002749,737356,4650464,IMP,13,13,1999
33002750,737445,4650445,IMP,13,13,1999
33002751,737508,4650447,IMP,13,13,1999
33002752,737507,4650352,IMP,13,13,1999
33002753,737758,4650208,IMP,13,13,1999
33002754,737868,4650102,IMP,13,13,1999
33002755,737716,4650004,IMP,13,13,1999
33002756,737910,4650059,IMP,13,13,1999
33002757,738204,4650155,IMP,13,13,1999
33002758,738013,4649858,IMP,13,13,1999
33002759,737063,4649402,IMP,13,13,1999
33002760,737206,4649206,IMP,13,13,1999
33002761,737706,4649353,IMP,13,13,1999
33002762,738006,4649454,IMP,13,13,1999
33002763,738255,4649401,IMP,13,13,1999
33002764,738460,4649260,IMP,13,13,1999
33002765,738460,4649060,IMP,13,13,1999
33002766,738412,4648945,IMP,13,13,1999
33002767,737757,4648986,IMP,13,13,1999
33002768,737666,4648710,IMP,13,13,1999
33002769,737804,4648646,IMP,13,13,1999
33002770,738115,4648599,IMP,13,13,1999
33002771,738465,4648453,IMP,13,13,1999
33002772,738504,4648295,IMP,13,13,1999
33002773,738157,4648347,IMP,13,13,1999
33002774,737713,4648556,IMP,13,13,1999
33002775,737462,4648312,IMP,13,13,1999
33002776,737058,4648543,IMP,13,13,1999
33002777,736807,4648947,IMP,13,13,1999
33002778,736762,4648798,IMP,13,13,1999
33002779,736757,4648749,IMP,13,13,1999
33002780,736467,4648762,IMP,13,13,1999
33002781,736607,4648504,IMP,13,13,1999
33002782,736654,4648546,IMP,13,13,1999
33002783,736715,4648404,IMP,13,13,1999
33002784,736563,4648198,IMP,13,13,1999
33002785,737005,4647858,IMP,13,13,1999
33002786,737059,4647604,IMP,13,13,1999
33002787,738058,4647953,IMP,13,13,1999
33002788,727671,4672099,MBC,13,13,1999
33002789,727823,4671955,MBC,13,13,1999
33002790,728517,4671998,MBC,13,13,1999
33002791,728956,4671744,MBC,13,13,1999
33002792,729312,4671602,MBC,13,13,1999
33002793,730459,4670944,SC,13,13,1999
33002794,730709,4670900,SC,13,13,1999
33002795,730768,4670786,SC,13,13,1999
33002796,730218,4670446,SC,13,13,1999
33002797,729710,4670147,BWC,13,13,1999
33002798,729207,4670314,BWC,13,13,1999
33002799,729253,4670261,BWC,13,13,1999
33002800,729451,4670046,BWC,13,13,1999
33002801,729302,4669953,BWC,13,13,1999
33002802,729854,4669342,BWC,13,13,1999
33002803,729524,4669343,BWC,13,13,1999
33002804,729014,4669634,BWC,13,13,1999
33002805,726917,4671299,BWC,13,13,1999
33002806,727504,4670558,BWC,13,13,1999
33002807,727618,4670356,BWC,13,13,1999
33002808,727696,4670297,BWC,13,13,1999
33002809,727702,4670092,BWC,13,13,1999
33002810,727654,4670052,BWC,13,13,1999
33002811,726601,4670553,BWC,13,13,1999
33002812,726660,4670747,BWC,13,13,1999
33002813,726339,4670850,BWC,13,13,1999
33002814,726452,4670640,BWC,13,13,1999
33002815,726318,4670594,BWC,13,13,1999
33002816,726054,4669993,BWC,13,13,1999
33002817,726006,4670142,BWC,13,13,1999
33002818,725790,4670361,BWC,13,13,1999
33002819,727463,4671248,SC,13,13,1999
33002820,727051,4671992,SC,13,13,1999
33002821,720968,4674154,BWC,13,13,1999
33002822,720704,4674699,SC,13,13,1999
33002823,720615,4674851,SC,13,13,1999
33002824,720357,4675390,MBC,13,13,1999
33002825,720305,4675302,MBC,13,13,1999
33002826,720209,4675312,MBC,13,13,1999
33002827,734312,4646657,IMP,13,13,1999
33002828,734058,4646900,IMP,13,13,1999
33002829,734163,4647046,IMP,13,13,1999
33002830,734514,4647346,IMP,13,13,1999
33002831,734266,4647507,IMP,13,13,1999
33002832,733954,4647755,IMP,13,13,1999
33002833,733719,4647799,IMP,13,13,1999
33002834,734014,4647902,IMP,13,13,1999
33002835,734361,4647889,IMP,13,13,1999
33002836,734210,4648151,IMP,13,13,1999
33002837,734259,4648600,IMP,13,13,1999
33002838,734113,4648637,IMP,13,13,1999
33002839,734258,4649247,IMP,13,13,1999
33002840,734505,4649396,IMP,13,13,1999
33002841,734661,4649393,SC,13,13,1999
33002844,735159,4649794,MBC,13,13,1999
33002845,734057,4650848,IMP,13,13,1999
33002846,734006,4650656,IMP,13,13,1999
33002847,734048,4650160,IMP,13,13,1999
33002848,733708,4649852,IMP,13,13,1999
33002849,733907,4649850,IMP,13,13,1999
33002850,733669,4649708,IMP,13,13,1999
33002851,733510,4649508,IMP,13,13,1999
33002852,733715,4649302,IMP,13,13,1999
33002853,722511,4674661,MBC,13,13,1999
33002854,722869,4674490,MBC,13,13,1999
33002855,723352,4674350,SC,13,13,1999
33002856,723294,4674151,MBC,13,13,1999
33002857,723848,4673947,SC,13,13,1999
33002858,723857,4673891,SC,13,13,1999
33002859,723855,4673844,MBC,13,13,1999
33002860,724919,4673397,MBC,13,13,1999
33002861,725521,4673405,SC,13,13,1999
33002862,725069,4673789,BWC,13,13,1999
33002863,726665,4673351,SC,13,13,1999
33002864,726913,4673106,SC,13,13,1999
33002865,727341,4672993,SC,13,13,1999
33002866,727400,4673016,SC,13,13,1999
33002867,727462,4673000,SC,13,13,1999
33002868,727415,4672897,SC,13,13,1999
33002869,727766,4672505,BWC,13,13,1999
33002870,729019,4672037,SC,13,13,1999
33002871,729273,4672050,SC,13,13,1999
33002872,729858,4671551,SC,13,13,1999
33002873,729657,4671499,SC,13,13,1999
33002874,730011,4671594,SC,13,13,1999
33002875,729957,4671543,SC,13,13,1999
33002876,729806,4671448,SC,13,13,1999
33002877,730112,4671236,SC,13,13,1999
33002878,730461,4671253,SC,13,13,1999
33002879,738163,4650163,IMP,13,13,1999
33002880,735508,4649346,MBC,13,13,1999
33002881,735498,4648996,IMP,13,13,1999
33002882,735254,4648861,MBC,13,13,1999
33002883,734909,4648903,IMP,13,13,1999
33002884,734813,4648848,IMP,13,13,1999
33002885,734653,4648552,IMP,13,13,1999
33002886,734808,4648404,IMP,13,13,1999
33002887,735152,4648497,MBC,13,13,1999
33002888,735406,4648352,IMP,13,13,1999
33002889,735705,4648343,IMP,13,13,1999
33002890,735958,4648594,IMP,13,13,1999
33002891,736064,4648129,IMP,13,13,1999
33002892,735893,4648102,IMP,13,13,1999
33002893,735903,4648057,IMP,13,13,1999
33002894,735302,4647903,IMP,13,13,1999
33002895,735307,4647857,IMP,13,13,1999
33002896,735403,4647748,IMP,13,13,1999
33002897,734811,4647952,IMP,13,13,1999
33002898,734807,4647297,IMP,13,13,1999
33002899,734557,4646709,IMP,13,13,1999
33002900,734658,4646340,IMP,13,13,1999
33002901,735353,4646342,IMP,13,13,1999
33002902,735604,4646351,IMP,13,13,1999
33002903,735712,4645941,IMP,13,13,1999
33002904,735746,4645468,IMP,13,13,1999
33002905,735790,4645088,IMP,13,13,1999
33002906,735854,4644663,IMP,13,13,1999
33002907,736026,4644587,IMP,13,13,1999
33002908,735953,4644536,IMP,13,13,1999
33002909,735742,4644593,IMP,13,13,1999
33002910,735459,4644497,IMP,13,13,1999
33002911,735558,4644839,IMP,13,13,1999
33002912,735212,4643996,IMP,13,13,1999
33002913,733946,4645662,IMP,13,13,1999
33002914,738611,4645255,BWC,13,13,1999
33002915,738558,4645197,BWC,13,13,1999
33002916,738814,4644747,BWC,13,13,1999
33002917,739096,4645049,BWC,13,13,1999
33002918,739411,4646954,BWC,13,13,1999
33002919,737816,4643293,IMP,13,13,1999
33002921,737457,4642899,IMP,13,13,1999
33002922,737307,4643411,IMP,13,13,1999
33002924,737257,4643512,IMP,13,13,1999
33002925,737322,4643636,IMP,13,13,1999
33002926,735912,4643345,MBC,13,13,1999
33002927,734564,4642500,IMP,13,13,1999
33002928,734603,4642552,IMP,13,13,1999
33002929,734409,4642602,IMP,13,13,1999
33002930,734310,4642904,IMP,13,13,1999
33002931,734061,4644240,IMP,13,13,1999
33002932,734003,4644557,IMP,13,13,1999
33002933,734259,4645250,IMP,13,13,1999
33002934,734159,4645311,IMP,13,13,1999
33002935,736249,4645448,MBC,13,13,1999
33002936,736160,4645392,MBC,13,13,1999
33002937,736359,4645002,IMP,13,13,1999
33002938,736555,4644635,IMP,13,13,1999
33002939,736410,4644399,MBC,13,13,1999
33002940,736569,4644446,IMP,13,13,1999
33002941,736862,4644351,IMP,13,13,1999
33002942,737114,4644339,IMP,13,13,1999
33002943,737858,4644747,IMP,13,13,1999
33002944,737414,4644598,IMP,13,13,1999
33002945,737500,4644397,IMP,13,13,1999
33002946,737355,4644253,IMP,13,13,1999
33002947,737261,4644101,IMP,13,13,1999
33002948,737114,4643848,IMP,13,13,1999
33002949,736461,4643948,MBC,13,13,1999
33002950,736611,4643344,IMP,13,13,1999
33002951,736662,4643233,IMP,13,13,1999
33002952,736704,4642800,IMP,13,13,1999
33002953,736414,4642753,IMP,13,13,1999
33002954,735711,4646534,MBC,13,13,1999
33002955,735501,4647033,MBC,13,13,1999
33002956,735402,4647044,MBC,13,13,1999
33002957,735716,4647302,SC,13,13,1999
33002958,735802,4646993,IMP,13,13,1999
33002959,736617,4646845,IMP,13,13,1999
33002960,736455,4646904,IMP,13,13,1999
33002961,736255,4647256,IMP,13,13,1999
33002962,736203,4647303,IMP,13,13,1999
33002963,736503,4647453,IMP,13,13,1999
33002964,737065,4647100,IMP,13,13,1999
33002965,737305,4647050,IMP,13,13,1999
33002966,737262,4647006,IMP,13,13,1999
33002967,737759,4646855,IMP,13,13,1999
33002968,738159,4647159,IMP,13,13,1999
33002969,738104,4646760,IMP,13,13,1999
33002970,737749,4646700,IMP,13,13,1999
33002971,737653,4646357,IMP,13,13,1999
33002972,737257,4646199,IMP,13,13,1999
33002973,737409,4646159,IMP,13,13,1999
33002974,737658,4646052,IMP,13,13,1999
33002975,737353,4645844,IMP,13,13,1999
33002976,737301,4645345,IMP,13,13,1999
33002977,737308,4645396,IMP,13,13,1999
33002978,737354,4645305,IMP,13,13,1999
33002979,737764,4645455,IMP,13,13,1999
33002980,738108,4645653,IMP,13,13,1999
33002981,735917,4646347,MBC,13,13,1999
33002982,736058,4646451,IMP,13,13,1999
33002983,736708,4646655,IMP,13,13,1999
33002984,736906,4646393,IMP,13,13,1999
33002985,736703,4646201,IMP,13,13,1999
33002986,736756,4646038,IMP,13,13,1999
33002987,736601,4646048,IMP,13,13,1999
33002988,736354,4645898,IMP,13,13,1999
33002989,736054,4645998,MBC,13,13,1999
33002990,735163,4645406,IMP,13,13,1999
33002991,735456,4645200,IMP,13,13,1999
33002992,735005,4645050,IMP,13,13,1999
33002993,735367,4643799,IMP,13,13,1999
33002994,735310,4643601,IMP,13,13,1999
33002995,735103,4643456,IMP,13,13,1999
33002996,735149,4643343,IMP,13,13,1999
33002997,734959,4643439,IMP,13,13,1999
33002998,734808,4642964,IMP,13,13,1999
33002999,734503,4642947,IMP,13,13,1999
33003000,734566,4643286,IMP,13,13,1999
33003001,734665,4643463,IMP,13,13,1999
33003002,734371,4643749,IMP,13,13,1999
33003003,734399,4643813,IMP,13,13,1999
33003004,734213,4643843,IMP,13,13,1999
33003005,734447,4644312,IMP,13,13,1999
33003006,734647,4644607,IMP,13,13,1999
33003007,734551,4644941,IMP,13,13,1999
33003008,734455,4645100,IMP,13,13,1999
33003009,734502,4645190,IMP,13,13,1999
33003010,734210,4645645,IMP,13,13,1999
33003011,734607,4645795,IMP,13,13,1999
33003012,734557,4646132,IMP,13,13,1999
33003013,734165,4647400,IMP,13,13,1999
33003014,738628,4657241,BWC,13,13,1999
33003261,713412,4681067,MBC,13,13,2000
33003262,713559,4680931,MBC,13,13,2000
33003263,713537,4680915,MBC,13,13,2000
33003264,714019,4680435,SC,13,13,2000
33003265,713280,4680690,MBC,13,13,2000
33003266,713669,4680204,MBC,13,13,2000
33003267,713580,4680055,SC,13,13,2000
33003268,713483,4680045,SC,13,13,2000
33003269,713614,4680002,SC,13,13,2000
33003270,713813,4679693,SC,13,13,2000
33003271,714239,4679099,SC,13,13,2000
33003272,714426,4679054,SC,13,13,2000
33003273,714346,4678868,SC,13,13,2000
33003274,714560,4678804,SC,13,13,2000
33003275,715358,4677792,SC,13,13,2000
33003276,715204,4679067,SC,13,13,2000
33003277,715553,4678639,SC,13,13,2000
33003278,715592,4678494,SC,13,13,2000
33003279,715594,4678352,SC,13,13,2000
33003280,716374,4676658,SC,13,13,2000
33003281,716421,4676859,MBC,13,13,2000
33003282,716786,4676823,MBC,13,13,2000
33003284,719110,4676349,SC,13,13,2000
33003285,719306,4676250,SC,13,13,2000
33003286,720460,4676014,BWC,13,13,2000
33003287,720318,4676257,BWC,13,13,2000
33003288,720163,4676198,BWC,13,13,2000
33003289,720000,4676646,BWC,13,13,2000
33003290,719507,4676904,BWC,13,13,2000
33003291,719568,4677001,BWC,13,13,2000
33003292,719000,4677603,BWC,13,13,2000
33003293,717816,4677273,BWC,13,13,2000
33003294,716285,4678503,BWC,13,13,2000
33003295,716047,4679071,BWC,13,13,2000
33003296,715948,4679263,BWC,13,13,2000
33003297,714314,4681134,BWC,13,13,2000
33003308,721329,4674559,SC,13,13,2000
33003309,724885,4673755,BWC,13,13,2000
33003310,724461,4673891,BWC,13,13,2000
33003311,724259,4673603,MBC,13,13,2000
33003312,723448,4674057,MBC,13,13,2000
33003313,723408,4674219,MBC,13,13,2000
33003314,723485,4674305,SC,13,13,2000
33003315,723006,4674589,MBC,13,13,2000
33003316,722866,4674393,MBC,13,13,2000
33003317,722409,4674658,MBC,13,13,2000
33003318,720305,4675301,MBC,13,13,2000
33003319,720122,4675559,MBC,13,13,2000
33003320,720167,4675596,MBC,13,13,2000
33003321,719762,4675489,MBC,13,13,2000
33003322,717985,4676091,MBC,13,13,2000
33003323,717818,4675995,SC,13,13,2000
33003324,717419,4676293,MBC,13,13,2000
33003325,717206,4676348,MBC,13,13,2000
33003326,717261,4676462,MBC,13,13,2000
33003327,730219,4670438,SC,13,13,2000
33003328,730163,4670251,SC,13,13,2000
33003329,730901,4668503,MBC,13,13,2000
33003330,731366,4668347,MBC,13,13,2000
33003331,732215,4668062,SC,13,13,2000
33003332,732561,4668006,SC,13,13,2000
33003333,732750,4668104,SC,13,13,2000
33003334,733867,4667142,MBC,13,13,2000
33003335,734621,4667128,SC,13,13,2000
33003336,734465,4664899,MBC,13,13,2000
33003337,734271,4664516,BWC,13,13,2000
33003338,733806,4663952,BWC,13,13,2000
33003339,734102,4663197,SC,13,13,2000
33003340,734058,4662696,SC,13,13,2000
33003341,734750,4662941,MBC,13,13,2000
33003342,733809,4661890,SC,13,13,2000
33003348,730683,4670703,MBC,13,13,2000
33003349,730569,4670950,SC,13,13,2000
33003350,730178,4671233,SC,13,13,2000
33003351,730079,4671407,SC,13,13,2000
33003352,729976,4671502,SC,13,13,2000
33003353,729865,4671516,SC,13,13,2000
33003354,729627,4671311,MBC,13,13,2000
33003355,729273,4671663,MBC,13,13,2000
33003356,729021,4672123,SC,13,13,2000
33003357,727863,4672645,SC,13,13,2000
33003358,727613,4672989,SC,13,13,2000
33003360,731906,4668752,BWC,13,13,2000
33003361,731814,4668950,BWC,13,13,2000
33003362,731518,4669303,BWC,13,13,2000
33003363,732212,4669100,BWC,13,13,2000
33003364,731368,4669495,BWC,13,13,2000
33003365,732471,4669136,BWC,13,13,2000
33003366,732930,4669951,BWC,13,13,2000
33003367,733446,4669436,BWC,13,13,2000
33003368,733260,4669233,BWC,13,13,2000
33003369,733173,4668953,BWC,13,13,2000
33003370,732968,4668894,BWC,13,13,2000
33003371,734357,4668505,BWC,13,13,2000
33003372,734561,4667853,BWC,13,13,2000
33003373,734395,4667844,BWC,13,13,2000
33003374,726009,4671309,BWC,13,13,2000
33003375,726403,4670903,BWC,13,13,2000
33003376,726058,4670161,BWC,13,13,2000
33003377,726408,4670294,BWC,13,13,2000
33003378,726600,4670254,BWC,13,13,2000
33003379,727175,4669962,BWC,13,13,2000
33003380,727461,4670343,BWC,13,13,2000
33003381,726949,4671002,BWC,13,13,2000
33003382,727253,4671105,BWC,13,13,2000
33003383,726659,4671250,BWC,13,13,2000
33003385,728113,4670099,SC,13,13,2000
33003386,729605,4669306,BWC,13,13,2000
33003388,729821,4669349,BWC,13,13,2000
33003389,729551,4669843,BWC,13,13,2000
33003390,729443,4669786,BWC,13,13,2000
33003391,729296,4670003,BWC,13,13,2000
33003392,728163,4670762,BWC,13,13,2000
33003393,728403,4671114,BWC,13,13,2000
33003394,729152,4670557,BWC,13,13,2000
33003395,729502,4670449,BWC,13,13,2000
33003396,729733,4670206,BWC,13,13,2000
33003399,734073,4668095,BWC,13,13,2000
33003400,733568,4669205,BWC,13,13,2000
33003401,733660,4668957,BWC,13,13,2000
33003402,733613,4668846,BWC,13,13,2000
33003404,733363,4668689,BWC,13,13,2000
33003405,733848,4668445,BWC,13,13,2000
33003406,733418,4668241,SC,13,13,2000
33003407,727669,4671080,SC,13,13,2000
33003408,727421,4671280,SC,13,13,2000
33003409,727058,4671985,SC,13,13,2000
33003410,733371,4662587,BWC,13,13,2000
33003412,733538,4665579,SC,13,13,2000
33003424,733815,4659948,BWC,13,13,2000
33003425,733752,4659892,BWC,13,13,2000
33003426,733500,4659941,BWC,13,13,2000
33003427,733534,4659695,BWC,13,13,2000
33003428,734054,4659896,SC,13,13,2000
33003429,734162,4660100,MBC,13,13,2000
33003431,732808,4663857,BWC,13,13,2000
33003432,732958,4663885,BWC,13,13,2000
33003433,732764,4664003,BWC,13,13,2000
33003434,733099,4664652,BWC,13,13,2000
33003435,733002,4665106,BWC,13,13,2000
33003436,732853,4664697,BWC,13,13,2000
33003437,732300,4664354,BWC,13,13,2000
33003438,732956,4663260,BWC,13,13,2000
33003439,733222,4663060,BWC,13,13,2000
33003440,732514,4662986,BWC,13,13,2000
33003441,732507,4662783,BWC,13,13,2000
33003442,732869,4662247,BWC,13,13,2000
33003443,733106,4662441,BWC,13,13,2000
33003444,734771,4660242,MBC,13,13,2000
33003445,734907,4660201,SC,13,13,2000
33003446,734992,4659737,SC,13,13,2000
33003447,735462,4658739,SC,13,13,2000
33003448,735269,4658605,SC,13,13,2000
33003449,735324,4658387,MBC,13,13,2000
33003450,735628,4657833,MBC,13,13,2000
33003451,735768,4657681,MBC,13,13,2000
33003452,734871,4658497,MBC,13,13,2000
33003453,734831,4658449,MBC,13,13,2000
33003454,734777,4658496,MBC,13,13,2000
33003455,734953,4662595,BWC,13,13,2000
33003456,734721,4661753,BWC,13,13,2000
33003457,735010,4661298,BWC,13,13,2000
33003458,734959,4660995,BWC,13,13,2000
33003459,736312,4657695,SC,13,13,2000
33003460,736497,4657585,SC,13,13,2000
33003462,736631,4656800,SC,13,13,2000
33003463,737054,4656755,BWC,13,13,2000
33003464,736321,4656698,SC,13,13,2000
33003465,736756,4656497,SC,13,13,2000
33003466,736310,4656356,MBC,13,13,2000
33003467,735952,4655908,MBC,13,13,2000
33003468,735513,4656355,BWC,13,13,2000
33003469,735515,4656483,BWC,13,13,2000
33003470,735266,4656706,BWC,13,13,2000
33003471,734951,4657247,SC,13,13,2000
33003472,734594,4657617,SC,13,13,2000
33003473,734504,4657758,SC,13,13,2000
33003474,734794,4657780,MBC,13,13,2000
33003475,734876,4657742,SC,13,13,2000
33003476,734256,4658551,SC,13,13,2000
33003477,734206,4658654,SC,13,13,2000
33003478,734103,4650297,IMP,13,13,2000
33003479,734204,4649499,IMP,13,13,2000
33003480,734304,4649700,IMP,13,13,2000
33003481,734104,4648355,IMP,13,13,2000
33003482,734214,4648553,IMP,13,13,2000
33003483,734318,4648847,IMP,13,13,2000
33003484,734119,4648758,IMP,13,13,2000
33003485,733827,4650150,IMP,13,13,2000
33003486,733955,4649700,IMP,13,13,2000
33003487,733848,4649453,IMP,13,13,2000
33003488,734567,4648972,IMP,13,13,2000
33003489,734613,4649401,IMP,13,13,2000
33003490,734906,4650357,SC,13,13,2000
33003491,734666,4648619,IMP,13,13,2000
33003492,734768,4648451,IMP,13,13,2000
33003493,734666,4647621,IMP,13,13,2000
33003494,734315,4647690,IMP,13,13,2000
33003495,734150,4647799,IMP,13,13,2000
33003496,733531,4647701,IMP,13,13,2000
33003497,734052,4650463,IMP,13,13,2000
33003498,733908,4650009,IMP,13,13,2000
33003499,738262,4647837,IMP,13,13,2000
33003500,738325,4648102,IMP,13,13,2000
33003501,738168,4648201,IMP,13,13,2000
33003502,737914,4648304,IMP,13,13,2000
33003503,737610,4648710,IMP,13,13,2000
33003504,737412,4648101,IMP,13,13,2000
33003505,736859,4648474,IMP,13,13,2000
33003506,736680,4648500,IMP,13,13,2000
33003507,736609,4648661,IMP,13,13,2000
33003508,736714,4648648,IMP,13,13,2000
33003509,736200,4649004,IMP,13,13,2000
33003510,736361,4648856,IMP,13,13,2000
33003511,735964,4648938,IMP,13,13,2000
33003512,736200,4648464,IMP,13,13,2000
33003513,736238,4648272,IMP,13,13,2000
33003514,735962,4648121,IMP,13,13,2000
33003515,736121,4648296,IMP,13,13,2000
33003516,735708,4648299,IMP,13,13,2000
33003517,735818,4649106,IMP,13,13,2000
33003518,735514,4649259,IMP,13,13,2000
33003519,736269,4645143,MBC,13,13,2000
33003520,736104,4645851,MBC,13,13,2000
33003521,736300,4645745,IMP,13,13,2000
33003522,736483,4646208,IMP,13,13,2000
33003523,736630,4646342,IMP,13,13,2000
33003524,736400,4646344,IMP,13,13,2000
33003525,735966,4646584,IMP,13,13,2000
33003526,735521,4646848,MBC,13,13,2000
33003527,735458,4647199,MBC,13,13,2000
33003528,735798,4647071,IMP,13,13,2000
33003529,736109,4646990,IMP,13,13,2000
33003530,736267,4647157,IMP,13,13,2000
33003531,736555,4647111,IMP,13,13,2000
33003532,736658,4646761,IMP,13,13,2000
33003533,736907,4646848,IMP,13,13,2000
33003534,736902,4647399,IMP,13,13,2000
33003535,735214,4647897,MBC,13,13,2000
33003536,735153,4648567,MBC,13,13,2000
33003537,735414,4648535,IMP,13,13,2000
33003538,735347,4648992,IMP,13,13,2000
33003539,735655,4645751,IMP,13,13,2000
33003540,735545,4645704,IMP,13,13,2000
33003541,735287,4645352,IMP,13,13,2000
33003542,735009,4645143,IMP,13,13,2000
33003543,735550,4645091,IMP,13,13,2000
33003544,735264,4644950,IMP,13,13,2000
33003545,735296,4644675,IMP,13,13,2000
33003546,735455,4644707,IMP,13,13,2000
33003547,735654,4644522,IMP,13,13,2000
33003548,736405,4644208,MBC,13,13,2000
33003549,736461,4644026,MBC,13,13,2000
33003550,735918,4644133,IMP,13,13,2000
33003551,735739,4643973,IMP,13,13,2000
33003552,735763,4643901,IMP,13,13,2000
33003553,735799,4643643,IMP,13,13,2000
33003554,735743,4643484,IMP,13,13,2000
33003555,735854,4643377,MBC,13,13,2000
33003556,735654,4643424,IMP,13,13,2000
33003557,735239,4643543,IMP,13,13,2000
33003558,735364,4643032,IMP,13,13,2000
33003559,733761,4645886,IMP,13,13,2000
33003560,733904,4645123,IMP,13,13,2000
33003561,734297,4645046,IMP,13,13,2000
33003562,734435,4645228,IMP,13,13,2000
33003563,734715,4644861,IMP,13,13,2000
33003564,734468,4644545,IMP,13,13,2000
33003565,734116,4644685,IMP,13,13,2000
33003566,734002,4644588,IMP,13,13,2000
33003567,734123,4644500,IMP,13,13,2000
33003568,734305,4644206,IMP,13,13,2000
33003569,734553,4644160,IMP,13,13,2000
33003570,734904,4643995,IMP,13,13,2000
33003571,734758,4643601,IMP,13,13,2000
33003572,734657,4643703,IMP,13,13,2000
33003573,734420,4643540,IMP,13,13,2000
33003574,734153,4643503,IMP,13,13,2000
33003575,734186,4643203,IMP,13,13,2000
33003576,734444,4643195,IMP,13,13,2000
33003577,734660,4643085,IMP,13,13,2000
33003578,734214,4642847,IMP,13,13,2000
33003579,734617,4642890,IMP,13,13,2000
33003580,734394,4643004,IMP,13,13,2000
33003581,734565,4642666,IMP,13,13,2000
33003582,734884,4642648,IMP,13,13,2000
33003583,733861,4646383,IMP,13,13,2000
33003584,734163,4646504,IMP,13,13,2000
33003585,734262,4646345,IMP,13,13,2000
33003586,734870,4646298,IMP,13,13,2000
33003587,735307,4646198,IMP,13,13,2000
33003588,735009,4646496,IMP,13,13,2000
33003589,734249,4646848,IMP,13,13,2000
33003590,734045,4646793,IMP,13,13,2000
33003591,733657,4646736,IMP,13,13,2000
33003592,734884,4647193,IMP,13,13,2000
33003593,734452,4647397,IMP,13,13,2000
33003594,733965,4647193,IMP,13,13,2000
33003595,733562,4647229,IMP,13,13,2000
33003596,736811,4651032,IMP,13,13,2000
33003597,736822,4651200,IMP,13,13,2000
33003598,736902,4651621,BWC,13,13,2000
33003599,737006,4651798,BWC,13,13,2000
33003600,737507,4652045,IMP,13,13,2000
33003601,737449,4651874,IMP,13,13,2000
33003602,737413,4651552,IMP,13,13,2000
33003603,737758,4651304,IMP,13,13,2000
33003604,737406,4651086,IMP,13,13,2000
33003605,737411,4651164,IMP,13,13,2000
33003606,737557,4651019,IMP,13,13,2000
33003607,738153,4650999,IMP,13,13,2000
33003608,738075,4650807,IMP,13,13,2000
33003609,738212,4650511,IMP,13,13,2000
33003610,737713,4650491,IMP,13,13,2000
33003611,737511,4650398,IMP,13,13,2000
33003612,737406,4650354,IMP,13,13,2000
33003613,737472,4650153,IMP,13,13,2000
33003614,737346,4650107,IMP,13,13,2000
33003615,737643,4649867,IMP,13,13,2000
33003616,737704,4649803,IMP,13,13,2000
33003617,737809,4649825,IMP,13,13,2000
33003618,737858,4650007,IMP,13,13,2000
33003619,738427,4649940,IMP,13,13,2000
33003620,738307,4649697,IMP,13,13,2000
33003621,738013,4649550,IMP,13,13,2000
33003622,737657,4649241,IMP,13,13,2000
33003623,738108,4649251,IMP,13,13,2000
33003624,738111,4649100,IMP,13,13,2000
33003625,737702,4649139,IMP,13,13,2000
33003626,738458,4648698,IMP,13,13,2000
33003627,738451,4648508,IMP,13,13,2000
33003628,738500,4648513,IMP,13,13,2000
33003629,737084,4649628,IMP,13,13,2000
33003630,736821,4649668,IMP,13,13,2000
33003631,736451,4649459,IMP,13,13,2000
33003632,736380,4649873,IMP,13,13,2000
33003633,736374,4649994,IMP,13,13,2000
33003634,736159,4650376,MBC,13,13,2000
33003635,736145,4650502,MBC,13,13,2000
33003636,736667,4650340,IMP,13,13,2000
33003637,736808,4650126,IMP,13,13,2000
33003638,736992,4650355,IMP,13,13,2000
33003639,737171,4650372,IMP,13,13,2000
33003640,737116,4650509,IMP,13,13,2000
33003641,736669,4650556,IMP,13,13,2000
33003642,736456,4650602,IMP,13,13,2000
33003643,736935,4650708,IMP,13,13,2000
33003644,736814,4650861,IMP,13,13,2000
33003645,736419,4650805,MBC,13,13,2000
33003646,736191,4650839,MBC,13,13,2000
33003647,736469,4651053,MBC,13,13,2000
33003648,737406,4644832,IMP,13,13,2000
33003649,736647,4644700,IMP,13,13,2000
33003650,736587,4644913,IMP,13,13,2000
33003651,736918,4645388,IMP,13,13,2000
33003652,737228,4645445,IMP,13,13,2000
33003653,737363,4645396,IMP,13,13,2000
33003654,737423,4645393,IMP,13,13,2000
33003655,737519,4645385,IMP,13,13,2000
33003656,737649,4645499,IMP,13,13,2000
33003657,737354,4645703,IMP,13,13,2000
33003658,737259,4645707,IMP,13,13,2000
33003659,737350,4646147,IMP,13,13,2000
33003660,737409,4646356,IMP,13,13,2000
33003661,737513,4646555,IMP,13,13,2000
33003662,737294,4646812,IMP,13,13,2000
33003663,737773,4647216,IMP,13,13,2000
33003664,737651,4647364,IMP,13,13,2000
33003665,737752,4647440,IMP,13,13,2000
33003666,737755,4647508,IMP,13,13,2000
33003667,737759,4647554,IMP,13,13,2000
33003668,737435,4647540,IMP,13,13,2000
33003669,738019,4647153,IMP,13,13,2000
33003670,738308,4646858,IMP,13,13,2000
33003671,738120,4646613,IMP,13,13,2000
33003672,737954,4646550,IMP,13,13,2000
33003673,738042,4646173,IMP,13,13,2000
33003674,737863,4645952,IMP,13,13,2000
33003675,737936,4645560,IMP,13,13,2000
33003676,738229,4645350,IMP,13,13,2000
33003677,738417,4644364,IMP,13,13,2000
33003678,738388,4644550,IMP,13,13,2000
33003679,738161,4644441,IMP,13,13,2000
33003680,738113,4644454,IMP,13,13,2000
33003681,738555,4644946,BWC,13,13,2000
33003682,737927,4644453,IMP,13,13,2000
33003683,737803,4644449,IMP,13,13,2000
33003684,738073,4644762,IMP,13,13,2000
33003686,739410,4648098,BWC,13,13,2000
33003687,739462,4648093,BWC,13,13,2000
33003688,739209,4647246,BWC,13,13,2000
33003689,739512,4647141,BWC,13,13,2000
33003690,739375,4645954,BWC,13,13,2000
33003691,739358,4645836,BWC,13,13,2000
33003692,739158,4645418,BWC,13,13,2000
33003693,738959,4644894,BWC,13,13,2000
33003694,738709,4644663,BWC,13,13,2000
33003695,738604,4644555,BWC,13,13,2000
33003696,737853,4644292,IMP,13,13,2000
33003697,737557,4644144,IMP,13,13,2000
33003698,737289,4644188,IMP,13,13,2000
33003699,737204,4644067,IMP,13,13,2000
33003700,737104,4644155,IMP,13,13,2000
33003701,737107,4643842,IMP,13,13,2000
33003702,737157,4643757,IMP,13,13,2000
33003703,736892,4643591,IMP,13,13,2000
33003704,736510,4642555,IMP,13,13,2000
33003705,737816,4643008,IMP,13,13,2000
33003707,737701,4643156,IMP,13,13,2000
33003708,737211,4643359,IMP,13,13,2000
33003709,737106,4643246,IMP,13,13,2000
33003710,737246,4643585,IMP,13,13,2000
33003711,737366,4643767,IMP,13,13,2000
33003712,737507,4643355,IMP,13,13,2000
33003713,737803,4643597,IMP,13,13,2000
33003714,737855,4643998,IMP,13,13,2000
33003715,738211,4644151,IMP,13,13,2000
33003716,737560,4654079,BWC,13,13,2000
33003718,736612,4653696,MBC,13,13,2000
33003719,736483,4653542,MBC,13,13,2000
33003720,736140,4653610,BWC,13,13,2000
33003721,735799,4654099,BWC,13,13,2000
33003722,735601,4653706,BWC,13,13,2000
33003723,735362,4653482,BWC,13,13,2000
33003724,735540,4653328,BWC,13,13,2000
33003725,735360,4653251,BWC,13,13,2000
33003726,735063,4652190,BWC,13,13,2000
33003727,735202,4651658,BWC,13,13,2000
33003728,735314,4651623,BWC,13,13,2000
33003729,736084,4651409,IMP,13,13,2000
33003730,736163,4651359,MBC,13,13,2000
33003731,736159,4651965,MBC,13,13,2000
33003732,736468,4651945,MBC,13,13,2000
33003733,736520,4651955,MBC,13,13,2000
33003734,736668,4652167,MBC,13,13,2000
33003735,736513,4652444,MBC,13,13,2000
33003736,736514,4652498,MBC,13,13,2000
33003737,736342,4652637,MBC,13,13,2000
33003738,736526,4652751,MBC,13,13,2000
33003739,736653,4653295,MBC,13,13,2000
33003740,736842,4653137,MBC,13,13,2000
33003741,736774,4653099,MBC,13,13,2000
33003742,737505,4652902,BWC,13,13,2000
33003743,737565,4652890,BWC,13,13,2000
33003744,737708,4653196,BWC,13,13,2000
33003745,737561,4653163,BWC,13,13,2000
33003746,737302,4653108,BWC,13,13,2000
33003747,737476,4653460,BWC,13,13,2000
33003748,737307,4654857,BWC,13,13,2000
33003749,737482,4654910,BWC,13,13,2000
33003750,737418,4655106,BWC,13,13,2000
33003751,737451,4655255,BWC,13,13,2000
33003752,737145,4655061,BWC,13,13,2000
33003753,736857,4654897,MBC,13,13,2000
33003754,736763,4655090,MBC,13,13,2000
33003755,736152,4654891,SC,13,13,2000
33003756,735980,4655068,SC,13,13,2000
33003757,735856,4654705,SC,13,13,2000
33003758,735417,4654829,BWC,13,13,2000
33003759,735652,4655199,SC,13,13,2000
33003760,735211,4655690,BWC,13,13,2000
33003761,735209,4655799,BWC,13,13,2000
33003763,735757,4655684,SC,13,13,2000
33003764,736710,4655649,BWC,13,13,2000
33003765,737019,4655756,BWC,13,13,2000
33003766,738225,4656366,BWC,13,13,2000
33003767,737641,4656245,BWC,13,13,2000
33003768,737411,4656758,BWC,13,13,2000
33003769,737699,4656728,BWC,13,13,2000
33003770,737507,4657264,BWC,13,13,2000
33003772,737357,4657402,BWC,13,13,2000
33003773,737880,4657275,BWC,13,13,2000
33003774,737907,4656924,BWC,13,13,2000
33003775,737829,4656842,BWC,13,13,2000
33003776,737858,4656785,BWC,13,13,2000
33003777,737910,4656598,BWC,13,13,2000
33003778,736863,4657857,BWC,13,13,2000
33003779,736801,4658068,BWC,13,13,2000
33003780,736715,4658009,BWC,13,13,2000
33003781,736460,4657859,BWC,13,13,2000
33003782,736360,4657964,BWC,13,13,2000
33003783,736049,4657931,BWC,13,13,2000
33003784,735757,4658443,BWC,13,13,2000
33003786,736056,4658547,BWC,13,13,2000
33003787,736357,4658750,BWC,13,13,2000
33003788,736462,4658599,BWC,13,13,2000
33003789,736365,4658657,BWC,13,13,2000
33003790,736362,4658859,BWC,13,13,2000
33003793,736246,4659407,BWC,13,13,2000
33003794,736549,4659649,BWC,13,13,2000
33003795,736056,4659800,BWC,13,13,2000
33003796,736105,4659849,BWC,13,13,2000
33003797,736151,4661073,BWC,13,13,2000
33003798,735907,4660959,BWC,13,13,2000
33003800,735655,4660441,BWC,13,13,2000
33003801,735859,4660406,BWC,13,13,2000
33003802,735957,4660412,BWC,13,13,2000
33003803,735903,4660316,BWC,13,13,2000
33003804,736530,4660276,BWC,13,13,2000
33003805,736562,4660148,BWC,13,13,2000
33003806,736615,4660741,BWC,13,13,2000
33003807,737040,4660101,BWC,13,13,2000
33003808,737259,4660505,BWC,13,13,2000
33003809,737573,4660250,BWC,13,13,2000
33003810,737561,4660060,BWC,13,13,2000
33003811,737374,4659847,BWC,13,13,2000
33003812,737405,4659852,BWC,13,13,2000
33003813,737407,4659746,BWC,13,13,2000
33003814,737607,4659845,BWC,13,13,2000
33003815,737763,4659854,BWC,13,13,2000
33003816,738148,4659802,BWC,13,13,2000
33003817,737656,4659754,BWC,13,13,2000
33003818,737552,4659701,BWC,13,13,2000
33003819,737260,4659451,BWC,13,13,2000
33003820,737009,4659156,BWC,13,13,2000
33003821,737608,4658953,BWC,13,13,2000
33003822,737861,4658900,BWC,13,13,2000
33003823,738066,4658945,BWC,13,13,2000
33003824,738321,4658849,BWC,13,13,2000
33003825,738558,4658998,BWC,13,13,2000
33003826,738657,4658908,BWC,13,13,2000
33003827,738158,4658597,BWC,13,13,2000
33003828,737552,4658508,BWC,13,13,2000
33003829,737306,4658695,BWC,13,13,2000
33003830,737312,4658597,BWC,13,13,2000
33003831,737357,4658508,BWC,13,13,2000
33003832,738333,4658206,BWC,13,13,2000
33003833,737606,4658009,BWC,13,13,2000
33003834,737564,4657791,BWC,13,13,2000
33003835,737771,4657716,BWC,13,13,2000
33003836,738075,4657953,BWC,13,13,2000
33003837,738104,4657738,BWC,13,13,2000
33003838,738266,4657706,BWC,13,13,2000
33003839,738717,4649609,BWC,13,13,2000
33004011,713798,4682133,BWC,13,13,2001
33004012,713704,4682352,BWC,13,13,2001
33004020,733760,4664750,SC,13,13,2001
33004021,733454,4666298,SC,13,13,2001
33004025,721109,4674600,SC,13,13,2001
33004026,720457,4674955,SC,13,13,2001
33004027,720117,4675599,MBC,13,13,2001
33004028,718060,4675943,MBC,13,13,2001
33004029,717613,4675998,SC,13,13,2001
33004030,716589,4676595,SC,13,13,2001
33004031,716309,4676839,MBC,13,13,2001
33004032,716107,4677096,MBC,13,13,2001
33004047,718263,4676552,SC,13,13,2001
33004050,717811,4676103,MBC,13,13,2001
33004051,717006,4676696,MBC,13,13,2001
33004052,716853,4676600,MBC,13,13,2001
33004054,733362,4665305,BWC,13,13,2001
33004055,733104,4665748,SC,13,13,2001
33004058,734059,4665555,BWC,13,13,2001
33004059,733867,4667101,MBC,13,13,2001
33004060,734565,4665796,MBC,13,13,2001
33004061,733805,4663953,BWC,13,13,2001
33004062,734015,4662407,SC,13,13,2001
33004064,733509,4662700,BWC,13,13,2001
33004065,733460,4662499,BWC,13,13,2001
33004066,733468,4663097,SC,13,13,2001
33004067,733514,4663445,SC,13,13,2001
33004074,732403,4663752,BWC,13,13,2001
33004075,732558,4663404,BWC,13,13,2001
33004076,732760,4663951,BWC,13,13,2001
33004077,733558,4664253,BWC,13,13,2001
33004079,732805,4662850,BWC,13,13,2001
33004080,733055,4662597,BWC,13,13,2001
33004081,733013,4662596,BWC,13,13,2001
33004082,735164,4663645,SC,13,13,2001
33004083,735214,4661299,SC,13,13,2001
33004084,734759,4660255,MBC,13,13,2001
33004085,734606,4661898,BWC,13,13,2001
33004086,734957,4661345,BWC,13,13,2001
33004089,713215,4681247,MBC,13,13,2001
33004090,713206,4680642,MBC,13,13,2001
33004091,713708,4680093,MBC,13,13,2001
33004092,714009,4679794,MBC,13,13,2001
33004093,714367,4679399,MBC,13,13,2001
33004094,714566,4679198,MBC,13,13,2001
33004095,714411,4679101,SC,13,13,2001
33004096,714459,4678948,SC,13,13,2001
33004097,714515,4678802,SC,13,13,2001
33004098,714614,4678803,SC,13,13,2001
33004099,715360,4678800,SC,13,13,2001
33004100,715906,4678041,SC,13,13,2001
33004101,715852,4677998,SC,13,13,2001
33004102,720212,4676189,BWC,13,13,2001
33004103,720364,4676247,BWC,13,13,2001
33004104,719257,4677051,BWC,13,13,2001
33004106,719115,4677649,BWC,13,13,2001
33004107,718966,4677447,BWC,13,13,2001
33004108,716560,4678445,BWC,13,13,2001
33004110,716003,4679291,BWC,13,13,2001
33004111,715961,4679647,BWC,13,13,2001
33004112,715869,4679700,BWC,13,13,2001
33004113,715359,4680348,BWC,13,13,2001
33004114,732156,4669200,BWC,13,13,2001
33004115,731911,4668194,BWC,13,13,2001
33004116,731957,4668095,SC,13,13,2001
33004117,731965,4667096,SC,13,13,2001
33004118,732310,4667700,MBC,13,13,2001
33004119,732953,4667847,SC,13,13,2001
33004120,733006,4667806,MBC,13,13,2001
33004121,734362,4667845,BWC,13,13,2001
33004122,731751,4670052,BWC,13,13,2001
33004123,732158,4669398,BWC,13,13,2001
33004124,731358,4669399,BWC,13,13,2001
33004126,732160,4668794,BWC,13,13,2001
33004127,732205,4668747,BWC,13,13,2001
33004128,732957,4668952,BWC,13,13,2001
33004129,733107,4669097,BWC,13,13,2001
33004130,733409,4668998,BWC,13,13,2001
33004131,733607,4669007,BWC,13,13,2001
33004132,733804,4669100,BWC,13,13,2001
33004133,734011,4668699,BWC,13,13,2001
33004134,733862,4668701,BWC,13,13,2001
33004135,733566,4668702,BWC,13,13,2001
33004136,733505,4668652,BWC,13,13,2001
33004137,734209,4668451,BWC,13,13,2001
33004138,734361,4668548,BWC,13,13,2001
33004139,733754,4668350,BWC,13,13,2001
33004140,727362,4670549,BWC,13,13,2001
33004141,727657,4670699,BWC,13,13,2001
33004143,727707,4670103,BWC,13,13,2001
33004144,727610,4670052,BWC,13,13,2001
33004145,726856,4670046,BWC,13,13,2001
33004150,726059,4670699,BWC,13,13,2001
33004151,726206,4670600,BWC,13,13,2001
33004152,726405,4670454,BWC,13,13,2001
33004153,726707,4670751,BWC,13,13,2001
33004154,726957,4670451,BWC,13,13,2001
33004155,729060,4669759,BWC,13,13,2001
33004156,729754,4669254,BWC,13,13,2001
33004157,730413,4671056,SC,13,13,2001
33004158,730406,4671297,SC,13,13,2001
33004160,734762,4662601,MBC,13,13,2001
33004161,734858,4663899,MBC,13,13,2001
33004162,734703,4663151,MBC,13,13,2001
33004163,730613,4669597,SC,13,13,2001
33004164,731405,4668303,MBC,13,13,2001
33004165,730956,4668305,MBC,13,13,2001
33004166,730858,4669202,MBC,13,13,2001
33004167,730762,4669356,SC,13,13,2001
33004168,729907,4670000,BWC,13,13,2001
33004169,728456,4670448,BWC,13,13,2001
33004170,728857,4670350,BWC,13,13,2001
33004171,729456,4670099,BWC,13,13,2001
33004172,729456,4670355,BWC,13,13,2001
33004173,726158,4672455,MBC,13,13,2001
33004174,727155,4672198,MBC,13,13,2001
33004175,727910,4671897,MBC,13,13,2001
33004178,729906,4671554,SC,13,13,2001
33004179,729257,4671998,SC,13,13,2001
33004180,729155,4671698,MBC,13,13,2001
33004181,729204,4671545,MBC,13,13,2001
33004182,729304,4671704,SC,13,13,2001
33004183,729499,4671595,SC,13,13,2001
33004184,729558,4671549,SC,13,13,2001
33004185,729808,4671546,SC,13,13,2001
33004186,735013,4659648,SC,13,13,2001
33004187,735054,4659395,SC,13,13,2001
33004189,735107,4659097,SC,13,13,2001
33004190,735155,4658753,MBC,13,13,2001
33004191,735459,4658350,SC,13,13,2001
33004192,735859,4657352,MBC,13,13,2001
33004193,735913,4656002,MBC,13,13,2001
33004194,735811,4656605,MBC,13,13,2001
33004196,735456,4656299,BWC,13,13,2001
33004197,735609,4655946,SC,13,13,2001
33004198,734904,4656451,SC,13,13,2001
33004199,734815,4657548,SC,13,13,2001
33004200,734854,4658447,MBC,13,13,2001
33004201,734107,4659102,BWC,13,13,2001
33004202,734259,4658852,BWC,13,13,2001
33004203,734209,4658797,SC,13,13,2001
33004204,734006,4658998,SC,13,13,2001
33004205,733559,4659898,BWC,13,13,2001
33004206,733355,4659949,BWC,13,13,2001
33004207,733550,4659996,BWC,13,13,2001
33004208,733805,4660447,BWC,13,13,2001
33004209,733904,4660499,BWC,13,13,2001
33004210,733960,4660603,BWC,13,13,2001
33004211,733804,4660152,BWC,13,13,2001
33004212,733757,4660047,BWC,13,13,2001
33004213,737709,4656600,BWC,13,13,2001
33004214,737956,4656552,BWC,13,13,2001
33004215,737957,4656501,BWC,13,13,2001
33004216,738157,4656506,BWC,13,13,2001
33004217,738211,4656100,BWC,13,13,2001
33004218,738005,4655950,BWC,13,13,2001
33004219,738458,4656747,BWC,13,13,2001
33004220,737559,4656397,BWC,13,13,2001
33004221,737511,4657653,BWC,13,13,2001
33004222,737411,4657356,BWC,13,13,2001
33004223,737708,4657398,BWC,13,13,2001
33004224,737810,4657251,BWC,13,13,2001
33004225,737709,4657104,BWC,13,13,2001
33004226,738308,4658502,BWC,13,13,2001
33004227,738405,4658550,BWC,13,13,2001
33004228,738511,4658449,BWC,13,13,2001
33004229,738507,4658298,BWC,13,13,2001
33004230,738157,4658152,BWC,13,13,2001
33004231,738108,4658151,BWC,13,13,2001
33004232,738059,4658152,BWC,13,13,2001
33004233,737705,4657948,BWC,13,13,2001
33004234,737160,4657803,BWC,13,13,2001
33004235,737258,4658750,BWC,13,13,2001
33004236,737260,4658651,BWC,13,13,2001
33004237,737358,4658451,BWC,13,13,2001
33004238,737856,4658502,BWC,13,13,2001
33004239,722608,4674654,MBC,13,13,2001
33004240,722852,4674346,MBC,13,13,2001
33004241,723106,4674245,MBC,13,13,2001
33004242,724661,4673450,MBC,13,13,2001
33004243,724761,4673201,MBC,13,13,2001
33004244,724907,4673193,MBC,13,13,2001
33004245,724961,4673194,MBC,13,13,2001
33004246,725057,4673147,MBC,13,13,2001
33004247,725612,4673302,SC,13,13,2001
33004248,725912,4673404,SC,13,13,2001
33004249,726160,4673456,SC,13,13,2001
33004250,726260,4673300,SC,13,13,2001
33004251,726358,4673297,SC,13,13,2001
33004252,727360,4673150,SC,13,13,2001
33004253,727559,4673106,SC,13,13,2001
33004254,727564,4672948,SC,13,13,2001
33004271,737702,4655344,BWC,13,13,2001
33004272,737304,4655852,BWC,13,13,2001
33004274,737158,4656000,BWC,13,13,2001
33004276,737106,4656749,BWC,13,13,2001
33004277,736359,4656904,SC,13,13,2001
33004278,736508,4655848,MBC,13,13,2001
33004279,736603,4655397,MBC,13,13,2001
33004280,737853,4655104,SC,13,13,2001
33004281,736907,4659250,BWC,13,13,2001
33004282,737007,4660356,BWC,13,13,2001
33004283,737158,4660252,BWC,13,13,2001
33004284,737509,4660499,BWC,13,13,2001
33004285,737508,4660700,BWC,13,13,2001
33004286,737710,4660400,BWC,13,13,2001
33004287,737410,4659904,BWC,13,13,2001
33004288,737759,4659752,BWC,13,13,2001
33004289,737860,4659551,BWC,13,13,2001
33004290,737810,4659351,BWC,13,13,2001
33004291,738108,4659197,BWC,13,13,2001
33004292,737660,4659297,BWC,13,13,2001
33004293,737512,4659449,BWC,13,13,2001
33004294,737511,4659351,BWC,13,13,2001
33004295,737507,4659051,BWC,13,13,2001
33004297,735907,4657999,BWC,13,13,2001
33004298,736007,4658398,BWC,13,13,2001
33004299,736458,4658551,BWC,13,13,2001
33004300,735958,4659802,BWC,13,13,2001
33004301,736355,4659751,BWC,13,13,2001
33004302,736607,4659597,BWC,13,13,2001
33004303,736564,4660000,BWC,13,13,2001
33004304,735961,4660047,BWC,13,13,2001
33004305,735705,4660201,BWC,13,13,2001
33004306,735914,4660251,BWC,13,13,2001
33004307,736107,4660251,BWC,13,13,2001
33004308,736362,4660303,BWC,13,13,2001
33004309,736306,4660349,BWC,13,13,2001
33004310,736208,4660394,BWC,13,13,2001
33004311,736054,4660591,BWC,13,13,2001
33004312,735853,4660604,BWC,13,13,2001
33004313,736661,4660603,BWC,13,13,2001
33004314,736606,4660854,BWC,13,13,2001
33004315,736949,4655350,BWC,13,13,2001
33004316,737061,4655101,BWC,13,13,2001
33004317,737260,4654842,BWC,13,13,2001
33004318,737258,4655037,BWC,13,13,2001
33004319,737500,4655097,BWC,13,13,2001
33004320,737010,4654900,BWC,13,13,2001
33004321,736111,4657406,SC,13,13,2001
33004323,736263,4657754,SC,13,13,2001
33004324,736209,4657701,SC,13,13,2001
33004325,736458,4658956,BWC,13,13,2001
33004326,736313,4659206,BWC,13,13,2001
33004327,736360,4658906,BWC,13,13,2001
33004328,736006,4659050,BWC,13,13,2001
33004331,737356,4654199,BWC,13,13,2001
33004332,737607,4653999,BWC,13,13,2001
33004333,737263,4653505,BWC,13,13,2001
33004334,737361,4653501,BWC,13,13,2001
33004335,737504,4653401,BWC,13,13,2001
33004336,737305,4653052,BWC,13,13,2001
33004337,737805,4652250,SC,13,13,2001
33004338,737408,4652599,BWC,13,13,2001
33004339,737261,4652604,BWC,13,13,2001
33004340,737213,4652299,BWC,13,13,2001
33004341,736706,4653002,MBC,13,13,2001
33004342,736555,4653205,MBC,13,13,2001
33004343,736757,4653253,MBC,13,13,2001
33004344,736761,4653501,MBC,13,13,2001
33004345,736563,4653647,MBC,13,13,2001
33004346,736258,4653798,SC,13,13,2001
33004347,735859,4653600,BWC,13,13,2001
33004348,735813,4653904,BWC,13,13,2001
33004349,735311,4654610,SC,13,13,2001
33004350,735310,4654601,BWC,13,13,2001
33004351,735360,4654494,BWC,13,13,2001
33004352,736115,4654805,SC,13,13,2001
33004353,736155,4654893,SC,13,13,2001
33004354,736161,4655005,SC,13,13,2001
33004355,736103,4655098,SC,13,13,2001
33004356,735807,4654400,BWC,13,13,2001
33004357,735754,4655048,SC,13,13,2001
33004358,735605,4654951,SC,13,13,2001
33004359,735457,4655006,BWC,13,13,2001
33004360,735098,4655297,SC,13,13,2001
33004361,735215,4655605,BWC,13,13,2001
33004362,736952,4649946,IMP,13,13,2001
33004363,736856,4650249,IMP,13,13,2001
33004364,737106,4650400,IMP,13,13,2001
33004365,737509,4650302,IMP,13,13,2001
33004366,737309,4649899,IMP,13,13,2001
33004367,737704,4649597,IMP,13,13,2001
33004368,737855,4649705,IMP,13,13,2001
33004369,737807,4649803,IMP,13,13,2001
33004370,737801,4649954,IMP,13,13,2001
33004371,738017,4650051,IMP,13,13,2001
33004372,738410,4649901,IMP,13,13,2001
33004373,738403,4650199,IMP,13,13,2001
33004374,738250,4650351,IMP,13,13,2001
33004375,738111,4650446,IMP,13,13,2001
33004376,737816,4650450,IMP,13,13,2001
33004377,737859,4650548,IMP,13,13,2001
33004378,737906,4650599,IMP,13,13,2001
33004379,737959,4650706,IMP,13,13,2001
33004380,737757,4650953,IMP,13,13,2001
33004381,737303,4650803,IMP,13,13,2001
33004382,737361,4651294,IMP,13,13,2001
33004383,737758,4651442,IMP,13,13,2001
33004384,737562,4651652,IMP,13,13,2001
33004385,737000,4651601,BWC,13,13,2001
33004386,736950,4654452,MBC,13,13,2001
33004387,736905,4654353,MBC,13,13,2001
33004388,736902,4654303,MBC,13,13,2001
33004389,737104,4654048,BWC,13,13,2001
33004390,737156,4654104,BWC,13,13,2001
33004391,736211,4650153,IMP,13,13,2001
33004392,736257,4650352,IMP,13,13,2001
33004393,736611,4650199,IMP,13,13,2001
33004394,736706,4650200,IMP,13,13,2001
33004395,736655,4649851,IMP,13,13,2001
33004396,736563,4649653,IMP,13,13,2001
33004397,736662,4649490,IMP,13,13,2001
33004398,736604,4649056,IMP,13,13,2001
33004399,736810,4648706,IMP,13,13,2001
33004400,736909,4648649,IMP,13,13,2001
33004401,737004,4649052,IMP,13,13,2001
33004402,737902,4648895,IMP,13,13,2001
33004403,737954,4649046,IMP,13,13,2001
33004404,738107,4649241,IMP,13,13,2001
33004405,738312,4649448,IMP,13,13,2001
33004406,738712,4648751,IMP,13,13,2001
33004407,739057,4648202,BWC,13,13,2001
33004408,738508,4648555,IMP,13,13,2001
33004409,738562,4648355,IMP,13,13,2001
33004410,738512,4648243,IMP,13,13,2001
33004411,738315,4648350,IMP,13,13,2001
33004412,738159,4648199,IMP,13,13,2001
33004413,737709,4648296,IMP,13,13,2001
33004414,737499,4648353,IMP,13,13,2001
33004415,737805,4648053,IMP,13,13,2001
33004416,737762,4647956,IMP,13,13,2001
33004417,737708,4647764,IMP,13,13,2001
33004419,737463,4647906,IMP,13,13,2001
33004420,737366,4648045,IMP,13,13,2001
33004421,737154,4648095,IMP,13,13,2001
33004422,736707,4642698,IMP,13,13,2001
33004423,736859,4642703,IMP,13,13,2001
33004424,737254,4642802,IMP,13,13,2001
33004425,737659,4642798,IMP,13,13,2001
33004426,737403,4643150,IMP,13,13,2001
33004427,737257,4643148,IMP,13,13,2001
33004428,737210,4643354,IMP,13,13,2001
33004429,737508,4643356,IMP,13,13,2001
33004430,737760,4643404,IMP,13,13,2001
33004431,738058,4643798,IMP,13,13,2001
33004432,737956,4643847,IMP,13,13,2001
33004433,737958,4643951,IMP,13,13,2001
33004434,738107,4644001,IMP,13,13,2001
33004435,738410,4645247,BWC,13,13,2001
33004436,738601,4645097,BWC,13,13,2001
33004437,738457,4644953,BWC,13,13,2001
33004438,739057,4644899,BWC,13,13,2001
33004439,739407,4646599,BWC,13,13,2001
33004440,739356,4647808,BWC,13,13,2001
33004441,739312,4647858,BWC,13,13,2001
33004442,739210,4648251,BWC,13,13,2001
33004446,734507,4650552,IMP,13,13,2001
33004447,734107,4649704,IMP,13,13,2001
33004448,734007,4649742,IMP,13,13,2001
33004449,734106,4649803,IMP,13,13,2001
33004450,733959,4649900,IMP,13,13,2001
33004451,734159,4650999,IMP,13,13,2001
33004452,734114,4650701,IMP,13,13,2001
33004453,733551,4649348,IMP,13,13,2001
33004454,734114,4648702,IMP,13,13,2001
33004456,734208,4648601,IMP,13,13,2001
33004457,734214,4647996,IMP,13,13,2001
33004458,733657,4648202,IMP,13,13,2001
33004459,733707,4648142,IMP,13,13,2001
33004460,733960,4647651,IMP,13,13,2001
33004461,733502,4647551,IMP,13,13,2001
33004462,733757,4647319,IMP,13,13,2001
33004463,733607,4647092,IMP,13,13,2001
33004464,733962,4646555,IMP,13,13,2001
33004465,734553,4646453,IMP,13,13,2001
33004466,734956,4646449,IMP,13,13,2001
33004467,735154,4646754,IMP,13,13,2001
33004468,734397,4646896,IMP,13,13,2001
33004469,734412,4647405,IMP,13,13,2001
33004470,734653,4647508,IMP,13,13,2001
33004471,734856,4647502,IMP,13,13,2001
33004472,734504,4648097,IMP,13,13,2001
33004473,734649,4648847,IMP,13,13,2001
33004474,734562,4648951,IMP,13,13,2001
33004475,734256,4649250,IMP,13,13,2001
33004476,734154,4649550,IMP,13,13,2001
33004478,736550,4651402,MBC,13,13,2001
33004479,736749,4651705,MBC,13,13,2001
33004480,736354,4651749,MBC,13,13,2001
33004481,736507,4651898,MBC,13,13,2001
33004482,736555,4652048,MBC,13,13,2001
33004483,736411,4652049,MBC,13,13,2001
33004484,736357,4652097,MBC,13,13,2001
33004485,734559,4649600,IMP,13,13,2001
33004487,734805,4650043,IMP,13,13,2001
33004488,735410,4650652,IMP,13,13,2001
33004489,735364,4651648,BWC,13,13,2001
33004490,735409,4651847,SC,13,13,2001
33004491,735308,4652151,BWC,13,13,2001
33004492,735104,4652254,BWC,13,13,2001
33004494,735153,4652853,BWC,13,13,2001
33004495,735258,4653351,BWC,13,13,2001
33004496,735454,4653002,BWC,13,13,2001
33004497,735649,4653097,BWC,13,13,2001
33004498,736107,4653195,SC,13,13,2001
33004499,736060,4652895,IMP,13,13,2001
33004500,736107,4652743,IMP,13,13,2001
33004501,735612,4652905,IMP,13,13,2001
33004502,735308,4652502,BWC,13,13,2001
33004503,735772,4652155,IMP,13,13,2001
33004504,735955,4652494,IMP,13,13,2001
33004505,735312,4650103,IMP,13,13,2001
33004506,735255,4650046,IMP,13,13,2001
33004507,735108,4649699,IMP,13,13,2001
33004508,735507,4649647,MBC,13,13,2001
33004509,735805,4649551,MBC,13,13,2001
33004510,735409,4648946,IMP,13,13,2001
33004511,735463,4648402,IMP,13,13,2001
33004512,735556,4648241,IMP,13,13,2001
33004513,735411,4648197,IMP,13,13,2001
33004514,735259,4648352,MBC,13,13,2001
33004515,733910,4645648,IMP,13,13,2001
33004517,733808,4644505,IMP,13,13,2001
33004518,733960,4644298,IMP,13,13,2001
33004519,734108,4643849,IMP,13,13,2001
33004520,734212,4643604,IMP,13,13,2001
33004521,734556,4643898,IMP,13,13,2001
33004522,734617,4643743,IMP,13,13,2001
33004523,734564,4643696,IMP,13,13,2001
33004524,734755,4643653,IMP,13,13,2001
33004525,734964,4643647,IMP,13,13,2001
33004526,734260,4642999,IMP,13,13,2001
33004527,734308,4642649,IMP,13,13,2001
33004528,734658,4642851,IMP,13,13,2001
33004529,735057,4642902,IMP,13,13,2001
33004531,735063,4643045,IMP,13,13,2001
33004532,734956,4643204,IMP,13,13,2001
33004533,735162,4643152,IMP,13,13,2001
33004534,735414,4642949,IMP,13,13,2001
33004535,735200,4643602,IMP,13,13,2001
33004536,735511,4643754,IMP,13,13,2001
33004537,734860,4644095,IMP,13,13,2001
33004538,734556,4644544,IMP,13,13,2001
33004539,734605,4644699,IMP,13,13,2001
33004540,734303,4644900,IMP,13,13,2001
33004541,734354,4645297,IMP,13,13,2001
33004542,737058,4644504,IMP,13,13,2001
33004543,737104,4644602,IMP,13,13,2001
33004544,737052,4644852,IMP,13,13,2001
33004545,737009,4644793,IMP,13,13,2001
33004546,737162,4644798,IMP,13,13,2001
33004547,736808,4644507,IMP,13,13,2001
33004548,736497,4644354,MBC,13,13,2001
33004549,736656,4644355,IMP,13,13,2001
33004550,736757,4644104,IMP,13,13,2001
33004551,737065,4643760,IMP,13,13,2001
33004552,736556,4643997,IMP,13,13,2001
33004553,736503,4644052,MBC,13,13,2001
33004554,736403,4643904,MBC,13,13,2001
33004555,735306,4644355,IMP,13,13,2001
33004556,735358,4644255,IMP,13,13,2001
33004557,735652,4644203,IMP,13,13,2001
33004558,735765,4644350,IMP,13,13,2001
33004559,735961,4644701,IMP,13,13,2001
33004560,735656,4644699,IMP,13,13,2001
33004561,735553,4644699,IMP,13,13,2001
33004562,735063,4644952,IMP,13,13,2001
33004563,735009,4645154,IMP,13,13,2001
33004564,735405,4645202,IMP,13,13,2001
33004565,735363,4645298,IMP,13,13,2001
33004566,735018,4645350,IMP,13,13,2001
33004567,734856,4645393,IMP,13,13,2001
33004568,734660,4645493,IMP,13,13,2001
33004569,735003,4645703,IMP,13,13,2001
33004570,735213,4645593,IMP,13,13,2001
33004571,735511,4645751,IMP,13,13,2001
33004572,735004,4645904,IMP,13,13,2001
33004573,735953,4648152,IMP,13,13,2001
33004574,736201,4648603,IMP,13,13,2001
33004575,736461,4648358,IMP,13,13,2001
33004576,736405,4648304,IMP,13,13,2001
33004577,736510,4648252,IMP,13,13,2001
33004578,736557,4648052,IMP,13,13,2001
33004579,736506,4647805,IMP,13,13,2001
33004580,736462,4647596,IMP,13,13,2001
33004581,736245,4647552,IMP,13,13,2001
33004582,736495,4647251,IMP,13,13,2001
33004583,736906,4647253,IMP,13,13,2001
33004584,736797,4646600,IMP,13,13,2001
33004585,736852,4646504,IMP,13,13,2001
33004586,737163,4646253,IMP,13,13,2001
33004587,737164,4646201,IMP,13,13,2001
33004588,737207,4645902,IMP,13,13,2001
33004589,737402,4645952,IMP,13,13,2001
33004590,737712,4646244,IMP,13,13,2001
33004591,737608,4646292,IMP,13,13,2001
33004592,737464,4646496,IMP,13,13,2001
33004593,737456,4646644,IMP,13,13,2001
33004594,738160,4646800,IMP,13,13,2001
33004595,737903,4646601,IMP,13,13,2001
33004596,738058,4646398,IMP,13,13,2001
33004597,737859,4645256,IMP,13,13,2001
33004598,738108,4644951,IMP,13,13,2001
33004599,737805,4644653,IMP,13,13,2001
33004600,737308,4645147,IMP,13,13,2001
33004601,736904,4645152,IMP,13,13,2001
33004602,736857,4645396,IMP,13,13,2001
33004603,737359,4645554,IMP,13,13,2001
33004604,736610,4646102,IMP,13,13,2001
33004605,736360,4646042,IMP,13,13,2001
33004606,736509,4646304,IMP,13,13,2001
33004607,736012,4646152,MBC,13,13,2001
33004608,735862,4646651,MBC,13,13,2001
33004609,736210,4646655,IMP,13,13,2001
33004610,736360,4646799,IMP,13,13,2001
33004611,736261,4646807,IMP,13,13,2001
33004612,735910,4647059,IMP,13,13,2001
33004613,735805,4647148,IMP,13,13,2001
33004614,735507,4648003,IMP,13,13,2001
33004615,735258,4648101,MBC,13,13,2001
33004616,735210,4648105,MBC,13,13,2001
33004617,738859,4649801,BWC,13,13,2001
33004618,738756,4649897,BWC,13,13,2001
33004620,736557,4655701,MBC,13,13,2001
33005099,730657,4670701,MBC,13,13,2002
33005100,713208,4681249,MBC,13,13,2002
33005101,717062,4676698,MBC,13,13,2002
33005102,717259,4676650,MBC,13,13,2002
33005103,717158,4676548,MBC,13,13,2002
33005104,717462,4676351,MBC,13,13,2002
33005105,718060,4675896,MBC,13,13,2002
33005106,719808,4675605,MBC,13,13,2002
33005107,720158,4675598,MBC,13,13,2002
33005108,722758,4674397,MBC,13,13,2002
33005109,723204,4674301,MBC,13,13,2002
33005110,724855,4673349,MBC,13,13,2002
33005111,725010,4673202,MBC,13,13,2002
33005112,727409,4672151,MBC,13,13,2002
33005113,730959,4668902,MBC,13,13,2002
33005114,734653,4662751,MBC,13,13,2002
33005115,734704,4662700,MBC,13,13,2002
33005116,734649,4662654,MBC,13,13,2002
33005117,734758,4658601,MBC,13,13,2002
33005118,734404,4658451,MBC,13,13,2002
33005119,735563,4657899,MBC,13,13,2002
33005120,736464,4655947,MBC,13,13,2002
33005121,736956,4654903,MBC,13,13,2002
33005122,736912,4654850,MBC,13,13,2002
33005123,736566,4653696,MBC,13,13,2002
33005124,736511,4653644,MBC,13,13,2002
33005125,736507,4653556,MBC,13,13,2002
33005126,736658,4653248,MBC,13,13,2002
33005127,736956,4653152,MBC,13,13,2002
33005128,736958,4653052,MBC,13,13,2002
33005129,736658,4652989,MBC,13,13,2002
33005130,736553,4652697,MBC,13,13,2002
33005131,736559,4652396,MBC,13,13,2002
33005132,736553,4652350,MBC,13,13,2002
33005133,736457,4652303,MBC,13,13,2002
33005134,736559,4652100,MBC,13,13,2002
33005135,736555,4651898,MBC,13,13,2002
33005136,736254,4650751,MBC,13,13,2002
33005137,736358,4650750,MBC,13,13,2002
33005138,736110,4650348,MBC,13,13,2002
33005139,735854,4649748,MBC,13,13,2002
33005140,735559,4649398,MBC,13,13,2002
33005141,735402,4649255,MBC,13,13,2002
33005142,735156,4648596,MBC,13,13,2002
33005143,735454,4647003,MBC,13,13,2002
33005144,735561,4646998,MBC,13,13,2002
33005145,735864,4646494,MBC,13,13,2002
33005146,735812,4646452,MBC,13,13,2002
33005147,735909,4646251,MBC,13,13,2002
33005148,736159,4645649,MBC,13,13,2002
33005149,736261,4645098,MBC,13,13,2002
33005150,736408,4644651,MBC,13,13,2002
33005151,736407,4644250,MBC,13,13,2002
33005152,736408,4643901,MBC,13,13,2002
33005153,735953,4643591,MBC,13,13,2002
33005154,715359,4678253,MBC,13,13,2002
33005155,715961,4677300,MBC,13,13,2002
33005156,719706,4675397,MBC,13,13,2002
33005157,721955,4674349,MBC,13,13,2002
33005158,723406,4674200,MBC,13,13,2002
33005159,723409,4674149,MBC,13,13,2002
33005160,724260,4673650,MBC,13,13,2002
33005161,725059,4673201,MBC,13,13,2002
33005162,730008,4671101,MBC,13,13,2002
33005163,734108,4666852,MBC,13,13,2002
33005164,734857,4663797,MBC,13,13,2002
33005165,734806,4662793,MBC,13,13,2002
33005166,736610,4655649,MBC,13,13,2002
33005167,736460,4653997,MBC,13,13,2002
33005169,737904,4655296,SC,13,13,2002
33005170,733814,4661847,SC,13,13,2002
33005171,727258,4671749,SC,13,13,2002
33005172,735706,4646891,SC,13,13,2002
33005173,735409,4651854,SC,13,13,2002
33005174,735413,4651746,SC,13,13,2002
33005175,736409,4653706,SC,13,13,2002
33005176,714307,4679100,SC,13,13,2002
33005177,715656,4678450,SC,13,13,2002
33005178,725360,4673350,SC,13,13,2002
33005179,725609,4673349,SC,13,13,2002
33005180,727005,4673204,SC,13,13,2002
33005181,729208,4672049,SC,13,13,2002
33005182,729907,4671501,SC,13,13,2002
33005183,730608,4670899,SC,13,13,2002
33005184,734607,4657699,SC,13,13,2002
33005185,734649,4657650,SC,13,13,2002
33005186,734955,4656795,SC,13,13,2002
33005187,714210,4679403,SC,13,13,2002
33005188,715006,4679248,SC,13,13,2002
33005189,715658,4678350,SC,13,13,2002
33005190,725460,4673457,SC,13,13,2002
33005191,725906,4673255,SC,13,13,2002
33005192,727658,4673003,SC,13,13,2002
33005193,727306,4672949,SC,13,13,2002
33005194,729310,4671801,SC,13,13,2002
33005195,729853,4671401,SC,13,13,2002
33005196,734163,4663350,SC,13,13,2002
33005197,734058,4662950,SC,13,13,2002
33005198,735012,4656298,SC,13,13,2002
33005199,736507,4656651,SC,13,13,2002
33005200,720564,4674805,SC,13,13,2002
33005201,720610,4674748,SC,13,13,2002
33005202,723658,4674249,SC,13,13,2002
33005203,733811,4664408,SC,13,13,2002
33005204,734959,4663846,SC,13,13,2002
33005205,734958,4663250,SC,13,13,2002
33005206,735308,4663097,SC,13,13,2002
33005208,735214,4661252,SC,13,13,2002
33005209,735258,4660706,SC,13,13,2002
33005210,734907,4660197,SC,13,13,2002
33005211,735165,4660046,SC,13,13,2002
33005212,735465,4660054,SC,13,13,2002
33005213,735458,4660000,SC,13,13,2002
33005214,735058,4659749,SC,13,13,2002
33005215,735008,4659552,SC,13,13,2002
33005216,733908,4659348,SC,13,13,2002
33005217,735405,4659304,SC,13,13,2002
33005218,734005,4658997,SC,13,13,2002
33005219,735453,4658850,SC,13,13,2002
33005220,735454,4658350,SC,13,13,2002
33005221,735461,4658301,SC,13,13,2002
33005222,736212,4657701,SC,13,13,2002
33005223,736658,4657601,SC,13,13,2002
33005225,737109,4657452,SC,13,13,2002
33005226,736209,4657251,SC,13,13,2002
33005227,735563,4656705,SC,13,13,2002
33005228,735561,4656652,SC,13,13,2002
33005229,736605,4656601,SC,13,13,2002
33005230,735660,4656499,SC,13,13,2002
33005231,736655,4656451,SC,13,13,2002
33005232,735753,4656394,SC,13,13,2002
33005233,735057,4655503,SC,13,13,2002
33005234,733405,4668242,SC,13,13,2002
33005235,733458,4668248,SC,13,13,2002
33005236,735711,4655860,SC,13,13,2002
33005237,737357,4655798,SC,13,13,2002
33005238,737603,4655400,SC,13,13,2002
33005239,739261,4648549,BWC,13,13,2002
33005240,733853,4660154,BWC,13,13,2002
33005241,733758,4660004,BWC,13,13,2002
33005242,733606,4659751,BWC,13,13,2002
33005243,737803,4655149,BWC,13,13,2002
33005244,737511,4653500,BWC,13,13,2002
33005245,737559,4653203,BWC,13,13,2002
33005246,737509,4652852,BWC,13,13,2002
33005247,734758,4651958,BWC,13,13,2002
33005248,735362,4651850,BWC,13,13,2002
33005249,735362,4651752,BWC,13,13,2002
33005250,735358,4651586,BWC,13,13,2002
33005251,739457,4647351,BWC,13,13,2002
33005253,734260,4665601,BWC,13,13,2002
33005254,734020,4665451,BWC,13,13,2002
33005255,734358,4665202,BWC,13,13,2002
33005257,735210,4652499,BWC,13,13,2002
33005258,739106,4648100,BWC,13,13,2002
33005260,738158,4655652,BWC,13,13,2002
33005261,736014,4659600,BWC,13,13,2002
33005262,736310,4659152,BWC,13,13,2002
33005263,736407,4658847,BWC,13,13,2002
33005264,736106,4658701,BWC,13,13,2002
33005265,735960,4659354,BWC,13,13,2002
33005266,735606,4658549,BWC,13,13,2002
33005267,735710,4658546,BWC,13,13,2002
33005268,732306,4669198,BWC,13,13,2002
33005269,732461,4664398,BWC,13,13,2002
33005270,731858,4670101,BWC,13,13,2002
33005271,731904,4669903,BWC,13,13,2002
33005272,733055,4669851,BWC,13,13,2002
33005273,732106,4669398,BWC,13,13,2002
33005274,731806,4669196,BWC,13,13,2002
33005275,731860,4669104,BWC,13,13,2002
33005276,732705,4669048,BWC,13,13,2002
33005277,732309,4668993,BWC,13,13,2002
33005278,732458,4669002,BWC,13,13,2002
33005279,731904,4668846,BWC,13,13,2002
33005280,732865,4664846,BWC,13,13,2002
33005281,733155,4664400,BWC,13,13,2002
33005283,738610,4644601,BWC,13,13,2002
33005284,719406,4677148,BWC,13,13,2002
33005285,720056,4676250,BWC,13,13,2002
33005286,735455,4656450,BWC,13,13,2002
33005287,719111,4676999,BWC,13,13,2002
33005288,734705,4661700,BWC,13,13,2002
33005289,734957,4661247,BWC,13,13,2002
33005290,735366,4661052,BWC,13,13,2002
33005291,733757,4660301,BWC,13,13,2002
33005292,736806,4656096,BWC,13,13,2002
33005293,736966,4656004,BWC,13,13,2002
33005294,737151,4655802,BWC,13,13,2002
33005295,737259,4655747,BWC,13,13,2002
33005296,737759,4655699,BWC,13,13,2002
33005297,735209,4655402,BWC,13,13,2002
33005298,737454,4655404,BWC,13,13,2002
33005299,737505,4655399,BWC,13,13,2002
33005300,737202,4655093,BWC,13,13,2002
33005301,735360,4654845,BWC,13,13,2002
33005302,737049,4654346,BWC,13,13,2002
33005303,737463,4654047,BWC,13,13,2002
33005304,735605,4653445,BWC,13,13,2002
33005305,735901,4653102,BWC,13,13,2002
33005306,735515,4652944,BWC,13,13,2002
33005307,735862,4660652,BWC,13,13,2002
33005308,736859,4660652,BWC,13,13,2002
33005309,737758,4660548,BWC,13,13,2002
33005310,736460,4660248,BWC,13,13,2002
33005311,736204,4660194,BWC,13,13,2002
33005312,736108,4660154,BWC,13,13,2002
33005313,736365,4660050,BWC,13,13,2002
33005314,736205,4660005,BWC,13,13,2002
33005315,736605,4660001,BWC,13,13,2002
33005316,736507,4659950,BWC,13,13,2002
33005317,736755,4659900,BWC,13,13,2002
33005318,737064,4659855,BWC,13,13,2002
33005319,736757,4659605,BWC,13,13,2002
33005320,736407,4658449,BWC,13,13,2002
33005321,736860,4658199,BWC,13,13,2002
33005322,736261,4658100,BWC,13,13,2002
33005323,736356,4658102,BWC,13,13,2002
33005324,736361,4657896,BWC,13,13,2002
33005325,737955,4660252,BWC,13,13,2002
33005326,737954,4659996,BWC,13,13,2002
33005327,738108,4659846,BWC,13,13,2002
33005328,737161,4659704,BWC,13,13,2002
33005329,738207,4659594,BWC,13,13,2002
33005330,737406,4659554,BWC,13,13,2002
33005331,737807,4659502,BWC,13,13,2002
33005332,737462,4659349,BWC,13,13,2002
33005333,737657,4659153,BWC,13,13,2002
33005334,737958,4659153,BWC,13,13,2002
33005335,737153,4658797,BWC,13,13,2002
33005336,737957,4658400,BWC,13,13,2002
33005337,737955,4658151,BWC,13,13,2002
33005338,737656,4658096,BWC,13,13,2002
33005339,737361,4657953,BWC,13,13,2002
33005340,738059,4657957,BWC,13,13,2002
33005341,737354,4657903,BWC,13,13,2002
33005342,737958,4657846,BWC,13,13,2002
33005343,738158,4657749,BWC,13,13,2002
33005344,738160,4657598,BWC,13,13,2002
33005345,737953,4657050,BWC,13,13,2002
33005346,737914,4656700,BWC,13,13,2002
33005347,737706,4656604,BWC,13,13,2002
33005348,737763,4656601,BWC,13,13,2002
33005349,727308,4670850,BWC,13,13,2002
33005350,725910,4670653,BWC,13,13,2002
33005351,726457,4670600,BWC,13,13,2002
33005352,726713,4670603,BWC,13,13,2002
33005353,725812,4670447,BWC,13,13,2002
33005354,726553,4670450,BWC,13,13,2002
33005355,726861,4670402,BWC,13,13,2002
33005356,726005,4670295,BWC,13,13,2002
33005357,726312,4670294,BWC,13,13,2002
33005358,727357,4670299,BWC,13,13,2002
33005359,727759,4670202,BWC,13,13,2002
33005360,727108,4670151,BWC,13,13,2002
33005361,726057,4670099,BWC,13,13,2002
33005362,733408,4669500,BWC,13,13,2002
33005363,733404,4669298,BWC,13,13,2002
33005364,733712,4668551,BWC,13,13,2002
33005365,733859,4668398,BWC,13,13,2002
33005366,733914,4668298,BWC,13,13,2002
33005367,734219,4668146,BWC,13,13,2002
33005368,732707,4663946,BWC,13,13,2002
33005369,732711,4663903,BWC,13,13,2002
33005370,733009,4662958,BWC,13,13,2002
33005371,733205,4662257,BWC,13,13,2002
33005372,715506,4680899,BWC,13,13,2002
33005373,720103,4676500,BWC,13,13,2002
33005374,729960,4669103,BWC,13,13,2002
33005375,730553,4668502,BWC,13,13,2002
33005376,735256,4656801,BWC,13,13,2002
33005377,735260,4656506,BWC,13,13,2002
33005378,726212,4671950,BWC,13,13,2002
33005379,726063,4671505,BWC,13,13,2002
33005380,715258,4680346,BWC,13,13,2002
33005381,715556,4679900,BWC,13,13,2002
33005382,715904,4679449,BWC,13,13,2002
33005383,716407,4679146,BWC,13,13,2002
33005384,716955,4678100,BWC,13,13,2002
33005385,719108,4677102,BWC,13,13,2002
33005386,719358,4677053,BWC,13,13,2002
33005387,720508,4674750,BWC,13,13,2002
33005388,720355,4674250,BWC,13,13,2002
33005389,720703,4674200,BWC,13,13,2002
33005390,724808,4673750,BWC,13,13,2002
33005391,725607,4673601,BWC,13,13,2002
33005392,728359,4672652,BWC,13,13,2002
33005393,733815,4664951,BWC,13,13,2002
33005394,733356,4662801,BWC,13,13,2002
33005395,734703,4662348,BWC,13,13,2002
33005396,733550,4662156,BWC,13,13,2002
33005397,733461,4660254,BWC,13,13,2002
33005398,735160,4660153,BWC,13,13,2002
33005399,737562,4655658,BWC,13,13,2002
33005400,735305,4655551,BWC,13,13,2002
33005401,735409,4655048,BWC,13,13,2002
33005402,735561,4654506,BWC,13,13,2002
33005403,737206,4654100,BWC,13,13,2002
33005404,737253,4653801,BWC,13,13,2002
33005405,737312,4653151,BWC,13,13,2002
33005406,735258,4652701,BWC,13,13,2002
33005407,737205,4651950,BWC,13,13,2002
33005408,737009,4651748,BWC,13,13,2002
33005409,737163,4660953,BWC,13,13,2002
33005410,736260,4660846,BWC,13,13,2002
33005411,736557,4660857,BWC,13,13,2002
33005412,735557,4660253,BWC,13,13,2002
33005413,738210,4659748,BWC,13,13,2002
33005414,737008,4658895,BWC,13,13,2002
33005415,737362,4657197,BWC,13,13,2002
33005416,737610,4657048,BWC,13,13,2002
33005417,726712,4671045,BWC,13,13,2002
33005418,728358,4670997,BWC,13,13,2002
33005419,725902,4670848,BWC,13,13,2002
33005420,727302,4670346,BWC,13,13,2002
33005421,729453,4670303,BWC,13,13,2002
33005422,729262,4670151,BWC,13,13,2002
33005423,729312,4670050,BWC,13,13,2002
33005424,726511,4669953,BWC,13,13,2002
33005425,730007,4669950,BWC,13,13,2002
33005426,733307,4669299,BWC,13,13,2002
33005427,733054,4669198,BWC,13,13,2002
33005428,732863,4668604,BWC,13,13,2002
33005429,733359,4668601,BWC,13,13,2002
33005430,733860,4668253,BWC,13,13,2002
33005431,733803,4668145,BWC,13,13,2002
33005432,734806,4667799,BWC,13,13,2002
33005433,733210,4663398,BWC,13,13,2002
33005434,732759,4663146,BWC,13,13,2002
33005435,732510,4662749,BWC,13,13,2002
33005436,732407,4662695,BWC,13,13,2002
33005437,732860,4662403,BWC,13,13,2002
33005438,733512,4662000,BWC,13,13,2002
33005439,738457,4644291,IMP,13,13,2002
33005440,737559,4652604,IMP,13,13,2002
33005441,737559,4652343,IMP,13,13,2002
33005442,737655,4652099,IMP,13,13,2002
33005443,734306,4650899,IMP,13,13,2002
33005444,734108,4650654,IMP,13,13,2002
33005445,733854,4650349,IMP,13,13,2002
33005446,737212,4650305,IMP,13,13,2002
33005447,737103,4650198,IMP,13,13,2002
33005448,737603,4650147,IMP,13,13,2002
33005449,733860,4650046,IMP,13,13,2002
33005450,737657,4649952,IMP,13,13,2002
33005451,737558,4649842,IMP,13,13,2002
33005452,733660,4649605,IMP,13,13,2002
33005453,737307,4649597,IMP,13,13,2002
33005454,738163,4649604,IMP,13,13,2002
33005455,734059,4649547,IMP,13,13,2002
33005456,734259,4649549,IMP,13,13,2002
33005458,737649,4649249,IMP,13,13,2002
33005459,738104,4649204,IMP,13,13,2002
33005460,738104,4649153,IMP,13,13,2002
33005461,736756,4649052,IMP,13,13,2002
33005462,737106,4649049,IMP,13,13,2002
33005463,737702,4648848,IMP,13,13,2002
33005464,738152,4648846,IMP,13,13,2002
33005465,738553,4648803,IMP,13,13,2002
33005466,737707,4648746,IMP,13,13,2002
33005467,738655,4648652,IMP,13,13,2002
33005468,737106,4648596,IMP,13,13,2002
33005469,738012,4648597,IMP,13,13,2002
33005470,737858,4648544,IMP,13,13,2002
33005471,737408,4648400,IMP,13,13,2002
33005472,738658,4648400,IMP,13,13,2002
33005473,737706,4648158,IMP,13,13,2002
33005474,737754,4648150,IMP,13,13,2002
33005475,737061,4647851,IMP,13,13,2002
33005476,737304,4647852,IMP,13,13,2002
33005477,737607,4647794,IMP,13,13,2002
33005478,737453,4647698,IMP,13,13,2002
33005479,737758,4647594,IMP,13,13,2002
33005480,737505,4647396,IMP,13,13,2002
33005481,738109,4646549,IMP,13,13,2002
33005482,738110,4646399,IMP,13,13,2002
33005483,738104,4646201,IMP,13,13,2002
33005484,737858,4644897,IMP,13,13,2002
33005485,737857,4644305,IMP,13,13,2002
33005486,738011,4643953,IMP,13,13,2002
33005487,734109,4643898,IMP,13,13,2002
33005488,734312,4643646,IMP,13,13,2002
33005489,734161,4643595,IMP,13,13,2002
33005490,734059,4643351,IMP,13,13,2002
33005491,737256,4643000,IMP,13,13,2002
33005492,734509,4642596,IMP,13,13,2002
33005493,734711,4642548,IMP,13,13,2002
33005494,734804,4642554,IMP,13,13,2002
33005495,738206,4646398,IMP,13,13,2002
33005496,733908,4643498,IMP,13,13,2002
33005497,737656,4643347,IMP,13,13,2002
33005498,737956,4642951,IMP,13,13,2002
33005499,737158,4642847,IMP,13,13,2002
33005501,737855,4644104,IMP,13,13,2002
33005502,737985,4647896,IMP,13,13,2002
33005503,737857,4647151,IMP,13,13,2002
33005504,735760,4653047,IMP,13,13,2002
33005505,735914,4652897,IMP,13,13,2002
33005506,735656,4652852,IMP,13,13,2002
33005507,736202,4652751,IMP,13,13,2002
33005508,735857,4652693,IMP,13,13,2002
33005509,735653,4652648,IMP,13,13,2002
33005510,735807,4652647,IMP,13,13,2002
33005511,736061,4652449,IMP,13,13,2002
33005512,737408,4652301,IMP,13,13,2002
33005513,735809,4652200,IMP,13,13,2002
33005514,735860,4651704,IMP,13,13,2002
33005515,737600,4651544,IMP,13,13,2002
33005516,735959,4651344,IMP,13,13,2002
33005517,736714,4650803,IMP,13,13,2002
33005518,736457,4650752,IMP,13,13,2002
33005519,736606,4650651,IMP,13,13,2002
33005520,734909,4650502,IMP,13,13,2002
33005521,737759,4650500,IMP,13,13,2002
33005522,737802,4650393,IMP,13,13,2002
33005523,736504,4650053,IMP,13,13,2002
33005524,736454,4649950,IMP,13,13,2002
33005525,736556,4649950,IMP,13,13,2002
33005526,736405,4649903,IMP,13,13,2002
33005527,738010,4649903,IMP,13,13,2002
33005528,736007,4649852,IMP,13,13,2002
33005529,736059,4649600,IMP,13,13,2002
33005530,736258,4649545,IMP,13,13,2002
33005531,736753,4649550,IMP,13,13,2002
33005532,734964,4649494,IMP,13,13,2002
33005533,734457,4649350,IMP,13,13,2002
33005534,734506,4649348,IMP,13,13,2002
33005535,736361,4649353,IMP,13,13,2002
33005536,735909,4649247,IMP,13,13,2002
33005537,734810,4648997,IMP,13,13,2002
33005538,735762,4648802,IMP,13,13,2002
33005539,735809,4648601,IMP,13,13,2002
33005540,736359,4648454,IMP,13,13,2002
33005541,734759,4648349,IMP,13,13,2002
33005542,733861,4648298,IMP,13,13,2002
33005543,736508,4648100,IMP,13,13,2002
33005544,736608,4648098,IMP,13,13,2002
33005545,735858,4648050,IMP,13,13,2002
33005546,735408,4648003,IMP,13,13,2002
33005547,735309,4647898,IMP,13,13,2002
33005548,736660,4647902,IMP,13,13,2002
33005549,733609,4647847,IMP,13,13,2002
33005550,736605,4647750,IMP,13,13,2002
33005551,736260,4647650,IMP,13,13,2002
33005552,734407,4647597,IMP,13,13,2002
33005553,736107,4647549,IMP,13,13,2002
33005554,737908,4647548,IMP,13,13,2002
33005555,735904,4647498,IMP,13,13,2002
33005556,736458,4647499,IMP,13,13,2002
33005557,733758,4647298,IMP,13,13,2002
33005558,736805,4647298,IMP,13,13,2002
33005559,735007,4647149,IMP,13,13,2002
33005560,735966,4647156,IMP,13,13,2002
33005561,734562,4647096,IMP,13,13,2002
33005562,736459,4647094,IMP,13,13,2002
33005563,734410,4647054,IMP,13,13,2002
33005564,736159,4647048,IMP,13,13,2002
33005565,734609,4647006,IMP,13,13,2002
33005566,734604,4646850,IMP,13,13,2002
33005567,733661,4646805,IMP,13,13,2002
33005568,736007,4646795,IMP,13,13,2002
33005569,736355,4646745,IMP,13,13,2002
33005570,734506,4646648,IMP,13,13,2002
33005571,733704,4646597,IMP,13,13,2002
33005572,735061,4646543,IMP,13,13,2002
33005573,736252,4646501,IMP,13,13,2002
33005574,737406,4646496,IMP,13,13,2002
33005575,736360,4646449,IMP,13,13,2002
33005576,734411,4646394,IMP,13,13,2002
33005577,734307,4646297,IMP,13,13,2002
33005578,736307,4646299,IMP,13,13,2002
33005579,736656,4646244,IMP,13,13,2002
33005580,734354,4646200,IMP,13,13,2002
33005581,736807,4646193,IMP,13,13,2002
33005582,734100,4646102,IMP,13,13,2002
33005583,737006,4646101,IMP,13,13,2002
33005584,735143,4646050,IMP,13,13,2002
33005585,735558,4646003,IMP,13,13,2002
33005586,735160,4645898,IMP,13,13,2002
33005587,734766,4645847,IMP,13,13,2002
33005588,736862,4645791,IMP,13,13,2002
33005589,733863,4645703,IMP,13,13,2002
33005590,736959,4645602,IMP,13,13,2002
33005591,737255,4645545,IMP,13,13,2002
33005592,734355,4645501,IMP,13,13,2002
33005593,737206,4645444,IMP,13,13,2002
33005594,735209,4645397,IMP,13,13,2002
33005595,736556,4645398,IMP,13,13,2002
33005596,733960,4645346,IMP,13,13,2002
33005597,737007,4645350,IMP,13,13,2002
33005598,737161,4645245,IMP,13,13,2002
33005599,737758,4645256,IMP,13,13,2002
33005600,736456,4645195,IMP,13,13,2002
33005601,733861,4645152,IMP,13,13,2002
33005602,734009,4645147,IMP,13,13,2002
33005603,735163,4645043,IMP,13,13,2002
33005604,733858,4644949,IMP,13,13,2002
33005605,737354,4644947,IMP,13,13,2002
33005606,736859,4644843,IMP,13,13,2002
33005607,734250,4644650,IMP,13,13,2002
33005608,735702,4644655,IMP,13,13,2002
33005609,736609,4644596,IMP,13,13,2002
33005610,734755,4644552,IMP,13,13,2002
33005611,735111,4644452,IMP,13,13,2002
33005612,735911,4644397,IMP,13,13,2002
33005613,734009,4644343,IMP,13,13,2002
33005614,735508,4644347,IMP,13,13,2002
33005615,735258,4644301,IMP,13,13,2002
33005616,734658,4644252,IMP,13,13,2002
33005617,737403,4644050,IMP,13,13,2002
33005618,734864,4643855,IMP,13,13,2002
33005619,737206,4643855,IMP,13,13,2002
33005620,737312,4643853,IMP,13,13,2002
33005621,734761,4643802,IMP,13,13,2002
33005622,737504,4643805,IMP,13,13,2002
33005623,734813,4643694,IMP,13,13,2002
33005624,737552,4643644,IMP,13,13,2002
33005625,735404,4643602,IMP,13,13,2002
33005626,735552,4643598,IMP,13,13,2002
33005627,735656,4643596,IMP,13,13,2002
33005628,735803,4643600,IMP,13,13,2002
33005629,734906,4643544,IMP,13,13,2002
33005630,734812,4643497,IMP,13,13,2002
33005631,736651,4643501,IMP,13,13,2002
33005632,735055,4643448,IMP,13,13,2002
33005633,736558,4643106,IMP,13,13,2002
33005634,735207,4642899,IMP,13,13,2002
33005635,736510,4642897,IMP,13,13,2002
33005636,736454,4642548,IMP,13,13,2002
33005637,735656,4651203,IMP,13,13,2002
33005638,735107,4650904,IMP,13,13,2002
33005639,734911,4650701,IMP,13,13,2002
33005640,735158,4649911,IMP,13,13,2002
33005641,735110,4649608,IMP,13,13,2002
33005642,734360,4648702,IMP,13,13,2002
33005643,734608,4648546,IMP,13,13,2002
33005644,733609,4646796,IMP,13,13,2002
33005645,733606,4646751,IMP,13,13,2002
33005646,733711,4645849,IMP,13,13,2002
33005647,733757,4645101,IMP,13,13,2002
33005648,736411,4643047,IMP,13,13,2002
33006664,734608,4662452,MBC,13,13,2004
33006665,713208,4681398,MBC,13,13,2004
33006666,713362,4680996,MBC,13,13,2004
33006667,713604,4680149,MBC,13,13,2004
33006668,713756,4680148,MBC,13,13,2004
33006669,713861,4679952,MBC,13,13,2004
33006670,714157,4679641,MBC,13,13,2004
33006671,714466,4679247,MBC,13,13,2004
33006672,716961,4676800,MBC,13,13,2004
33006673,717809,4676252,MBC,13,13,2004
33006674,717907,4676103,MBC,13,13,2004
33006675,718065,4675899,MBC,13,13,2004
33006676,719707,4675607,MBC,13,13,2004
33006677,720208,4675550,MBC,13,13,2004
33006678,720063,4675451,MBC,13,13,2004
33006679,720255,4675458,MBC,13,13,2004
33006680,720356,4675456,MBC,13,13,2004
33006681,722312,4674698,MBC,13,13,2004
33006682,722414,4674592,MBC,13,13,2004
33006683,723160,4674199,MBC,13,13,2004
33006684,724817,4673397,MBC,13,13,2004
33006685,725864,4672553,MBC,13,13,2004
33006686,733955,4667046,MBC,13,13,2004
33006687,734703,4662852,MBC,13,13,2004
33006688,734912,4658449,MBC,13,13,2004
33006689,736712,4655000,MBC,13,13,2004
33006690,736909,4654157,MBC,13,13,2004
33006691,737107,4653753,MBC,13,13,2004
33006692,736515,4653603,MBC,13,13,2004
33006693,736811,4653244,MBC,13,13,2004
33006694,736705,4653103,MBC,13,13,2004
33006695,736811,4653094,MBC,13,13,2004
33006696,736705,4653054,MBC,13,13,2004
33006697,737011,4652948,MBC,13,13,2004
33006698,736356,4652500,MBC,13,13,2004
33006699,736698,4652401,MBC,13,13,2004
33006700,736610,4652050,MBC,13,13,2004
33006701,736453,4651903,MBC,13,13,2004
33006702,735955,4650104,MBC,13,13,2004
33006703,735510,4649296,MBC,13,13,2004
33006704,735157,4648509,MBC,13,13,2004
33006705,735152,4648350,MBC,13,13,2004
33006706,735559,4646900,MBC,13,13,2004
33006707,735958,4645997,MBC,13,13,2004
33006708,736113,4645747,MBC,13,13,2004
33006709,736211,4645407,MBC,13,13,2004
33006710,735863,4643401,MBC,13,13,2004
33006711,736311,4645547,MBC,13,13,2004
33006712,714059,4679694,MBC,13,13,2004
33006713,714712,4678940,MBC,13,13,2004
33006714,715059,4678853,MBC,13,13,2004
33006715,716003,4677748,MBC,13,13,2004
33006716,716308,4677554,MBC,13,13,2004
33006717,716313,4676845,MBC,13,13,2004
33006718,717309,4676600,MBC,13,13,2004
33006719,722360,4674701,MBC,13,13,2004
33006720,723466,4674093,MBC,13,13,2004
33006721,724004,4673799,MBC,13,13,2004
33006722,724863,4673448,MBC,13,13,2004
33006723,725063,4673242,MBC,13,13,2004
33006724,727658,4672047,MBC,13,13,2004
33006725,728052,4671800,MBC,13,13,2004
33006726,730858,4669156,MBC,13,13,2004
33006727,730909,4668603,MBC,13,13,2004
33006728,732409,4667747,MBC,13,13,2004
33006729,732557,4667750,MBC,13,13,2004
33006730,734904,4665049,MBC,13,13,2004
33006731,734465,4664908,MBC,13,13,2004
33006732,734907,4664350,MBC,13,13,2004
33006733,734308,4663648,MBC,13,13,2004
33006734,734911,4663648,MBC,13,13,2004
33006735,734759,4662652,MBC,13,13,2004
33006736,736059,4657102,MBC,13,13,2004
33006738,736357,4654406,MBC,13,13,2004
33006739,736462,4653904,MBC,13,13,2004
33006740,736363,4652905,MBC,13,13,2004
33006741,736908,4652749,MBC,13,13,2004
33006742,736314,4650654,MBC,13,13,2004
33006743,727354,4671548,SC,13,13,2004
33006744,737712,4652292,SC,13,13,2004
33006745,735704,4651749,SC,13,13,2004
33006746,735107,4650250,SC,13,13,2004
33006747,734903,4649593,SC,13,13,2004
33006748,736406,4653753,SC,13,13,2004
33006749,714302,4679094,SC,13,13,2004
33006750,714357,4679040,SC,13,13,2004
33006751,714409,4678944,SC,13,13,2004
33006752,714414,4678846,SC,13,13,2004
33006753,714657,4678546,SC,13,13,2004
33006754,714855,4678441,SC,13,13,2004
33006755,715765,4678197,SC,13,13,2004
33006756,725061,4673305,SC,13,13,2004
33006757,727456,4673002,SC,13,13,2004
33006758,728404,4672456,SC,13,13,2004
33006759,734762,4667704,SC,13,13,2004
33006760,731757,4667294,SC,13,13,2004
33006761,731854,4667253,SC,13,13,2004
33006762,734705,4657744,SC,13,13,2004
33006763,734661,4657506,SC,13,13,2004
33006764,713513,4680099,SC,13,13,2004
33006765,714314,4678947,SC,13,13,2004
33006766,715455,4678844,SC,13,13,2004
33006767,714464,4678749,SC,13,13,2004
33006768,715959,4678204,SC,13,13,2004
33006769,715859,4678097,SC,13,13,2004
33006770,715909,4678000,SC,13,13,2004
33006771,717557,4676103,SC,13,13,2004
33006772,727511,4673099,SC,13,13,2004
33006773,727306,4672956,SC,13,13,2004
33006774,728711,4672403,SC,13,13,2004
33006775,728807,4672353,SC,13,13,2004
33006776,728953,4672248,SC,13,13,2004
33006777,729314,4671997,SC,13,13,2004
33006779,729958,4671607,SC,13,13,2004
33006780,730105,4671502,SC,13,13,2004
33006781,730107,4671395,SC,13,13,2004
33006782,730407,4671255,SC,13,13,2004
33006783,730556,4671146,SC,13,13,2004
33006784,731812,4667109,SC,13,13,2004
33006785,734510,4657773,SC,13,13,2004
33006786,734854,4657645,SC,13,13,2004
33006787,735009,4657149,SC,13,13,2004
33006788,733957,4661853,SC,13,13,2004
33006789,734204,4658750,SC,13,13,2004
33006790,735862,4656100,SC,13,13,2004
33006791,735459,4653804,SC,13,13,2004
33006792,718660,4676355,SC,13,13,2004
33006793,719059,4676347,SC,13,13,2004
33006794,720505,4674903,SC,13,13,2004
33006795,720657,4674799,SC,13,13,2004
33006796,723261,4674549,SC,13,13,2004
33006797,731856,4668147,SC,13,13,2004
33006799,732358,4668045,SC,13,13,2004
33006800,733306,4666549,SC,13,13,2004
33006801,735364,4662799,SC,13,13,2004
33006802,735359,4662750,SC,13,13,2004
33006803,734965,4660149,SC,13,13,2004
33006804,735153,4660049,SC,13,13,2004
33006806,735155,4659352,SC,13,13,2004
33006807,735564,4659358,SC,13,13,2004
33006809,735457,4658797,SC,13,13,2004
33006810,736312,4657603,SC,13,13,2004
33006811,736954,4657605,SC,13,13,2004
33006812,736508,4657547,SC,13,13,2004
33006813,737060,4656652,SC,13,13,2004
33006814,735660,4655898,SC,13,13,2004
33006816,735960,4654556,SC,13,13,2004
33006817,735910,4654406,SC,13,13,2004
33006818,735956,4654352,SC,13,13,2004
33006819,736312,4654351,SC,13,13,2004
33006820,736156,4653450,SC,13,13,2004
33006821,736210,4653449,SC,13,13,2004
33006822,737563,4655051,BWC,13,13,2004
33006823,735362,4652205,BWC,13,13,2004
33006824,739360,4645897,BWC,13,13,2004
33006825,733963,4665899,BWC,13,13,2004
33006826,734155,4665746,BWC,13,13,2004
33006827,734156,4665655,BWC,13,13,2004
33006828,734053,4664999,BWC,13,13,2004
33006830,737459,4653904,BWC,13,13,2004
33006831,739302,4646696,BWC,13,13,2004
33006832,739310,4646198,BWC,13,13,2004
33006833,738507,4643001,BWC,13,13,2004
33006834,735908,4659656,BWC,13,13,2004
33006835,736556,4659146,BWC,13,13,2004
33006836,736511,4659105,BWC,13,13,2004
33006837,736407,4658945,BWC,13,13,2004
33006838,735802,4659352,BWC,13,13,2004
33006839,735661,4659152,BWC,13,13,2004
33006840,732314,4668746,BWC,13,13,2004
33006841,731860,4670146,BWC,13,13,2004
33006842,732048,4669902,BWC,13,13,2004
33006844,732005,4669499,BWC,13,13,2004
33006845,731956,4669351,BWC,13,13,2004
33006846,731652,4669295,BWC,13,13,2004
33006847,732156,4668950,BWC,13,13,2004
33006848,732307,4668945,BWC,13,13,2004
33006849,732260,4668900,BWC,13,13,2004
33006850,732056,4668700,BWC,13,13,2004
33006851,733061,4664703,BWC,13,13,2004
33006852,738907,4645654,BWC,13,13,2004
33006853,738915,4645554,BWC,13,13,2004
33006854,738559,4644550,BWC,13,13,2004
33006855,720309,4676100,BWC,13,13,2004
33006856,730505,4668645,BWC,13,13,2004
33006857,719562,4676848,BWC,13,13,2004
33006858,735406,4656502,BWC,13,13,2004
33006859,734759,4661745,BWC,13,13,2004
33006860,734859,4661753,BWC,13,13,2004
33006861,734857,4661651,BWC,13,13,2004
33006862,734811,4661501,BWC,13,13,2004
33006863,734913,4661299,BWC,13,13,2004
33006864,733759,4660306,BWC,13,13,2004
33006865,733854,4660301,BWC,13,13,2004
33006866,733608,4660006,BWC,13,13,2004
33006867,736861,4656450,BWC,13,13,2004
33006868,737006,4655797,BWC,13,13,2004
33006869,737359,4655402,BWC,13,13,2004
33006870,735408,4655350,BWC,13,13,2004
33006871,737209,4655300,BWC,13,13,2004
33006872,735259,4654950,BWC,13,13,2004
33006873,735407,4654904,BWC,13,13,2004
33006874,737106,4654898,BWC,13,13,2004
33006875,737361,4654802,BWC,13,13,2004
33006876,735707,4654754,BWC,13,13,2004
33006877,737059,4654750,BWC,13,13,2004
33006878,735653,4654648,BWC,13,13,2004
33006879,737310,4654657,BWC,13,13,2004
33006880,735413,4654254,BWC,13,13,2004
33006881,735508,4653897,BWC,13,13,2004
33006882,737361,4653901,BWC,13,13,2004
33006883,737254,4653646,BWC,13,13,2004
33006884,737210,4653503,BWC,13,13,2004
33006885,735810,4653454,BWC,13,13,2004
33006886,736112,4653454,BWC,13,13,2004
33006887,735456,4652752,BWC,13,13,2004
33006888,735408,4652594,BWC,13,13,2004
33006889,737019,4651703,BWC,13,13,2004
33006890,735809,4660905,BWC,13,13,2004
33006891,735854,4660703,BWC,13,13,2004
33006892,737253,4660703,BWC,13,13,2004
33006893,736658,4660648,BWC,13,13,2004
33006894,737508,4660646,BWC,13,13,2004
33006895,736711,4660602,BWC,13,13,2004
33006896,736760,4660602,BWC,13,13,2004
33006897,735853,4660552,BWC,13,13,2004
33006898,736014,4660497,BWC,13,13,2004
33006899,737306,4660500,BWC,13,13,2004
33006900,736054,4660401,BWC,13,13,2004
33006901,735766,4660348,BWC,13,13,2004
33006902,737258,4660252,BWC,13,13,2004
33006903,737452,4660253,BWC,13,13,2004
33006904,737759,4660197,BWC,13,13,2004
33006905,736256,4660154,BWC,13,13,2004
33006906,737061,4660102,BWC,13,13,2004
33006907,735756,4660052,BWC,13,13,2004
33006908,736016,4660060,BWC,13,13,2004
33006909,736711,4660047,BWC,13,13,2004
33006910,737463,4660050,BWC,13,13,2004
33006911,735912,4660002,BWC,13,13,2004
33006912,736916,4659995,BWC,13,13,2004
33006913,735961,4659905,BWC,13,13,2004
33006914,736763,4659603,BWC,13,13,2004
33006915,736358,4658453,BWC,13,13,2004
33006916,736157,4658400,BWC,13,13,2004
33006917,736364,4658348,BWC,13,13,2004
33006918,736705,4658353,BWC,13,13,2004
33006919,736505,4658301,BWC,13,13,2004
33006920,735757,4658246,BWC,13,13,2004
33006921,736553,4658199,BWC,13,13,2004
33006922,736011,4658148,BWC,13,13,2004
33006923,736604,4658045,BWC,13,13,2004
33006924,737960,4660244,BWC,13,13,2004
33006925,737857,4660098,BWC,13,13,2004
33006926,738060,4659502,BWC,13,13,2004
33006927,737507,4659352,BWC,13,13,2004
33006928,737459,4659251,BWC,13,13,2004
33006929,737962,4659155,BWC,13,13,2004
33006930,737761,4659054,BWC,13,13,2004
33006931,737712,4659001,BWC,13,13,2004
33006932,737611,4658901,BWC,13,13,2004
33006933,737658,4658858,BWC,13,13,2004
33006934,738109,4658542,BWC,13,13,2004
33006935,737912,4658295,BWC,13,13,2004
33006936,738355,4658203,BWC,13,13,2004
33006937,737356,4658054,BWC,13,13,2004
33006938,737962,4658046,BWC,13,13,2004
33006939,737457,4657950,BWC,13,13,2004
33006940,737460,4657794,BWC,13,13,2004
33006941,737706,4657797,BWC,13,13,2004
33006942,737710,4657694,BWC,13,13,2004
33006943,737759,4657704,BWC,13,13,2004
33006944,737807,4657650,BWC,13,13,2004
33006945,737456,4657449,BWC,13,13,2004
33006946,738463,4657148,BWC,13,13,2004
33006947,738060,4656950,BWC,13,13,2004
33006948,738309,4656850,BWC,13,13,2004
33006949,738158,4656802,BWC,13,13,2004
33006950,738057,4656501,BWC,13,13,2004
33006951,738257,4656447,BWC,13,13,2004
33006952,726605,4670701,BWC,13,13,2004
33006953,726558,4670655,BWC,13,13,2004
33006954,726708,4670599,BWC,13,13,2004
33006955,726609,4670402,BWC,13,13,2004
33006956,727811,4670354,BWC,13,13,2004
33006957,729612,4670202,BWC,13,13,2004
33006958,729911,4670046,BWC,13,13,2004
33006959,726409,4669852,BWC,13,13,2004
33006960,733659,4669444,BWC,13,13,2004
33006961,733508,4669403,BWC,13,13,2004
33006962,733504,4669153,BWC,13,13,2004
33006963,733067,4669047,BWC,13,13,2004
33006964,733357,4668799,BWC,13,13,2004
33006965,734309,4667956,BWC,13,13,2004
33006966,732608,4663954,BWC,13,13,2004
33006967,732758,4662946,BWC,13,13,2004
33006968,733064,4662596,BWC,13,13,2004
33006969,732959,4662302,BWC,13,13,2004
33006970,720455,4676149,BWC,13,13,2004
33006971,714461,4681549,BWC,13,13,2004
33006972,714210,4681398,BWC,13,13,2004
33006973,715211,4680995,BWC,13,13,2004
33006974,717062,4677950,BWC,13,13,2004
33006975,718914,4677449,BWC,13,13,2004
33006976,717660,4677304,BWC,13,13,2004
33006977,718356,4677295,BWC,13,13,2004
33006978,728570,4669989,BWC,13,13,2004
33006979,729362,4669454,BWC,13,13,2004
33006980,735260,4656899,BWC,13,13,2004
33006981,735512,4656146,BWC,13,13,2004
33006982,713702,4681299,BWC,13,13,2004
33006983,713806,4680951,BWC,13,13,2004
33006984,726110,4672048,BWC,13,13,2004
33006985,726163,4671946,BWC,13,13,2004
33006986,726107,4671646,BWC,13,13,2004
33006987,730264,4668951,BWC,13,13,2004
33006988,715906,4679252,BWC,13,13,2004
33006991,718610,4677151,BWC,13,13,2004
33006992,719254,4677150,BWC,13,13,2004
33006993,720961,4674301,BWC,13,13,2004
33006995,729110,4669598,BWC,13,13,2004
33006996,733158,4668451,BWC,13,13,2004
33006999,733856,4665094,BWC,13,13,2004
33007000,733603,4662894,BWC,13,13,2004
33007001,733608,4662752,BWC,13,13,2004
33007002,734658,4662347,BWC,13,13,2004
33007003,734612,4662195,BWC,13,13,2004
33007004,735361,4661349,BWC,13,13,2004
33007005,735363,4661246,BWC,13,13,2004
33007006,734157,4660399,BWC,13,13,2004
33007007,735403,4659349,BWC,13,13,2004
33007008,737513,4655749,BWC,13,13,2004
33007009,736905,4655703,BWC,13,13,2004
33007010,735209,4655346,BWC,13,13,2004
33007011,735410,4654850,BWC,13,13,2004
33007012,736056,4654051,BWC,13,13,2004
33007013,735658,4653955,BWC,13,13,2004
33007014,737309,4652845,BWC,13,13,2004
33007015,738761,4649895,BWC,13,13,2004
33007016,735757,4661106,BWC,13,13,2004
33007017,735813,4661104,BWC,13,13,2004
33007018,736654,4658698,BWC,13,13,2004
33007019,736752,4658501,BWC,13,13,2004
33007020,736909,4658198,BWC,13,13,2004
33007021,738206,4659750,BWC,13,13,2004
33007022,738312,4659449,BWC,13,13,2004
33007023,737005,4658902,BWC,13,13,2004
33007024,738651,4658800,BWC,13,13,2004
33007025,737357,4657192,BWC,13,13,2004
33007026,738260,4657050,BWC,13,13,2004
33007027,738506,4656798,BWC,13,13,2004
33007028,726958,4671049,BWC,13,13,2004
33007029,725758,4670751,BWC,13,13,2004
33007031,728064,4670051,BWC,13,13,2004
33007032,729560,4670007,BWC,13,13,2004
33007033,733310,4669547,BWC,13,13,2004
33007034,729906,4669493,BWC,13,13,2004
33007035,730057,4669402,BWC,13,13,2004
33007036,732856,4668597,BWC,13,13,2004
33007037,734212,4668347,BWC,13,13,2004
33007040,732705,4663249,BWC,13,13,2004
33007041,732507,4662805,BWC,13,13,2004
33007042,733261,4662351,BWC,13,13,2004
33007044,738457,4644400,IMP,13,13,2004
33007045,737560,4652499,IMP,13,13,2004
33007046,737506,4652449,IMP,13,13,2004
33007047,737458,4652204,IMP,13,13,2004
33007048,737703,4652003,IMP,13,13,2004
33007049,734311,4650945,IMP,13,13,2004
33007050,734854,4650650,IMP,13,13,2004
33007051,737357,4650396,IMP,13,13,2004
33007054,733866,4650094,IMP,13,13,2004
33007055,734559,4649933,IMP,13,13,2004
33007056,737601,4649942,IMP,13,13,2004
33007057,737112,4649905,IMP,13,13,2004
33007059,737457,4649799,IMP,13,13,2004
33007060,738011,4649699,IMP,13,13,2004
33007061,737263,4649646,IMP,13,13,2004
33007062,734259,4649605,IMP,13,13,2004
33007063,738105,4649596,IMP,13,13,2004
33007064,733564,4649554,IMP,13,13,2004
33007065,737509,4649552,IMP,13,13,2004
33007066,738311,4649544,IMP,13,13,2004
33007067,734057,4649509,IMP,13,13,2004
33007068,738608,4649501,IMP,13,13,2004
33007069,738401,4649399,IMP,13,13,2004
33007070,733809,4649354,IMP,13,13,2004
33007071,736860,4649296,IMP,13,13,2004
33007072,737510,4649252,IMP,13,13,2004
33007073,737500,4649152,IMP,13,13,2004
33007074,738657,4649101,IMP,13,13,2004
33007075,738255,4649039,IMP,13,13,2004
33007076,738104,4648994,IMP,13,13,2004
33007077,738553,4648947,IMP,13,13,2004
33007078,737662,4648709,IMP,13,13,2004
33007079,738307,4648642,IMP,13,13,2004
33007080,738359,4648648,IMP,13,13,2004
33007081,737265,4648553,IMP,13,13,2004
33007082,737553,4648501,IMP,13,13,2004
33007083,738105,4648495,IMP,13,13,2004
33007084,737007,4648446,IMP,13,13,2004
33007085,737613,4648453,IMP,13,13,2004
33007086,738162,4648393,IMP,13,13,2004
33007087,737310,4648302,IMP,13,13,2004
33007088,736715,4648001,IMP,13,13,2004
33007089,737063,4647995,IMP,13,13,2004
33007090,737166,4647947,IMP,13,13,2004
33007091,737504,4647601,IMP,13,13,2004
33007092,738108,4646298,IMP,13,13,2004
33007093,738002,4646205,IMP,13,13,2004
33007094,738010,4645346,IMP,13,13,2004
33007095,737958,4645202,IMP,13,13,2004
33007096,738109,4645000,IMP,13,13,2004
33007097,738410,4644405,IMP,13,13,2004
33007098,737860,4644149,IMP,13,13,2004
33007099,734113,4643950,IMP,13,13,2004
33007100,734160,4643945,IMP,13,13,2004
33007101,734102,4643851,IMP,13,13,2004
33007102,737608,4643548,IMP,13,13,2004
33007103,734263,4643498,IMP,13,13,2004
33007104,738110,4643451,IMP,13,13,2004
33007105,734358,4643396,IMP,13,13,2004
33007106,737759,4643405,IMP,13,13,2004
33007107,737260,4643299,IMP,13,13,2004
33007108,737207,4642855,IMP,13,13,2004
33007109,734409,4650948,IMP,13,13,2004
33007111,733660,4649205,IMP,13,13,2004
33007112,738806,4648842,IMP,13,13,2004
33007113,738312,4646755,IMP,13,13,2004
33007114,734063,4643098,IMP,13,13,2004
33007115,738260,4644655,IMP,13,13,2004
33007116,737956,4644553,IMP,13,13,2004
33007117,737808,4643999,IMP,13,13,2004
33007118,738164,4647935,IMP,13,13,2004
33007119,738052,4647893,IMP,13,13,2004
33007120,738164,4647797,IMP,13,13,2004
33007121,738052,4647641,IMP,13,13,2004
33007122,737849,4647001,IMP,13,13,2004
33007123,735811,4652894,IMP,13,13,2004
33007124,735811,4652789,IMP,13,13,2004
33007125,735907,4652398,IMP,13,13,2004
33007126,735607,4652203,IMP,13,13,2004
33007127,735911,4651950,IMP,13,13,2004
33007128,735662,4651746,IMP,13,13,2004
33007129,736162,4651603,IMP,13,13,2004
33007130,737563,4651506,IMP,13,13,2004
33007131,737657,4651207,IMP,13,13,2004
33007132,735557,4651150,IMP,13,13,2004
33007133,737909,4650956,IMP,13,13,2004
33007134,735852,4650789,IMP,13,13,2004
33007135,737010,4650781,IMP,13,13,2004
33007136,736507,4650753,IMP,13,13,2004
33007137,737606,4650645,IMP,13,13,2004
33007138,737213,4650551,IMP,13,13,2004
33007139,737808,4650552,IMP,13,13,2004
33007140,737104,4650499,IMP,13,13,2004
33007141,736853,4650398,IMP,13,13,2004
33007142,736906,4650399,IMP,13,13,2004
33007143,736512,4650353,IMP,13,13,2004
33007144,736607,4650348,IMP,13,13,2004
33007145,735162,4650303,IMP,13,13,2004
33007146,735459,4650254,IMP,13,13,2004
33007147,738155,4650212,IMP,13,13,2004
33007148,738157,4650145,IMP,13,13,2004
33007149,738204,4650154,IMP,13,13,2004
33007150,735160,4650052,IMP,13,13,2004
33007151,736756,4650054,IMP,13,13,2004
33007152,736607,4650004,IMP,13,13,2004
33007153,736953,4650000,IMP,13,13,2004
33007154,736014,4649948,IMP,13,13,2004
33007155,734858,4649903,IMP,13,13,2004
33007156,736204,4649801,IMP,13,13,2004
33007157,736508,4649749,IMP,13,13,2004
33007158,736813,4649606,IMP,13,13,2004
33007159,735112,4649545,IMP,13,13,2004
33007160,736706,4649544,IMP,13,13,2004
33007161,736561,4649501,IMP,13,13,2004
33007162,736407,4649454,IMP,13,13,2004
33007163,736603,4649305,IMP,13,13,2004
33007164,734708,4649199,IMP,13,13,2004
33007165,735965,4649202,IMP,13,13,2004
33007166,735757,4649057,IMP,13,13,2004
33007167,734562,4648899,IMP,13,13,2004
33007168,735910,4648758,IMP,13,13,2004
33007169,736361,4648754,IMP,13,13,2004
33007170,736512,4648755,IMP,13,13,2004
33007171,736315,4648552,IMP,13,13,2004
33007172,734508,4648401,IMP,13,13,2004
33007173,734210,4648298,IMP,13,13,2004
33007174,734261,4648251,IMP,13,13,2004
33007175,734506,4648247,IMP,13,13,2004
33007176,734101,4648206,IMP,13,13,2004
33007177,734806,4648203,IMP,13,13,2004
33007178,738100,4648183,IMP,13,13,2004
33007179,735299,4648158,IMP,13,13,2004
33007180,734356,4647953,IMP,13,13,2004
33007181,734758,4647949,IMP,13,13,2004
33007182,734404,4647899,IMP,13,13,2004
33007183,734603,4647901,IMP,13,13,2004
33007184,734809,4647856,IMP,13,13,2004
33007185,735404,4647801,IMP,13,13,2004
33007186,735400,4647750,IMP,13,13,2004
33007187,733906,4647599,IMP,13,13,2004
33007188,736257,4647588,IMP,13,13,2004
33007189,736610,4647494,IMP,13,13,2004
33007190,735906,4647452,IMP,13,13,2004
33007191,734008,4647403,IMP,13,13,2004
33007192,733912,4647253,IMP,13,13,2004
33007193,736057,4647196,IMP,13,13,2004
33007194,734053,4647137,IMP,13,13,2004
33007195,734809,4647149,IMP,13,13,2004
33007196,738064,4647148,IMP,13,13,2004
33007197,734159,4646854,IMP,13,13,2004
33007198,734855,4646794,IMP,13,13,2004
33007199,737257,4646799,IMP,13,13,2004
33007200,734856,4646744,IMP,13,13,2004
33007201,735107,4646700,IMP,13,13,2004
33007202,736007,4646701,IMP,13,13,2004
33007203,737062,4646704,IMP,13,13,2004
33007204,735002,4646645,IMP,13,13,2004
33007205,735203,4646645,IMP,13,13,2004
33007206,736312,4646646,IMP,13,13,2004
33007207,737706,4646655,IMP,13,13,2004
33007208,733706,4646602,IMP,13,13,2004
33007209,737355,4646604,IMP,13,13,2004
33007210,733860,4646552,IMP,13,13,2004
33007211,738001,4646545,IMP,13,13,2004
33007212,736909,4646447,IMP,13,13,2004
33007213,734509,4646390,IMP,13,13,2004
33007214,736057,4646400,IMP,13,13,2004
33007215,736603,4646404,IMP,13,13,2004
33007216,734206,4646349,IMP,13,13,2004
33007217,734959,4646351,IMP,13,13,2004
33007218,737306,4646354,IMP,13,13,2004
33007219,735560,4646300,IMP,13,13,2004
33007220,735465,4646250,IMP,13,13,2004
33007221,737614,4646197,IMP,13,13,2004
33007222,736905,4646144,IMP,13,13,2004
33007223,737359,4646105,IMP,13,13,2004
33007225,736412,4646003,IMP,13,13,2004
33007226,736410,4645947,IMP,13,13,2004
33007227,734057,4645901,IMP,13,13,2004
33007228,737163,4645901,IMP,13,13,2004
33007229,736802,4645846,IMP,13,13,2004
33007230,734058,4645801,IMP,13,13,2004
33007231,734055,4645700,IMP,13,13,2004
33007232,735562,4645552,IMP,13,13,2004
33007233,735059,4645503,IMP,13,13,2004
33007234,735612,4645407,IMP,13,13,2004
33007235,737057,4645357,IMP,13,13,2004
33007236,737255,4645348,IMP,13,13,2004
33007237,737811,4645348,IMP,13,13,2004
33007238,737602,4645249,IMP,13,13,2004
33007239,737159,4645101,IMP,13,13,2004
33007240,734057,4645046,IMP,13,13,2004
33007241,735656,4645002,IMP,13,13,2004
33007242,735607,4644952,IMP,13,13,2004
33007243,734857,4644903,IMP,13,13,2004
33007244,735261,4644698,IMP,13,13,2004
33007245,737155,4644698,IMP,13,13,2004
33007246,735509,4644647,IMP,13,13,2004
33007247,735707,4644650,IMP,13,13,2004
33007248,736959,4644553,IMP,13,13,2004
33007249,735212,4644497,IMP,13,13,2004
33007250,734007,4644449,IMP,13,13,2004
33007251,737104,4644453,IMP,13,13,2004
33007252,736810,4644402,IMP,13,13,2004
33007253,736907,4644405,IMP,13,13,2004
33007254,737256,4644402,IMP,13,13,2004
33007255,735204,4644346,IMP,13,13,2004
33007256,737207,4644349,IMP,13,13,2004
33007257,736906,4644298,IMP,13,13,2004
33007258,735706,4644243,IMP,13,13,2004
33007259,736558,4644201,IMP,13,13,2004
33007260,734007,4644098,IMP,13,13,2004
33007261,734706,4644099,IMP,13,13,2004
33007262,734157,4644047,IMP,13,13,2004
33007263,735561,4643896,IMP,13,13,2004
33007264,734757,4643848,IMP,13,13,2004
33007265,735962,4643847,IMP,13,13,2004
33007266,737461,4643799,IMP,13,13,2004
33007267,734859,4643700,IMP,13,13,2004
33007268,737453,4643653,IMP,13,13,2004
33007269,735104,4643601,IMP,13,13,2004
33007270,735610,4642998,IMP,13,13,2004
33007271,736454,4642898,IMP,13,13,2004
33007272,736860,4651449,IMP,13,13,2004
33007273,735759,4651250,IMP,13,13,2004
33007274,738161,4650900,IMP,13,13,2004
33007275,736607,4650852,IMP,13,13,2004
33007276,738158,4650848,IMP,13,13,2004
33007277,733658,4648150,IMP,13,13,2004
33007278,733558,4646849,IMP,13,13,2004
33007279,733708,4644950,IMP,13,13,2004
33007314,736856,4653352,MBC,13,13,2005
33007315,713478,4681000,MBC,13,13,2005
33007316,713764,4680100,MBC,13,13,2005
33007317,713712,4680053,MBC,13,13,2005
33007318,714463,4679343,MBC,13,13,2005
33007319,716519,4677007,MBC,13,13,2005
33007320,716521,4676911,MBC,13,13,2005
33007321,716466,4676805,MBC,13,13,2005
33007322,716572,4676794,MBC,13,13,2005
33007323,717071,4676702,MBC,13,13,2005
33007324,717465,4676449,MBC,13,13,2005
33007325,717364,4676349,MBC,13,13,2005
33007326,717811,4676148,MBC,13,13,2005
33007327,720019,4675547,MBC,13,13,2005
33007328,719717,4675501,MBC,13,13,2005
33007329,719761,4675452,MBC,13,13,2005
33007330,720223,4675449,MBC,13,13,2005
33007331,722763,4674597,MBC,13,13,2005
33007332,723064,4674393,MBC,13,13,2005
33007333,723173,4674405,MBC,13,13,2005
33007334,723169,4674253,MBC,13,13,2005
33007335,724315,4673607,MBC,13,13,2005
33007336,725016,4673292,MBC,13,13,2005
33007337,725015,4673205,MBC,13,13,2005
33007338,728610,4671954,MBC,13,13,2005
33007339,729070,4671603,MBC,13,13,2005
33007340,734774,4663201,MBC,13,13,2005
33007341,734660,4663005,MBC,13,13,2005
33007342,734621,4662696,MBC,13,13,2005
33007343,734722,4662696,MBC,13,13,2005
33007344,734066,4662354,MBC,13,13,2005
33007345,734416,4658445,MBC,13,13,2005
33007346,735622,4657748,MBC,13,13,2005
33007347,735909,4655603,MBC,13,13,2005
33007348,736873,4655054,MBC,13,13,2005
33007349,736658,4655004,MBC,13,13,2005
33007350,736918,4654850,MBC,13,13,2005
33007351,736856,4654545,MBC,13,13,2005
33007352,737020,4654500,MBC,13,13,2005
33007353,736909,4654447,MBC,13,13,2005
33007354,736522,4653802,MBC,13,13,2005
33007355,736458,4653706,MBC,13,13,2005
33007356,736505,4652807,MBC,13,13,2005
33007357,736454,4652600,MBC,13,13,2005
33007358,736554,4652256,MBC,13,13,2005
33007359,736550,4652208,MBC,13,13,2005
33007360,736448,4652155,MBC,13,13,2005
33007361,736156,4652057,MBC,13,13,2005
33007362,736354,4651950,MBC,13,13,2005
33007363,735601,4649545,MBC,13,13,2005
33007364,735453,4649346,MBC,13,13,2005
33007365,735158,4648660,MBC,13,13,2005
33007366,735211,4648548,MBC,13,13,2005
33007367,735459,4647051,MBC,13,13,2005
33007368,735560,4646993,MBC,13,13,2005
33007369,735753,4646747,MBC,13,13,2005
33007370,735965,4646155,MBC,13,13,2005
33007371,736049,4645852,MBC,13,13,2005
33007372,736306,4644898,MBC,13,13,2005
33007373,736408,4644501,MBC,13,13,2005
33007374,736513,4644495,MBC,13,13,2005
33007375,736109,4644203,MBC,13,13,2005
33007376,735911,4643598,MBC,13,13,2005
33007377,735803,4643101,MBC,13,13,2005
33007378,715963,4677298,MBC,13,13,2005
33007379,720065,4675356,MBC,13,13,2005
33007380,727867,4671945,MBC,13,13,2005
33007381,730211,4671005,MBC,13,13,2005
33007382,731267,4668853,MBC,13,13,2005
33007383,731418,4668306,MBC,13,13,2005
33007384,733968,4662153,MBC,13,13,2005
33007385,734772,4660154,MBC,13,13,2005
33007386,735465,4658258,MBC,13,13,2005
33007387,734469,4658105,MBC,13,13,2005
33007388,736419,4656153,MBC,13,13,2005
33007389,735922,4656056,MBC,13,13,2005
33007390,736567,4655806,MBC,13,13,2005
33007391,736858,4655201,MBC,13,13,2005
33007392,736360,4653048,MBC,13,13,2005
33007393,737206,4652902,MBC,13,13,2005
33007394,735704,4647151,SC,13,13,2005
33007395,734949,4650306,SC,13,13,2005
33007396,735806,4655551,SC,13,13,2005
33007397,736059,4655155,SC,13,13,2005
33007398,714714,4678602,SC,13,13,2005
33007399,715667,4678450,SC,13,13,2005
33007400,725711,4673397,SC,13,13,2005
33007401,727262,4673108,SC,13,13,2005
33007402,727416,4673008,SC,13,13,2005
33007403,730414,4671051,SC,13,13,2005
33007404,715415,4678906,SC,13,13,2005
33007405,714565,4678600,SC,13,13,2005
33007406,715164,4678007,SC,13,13,2005
33007407,717420,4676048,SC,13,13,2005
33007408,728913,4672304,SC,13,13,2005
33007409,729316,4671997,SC,13,13,2005
33007410,729612,4671546,SC,13,13,2005
33007411,730565,4671102,SC,13,13,2005
33007412,732069,4667057,SC,13,13,2005
33007413,734519,4657757,SC,13,13,2005
33007414,734769,4657309,SC,13,13,2005
33007415,734763,4657099,SC,13,13,2005
33007416,736658,4656546,SC,13,13,2005
33007417,718211,4676550,SC,13,13,2005
33007419,718967,4676295,SC,13,13,2005
33007420,721010,4674595,SC,13,13,2005
33007421,720917,4674547,SC,13,13,2005
33007422,732562,4668054,SC,13,13,2005
33007423,732316,4668004,SC,13,13,2005
33007424,732470,4667005,SC,13,13,2005
33007425,733619,4666102,SC,13,13,2005
33007426,733124,4665602,SC,13,13,2005
33007427,735171,4663656,SC,13,13,2005
33007428,734823,4660356,SC,13,13,2005
33007429,735318,4660297,SC,13,13,2005
33007430,734867,4659750,SC,13,13,2005
33007431,736272,4657753,SC,13,13,2005
33007432,737168,4657296,SC,13,13,2005
33007433,736667,4656755,SC,13,13,2005
33007434,737018,4656706,SC,13,13,2005
33007435,734970,4656053,SC,13,13,2005
33007436,735011,4655853,SC,13,13,2005
33007437,735062,4655242,SC,13,13,2005
33007438,733158,4668301,SC,13,13,2005
33007439,733714,4662256,SC,13,13,2005
33007440,735357,4653952,SC,13,13,2005
33007441,735765,4654952,SC,13,13,2005
33007442,735458,4655652,SC,13,13,2005
33007443,736172,4653853,SC,13,13,2005
33007444,737511,4653013,BWC,13,13,2005
33007445,735358,4651950,BWC,13,13,2005
33007446,733915,4665206,BWC,13,13,2005
33007447,734267,4664652,BWC,13,13,2005
33007448,735107,4652662,BWC,13,13,2005
33007449,739509,4647253,BWC,13,13,2005
33007450,739443,4646150,BWC,13,13,2005
33007451,738011,4655997,BWC,13,13,2005
33007452,736368,4659603,BWC,13,13,2005
33007453,736471,4659201,BWC,13,13,2005
33007455,732571,4664247,BWC,13,13,2005
33007456,733068,4669899,BWC,13,13,2005
33007457,733066,4669350,BWC,13,13,2005
33007458,732917,4664654,BWC,13,13,2005
33007459,739105,4645053,BWC,13,13,2005
33007460,738711,4644705,BWC,13,13,2005
33007461,719967,4676501,BWC,13,13,2005
33007462,720307,4676249,BWC,13,13,2005
33007463,720359,4676101,BWC,13,13,2005
33007464,720360,4676004,BWC,13,13,2005
33007466,718968,4677646,BWC,13,13,2005
33007467,735164,4662299,BWC,13,13,2005
33007468,735021,4661405,BWC,13,13,2005
33007469,735023,4661105,BWC,13,13,2005
33007470,733821,4660400,BWC,13,13,2005
33007471,736821,4656455,BWC,13,13,2005
33007472,737214,4655549,BWC,13,13,2005
33007473,737464,4655309,BWC,13,13,2005
33007474,737110,4655196,BWC,13,13,2005
33007475,735314,4654890,BWC,13,13,2005
33007476,737462,4654353,BWC,13,13,2005
33007477,735562,4653658,BWC,13,13,2005
33007478,735811,4653656,BWC,13,13,2005
33007479,737167,4660907,BWC,13,13,2005
33007480,736315,4660854,BWC,13,13,2005
33007481,735763,4660656,BWC,13,13,2005
33007482,736819,4660248,BWC,13,13,2005
33007483,736922,4660151,BWC,13,13,2005
33007484,737127,4660149,BWC,13,13,2005
33007485,736394,4660102,BWC,13,13,2005
33007486,737020,4660093,BWC,13,13,2005
33007487,736817,4659948,BWC,13,13,2005
33007488,736522,4659755,BWC,13,13,2005
33007489,736859,4659612,BWC,13,13,2005
33007490,736465,4658544,BWC,13,13,2005
33007491,736467,4658453,BWC,13,13,2005
33007492,735812,4658303,BWC,13,13,2005
33007493,736162,4658248,BWC,13,13,2005
33007494,736619,4658154,BWC,13,13,2005
33007495,736703,4658046,BWC,13,13,2005
33007496,735921,4657999,BWC,13,13,2005
33007497,737521,4659705,BWC,13,13,2005
33007498,738111,4659698,BWC,13,13,2005
33007499,737070,4659653,BWC,13,13,2005
33007500,737819,4659509,BWC,13,13,2005
33007501,736915,4659448,BWC,13,13,2005
33007503,738119,4659196,BWC,13,13,2005
33007504,738167,4659160,BWC,13,13,2005
33007505,738062,4658954,BWC,13,13,2005
33007506,737519,4658251,BWC,13,13,2005
33007507,738163,4658199,BWC,13,13,2005
33007508,737964,4658004,BWC,13,13,2005
33007509,737661,4656844,BWC,13,13,2005
33007510,738217,4656502,BWC,13,13,2005
33007511,737562,4656395,BWC,13,13,2005
33007512,726224,4670796,BWC,13,13,2005
33007513,726766,4670448,BWC,13,13,2005
33007514,726169,4670344,BWC,13,13,2005
33007515,726616,4670346,BWC,13,13,2005
33007516,727472,4670250,BWC,13,13,2005
33007517,729322,4670198,BWC,13,13,2005
33007518,727823,4670099,BWC,13,13,2005
33007519,732725,4668845,BWC,13,13,2005
33007520,733562,4668705,BWC,13,13,2005
33007521,733767,4668352,BWC,13,13,2005
33007522,734562,4667953,BWC,13,13,2005
33007523,732916,4663955,BWC,13,13,2005
33007524,732818,4663751,BWC,13,13,2005
33007525,732912,4662357,BWC,13,13,2005
33007526,715066,4681039,BWC,13,13,2005
33007527,714616,4680851,BWC,13,13,2005
33007528,716518,4678201,BWC,13,13,2005
33007529,728967,4669803,BWC,13,13,2005
33007530,730759,4668301,BWC,13,13,2005
33007531,730962,4668147,BWC,13,13,2005
33007532,735518,4656350,BWC,13,13,2005
33007533,733713,4663796,BWC,13,13,2005
33007534,715871,4679748,BWC,13,13,2005
33007535,715924,4679501,BWC,13,13,2005
33007536,716313,4679354,BWC,13,13,2005
33007538,717413,4677148,BWC,13,13,2005
33007539,719215,4677148,BWC,13,13,2005
33007540,719168,4676902,BWC,13,13,2005
33007541,719866,4676402,BWC,13,13,2005
33007542,719516,4676350,BWC,13,13,2005
33007543,724264,4674202,BWC,13,13,2005
33007544,733169,4666146,BWC,13,13,2005
33007545,735168,4662101,BWC,13,13,2005
33007546,734168,4660343,BWC,13,13,2005
33007547,734164,4659151,BWC,13,13,2005
33007548,737711,4655493,BWC,13,13,2005
33007549,735573,4654553,BWC,13,13,2005
33007550,735403,4652850,BWC,13,13,2005
33007551,736317,4660949,BWC,13,13,2005
33007552,738464,4658802,BWC,13,13,2005
33007553,727357,4670950,BWC,13,13,2005
33007554,729174,4670549,BWC,13,13,2005
33007555,729518,4670444,BWC,13,13,2005
33007556,726967,4670354,BWC,13,13,2005
33007557,729567,4669704,BWC,13,13,2005
33007558,730012,4669643,BWC,13,13,2005
33007559,730063,4669595,BWC,13,13,2005
33007560,732620,4663697,BWC,13,13,2005
33007561,733066,4663699,BWC,13,13,2005
33007562,732920,4663399,BWC,13,13,2005
33007563,733070,4662899,BWC,13,13,2005
33007564,734058,4650902,IMP,13,13,2005
33007565,734856,4650605,IMP,13,13,2005
33007566,733907,4650408,IMP,13,13,2005
33007567,734008,4650403,IMP,13,13,2005
33007568,737507,4650190,IMP,13,13,2005
33007569,737399,4650157,IMP,13,13,2005
33007571,737048,4649948,IMP,13,13,2005
33007572,733858,4649854,IMP,13,13,2005
33007573,734208,4649841,IMP,13,13,2005
33007574,737054,4649858,IMP,13,13,2005
33007575,737656,4649847,IMP,13,13,2005
33007576,737063,4649809,IMP,13,13,2005
33007577,733859,4649753,IMP,13,13,2005
33007578,738198,4649698,IMP,13,13,2005
33007579,736910,4649644,IMP,13,13,2005
33007580,736860,4649609,IMP,13,13,2005
33007581,737802,4649564,IMP,13,13,2005
33007582,738461,4649442,IMP,13,13,2005
33007583,738700,4649355,IMP,13,13,2005
33007584,734057,4649256,IMP,13,13,2005
33007585,738297,4649203,IMP,13,13,2005
33007586,734204,4649152,IMP,13,13,2005
33007587,737858,4649114,IMP,13,13,2005
33007588,737156,4649058,IMP,13,13,2005
33007589,737854,4649013,IMP,13,13,2005
33007590,734003,4648959,IMP,13,13,2005
33007591,736901,4648844,IMP,13,13,2005
33007592,737649,4648858,IMP,13,13,2005
33007593,738358,4648841,IMP,13,13,2005
33007594,736806,4648506,IMP,13,13,2005
33007595,737207,4648511,IMP,13,13,2005
33007596,737147,4648456,IMP,13,13,2005
33007597,737405,4648448,IMP,13,13,2005
33007598,737601,4648155,IMP,13,13,2005
33007599,736853,4648056,IMP,13,13,2005
33007600,737701,4648049,IMP,13,13,2005
33007601,736760,4647702,IMP,13,13,2005
33007602,737363,4646896,IMP,13,13,2005
33007603,738059,4645611,IMP,13,13,2005
33007604,738056,4645108,IMP,13,13,2005
33007605,738055,4644659,IMP,13,13,2005
33007606,737903,4644348,IMP,13,13,2005
33007607,733956,4643857,IMP,13,13,2005
33007608,734053,4643707,IMP,13,13,2005
33007609,738013,4643710,IMP,13,13,2005
33007610,738054,4643655,IMP,13,13,2005
33007611,737500,4643553,IMP,13,13,2005
33007612,734605,4643054,IMP,13,13,2005
33007613,734603,4642998,IMP,13,13,2005
33007614,734504,4642949,IMP,13,13,2005
33007615,734557,4642807,IMP,13,13,2005
33007616,738055,4645910,IMP,13,13,2005
33007617,738058,4644211,IMP,13,13,2005
33007618,738210,4643448,IMP,13,13,2005
33007619,737653,4643202,IMP,13,13,2005
33007620,738049,4647901,IMP,13,13,2005
33007621,737505,4645453,IMP,13,13,2005
33007622,736156,4652798,IMP,13,13,2005
33007623,736051,4651951,IMP,13,13,2005
33007624,737506,4651706,IMP,13,13,2005
33007625,736066,4651652,IMP,13,13,2005
33007626,737302,4651557,IMP,13,13,2005
33007627,737802,4650945,IMP,13,13,2005
33007628,738011,4650952,IMP,13,13,2005
33007629,737502,4650902,IMP,13,13,2005
33007630,737897,4650854,IMP,13,13,2005
33007631,736457,4650454,IMP,13,13,2005
33007632,737058,4650448,IMP,13,13,2005
33007633,736845,4650398,IMP,13,13,2005
33007634,738207,4650395,IMP,13,13,2005
33007635,736162,4650256,IMP,13,13,2005
33007636,737753,4650240,IMP,13,13,2005
33007637,735110,4650154,IMP,13,13,2005
33007638,736507,4650157,IMP,13,13,2005
33007639,736753,4650140,IMP,13,13,2005
33007640,734757,4649999,IMP,13,13,2005
33007641,734702,4649594,IMP,13,13,2005
33007642,734906,4649542,IMP,13,13,2005
33007643,736462,4649407,IMP,13,13,2005
33007644,736413,4649257,IMP,13,13,2005
33007645,735458,4649101,IMP,13,13,2005
33007646,735759,4649100,IMP,13,13,2005
33007647,735306,4648949,IMP,13,13,2005
33007648,736062,4648745,IMP,13,13,2005
33007649,736013,4648699,IMP,13,13,2005
33007650,734803,4648551,IMP,13,13,2005
33007651,735349,4648456,IMP,13,13,2005
33007652,736408,4648209,IMP,13,13,2005
33007653,736050,4648148,IMP,13,13,2005
33007654,734654,4648104,IMP,13,13,2005
33007655,736606,4648101,IMP,13,13,2005
33007656,738046,4648091,IMP,13,13,2005
33007657,734051,4648050,IMP,13,13,2005
33007658,736057,4647853,IMP,13,13,2005
33007659,734453,4647802,IMP,13,13,2005
33007660,736308,4647598,IMP,13,13,2005
33007661,736711,4647549,IMP,13,13,2005
33007662,738155,4647551,IMP,13,13,2005
33007663,735503,4647500,IMP,13,13,2005
33007664,734454,4647358,IMP,13,13,2005
33007665,735759,4647303,IMP,13,13,2005
33007666,734005,4647205,IMP,13,13,2005
33007667,734806,4647208,IMP,13,13,2005
33007668,734507,4647052,IMP,13,13,2005
33007669,737004,4647044,IMP,13,13,2005
33007670,734707,4646959,IMP,13,13,2005
33007671,735855,4646953,IMP,13,13,2005
33007672,734262,4646853,IMP,13,13,2005
33007673,735049,4646844,IMP,13,13,2005
33007674,734503,4646751,IMP,13,13,2005
33007675,736709,4646747,IMP,13,13,2005
33007676,734263,4646650,IMP,13,13,2005
33007677,736152,4646602,IMP,13,13,2005
33007678,737961,4646551,IMP,13,13,2005
33007679,737707,4646505,IMP,13,13,2005
33007680,734567,4646454,IMP,13,13,2005
33007681,735451,4646351,IMP,13,13,2005
33007682,733801,4646304,IMP,13,13,2005
33007683,733857,4646299,IMP,13,13,2005
33007684,736605,4646301,IMP,13,13,2005
33007685,735503,4646256,IMP,13,13,2005
33007686,736401,4646201,IMP,13,13,2005
33007687,737260,4646203,IMP,13,13,2005
33007688,736354,4646046,IMP,13,13,2005
33007689,734947,4645798,IMP,13,13,2005
33007690,736853,4645803,IMP,13,13,2005
33007691,734653,4645701,IMP,13,13,2005
33007692,737105,4645703,IMP,13,13,2005
33007693,737906,4645652,IMP,13,13,2005
33007694,735048,4645504,IMP,13,13,2005
33007695,735647,4645508,IMP,13,13,2005
33007696,736959,4645503,IMP,13,13,2005
33007697,734596,4645451,IMP,13,13,2005
33007698,736599,4645395,IMP,13,13,2005
33007699,734846,4645299,IMP,13,13,2005
33007700,733904,4645206,IMP,13,13,2005
33007701,737352,4645202,IMP,13,13,2005
33007702,733951,4645154,IMP,13,13,2005
33007703,735256,4645054,IMP,13,13,2005
33007704,736956,4645054,IMP,13,13,2005
33007705,735006,4644952,IMP,13,13,2005
33007706,736958,4644951,IMP,13,13,2005
33007707,734759,4644901,IMP,13,13,2005
33007708,736459,4644849,IMP,13,13,2005
33007709,736658,4644801,IMP,13,13,2005
33007710,734252,4644704,IMP,13,13,2005
33007711,735654,4644599,IMP,13,13,2005
33007712,734853,4644505,IMP,13,13,2005
33007713,735703,4644505,IMP,13,13,2005
33007714,734006,4644446,IMP,13,13,2005
33007715,737507,4644402,IMP,13,13,2005
33007716,737808,4644247,IMP,13,13,2005
33007717,735057,4644199,IMP,13,13,2005
33007718,735103,4644153,IMP,13,13,2005
33007719,735857,4644154,IMP,13,13,2005
33007720,734899,4644103,IMP,13,13,2005
33007721,737608,4644098,IMP,13,13,2005
33007722,737706,4644105,IMP,13,13,2005
33007723,737602,4644006,IMP,13,13,2005
33007724,737309,4643945,IMP,13,13,2005
33007725,734806,4643854,IMP,13,13,2005
33007726,737263,4643756,IMP,13,13,2005
33007727,735005,4643698,IMP,13,13,2005
33007728,735059,4643498,IMP,13,13,2005
33007729,735408,4643500,IMP,13,13,2005
33007730,736604,4643354,IMP,13,13,2005
33007731,735402,4643210,IMP,13,13,2005
33007732,735506,4643202,IMP,13,13,2005
33007733,736558,4643109,IMP,13,13,2005
33007734,735704,4643052,IMP,13,13,2005
33007735,735160,4649910,IMP,13,13,2005
33007736,735103,4649856,IMP,13,13,2005
33007737,733459,4647410,IMP,13,13,2005
33007738,736160,4642551,IMP,13,13,2005
33007765,713513,4680903,MBC,13,13,2006
33007766,713709,4679995,MBC,13,13,2006
33007767,716607,4676948,MBC,13,13,2006
33007768,716919,4676695,MBC,13,13,2006
33007769,717109,4676653,MBC,13,13,2006
33007770,719905,4675506,MBC,13,13,2006
33007771,720359,4675400,MBC,13,13,2006
33007772,722112,4674697,MBC,13,13,2006
33007773,722362,4674604,MBC,13,13,2006
33007774,722864,4674604,MBC,13,13,2006
33007775,722860,4674496,MBC,13,13,2006
33007776,722857,4674448,MBC,13,13,2006
33007777,724561,4673447,MBC,13,13,2006
33007778,724709,4673243,MBC,13,13,2006
33007779,727664,4672098,MBC,13,13,2006
33007780,732653,4667750,MBC,13,13,2006
33007781,734902,4658300,MBC,13,13,2006
33007783,735412,4658195,MBC,13,13,2006
33007784,735558,4657700,MBC,13,13,2006
33007785,735853,4655655,MBC,13,13,2006
33007786,736613,4655161,MBC,13,13,2006
33007787,736762,4654997,MBC,13,13,2006
33007788,736659,4654947,MBC,13,13,2006
33007789,736458,4653651,MBC,13,13,2006
33007790,736607,4653453,MBC,13,13,2006
33007791,736910,4653053,MBC,13,13,2006
33007792,736961,4652998,MBC,13,13,2006
33007793,736608,4652698,MBC,13,13,2006
33007794,736359,4652650,MBC,13,13,2006
33007795,736457,4652652,MBC,13,13,2006
33007796,736611,4652447,MBC,13,13,2006
33007797,736808,4652451,MBC,13,13,2006
33007798,736609,4652352,MBC,13,13,2006
33007799,736410,4652107,MBC,13,13,2006
33007800,736406,4650852,MBC,13,13,2006
33007801,736156,4650650,MBC,13,13,2006
33007802,735851,4649800,MBC,13,13,2006
33007803,735156,4649701,MBC,13,13,2006
33007804,735608,4649602,MBC,13,13,2006
33007805,735454,4649544,MBC,13,13,2006
33007806,735502,4649550,MBC,13,13,2006
33007807,735506,4649299,MBC,13,13,2006
33007808,735212,4648654,MBC,13,13,2006
33007809,735207,4647855,MBC,13,13,2006
33007810,735361,4647153,MBC,13,13,2006
33007811,735406,4647049,MBC,13,13,2006
33007812,735908,4646601,MBC,13,13,2006
33007813,736455,4644601,MBC,13,13,2006
33007814,736457,4644406,MBC,13,13,2006
33007815,736505,4644148,MBC,13,13,2006
33007816,735810,4643396,MBC,13,13,2006
33007817,735861,4643353,MBC,13,13,2006
33007818,736159,4650298,MBC,13,13,2006
33007819,715153,4678646,MBC,13,13,2006
33007820,718660,4676151,MBC,13,13,2006
33007821,719356,4675512,MBC,13,13,2006
33007822,719758,4675405,MBC,13,13,2006
33007823,721659,4674902,MBC,13,13,2006
33007824,728419,4672103,MBC,13,13,2006
33007825,727906,4671947,MBC,13,13,2006
33007826,729664,4671305,MBC,13,13,2006
33007827,729806,4671245,MBC,13,13,2006
33007828,730308,4670949,MBC,13,13,2006
33007829,730355,4670951,MBC,13,13,2006
33007830,730904,4668403,MBC,13,13,2006
33007832,734903,4665102,MBC,13,13,2006
33007833,734163,4660105,MBC,13,13,2006
33007834,735159,4658752,MBC,13,13,2006
33007835,735266,4658404,MBC,13,13,2006
33007836,735862,4657603,MBC,13,13,2006
33007837,735608,4656952,MBC,13,13,2006
33007838,736915,4654348,MBC,13,13,2006
33007839,736411,4653204,MBC,13,13,2006
33007840,736656,4653053,MBC,13,13,2006
33007841,736461,4652952,MBC,13,13,2006
33007842,736460,4652898,MBC,13,13,2006
33007843,736353,4650704,MBC,13,13,2006
33007844,728043,4670299,SC,13,13,2006
33007845,735708,4646947,SC,13,13,2006
33007846,735813,4651854,SC,13,13,2006
33007847,736006,4655204,SC,13,13,2006
33007848,713556,4680094,SC,13,13,2006
33007849,714459,4678850,SC,13,13,2006
33007850,725261,4673356,SC,13,13,2006
33007851,727155,4673151,SC,13,13,2006
33007852,732108,4667104,SC,13,13,2006
33007853,735311,4656150,SC,13,13,2006
33007854,713453,4680198,SC,13,13,2006
33007855,715057,4679203,SC,13,13,2006
33007856,715106,4679150,SC,13,13,2006
33007857,715798,4678152,SC,13,13,2006
33007858,725308,4673405,SC,13,13,2006
33007859,726455,4673405,SC,13,13,2006
33007860,727211,4673206,SC,13,13,2006
33007861,727454,4672804,SC,13,13,2006
33007862,728812,4672354,SC,13,13,2006
33007863,728863,4672296,SC,13,13,2006
33007864,729006,4672052,SC,13,13,2006
33007865,729357,4672003,SC,13,13,2006
33007866,730656,4671002,SC,13,13,2006
33007867,734559,4667602,SC,13,13,2006
33007868,731607,4667347,SC,13,13,2006
33007869,734058,4662656,SC,13,13,2006
33007870,734555,4657709,SC,13,13,2006
33007871,734908,4657446,SC,13,13,2006
33007872,719595,4676086,SC,13,13,2006
33007873,723659,4674297,SC,13,13,2006
33007874,732907,4667806,SC,13,13,2006
33007875,733114,4665792,SC,13,13,2006
33007876,735108,4663451,SC,13,13,2006
33007877,735509,4659099,SC,13,13,2006
33007878,735458,4658951,SC,13,13,2006
33007879,735456,4658502,SC,13,13,2006
33007880,736509,4657751,SC,13,13,2006
33007881,736709,4657501,SC,13,13,2006
33007882,736710,4657351,SC,13,13,2006
33007883,735661,4656498,SC,13,13,2006
33007884,735610,4656460,SC,13,13,2006
33007885,734960,4655999,SC,13,13,2006
33007886,735856,4654851,SC,13,13,2006
33007887,735812,4654753,SC,13,13,2006
33007888,735512,4655952,SC,13,13,2006
33007889,735559,4655550,SC,13,13,2006
33007890,736056,4654700,SC,13,13,2006
33007891,736004,4654655,SC,13,13,2006
33007892,736357,4653601,SC,13,13,2006
33007893,737005,4656053,SC,13,13,2006
33007894,732307,4664346,BWC,13,13,2006
33007895,733657,4659849,BWC,13,13,2006
33007896,737660,4654949,BWC,13,13,2006
33007897,735257,4652149,BWC,13,13,2006
33007898,734007,4665655,BWC,13,13,2006
33007899,739409,4647698,BWC,13,13,2006
33007900,739359,4646753,BWC,13,13,2006
33007901,738505,4643049,BWC,13,13,2006
33007902,737855,4655500,BWC,13,13,2006
33007903,736516,4658791,BWC,13,13,2006
33007905,735857,4658947,BWC,13,13,2006
33007906,732606,4664251,BWC,13,13,2006
33007907,732659,4664200,BWC,13,13,2006
33007908,732707,4664150,BWC,13,13,2006
33007909,719856,4676701,BWC,13,13,2006
33007910,733757,4660203,BWC,13,13,2006
33007911,733457,4659954,BWC,13,13,2006
33007912,737505,4655245,BWC,13,13,2006
33007913,737160,4655155,BWC,13,13,2006
33007914,735661,4654499,BWC,13,13,2006
33007915,735405,4654455,BWC,13,13,2006
33007916,736056,4653649,BWC,13,13,2006
33007917,735809,4653099,BWC,13,13,2006
33007918,735408,4652904,BWC,13,13,2006
33007919,735415,4652652,BWC,13,13,2006
33007920,735759,4661049,BWC,13,13,2006
33007921,736760,4660904,BWC,13,13,2006
33007922,737558,4660699,BWC,13,13,2006
33007923,736310,4660400,BWC,13,13,2006
33007924,737158,4660402,BWC,13,13,2006
33007925,736859,4660347,BWC,13,13,2006
33007926,736858,4660203,BWC,13,13,2006
33007927,735809,4660152,BWC,13,13,2006
33007928,736208,4660149,BWC,13,13,2006
33007929,736856,4659951,BWC,13,13,2006
33007930,737206,4659852,BWC,13,13,2006
33007931,736258,4659803,BWC,13,13,2006
33007932,736809,4659749,BWC,13,13,2006
33007933,736078,4658527,BWC,13,13,2006
33007934,736657,4658549,BWC,13,13,2006
33007935,736209,4658202,BWC,13,13,2006
33007936,735858,4658051,BWC,13,13,2006
33007937,736709,4658050,BWC,13,13,2006
33007938,736609,4657900,BWC,13,13,2006
33007939,737558,4659801,BWC,13,13,2006
33007940,737958,4659802,BWC,13,13,2006
33007941,737657,4659404,BWC,13,13,2006
33007942,737760,4659300,BWC,13,13,2006
33007943,737710,4658552,BWC,13,13,2006
33007944,737510,4658253,BWC,13,13,2006
33007945,737908,4658096,BWC,13,13,2006
33007946,738108,4657900,BWC,13,13,2006
33007947,737509,4657853,BWC,13,13,2006
33007949,737757,4657598,BWC,13,13,2006
33007950,737517,4657553,BWC,13,13,2006
33007951,737806,4657448,BWC,13,13,2006
33007952,738209,4656909,BWC,13,13,2006
33007953,737407,4656604,BWC,13,13,2006
33007954,738107,4656552,BWC,13,13,2006
33007955,737804,4656447,BWC,13,13,2006
33007956,738004,4656348,BWC,13,13,2006
33007957,725860,4670601,BWC,13,13,2006
33007958,726159,4670604,BWC,13,13,2006
33007959,726109,4670547,BWC,13,13,2006
33007960,727455,4670304,BWC,13,13,2006
33007961,726761,4670199,BWC,13,13,2006
33007962,726008,4670056,BWC,13,13,2006
33007963,727857,4670048,BWC,13,13,2006
33007964,733408,4668954,BWC,13,13,2006
33007965,732907,4668902,BWC,13,13,2006
33007966,733606,4668802,BWC,13,13,2006
33007967,734463,4668349,BWC,13,13,2006
33007968,734505,4668153,BWC,13,13,2006
33007969,734554,4668053,BWC,13,13,2006
33007970,732856,4663252,BWC,13,13,2006
33007971,732410,4663103,BWC,13,13,2006
33007973,732755,4662502,BWC,13,13,2006
33007974,732959,4662249,BWC,13,13,2006
33007975,716207,4680399,BWC,13,13,2006
33007976,716058,4679001,BWC,13,13,2006
33007977,716555,4678199,BWC,13,13,2006
33007978,730058,4668998,BWC,13,13,2006
33007979,726111,4671749,BWC,13,13,2006
33007980,730403,4669297,BWC,13,13,2006
33007981,716056,4679754,BWC,13,13,2006
33007983,716908,4677800,BWC,13,13,2006
33007984,716858,4677749,BWC,13,13,2006
33007985,717107,4677701,BWC,13,13,2006
33007986,724007,4674301,BWC,13,13,2006
33007987,725660,4673550,BWC,13,13,2006
33007988,735058,4661502,BWC,13,13,2006
33007990,733360,4660004,BWC,13,13,2006
33007991,735451,4659363,BWC,13,13,2006
33007992,737058,4656260,BWC,13,13,2006
33007993,736812,4656203,BWC,13,13,2006
33007994,736909,4655752,BWC,13,13,2006
33007995,736958,4655603,BWC,13,13,2006
33007996,737706,4655600,BWC,13,13,2006
33007997,736961,4655343,BWC,13,13,2006
33007998,735610,4654852,BWC,13,13,2006
33007999,735812,4653899,BWC,13,13,2006
33008000,735257,4653150,BWC,13,13,2006
33008001,735612,4661053,BWC,13,13,2006
33008002,736857,4659400,BWC,13,13,2006
33008003,738657,4658603,BWC,13,13,2006
33008004,727007,4671200,BWC,13,13,2006
33008005,728456,4670803,BWC,13,13,2006
33008006,729559,4670400,BWC,13,13,2006
33008007,729307,4670101,BWC,13,13,2006
33008008,726457,4669908,BWC,13,13,2006
33008009,733559,4668101,BWC,13,13,2006
33008010,734257,4667905,BWC,13,13,2006
33008011,732860,4663299,BWC,13,13,2006
33008012,732405,4663000,BWC,13,13,2006
33008013,733008,4662101,BWC,13,13,2006
33008014,737557,4652300,IMP,13,13,2006
33008015,735357,4652097,IMP,13,13,2006
33008016,734225,4650853,IMP,13,13,2006
33008017,734157,4650801,IMP,13,13,2006
33008018,734238,4650581,IMP,13,13,2006
33008019,734168,4650451,IMP,13,13,2006
33008020,737610,4650095,IMP,13,13,2006
33008021,733706,4650001,IMP,13,13,2006
33008022,733906,4650000,IMP,13,13,2006
33008023,734119,4649530,IMP,13,13,2006
33008024,737152,4649651,IMP,13,13,2006
33008025,737451,4649555,IMP,13,13,2006
33008026,737956,4649451,IMP,13,13,2006
33008027,734303,4649177,IMP,13,13,2006
33008028,738005,4649345,IMP,13,13,2006
33008029,733958,4649248,IMP,13,13,2006
33008030,737454,4649255,IMP,13,13,2006
33008031,733834,4649195,IMP,13,13,2006
33008032,738708,4649202,IMP,13,13,2006
33008033,737461,4649153,IMP,13,13,2006
33008034,737508,4649151,IMP,13,13,2006
33008035,737100,4648849,IMP,13,13,2006
33008036,737161,4648797,IMP,13,13,2006
33008037,737254,4648809,IMP,13,13,2006
33008038,737310,4648800,IMP,13,13,2006
33008039,737658,4648747,IMP,13,13,2006
33008040,738108,4648747,IMP,13,13,2006
33008041,736658,4648504,IMP,13,13,2006
33008042,737356,4648506,IMP,13,13,2006
33008043,736957,4648299,IMP,13,13,2006
33008044,737206,4647749,IMP,13,13,2006
33008045,737610,4647751,IMP,13,13,2006
33008046,737409,4647207,IMP,13,13,2006
33008047,737656,4647151,IMP,13,13,2006
33008048,738156,4646551,IMP,13,13,2006
33008049,737956,4644845,IMP,13,13,2006
33008050,737959,4644752,IMP,13,13,2006
33008051,737918,4644612,IMP,13,13,2006
33008052,733962,4644003,IMP,13,13,2006
33008053,734007,4643849,IMP,13,13,2006
33008054,737759,4643602,IMP,13,13,2006
33008055,737957,4643553,IMP,13,13,2006
33008056,734108,4643153,IMP,13,13,2006
33008057,734856,4643003,IMP,13,13,2006
33008058,735112,4642950,IMP,13,13,2006
33008059,737409,4642946,IMP,13,13,2006
33008060,737306,4642849,IMP,13,13,2006
33008061,735208,4642801,IMP,13,13,2006
33008062,734563,4642451,IMP,13,13,2006
33008063,738254,4645553,IMP,13,13,2006
33008064,737957,4644198,IMP,13,13,2006
33008065,734054,4643301,IMP,13,13,2006
33008066,738256,4644699,IMP,13,13,2006
33008067,737958,4644502,IMP,13,13,2006
33008068,738306,4647896,IMP,13,13,2006
33008069,737856,4647048,IMP,13,13,2006
33008070,735762,4652697,IMP,13,13,2006
33008071,735963,4652201,IMP,13,13,2006
33008072,737507,4651400,IMP,13,13,2006
33008073,735606,4651152,IMP,13,13,2006
33008074,735803,4651143,IMP,13,13,2006
33008075,737807,4651057,IMP,13,13,2006
33008076,735509,4650801,IMP,13,13,2006
33008077,735859,4650796,IMP,13,13,2006
33008078,736508,4650701,IMP,13,13,2006
33008079,736657,4650703,IMP,13,13,2006
33008080,736507,4650553,IMP,13,13,2006
33008081,738205,4650504,IMP,13,13,2006
33008082,738257,4650455,IMP,13,13,2006
33008083,734861,4650353,IMP,13,13,2006
33008084,737808,4650252,IMP,13,13,2006
33008085,738355,4650252,IMP,13,13,2006
33008086,735262,4650001,IMP,13,13,2006
33008087,736159,4649901,IMP,13,13,2006
33008088,734660,4649696,IMP,13,13,2006
33008089,736610,4649202,IMP,13,13,2006
33008090,736557,4649149,IMP,13,13,2006
33008091,736407,4648999,IMP,13,13,2006
33008092,734258,4648900,IMP,13,13,2006
33008093,736608,4648699,IMP,13,13,2006
33008094,734357,4648600,IMP,13,13,2006
33008095,735309,4648603,IMP,13,13,2006
33008096,736207,4648550,IMP,13,13,2006
33008097,736356,4648552,IMP,13,13,2006
33008098,734807,4648495,IMP,13,13,2006
33008099,736256,4648452,IMP,13,13,2006
33008100,734458,4648401,IMP,13,13,2006
33008101,733856,4648201,IMP,13,13,2006
33008102,733903,4648196,IMP,13,13,2006
33008103,736106,4648202,IMP,13,13,2006
33008104,738153,4648201,IMP,13,13,2006
33008105,736309,4648052,IMP,13,13,2006
33008106,733656,4648000,IMP,13,13,2006
33008107,736060,4647998,IMP,13,13,2006
33008108,733557,4647951,IMP,13,13,2006
33008109,734008,4647949,IMP,13,13,2006
33008110,736307,4647953,IMP,13,13,2006
33008111,734205,4647802,IMP,13,13,2006
33008112,735957,4647751,IMP,13,13,2006
33008113,734356,4647554,IMP,13,13,2006
33008114,735560,4647454,IMP,13,13,2006
33008115,735956,4647398,IMP,13,13,2006
33008116,733807,4647253,IMP,13,13,2006
33008117,735757,4647205,IMP,13,13,2006
33008118,734007,4647151,IMP,13,13,2006
33008119,736163,4647147,IMP,13,13,2006
33008120,736155,4647056,IMP,13,13,2006
33008121,734006,4647001,IMP,13,13,2006
33008122,736358,4646997,IMP,13,13,2006
33008123,736507,4646948,IMP,13,13,2006
33008124,733603,4646898,IMP,13,13,2006
33008125,736011,4646907,IMP,13,13,2006
33008126,733805,4646801,IMP,13,13,2006
33008127,733913,4646800,IMP,13,13,2006
33008128,734455,4646804,IMP,13,13,2006
33008129,736559,4646800,IMP,13,13,2006
33008130,735263,4646744,IMP,13,13,2006
33008131,736009,4646754,IMP,13,13,2006
33008132,736455,4646753,IMP,13,13,2006
33008133,736360,4646606,IMP,13,13,2006
33008134,733809,4646552,IMP,13,13,2006
33008135,736058,4646502,IMP,13,13,2006
33008136,737706,4646500,IMP,13,13,2006
33008137,734556,4646452,IMP,13,13,2006
33008138,733708,4646248,IMP,13,13,2006
33008139,734253,4646197,IMP,13,13,2006
33008140,734703,4646204,IMP,13,13,2006
33008141,736162,4646146,IMP,13,13,2006
33008142,734956,4646052,IMP,13,13,2006
33008143,735409,4646000,IMP,13,13,2006
33008144,737856,4646000,IMP,13,13,2006
33008145,736257,4645854,IMP,13,13,2006
33008146,737807,4645852,IMP,13,13,2006
33008147,736911,4645802,IMP,13,13,2006
33008148,734911,4645702,IMP,13,13,2006
33008149,734255,4645651,IMP,13,13,2006
33008150,734905,4645598,IMP,13,13,2006
33008151,736355,4645602,IMP,13,13,2006
33008152,736456,4645551,IMP,13,13,2006
33008153,733808,4645500,IMP,13,13,2006
33008154,736604,4645502,IMP,13,13,2006
33008155,737356,4645496,IMP,13,13,2006
33008156,735359,4645453,IMP,13,13,2006
33008157,736657,4645450,IMP,13,13,2006
33008158,737061,4645453,IMP,13,13,2006
33008159,734807,4645301,IMP,13,13,2006
33008160,734011,4645250,IMP,13,13,2006
33008161,735609,4645199,IMP,13,13,2006
33008162,734306,4645051,IMP,13,13,2006
33008163,734413,4645047,IMP,13,13,2006
33008164,737556,4644901,IMP,13,13,2006
33008165,734008,4644654,IMP,13,13,2006
33008166,736508,4644654,IMP,13,13,2006
33008167,734657,4644503,IMP,13,13,2006
33008168,737355,4644499,IMP,13,13,2006
33008169,735008,4644450,IMP,13,13,2006
33008170,736559,4644353,IMP,13,13,2006
33008171,737658,4644352,IMP,13,13,2006
33008172,737650,4644251,IMP,13,13,2006
33008173,735808,4644097,IMP,13,13,2006
33008174,737755,4644100,IMP,13,13,2006
33008175,734608,4644056,IMP,13,13,2006
33008176,737056,4644002,IMP,13,13,2006
33008177,734662,4643808,IMP,13,13,2006
33008178,734708,4643802,IMP,13,13,2006
33008179,737258,4643750,IMP,13,13,2006
33008180,737509,4643751,IMP,13,13,2006
33008181,734556,4643699,IMP,13,13,2006
33008182,734807,4643602,IMP,13,13,2006
33008183,736805,4643603,IMP,13,13,2006
33008184,736755,4643353,IMP,13,13,2006
33008185,735462,4642899,IMP,13,13,2006
33008186,735007,4649900,IMP,13,13,2006
33008187,735008,4649797,IMP,13,13,2006
33008188,733507,4647150,IMP,13,13,2006
33008214,713704,4680245,MBC,13,13,2007
33008215,716407,4677401,MBC,13,13,2007
33008216,716405,4676896,MBC,13,13,2007
33008217,716604,4676903,MBC,13,13,2007
33008218,717262,4676400,MBC,13,13,2007
33008219,717462,4676295,MBC,13,13,2007
33008220,717507,4676190,MBC,13,13,2007
33008221,718006,4676053,MBC,13,13,2007
33008222,720354,4675500,MBC,13,13,2007
33008223,719950,4675400,MBC,13,13,2007
33008224,720307,4675400,MBC,13,13,2007
33008225,722355,4674608,MBC,13,13,2007
33008226,722601,4674598,MBC,13,13,2007
33008227,723111,4674503,MBC,13,13,2007
33008228,722853,4674400,MBC,13,13,2007
33008229,723211,4674301,MBC,13,13,2007
33008230,724156,4673455,MBC,13,13,2007
33008231,724716,4673301,MBC,13,13,2007
33008232,724904,4673306,MBC,13,13,2007
33008233,724859,4673159,MBC,13,13,2007
33008235,729162,4671551,MBC,13,13,2007
33008236,730463,4670900,MBC,13,13,2007
33008237,730555,4670847,MBC,13,13,2007
33008238,730656,4670744,MBC,13,13,2007
33008239,730759,4670697,MBC,13,13,2007
33008240,734360,4658750,MBC,13,13,2007
33008241,734854,4658653,MBC,13,13,2007
33008242,734407,4658500,MBC,13,13,2007
33008243,734904,4658302,MBC,13,13,2007
33008244,735605,4657749,MBC,13,13,2007
33008245,736850,4654147,MBC,13,13,2007
33008246,736457,4653798,MBC,13,13,2007
33008247,736608,4653353,MBC,13,13,2007
33008248,736757,4652950,MBC,13,13,2007
33008249,736809,4652952,MBC,13,13,2007
33008250,736665,4652854,MBC,13,13,2007
33008251,736707,4652649,MBC,13,13,2007
33008252,736652,4652596,MBC,13,13,2007
33008253,736204,4652450,MBC,13,13,2007
33008254,736406,4652448,MBC,13,13,2007
33008255,736805,4652450,MBC,13,13,2007
33008256,736709,4652406,MBC,13,13,2007
33008257,736459,4652248,MBC,13,13,2007
33008258,736409,4652154,MBC,13,13,2007
33008259,736609,4652151,MBC,13,13,2007
33008260,736157,4652001,MBC,13,13,2007
33008261,736453,4651143,MBC,13,13,2007
33008262,735402,4649447,MBC,13,13,2007
33008263,735211,4647954,MBC,13,13,2007
33008264,735359,4647250,MBC,13,13,2007
33008265,735362,4647142,MBC,13,13,2007
33008266,735508,4647146,MBC,13,13,2007
33008267,735452,4647005,MBC,13,13,2007
33008268,735605,4646752,MBC,13,13,2007
33008269,736009,4645901,MBC,13,13,2007
33008270,736259,4645146,MBC,13,13,2007
33008271,736310,4644898,MBC,13,13,2007
33008272,714105,4679652,MBC,13,13,2007
33008273,715162,4678599,MBC,13,13,2007
33008274,715858,4677401,MBC,13,13,2007
33008275,717008,4676497,MBC,13,13,2007
33008276,717352,4676500,MBC,13,13,2007
33008277,718352,4676254,MBC,13,13,2007
33008278,720601,4675250,MBC,13,13,2007
33008279,722107,4674249,MBC,13,13,2007
33008280,724457,4673599,MBC,13,13,2007
33008281,732560,4667747,MBC,13,13,2007
33008282,733805,4667155,MBC,13,13,2007
33008283,734661,4666857,MBC,13,13,2007
33008284,733956,4662002,MBC,13,13,2007
33008285,734161,4660194,MBC,13,13,2007
33008286,736004,4657252,MBC,13,13,2007
33008287,736157,4656899,MBC,13,13,2007
33008288,736758,4655351,MBC,13,13,2007
33008289,736454,4653898,MBC,13,13,2007
33008290,736460,4653549,MBC,13,13,2007
33008291,737209,4652946,MBC,13,13,2007
33008293,736856,4652648,MBC,13,13,2007
33008295,727753,4670904,SC,13,13,2007
33008296,727805,4670802,SC,13,13,2007
33008297,735610,4648097,SC,13,13,2007
33008298,735758,4647049,SC,13,13,2007
33008299,735166,4650445,SC,13,13,2007
33008300,735007,4649951,SC,13,13,2007
33008301,728306,4672451,SC,13,13,2007
33008302,730064,4671553,SC,13,13,2007
33008303,730005,4671348,SC,13,13,2007
33008304,734603,4657657,SC,13,13,2007
33008305,715700,4678497,SC,13,13,2007
33008306,715057,4678098,SC,13,13,2007
33008307,715800,4678098,SC,13,13,2007
33008308,716049,4678098,SC,13,13,2007
33008309,727459,4673148,SC,13,13,2007
33008310,727558,4672750,SC,13,13,2007
33008311,728709,4672400,SC,13,13,2007
33008312,730464,4671047,SC,13,13,2007
33008313,734907,4657504,SC,13,13,2007
33008314,735009,4656303,SC,13,13,2007
33008315,720653,4674697,SC,13,13,2007
33008316,713904,4680653,SC,13,13,2007
33008318,719355,4676146,SC,13,13,2007
33008319,720611,4674751,SC,13,13,2007
33008320,723409,4674299,SC,13,13,2007
33008321,732656,4668044,SC,13,13,2007
33008322,732507,4666954,SC,13,13,2007
33008325,734857,4659797,SC,13,13,2007
33008326,735460,4659249,SC,13,13,2007
33008327,735204,4659053,SC,13,13,2007
33008328,735513,4658306,SC,13,13,2007
33008329,736405,4657753,SC,13,13,2007
33008330,736357,4657698,SC,13,13,2007
33008331,736309,4657053,SC,13,13,2007
33008332,736307,4656799,SC,13,13,2007
33008333,735216,4654748,SC,13,13,2007
33008335,732756,4668101,SC,13,13,2007
33008336,733459,4662141,SC,13,13,2007
33008337,735614,4656054,SC,13,13,2007
33008338,735709,4655655,SC,13,13,2007
33008339,735714,4655447,SC,13,13,2007
33008340,735856,4654948,SC,13,13,2007
33008341,735854,4654455,SC,13,13,2007
33008342,736259,4653451,SC,13,13,2007
33008343,736211,4653353,SC,13,13,2007
33008344,738763,4649552,BWC,13,13,2007
33008345,739059,4649440,BWC,13,13,2007
33008346,737601,4654948,BWC,13,13,2007
33008347,737511,4654298,BWC,13,13,2007
33008349,735209,4652153,BWC,13,13,2007
33008350,735258,4651799,BWC,13,13,2007
33008351,739358,4646103,BWC,13,13,2007
33008352,739306,4646004,BWC,13,13,2007
33008354,734005,4664796,BWC,13,13,2007
33008355,739363,4646797,BWC,13,13,2007
33008356,737861,4655447,BWC,13,13,2007
33008357,736555,4658943,BWC,13,13,2007
33008358,732557,4669051,BWC,13,13,2007
33008359,732257,4668801,BWC,13,13,2007
33008360,732204,4669851,BWC,13,13,2007
33008362,733159,4664347,BWC,13,13,2007
33008363,732856,4664303,BWC,13,13,2007
33008364,733164,4664200,BWC,13,13,2007
33008365,739260,4645702,BWC,13,13,2007
33008366,738462,4645506,BWC,13,13,2007
33008367,739213,4645746,BWC,13,13,2007
33008368,720065,4676497,BWC,13,13,2007
33008369,734860,4662095,BWC,13,13,2007
33008370,735004,4660909,BWC,13,13,2007
33008371,733507,4659803,BWC,13,13,2007
33008372,735205,4654997,BWC,13,13,2007
33008373,735255,4654999,BWC,13,13,2007
33008374,735663,4654745,BWC,13,13,2007
33008375,737302,4654553,BWC,13,13,2007
33008376,737259,4654506,BWC,13,13,2007
33008377,735509,4654401,BWC,13,13,2007
33008378,737160,4654351,BWC,13,13,2007
33008379,735608,4654251,BWC,13,13,2007
33008380,735456,4654053,BWC,13,13,2007
33008381,735500,4654052,BWC,13,13,2007
33008382,737407,4652547,BWC,13,13,2007
33008383,737200,4652250,BWC,13,13,2007
33008384,736959,4651600,BWC,13,13,2007
33008385,737258,4660645,BWC,13,13,2007
33008386,736264,4660553,BWC,13,13,2007
33008387,737606,4660500,BWC,13,13,2007
33008388,737612,4660450,BWC,13,13,2007
33008389,737008,4659998,BWC,13,13,2007
33008390,737056,4659949,BWC,13,13,2007
33008391,736961,4659801,BWC,13,13,2007
33008392,736660,4658552,BWC,13,13,2007
33008393,736407,4658500,BWC,13,13,2007
33008394,735806,4658202,BWC,13,13,2007
33008395,737208,4659203,BWC,13,13,2007
33008396,737057,4659104,BWC,13,13,2007
33008397,737958,4658650,BWC,13,13,2007
33008398,737656,4658549,BWC,13,13,2007
33008399,738357,4658555,BWC,13,13,2007
33008400,738408,4658402,BWC,13,13,2007
33008401,737709,4658253,BWC,13,13,2007
33008402,737959,4658001,BWC,13,13,2007
33008403,737408,4657952,BWC,13,13,2007
33008404,738159,4657752,BWC,13,13,2007
33008405,737309,4657599,BWC,13,13,2007
33008406,737705,4657452,BWC,13,13,2007
33008407,737811,4656753,BWC,13,13,2007
33008408,737753,4656601,BWC,13,13,2007
33008409,738257,4656500,BWC,13,13,2007
33008410,726660,4670348,BWC,13,13,2007
33008411,726810,4670247,BWC,13,13,2007
33008412,733458,4669302,BWC,13,13,2007
33008413,733608,4669202,BWC,13,13,2007
33008414,733608,4668898,BWC,13,13,2007
33008415,733402,4668650,BWC,13,13,2007
33008416,734306,4668097,BWC,13,13,2007
33008417,734350,4667996,BWC,13,13,2007
33008418,732856,4662953,BWC,13,13,2007
33008419,733006,4662600,BWC,13,13,2007
33008420,732904,4662250,BWC,13,13,2007
33008421,733211,4662255,BWC,13,13,2007
33008422,715459,4680994,BWC,13,13,2007
33008423,716458,4679053,BWC,13,13,2007
33008424,719310,4677253,BWC,13,13,2007
33008425,720409,4676150,BWC,13,13,2007
33008426,729205,4669549,BWC,13,13,2007
33008427,713758,4681052,BWC,13,13,2007
33008428,730402,4669349,BWC,13,13,2007
33008429,719059,4676950,BWC,13,13,2007
33008430,724460,4673998,BWC,13,13,2007
33008431,724407,4673947,BWC,13,13,2007
33008432,725654,4673550,BWC,13,13,2007
33008433,733812,4664948,BWC,13,13,2007
33008434,733656,4664850,BWC,13,13,2007
33008435,733866,4664850,BWC,13,13,2007
33008436,733856,4663851,BWC,13,13,2007
33008438,733509,4662500,BWC,13,13,2007
33008439,735357,4661351,BWC,13,13,2007
33008440,735057,4660951,BWC,13,13,2007
33008442,735310,4655697,BWC,13,13,2007
33008443,735254,4655650,BWC,13,13,2007
33008444,735260,4655092,BWC,13,13,2007
33008445,735459,4655046,BWC,13,13,2007
33008446,735648,4654000,BWC,13,13,2007
33008447,735207,4652997,BWC,13,13,2007
33008448,738809,4649848,BWC,13,13,2007
33008449,738756,4649750,BWC,13,13,2007
33008450,735804,4661102,BWC,13,13,2007
33008451,737158,4660950,BWC,13,13,2007
33008452,736961,4658050,BWC,13,13,2007
33008453,738103,4660097,BWC,13,13,2007
33008454,737459,4657106,BWC,13,13,2007
33008456,726861,4671204,BWC,13,13,2007
33008457,727266,4670803,BWC,13,13,2007
33008459,728504,4670395,BWC,13,13,2007
33008460,730156,4669649,BWC,13,13,2007
33008461,733608,4669548,BWC,13,13,2007
33008462,732607,4663601,BWC,13,13,2007
33008463,732616,4662601,BWC,13,13,2007
33008464,737558,4652347,IMP,13,13,2007
33008465,737611,4651646,IMP,13,13,2007
33008466,734861,4650597,IMP,13,13,2007
33008467,737512,4650595,IMP,13,13,2007
33008469,734107,4650447,IMP,13,13,2007
33008471,737415,4650198,IMP,13,13,2007
33008472,737317,4650150,IMP,13,13,2007
33008473,737408,4650149,IMP,13,13,2007
33008474,737515,4650145,IMP,13,13,2007
33008476,738013,4649651,IMP,13,13,2007
33008477,737359,4649602,IMP,13,13,2007
33008478,738159,4649552,IMP,13,13,2007
33008479,734106,4649501,IMP,13,13,2007
33008481,734102,4649201,IMP,13,13,2007
33008482,737553,4649153,IMP,13,13,2007
33008483,738113,4649144,IMP,13,13,2007
33008484,734205,4649045,IMP,13,13,2007
33008485,736709,4649047,IMP,13,13,2007
33008486,737506,4648850,IMP,13,13,2007
33008487,737911,4648653,IMP,13,13,2007
33008488,737305,4648403,IMP,13,13,2007
33008489,737760,4648199,IMP,13,13,2007
33008490,737607,4648054,IMP,13,13,2007
33008491,737660,4648049,IMP,13,13,2007
33008492,737610,4647797,IMP,13,13,2007
33008493,737306,4647746,IMP,13,13,2007
33008494,737659,4647747,IMP,13,13,2007
33008495,736958,4647350,IMP,13,13,2007
33008496,736953,4647295,IMP,13,13,2007
33008497,737654,4647053,IMP,13,13,2007
33008498,737956,4645399,IMP,13,13,2007
33008499,734256,4643802,IMP,13,13,2007
33008500,737955,4643751,IMP,13,13,2007
33008501,734556,4643503,IMP,13,13,2007
33008502,737555,4643456,IMP,13,13,2007
33008503,734259,4643250,IMP,13,13,2007
33008504,737260,4642802,IMP,13,13,2007
33008505,734861,4642602,IMP,13,13,2007
33008506,735205,4642602,IMP,13,13,2007
33008507,733508,4649600,IMP,13,13,2007
33008508,738312,4646744,IMP,13,13,2007
33008509,738355,4646706,IMP,13,13,2007
33008510,738207,4643453,IMP,13,13,2007
33008511,737660,4643354,IMP,13,13,2007
33008512,738106,4643254,IMP,13,13,2007
33008513,734208,4642745,IMP,13,13,2007
33008514,737999,4647852,IMP,13,13,2007
33008515,737958,4647553,IMP,13,13,2007
33008516,737458,4645450,IMP,13,13,2007
33008517,737657,4645449,IMP,13,13,2007
33008518,737307,4644491,IMP,13,13,2007
33008519,735952,4652751,IMP,13,13,2007
33008520,735958,4652400,IMP,13,13,2007
33008521,735407,4652301,IMP,13,13,2007
33008522,735907,4652051,IMP,13,13,2007
33008523,737413,4651944,IMP,13,13,2007
33008524,737461,4651843,IMP,13,13,2007
33008525,735555,4651097,IMP,13,13,2007
33008526,735558,4650999,IMP,13,13,2007
33008527,736560,4650997,IMP,13,13,2007
33008528,736863,4650902,IMP,13,13,2007
33008529,736652,4650547,IMP,13,13,2007
33008530,738308,4650351,IMP,13,13,2007
33008531,737710,4650250,IMP,13,13,2007
33008532,736207,4650201,IMP,13,13,2007
33008533,736209,4649998,IMP,13,13,2007
33008534,736761,4649951,IMP,13,13,2007
33008535,738352,4649955,IMP,13,13,2007
33008537,735406,4649154,IMP,13,13,2007
33008538,736405,4649053,IMP,13,13,2007
33008539,734855,4648998,IMP,13,13,2007
33008540,735504,4648902,IMP,13,13,2007
33008541,734312,4648849,IMP,13,13,2007
33008542,735507,4648850,IMP,13,13,2007
33008543,736610,4648847,IMP,13,13,2007
33008544,736461,4648749,IMP,13,13,2007
33008546,736005,4648402,IMP,13,13,2007
33008547,735905,4648255,IMP,13,13,2007
33008548,734810,4648151,IMP,13,13,2007
33008549,734656,4648051,IMP,13,13,2007
33008550,733557,4647952,IMP,13,13,2007
33008551,734602,4647901,IMP,13,13,2007
33008552,735351,4647903,IMP,13,13,2007
33008553,735956,4647848,IMP,13,13,2007
33008554,733858,4647553,IMP,13,13,2007
33008555,734205,4647498,IMP,13,13,2007
33008556,736012,4647451,IMP,13,13,2007
33008557,733958,4647398,IMP,13,13,2007
33008558,734157,4647352,IMP,13,13,2007
33008559,733959,4647301,IMP,13,13,2007
33008560,736257,4647303,IMP,13,13,2007
33008561,735812,4647252,IMP,13,13,2007
33008562,737761,4647248,IMP,13,13,2007
33008563,735608,4647145,IMP,13,13,2007
33008564,734111,4647104,IMP,13,13,2007
33008565,737805,4647057,IMP,13,13,2007
33008566,738063,4647049,IMP,13,13,2007
33008567,734901,4647003,IMP,13,13,2007
33008568,737053,4646944,IMP,13,13,2007
33008569,734011,4646901,IMP,13,13,2007
33008570,736252,4646853,IMP,13,13,2007
33008571,736562,4646804,IMP,13,13,2007
33008572,734106,4646747,IMP,13,13,2007
33008573,734957,4646746,IMP,13,13,2007
33008574,734901,4646699,IMP,13,13,2007
33008575,736055,4646701,IMP,13,13,2007
33008576,734505,4646606,IMP,13,13,2007
33008577,736200,4646453,IMP,13,13,2007
33008578,734555,4646397,IMP,13,13,2007
33008579,737663,4646392,IMP,13,13,2007
33008580,736506,4646300,IMP,13,13,2007
33008581,734356,4646247,IMP,13,13,2007
33008582,735307,4646241,IMP,13,13,2007
33008583,735655,4646103,IMP,13,13,2007
33008584,737808,4645993,IMP,13,13,2007
33008585,734103,4645951,IMP,13,13,2007
33008586,734603,4645951,IMP,13,13,2007
33008587,737155,4645948,IMP,13,13,2007
33008588,736905,4645906,IMP,13,13,2007
33008589,734857,4645853,IMP,13,13,2007
33008590,736364,4645852,IMP,13,13,2007
33008591,734161,4645760,IMP,13,13,2007
33008592,734258,4645754,IMP,13,13,2007
33008593,736310,4645701,IMP,13,13,2007
33008594,736308,4645598,IMP,13,13,2007
33008595,737499,4645598,IMP,13,13,2007
33008596,734110,4645400,IMP,13,13,2007
33008597,734662,4645403,IMP,13,13,2007
33008598,734055,4645343,IMP,13,13,2007
33008599,737654,4645350,IMP,13,13,2007
33008600,737807,4645351,IMP,13,13,2007
33008601,734405,4645247,IMP,13,13,2007
33008602,736557,4645247,IMP,13,13,2007
33008603,736904,4645198,IMP,13,13,2007
33008604,737009,4645150,IMP,13,13,2007
33008605,734760,4645098,IMP,13,13,2007
33008606,735812,4645099,IMP,13,13,2007
33008607,734809,4645051,IMP,13,13,2007
33008608,737158,4645049,IMP,13,13,2007
33008609,733904,4644947,IMP,13,13,2007
33008610,734015,4644902,IMP,13,13,2007
33008611,734658,4644898,IMP,13,13,2007
33008612,735113,4644748,IMP,13,13,2007
33008613,737604,4644451,IMP,13,13,2007
33008615,734956,4644346,IMP,13,13,2007
33008616,734811,4644250,IMP,13,13,2007
33008617,736650,4644201,IMP,13,13,2007
33008618,734161,4644156,IMP,13,13,2007
33008619,734807,4644096,IMP,13,13,2007
33008620,734660,4644055,IMP,13,13,2007
33008621,737408,4644051,IMP,13,13,2007
33008622,736903,4644001,IMP,13,13,2007
33008623,736504,4643903,IMP,13,13,2007
33008624,734958,4643753,IMP,13,13,2007
33008625,735359,4643749,IMP,13,13,2007
33008626,734707,4643700,IMP,13,13,2007
33008627,737107,4643644,IMP,13,13,2007
33008628,736655,4643301,IMP,13,13,2007
33008629,735157,4643155,IMP,13,13,2007
33008630,735561,4642904,IMP,13,13,2007
33008631,736758,4642901,IMP,13,13,2007
33008632,736504,4650896,IMP,13,13,2007
33008633,735709,4650603,IMP,13,13,2007
33008634,735162,4649943,IMP,13,13,2007
33008635,738457,4649949,IMP,13,13,2007
33008636,733709,4646353,IMP,13,13,2007
33008637,733758,4645548,IMP,13,13,2007
33008638,736654,4642556,IMP,13,13,2007
33008664,734658,4661303,MBC,13,13,2008
33008665,713312,4680595,MBC,13,13,2008
33008666,713659,4680049,MBC,13,13,2008
33008667,714259,4679591,MBC,13,13,2008
33008668,714304,4679541,MBC,13,13,2008
33008669,714506,4679148,MBC,13,13,2008
33008670,716562,4676947,MBC,13,13,2008
33008671,716563,4676903,MBC,13,13,2008
33008672,717161,4676602,MBC,13,13,2008
33008673,717612,4676146,MBC,13,13,2008
33008674,719808,4675551,MBC,13,13,2008
33008675,720315,4675551,MBC,13,13,2008
33008676,719605,4675502,MBC,13,13,2008
33008677,719654,4675444,MBC,13,13,2008
33008678,719956,4675393,MBC,13,13,2008
33008679,723007,4674501,MBC,13,13,2008
33008680,722760,4674396,MBC,13,13,2008
33008681,723159,4674348,MBC,13,13,2008
33008682,723259,4674143,MBC,13,13,2008
33008683,723905,4673845,MBC,13,13,2008
33008684,724207,4673646,MBC,13,13,2008
33008685,724861,4673408,MBC,13,13,2008
33008686,725006,4673301,MBC,13,13,2008
33008687,734060,4662191,MBC,13,13,2008
33008688,734001,4662051,MBC,13,13,2008
33008689,734759,4658701,MBC,13,13,2008
33008690,734812,4658650,MBC,13,13,2008
33008691,734310,4658601,MBC,13,13,2008
33008692,734960,4658395,MBC,13,13,2008
33008693,734856,4658346,MBC,13,13,2008
33008694,735556,4657106,MBC,13,13,2008
33008695,736913,4654997,MBC,13,13,2008
33008696,736609,4653734,MBC,13,13,2008
33008697,736458,4653597,MBC,13,13,2008
33008698,736661,4653452,MBC,13,13,2008
33008699,736609,4653400,MBC,13,13,2008
33008700,736759,4653350,MBC,13,13,2008
33008701,736736,4653249,MBC,13,13,2008
33008702,736966,4653100,MBC,13,13,2008
33008703,736408,4652851,MBC,13,13,2008
33008704,736662,4652697,MBC,13,13,2008
33008705,736506,4652551,MBC,13,13,2008
33008706,736204,4651848,MBC,13,13,2008
33008707,736404,4651100,MBC,13,13,2008
33008708,736403,4651002,MBC,13,13,2008
33008709,736455,4650949,MBC,13,13,2008
33008710,736108,4650252,MBC,13,13,2008
33008711,736016,4650153,MBC,13,13,2008
33008712,735311,4650006,MBC,13,13,2008
33008713,735607,4649648,MBC,13,13,2008
33008714,735461,4647098,MBC,13,13,2008
33008715,735508,4647106,MBC,13,13,2008
33008716,735757,4646498,MBC,13,13,2008
33008717,735907,4643549,MBC,13,13,2008
33008718,735861,4643293,MBC,13,13,2008
33008719,735710,4642941,MBC,13,13,2008
33008720,734552,4665752,MBC,13,13,2008
33008721,734508,4665504,MBC,13,13,2008
33008722,734206,4659451,MBC,13,13,2008
33008723,716204,4676952,MBC,13,13,2008
33008724,716908,4676598,MBC,13,13,2008
33008725,717665,4676298,MBC,13,13,2008
33008726,720000,4675356,MBC,13,13,2008
33008727,723455,4674103,MBC,13,13,2008
33008728,724607,4673499,MBC,13,13,2008
33008729,727408,4672109,MBC,13,13,2008
33008730,732358,4667751,MBC,13,13,2008
33008731,734906,4665053,MBC,13,13,2008
33008732,734259,4664147,MBC,13,13,2008
33008733,734903,4663853,MBC,13,13,2008
33008734,735610,4658052,MBC,13,13,2008
33008735,736062,4657100,MBC,13,13,2008
33008736,735610,4656955,MBC,13,13,2008
33008738,736310,4654751,MBC,13,13,2008
33008741,736955,4652096,MBC,13,13,2008
33008742,736658,4651556,MBC,13,13,2008
33008743,736256,4650651,MBC,13,13,2008
33008744,737708,4652349,SC,13,13,2008
33008745,733908,4661849,SC,13,13,2008
33008746,735707,4648152,SC,13,13,2008
33008747,735413,4651751,SC,13,13,2008
33008748,734657,4649403,SC,13,13,2008
33008749,713607,4679848,SC,13,13,2008
33008750,714553,4678796,SC,13,13,2008
33008751,730110,4671252,SC,13,13,2008
33008752,731655,4667399,SC,13,13,2008
33008753,734653,4657544,SC,13,13,2008
33008754,734958,4657103,SC,13,13,2008
33008755,713708,4679891,SC,13,13,2008
33008756,714161,4679242,SC,13,13,2008
33008757,715860,4677999,SC,13,13,2008
33008758,727263,4673197,SC,13,13,2008
33008759,727508,4672799,SC,13,13,2008
33008760,728263,4672349,SC,13,13,2008
33008761,728865,4672295,SC,13,13,2008
33008762,729709,4671650,SC,13,13,2008
33008763,730506,4671202,SC,13,13,2008
33008764,731860,4667103,SC,13,13,2008
33008765,734059,4662898,SC,13,13,2008
33008766,734757,4657103,SC,13,13,2008
33008767,733959,4661950,SC,13,13,2008
33008768,713857,4680698,SC,13,13,2008
33008769,718657,4676358,SC,13,13,2008
33008770,720405,4675049,SC,13,13,2008
33008771,720655,4674795,SC,13,13,2008
33008772,732064,4668063,SC,13,13,2008
33008773,732508,4666941,SC,13,13,2008
33008774,732608,4666747,SC,13,13,2008
33008775,733751,4664903,SC,13,13,2008
33008776,735112,4663650,SC,13,13,2008
33008777,735093,4663422,SC,13,13,2008
33008779,734810,4660347,SC,13,13,2008
33008780,735209,4660035,SC,13,13,2008
33008781,735258,4659303,SC,13,13,2008
33008782,735210,4658641,SC,13,13,2008
33008783,736459,4657746,SC,13,13,2008
33008785,736458,4656745,SC,13,13,2008
33008786,736508,4656698,SC,13,13,2008
33008787,737207,4656605,SC,13,13,2008
33008788,734904,4656305,SC,13,13,2008
33008789,735260,4654651,SC,13,13,2008
33008790,736053,4654855,SC,13,13,2008
33008791,736114,4654801,SC,13,13,2008
33008792,735904,4654105,SC,13,13,2008
33008793,736406,4653551,SC,13,13,2008
33008794,739108,4649350,BWC,13,13,2008
33008795,737463,4653447,BWC,13,13,2008
33008796,735007,4652197,BWC,13,13,2008
33008797,735304,4652054,BWC,13,13,2008
33008798,734805,4652004,BWC,13,13,2008
33008800,733957,4660101,BWC,13,13,2008
33008801,737568,4653643,BWC,13,13,2008
33008802,734709,4651997,BWC,13,13,2008
33008803,739205,4648249,BWC,13,13,2008
33008804,739459,4647497,BWC,13,13,2008
33008805,739507,4647201,BWC,13,13,2008
33008806,736011,4659652,BWC,13,13,2008
33008807,732970,4664839,BWC,13,13,2008
33008808,732954,4664503,BWC,13,13,2008
33008809,732855,4664398,BWC,13,13,2008
33008810,739157,4645346,BWC,13,13,2008
33008811,739107,4645247,BWC,13,13,2008
33008812,738505,4645296,BWC,13,13,2008
33008813,739356,4645700,BWC,13,13,2008
33008814,719851,4676597,BWC,13,13,2008
33008815,720007,4676498,BWC,13,13,2008
33008816,720356,4676098,BWC,13,13,2008
33008817,735500,4656301,BWC,13,13,2008
33008820,735158,4660246,BWC,13,13,2008
33008821,737505,4656098,BWC,13,13,2008
33008822,737755,4655707,BWC,13,13,2008
33008823,737053,4655299,BWC,13,13,2008
33008824,737110,4654543,BWC,13,13,2008
33008825,737057,4654402,BWC,13,13,2008
33008826,735754,4654346,BWC,13,13,2008
33008827,736011,4653399,BWC,13,13,2008
33008828,737308,4653304,BWC,13,13,2008
33008829,736358,4660999,BWC,13,13,2008
33008830,737663,4660649,BWC,13,13,2008
33008831,737858,4660351,BWC,13,13,2008
33008832,736608,4660306,BWC,13,13,2008
33008833,737059,4660246,BWC,13,13,2008
33008834,737510,4660252,BWC,13,13,2008
33008835,737007,4660202,BWC,13,13,2008
33008836,737107,4660202,BWC,13,13,2008
33008837,736759,4660148,BWC,13,13,2008
33008838,736060,4660002,BWC,13,13,2008
33008839,736308,4659900,BWC,13,13,2008
33008840,736411,4659599,BWC,13,13,2008
33008841,736457,4658353,BWC,13,13,2008
33008842,736705,4658103,BWC,13,13,2008
33008843,735958,4657903,BWC,13,13,2008
33008844,737309,4659799,BWC,13,13,2008
33008845,737506,4659552,BWC,13,13,2008
33008846,737454,4659399,BWC,13,13,2008
33008847,737506,4659203,BWC,13,13,2008
33008848,737507,4659148,BWC,13,13,2008
33008849,738103,4658854,BWC,13,13,2008
33008850,737354,4658546,BWC,13,13,2008
33008851,737905,4658352,BWC,13,13,2008
33008852,737349,4658302,BWC,13,13,2008
33008853,738008,4658002,BWC,13,13,2008
33008854,737310,4657946,BWC,13,13,2008
33008855,737857,4657602,BWC,13,13,2008
33008856,738155,4657050,BWC,13,13,2008
33008857,737656,4656951,BWC,13,13,2008
33008858,737758,4656654,BWC,13,13,2008
33008859,737704,4656500,BWC,13,13,2008
33008860,737355,4656396,BWC,13,13,2008
33008861,737710,4656400,BWC,13,13,2008
33008862,738310,4656400,BWC,13,13,2008
33008863,726557,4670748,BWC,13,13,2008
33008864,726057,4670497,BWC,13,13,2008
33008865,726061,4670248,BWC,13,13,2008
33008866,727604,4670150,BWC,13,13,2008
33008867,729557,4670049,BWC,13,13,2008
33008868,726061,4669848,BWC,13,13,2008
33008869,730106,4669403,BWC,13,13,2008
33008870,732755,4668698,BWC,13,13,2008
33008871,734408,4668395,BWC,13,13,2008
33008872,734356,4668301,BWC,13,13,2008
33008873,734311,4668247,BWC,13,13,2008
33008874,734713,4667897,BWC,13,13,2008
33008875,732710,4663951,BWC,13,13,2008
33008876,732564,4663902,BWC,13,13,2008
33008877,732807,4663849,BWC,13,13,2008
33008878,732656,4663752,BWC,13,13,2008
33008879,732806,4663448,BWC,13,13,2008
33008880,732852,4663455,BWC,13,13,2008
33008881,733006,4663450,BWC,13,13,2008
33008882,732754,4662752,BWC,13,13,2008
33008883,732960,4662650,BWC,13,13,2008
33008885,728408,4670002,BWC,13,13,2008
33008886,735559,4656305,BWC,13,13,2008
33008887,713908,4680747,BWC,13,13,2008
33008889,719557,4676599,BWC,13,13,2008
33008890,724855,4673751,BWC,13,13,2008
33008892,734662,4661452,BWC,13,13,2008
33008893,735407,4661450,BWC,13,13,2008
33008895,735253,4659493,BWC,13,13,2008
33008896,734151,4658952,BWC,13,13,2008
33008897,737161,4656803,BWC,13,13,2008
33008898,735363,4655545,BWC,13,13,2008
33008899,736862,4660850,BWC,13,13,2008
33008900,736906,4660651,BWC,13,13,2008
33008901,735707,4660050,BWC,13,13,2008
33008902,735957,4657854,BWC,13,13,2008
33008903,738259,4657761,BWC,13,13,2008
33008904,738354,4656348,BWC,13,13,2008
33008905,728198,4671043,BWC,13,13,2008
33008906,726810,4670997,BWC,13,13,2008
33008907,725911,4670851,BWC,13,13,2008
33008908,727415,4670752,BWC,13,13,2008
33008909,728708,4670399,BWC,13,13,2008
33008910,733755,4669297,BWC,13,13,2008
33008911,733554,4664197,BWC,13,13,2008
33008912,733358,4663405,BWC,13,13,2008
33008913,732415,4662899,BWC,13,13,2008
33008914,737761,4651648,IMP,13,13,2008
33008915,737714,4651495,IMP,13,13,2008
33008916,734008,4650902,IMP,13,13,2008
33008917,737511,4650603,IMP,13,13,2008
33008918,737403,4650245,IMP,13,13,2008
33008919,733808,4650102,IMP,13,13,2008
33008920,734009,4649901,IMP,13,13,2008
33008921,737811,4649798,IMP,13,13,2008
33008922,733814,4649651,IMP,13,13,2008
33008923,733558,4649557,IMP,13,13,2008
33008924,738257,4649546,IMP,13,13,2008
33008925,737606,4649345,IMP,13,13,2008
33008926,737712,4649196,IMP,13,13,2008
33008927,738108,4649197,IMP,13,13,2008
33008928,738209,4649197,IMP,13,13,2008
33008929,738455,4649047,IMP,13,13,2008
33008930,738412,4649000,IMP,13,13,2008
33008931,737903,4648895,IMP,13,13,2008
33008932,737808,4648750,IMP,13,13,2008
33008933,737958,4648650,IMP,13,13,2008
33008934,736653,4648597,IMP,13,13,2008
33008935,737761,4648602,IMP,13,13,2008
33008936,738220,4648603,IMP,13,13,2008
33008937,736857,4648547,IMP,13,13,2008
33008938,738405,4648150,IMP,13,13,2008
33008939,737158,4647946,IMP,13,13,2008
33008940,737707,4647952,IMP,13,13,2008
33008941,736858,4647902,IMP,13,13,2008
33008942,737060,4647800,IMP,13,13,2008
33008943,738206,4647250,IMP,13,13,2008
33008944,737259,4646998,IMP,13,13,2008
33008945,737411,4646999,IMP,13,13,2008
33008946,738204,4646601,IMP,13,13,2008
33008947,738109,4645999,IMP,13,13,2008
33008948,737959,4645799,IMP,13,13,2008
33008949,737907,4644950,IMP,13,13,2008
33008950,738105,4644949,IMP,13,13,2008
33008951,738055,4644851,IMP,13,13,2008
33008952,738404,4644652,IMP,13,13,2008
33008953,738256,4644401,IMP,13,13,2008
33008954,734259,4643798,IMP,13,13,2008
33008955,734109,4643398,IMP,13,13,2008
33008956,737307,4643250,IMP,13,13,2008
33008957,737408,4643105,IMP,13,13,2008
33008958,734761,4643047,IMP,13,13,2008
33008959,735015,4642948,IMP,13,13,2008
33008960,734761,4642598,IMP,13,13,2008
33008961,735161,4642596,IMP,13,13,2008
33008962,734815,4650448,IMP,13,13,2008
33008963,733656,4649199,IMP,13,13,2008
33008964,738108,4645950,IMP,13,13,2008
33008965,738110,4644148,IMP,13,13,2008
33008966,737357,4642749,IMP,13,13,2008
33008967,735862,4652901,IMP,13,13,2008
33008968,735506,4652701,IMP,13,13,2008
33008969,735556,4652345,IMP,13,13,2008
33008970,735504,4651848,IMP,13,13,2008
33008971,735655,4651852,IMP,13,13,2008
33008972,736508,4651096,IMP,13,13,2008
33008973,736510,4651050,IMP,13,13,2008
33008974,736507,4650848,IMP,13,13,2008
33008975,737659,4650849,IMP,13,13,2008
33008976,735756,4650805,IMP,13,13,2008
33008977,736861,4650597,IMP,13,13,2008
33008978,737056,4650601,IMP,13,13,2008
33008979,736910,4650547,IMP,13,13,2008
33008980,736758,4650449,IMP,13,13,2008
33008981,736560,4650353,IMP,13,13,2008
33008982,737755,4650248,IMP,13,13,2008
33008983,738061,4650044,IMP,13,13,2008
33008984,736159,4649950,IMP,13,13,2008
33008985,736209,4649799,IMP,13,13,2008
33008986,734666,4649650,IMP,13,13,2008
33008987,738555,4649644,IMP,13,13,2008
33008988,734662,4649585,IMP,13,13,2008
33008989,736658,4649447,IMP,13,13,2008
33008990,734608,4649351,IMP,13,13,2008
33008991,734936,4649353,IMP,13,13,2008
33008992,736360,4649196,IMP,13,13,2008
33008993,734451,4649149,IMP,13,13,2008
33008994,736108,4649149,IMP,13,13,2008
33008995,736658,4648996,IMP,13,13,2008
33008996,735307,4648905,IMP,13,13,2008
33008997,735409,4648700,IMP,13,13,2008
33008998,735906,4648652,IMP,13,13,2008
33008999,734461,4648604,IMP,13,13,2008
33009000,736008,4648603,IMP,13,13,2008
33009002,736305,4648350,IMP,13,13,2008
33009003,734310,4648172,IMP,13,13,2008
33009004,735910,4648201,IMP,13,13,2008
33009005,736107,4648046,IMP,13,13,2008
33009006,735710,4647999,IMP,13,13,2008
33009007,734561,4647845,IMP,13,13,2008
33009008,733962,4647801,IMP,13,13,2008
33009009,733659,4647697,IMP,13,13,2008
33009010,733860,4647703,IMP,13,13,2008
33009011,735611,4647693,IMP,13,13,2008
33009012,738157,4647640,IMP,13,13,2008
33009013,734806,4647446,IMP,13,13,2008
33009014,736858,4647350,IMP,13,13,2008
33009015,734801,4647297,IMP,13,13,2008
33009016,736806,4647251,IMP,13,13,2008
33009017,735613,4647102,IMP,13,13,2008
33009018,735916,4647104,IMP,13,13,2008
33009019,735607,4647051,IMP,13,13,2008
33009020,737810,4647000,IMP,13,13,2008
33009021,738059,4646898,IMP,13,13,2008
33009022,734008,4646850,IMP,13,13,2008
33009023,734211,4646800,IMP,13,13,2008
33009024,734709,4646754,IMP,13,13,2008
33009025,734655,4646704,IMP,13,13,2008
33009026,734812,4646653,IMP,13,13,2008
33009027,738009,4646650,IMP,13,13,2008
33009028,734501,4646602,IMP,13,13,2008
33009029,737559,4646603,IMP,13,13,2008
33009030,736106,4646551,IMP,13,13,2008
33009031,736760,4646407,IMP,13,13,2008
33009032,737055,4646404,IMP,13,13,2008
33009033,737458,4646349,IMP,13,13,2008
33009034,733856,4646302,IMP,13,13,2008
33009035,735614,4646305,IMP,13,13,2008
33009036,736459,4646301,IMP,13,13,2008
33009037,734209,4646253,IMP,13,13,2008
33009038,736909,4646156,IMP,13,13,2008
33009039,735561,4645954,IMP,13,13,2008
33009040,734861,4645896,IMP,13,13,2008
33009041,735259,4645898,IMP,13,13,2008
33009042,734765,4645700,IMP,13,13,2008
33009043,735759,4645697,IMP,13,13,2008
33009044,737102,4645543,IMP,13,13,2008
33009045,735266,4645452,IMP,13,13,2008
33009046,735607,4645398,IMP,13,13,2008
33009047,736812,4645398,IMP,13,13,2008
33009048,735061,4645354,IMP,13,13,2008
33009049,736860,4645343,IMP,13,13,2008
33009050,737003,4645294,IMP,13,13,2008
33009051,735812,4645247,IMP,13,13,2008
33009052,733905,4645201,IMP,13,13,2008
33009053,737058,4645196,IMP,13,13,2008
33009054,737855,4645148,IMP,13,13,2008
33009055,735258,4645097,IMP,13,13,2008
33009056,735408,4645099,IMP,13,13,2008
33009057,736561,4645094,IMP,13,13,2008
33009058,734808,4645051,IMP,13,13,2008
33009059,736308,4645043,IMP,13,13,2008
33009060,734055,4644994,IMP,13,13,2008
33009061,734407,4645001,IMP,13,13,2008
33009062,735757,4644948,IMP,13,13,2008
33009063,736755,4644946,IMP,13,13,2008
33009064,735159,4644899,IMP,13,13,2008
33009065,735005,4644847,IMP,13,13,2008
33009066,737558,4644844,IMP,13,13,2008
33009067,735012,4644744,IMP,13,13,2008
33009068,736003,4644749,IMP,13,13,2008
33009069,734857,4644600,IMP,13,13,2008
33009070,735110,4644595,IMP,13,13,2008
33009071,737056,4644545,IMP,13,13,2008
33009072,734408,4644506,IMP,13,13,2008
33009073,734506,4644498,IMP,13,13,2008
33009074,737659,4644300,IMP,13,13,2008
33009075,734011,4644200,IMP,13,13,2008
33009076,737707,4644100,IMP,13,13,2008
33009077,737253,4644002,IMP,13,13,2008
33009078,734857,4643951,IMP,13,13,2008
33009079,735660,4643842,IMP,13,13,2008
33009080,737352,4643701,IMP,13,13,2008
33009081,734960,4643650,IMP,13,13,2008
33009082,736856,4643200,IMP,13,13,2008
33009083,735265,4642948,IMP,13,13,2008
33009084,738305,4644104,IMP,13,13,2008
33009086,736605,4651454,IMP,13,13,2008
33009087,736509,4650899,IMP,13,13,2008
33009114,734758,4660494,MBC,13,13,2009
33009115,724262,4673350,MBC,13,13,2009
33009116,713603,4680149,MBC,13,13,2009
33009117,714556,4679197,MBC,13,13,2009
33009118,717906,4676146,MBC,13,13,2009
33009119,718056,4676053,MBC,13,13,2009
33009120,719706,4675557,MBC,13,13,2009
33009122,722155,4674653,MBC,13,13,2009
33009123,722358,4674604,MBC,13,13,2009
33009124,722758,4674598,MBC,13,13,2009
33009125,724507,4673453,MBC,13,13,2009
33009126,724161,4673398,MBC,13,13,2009
33009127,724760,4673398,MBC,13,13,2009
33009128,727462,4672200,MBC,13,13,2009
33009129,727459,4672105,MBC,13,13,2009
33009130,734055,4666958,MBC,13,13,2009
33009131,734804,4663442,MBC,13,13,2009
33009132,734659,4663003,MBC,13,13,2009
33009133,734659,4662602,MBC,13,13,2009
33009134,734007,4662050,MBC,13,13,2009
33009135,735411,4658104,MBC,13,13,2009
33009136,734509,4658055,MBC,13,13,2009
33009137,735805,4657602,MBC,13,13,2009
33009138,735957,4656249,MBC,13,13,2009
33009139,736605,4655149,MBC,13,13,2009
33009140,736909,4654954,MBC,13,13,2009
33009141,736956,4654647,MBC,13,13,2009
33009142,736605,4653651,MBC,13,13,2009
33009143,736966,4653048,MBC,13,13,2009
33009144,736808,4652903,MBC,13,13,2009
33009145,736360,4652847,MBC,13,13,2009
33009146,736316,4652802,MBC,13,13,2009
33009147,736610,4652693,MBC,13,13,2009
33009148,736655,4652597,MBC,13,13,2009
33009149,736457,4652400,MBC,13,13,2009
33009150,736757,4652397,MBC,13,13,2009
33009151,736404,4651896,MBC,13,13,2009
33009152,736354,4651701,MBC,13,13,2009
33009153,735510,4649653,MBC,13,13,2009
33009154,735309,4649297,MBC,13,13,2009
33009155,735262,4648851,MBC,13,13,2009
33009156,735200,4648751,MBC,13,13,2009
33009157,735204,4648249,MBC,13,13,2009
33009158,735705,4646851,MBC,13,13,2009
33009159,735758,4646742,MBC,13,13,2009
33009160,736307,4644750,MBC,13,13,2009
33009161,736408,4644447,MBC,13,13,2009
33009162,735908,4643444,MBC,13,13,2009
33009163,735808,4643149,MBC,13,13,2009
33009164,717002,4676551,MBC,13,13,2009
33009165,717664,4676350,MBC,13,13,2009
33009168,722560,4674705,MBC,13,13,2009
33009169,723059,4674553,MBC,13,13,2009
33009170,725055,4673249,MBC,13,13,2009
33009171,727405,4672100,MBC,13,13,2009
33009172,728364,4672097,MBC,13,13,2009
33009173,728503,4672048,MBC,13,13,2009
33009174,729006,4671744,MBC,13,13,2009
33009175,729060,4671747,MBC,13,13,2009
33009176,730202,4670994,MBC,13,13,2009
33009177,730911,4668755,MBC,13,13,2009
33009178,733214,4667850,MBC,13,13,2009
33009179,734800,4663744,MBC,13,13,2009
33009180,734855,4663046,MBC,13,13,2009
33009181,734455,4658094,MBC,13,13,2009
33009182,735807,4657651,MBC,13,13,2009
33009183,735559,4657002,MBC,13,13,2009
33009184,735609,4656951,MBC,13,13,2009
33009185,736155,4656886,MBC,13,13,2009
33009186,735809,4656649,MBC,13,13,2009
33009187,736702,4655449,MBC,13,13,2009
33009188,736957,4655103,MBC,13,13,2009
33009189,736451,4653499,MBC,13,13,2009
33009190,736355,4653047,MBC,13,13,2009
33009192,736311,4650698,MBC,13,13,2009
33009194,733861,4661753,SC,13,13,2009
33009195,727657,4671050,SC,13,13,2009
33009196,728103,4670196,SC,13,13,2009
33009197,735710,4647552,SC,13,13,2009
33009198,735062,4650240,SC,13,13,2009
33009199,727410,4673053,SC,13,13,2009
33009200,730700,4670817,SC,13,13,2009
33009201,734656,4657554,SC,13,13,2009
33009202,735757,4655754,SC,13,13,2009
33009203,713605,4679797,SC,13,13,2009
33009204,714553,4678599,SC,13,13,2009
33009205,715607,4678400,SC,13,13,2009
33009207,717306,4676098,SC,13,13,2009
33009208,726357,4673404,SC,13,13,2009
33009209,725206,4673306,SC,13,13,2009
33009210,726106,4673300,SC,13,13,2009
33009211,727511,4673098,SC,13,13,2009
33009212,727857,4672652,SC,13,13,2009
33009213,728912,4672153,SC,13,13,2009
33009214,729301,4672045,SC,13,13,2009
33009215,729146,4671870,SC,13,13,2009
33009216,723861,4673897,SC,13,13,2009
33009217,736558,4656552,SC,13,13,2009
33009218,736611,4656553,SC,13,13,2009
33009219,714007,4680404,SC,13,13,2009
33009220,719761,4676001,SC,13,13,2009
33009221,720604,4674695,SC,13,13,2009
33009222,720709,4674650,SC,13,13,2009
33009224,731760,4668103,SC,13,13,2009
33009225,733163,4666055,SC,13,13,2009
33009227,735457,4659950,SC,13,13,2009
33009228,735466,4659200,SC,13,13,2009
33009229,733908,4659102,SC,13,13,2009
33009230,735513,4658996,SC,13,13,2009
33009231,735357,4658850,SC,13,13,2009
33009232,735511,4658595,SC,13,13,2009
33009233,735451,4658556,SC,13,13,2009
33009235,736759,4657754,SC,13,13,2009
33009236,736457,4657553,SC,13,13,2009
33009237,735156,4655903,SC,13,13,2009
33009238,735210,4654897,SC,13,13,2009
33009239,735205,4654858,SC,13,13,2009
33009241,735658,4655999,SC,13,13,2009
33009242,735504,4655303,SC,13,13,2009
33009243,736008,4654653,SC,13,13,2009
33009244,738351,4644853,BWC,13,13,2009
33009245,733662,4659800,BWC,13,13,2009
33009246,737507,4654603,BWC,13,13,2009
33009247,734059,4664855,BWC,13,13,2009
33009248,734830,4652009,BWC,13,13,2009
33009249,739400,4648048,BWC,13,13,2009
33009250,738065,4655754,BWC,13,13,2009
33009251,735811,4659757,BWC,13,13,2009
33009252,736059,4659704,BWC,13,13,2009
33009254,736555,4658845,BWC,13,13,2009
33009255,731956,4669501,BWC,13,13,2009
33009256,731508,4669305,BWC,13,13,2009
33009257,735360,4656646,BWC,13,13,2009
33009259,735107,4662204,BWC,13,13,2009
33009260,734908,4660604,BWC,13,13,2009
33009261,733859,4660257,BWC,13,13,2009
33009262,737862,4655852,BWC,13,13,2009
33009263,735360,4655407,BWC,13,13,2009
33009264,737153,4655404,BWC,13,13,2009
33009266,735811,4654548,BWC,13,13,2009
33009267,737108,4654301,BWC,13,13,2009
33009268,735952,4653447,BWC,13,13,2009
33009269,735803,4653248,BWC,13,13,2009
33009270,736308,4660805,BWC,13,13,2009
33009271,736657,4660654,BWC,13,13,2009
33009272,735905,4660598,BWC,13,13,2009
33009273,737209,4660600,BWC,13,13,2009
33009274,736148,4660549,BWC,13,13,2009
33009275,736307,4660512,BWC,13,13,2009
33009276,736207,4660455,BWC,13,13,2009
33009277,737807,4660202,BWC,13,13,2009
33009278,736503,4660149,BWC,13,13,2009
33009279,736103,4660000,BWC,13,13,2009
33009280,736611,4659998,BWC,13,13,2009
33009281,736510,4659913,BWC,13,13,2009
33009282,737262,4659801,BWC,13,13,2009
33009283,736461,4658595,BWC,13,13,2009
33009284,736553,4658258,BWC,13,13,2009
33009285,736755,4658156,BWC,13,13,2009
33009286,736404,4658102,BWC,13,13,2009
33009287,736056,4658054,BWC,13,13,2009
33009288,737910,4659906,BWC,13,13,2009
33009289,737209,4659745,BWC,13,13,2009
33009290,737959,4659708,BWC,13,13,2009
33009291,737052,4659648,BWC,13,13,2009
33009292,737206,4658754,BWC,13,13,2009
33009293,738409,4658745,BWC,13,13,2009
33009294,737354,4658702,BWC,13,13,2009
33009295,737602,4658702,BWC,13,13,2009
33009296,737804,4658649,BWC,13,13,2009
33009297,738159,4658603,BWC,13,13,2009
33009298,738212,4658602,BWC,13,13,2009
33009299,737405,4658301,BWC,13,13,2009
33009300,738058,4658297,BWC,13,13,2009
33009301,737861,4657858,BWC,13,13,2009
33009302,737961,4657859,BWC,13,13,2009
33009303,738008,4657800,BWC,13,13,2009
33009304,738104,4657805,BWC,13,13,2009
33009305,737758,4657558,BWC,13,13,2009
33009306,738062,4657239,BWC,13,13,2009
33009307,738107,4657094,BWC,13,13,2009
33009308,738308,4656545,BWC,13,13,2009
33009309,738313,4656451,BWC,13,13,2009
33009310,737358,4656398,BWC,13,13,2009
33009311,726757,4670606,BWC,13,13,2009
33009312,726658,4670554,BWC,13,13,2009
33009313,726805,4670454,BWC,13,13,2009
33009314,725854,4670203,BWC,13,13,2009
33009315,726305,4669958,BWC,13,13,2009
33009316,733505,4669609,BWC,13,13,2009
33009317,733558,4669500,BWC,13,13,2009
33009318,733160,4669109,BWC,13,13,2009
33009319,734400,4668402,BWC,13,13,2009
33009320,734158,4668201,BWC,13,13,2009
33009321,734459,4668103,BWC,13,13,2009
33009322,734113,4668052,BWC,13,13,2009
33009323,732559,4663851,BWC,13,13,2009
33009324,732905,4663650,BWC,13,13,2009
33009325,733107,4663603,BWC,13,13,2009
33009326,733460,4662106,BWC,13,13,2009
33009327,716553,4679099,BWC,13,13,2009
33009329,719906,4676499,BWC,13,13,2009
33009330,735563,4656250,BWC,13,13,2009
33009331,730406,4669321,BWC,13,13,2009
33009332,717607,4677250,BWC,13,13,2009
33009333,733058,4668450,BWC,13,13,2009
33009334,731757,4668300,BWC,13,13,2009
33009335,735514,4662707,BWC,13,13,2009
33009336,735007,4662500,BWC,13,13,2009
33009337,735105,4661351,BWC,13,13,2009
33009338,734856,4660799,BWC,13,13,2009
33009340,735206,4660349,BWC,13,13,2009
33009341,735510,4659343,BWC,13,13,2009
33009342,737900,4656145,BWC,13,13,2009
33009343,736963,4655304,BWC,13,13,2009
33009344,737156,4653807,BWC,13,13,2009
33009345,735361,4653452,BWC,13,13,2009
33009346,736808,4651603,BWC,13,13,2009
33009347,735605,4660197,BWC,13,13,2009
33009348,737955,4660350,BWC,13,13,2009
33009349,738651,4658603,BWC,13,13,2009
33009350,737408,4657054,BWC,13,13,2009
33009351,737559,4656798,BWC,13,13,2009
33009352,737311,4656303,BWC,13,13,2009
33009353,726903,4671394,BWC,13,13,2009
33009354,727163,4671149,BWC,13,13,2009
33009355,728412,4671099,BWC,13,13,2009
33009356,727008,4670850,BWC,13,13,2009
33009357,729559,4670301,BWC,13,13,2009
33009358,729709,4670199,BWC,13,13,2009
33009359,729760,4669500,BWC,13,13,2009
33009360,730257,4669500,BWC,13,13,2009
33009361,733006,4663250,BWC,13,13,2009
33009362,732756,4662610,BWC,13,13,2009
33009363,732859,4662354,BWC,13,13,2009
33009364,737510,4652304,IMP,13,13,2009
33009365,737661,4651848,IMP,13,13,2009
33009366,733904,4650549,IMP,13,13,2009
33009367,737305,4650509,IMP,13,13,2009
33009368,733810,4650399,IMP,13,13,2009
33009369,737551,4650405,IMP,13,13,2009
33009371,737362,4650052,IMP,13,13,2009
33009374,737160,4650003,IMP,13,13,2009
33009375,733911,4649898,IMP,13,13,2009
33009376,737155,4649851,IMP,13,13,2009
33009377,737608,4649699,IMP,13,13,2009
33009378,734103,4649454,IMP,13,13,2009
33009379,737562,4649400,IMP,13,13,2009
33009380,737861,4649351,IMP,13,13,2009
33009381,738402,4649302,IMP,13,13,2009
33009382,737708,4649203,IMP,13,13,2009
33009383,738504,4649152,IMP,13,13,2009
33009384,737302,4649098,IMP,13,13,2009
33009385,737710,4648999,IMP,13,13,2009
33009386,738052,4648904,IMP,13,13,2009
33009387,737650,4648849,IMP,13,13,2009
33009388,738603,4648801,IMP,13,13,2009
33009389,737957,4648752,IMP,13,13,2009
33009390,737212,4648700,IMP,13,13,2009
33009391,737901,4648651,IMP,13,13,2009
33009392,738060,4648595,IMP,13,13,2009
33009393,737160,4648505,IMP,13,13,2009
33009394,738608,4648500,IMP,13,13,2009
33009395,738005,4648407,IMP,13,13,2009
33009396,737613,4648052,IMP,13,13,2009
33009397,737009,4647998,IMP,13,13,2009
33009398,737408,4648003,IMP,13,13,2009
33009399,737557,4647654,IMP,13,13,2009
33009400,737610,4647450,IMP,13,13,2009
33009401,737152,4647300,IMP,13,13,2009
33009402,737260,4647253,IMP,13,13,2009
33009403,738152,4645449,IMP,13,13,2009
33009404,737762,4643855,IMP,13,13,2009
33009405,737657,4643557,IMP,13,13,2009
33009406,737256,4643105,IMP,13,13,2009
33009407,737897,4643050,IMP,13,13,2009
33009409,734509,4642655,IMP,13,13,2009
33009410,734463,4642553,IMP,13,13,2009
33009411,734501,4650899,IMP,13,13,2009
33009412,733848,4644055,IMP,13,13,2009
33009413,733857,4643900,IMP,13,13,2009
33009414,738309,4644597,IMP,13,13,2009
33009415,737553,4645498,IMP,13,13,2009
33009416,735553,4652954,IMP,13,13,2009
33009417,735604,4652450,IMP,13,13,2009
33009418,737405,4652106,IMP,13,13,2009
33009419,735807,4652007,IMP,13,13,2009
33009420,736755,4651044,IMP,13,13,2009
33009421,737457,4650953,IMP,13,13,2009
33009422,737806,4650752,IMP,13,13,2009
33009423,734902,4650653,IMP,13,13,2009
33009424,738003,4650502,IMP,13,13,2009
33009425,738206,4650499,IMP,13,13,2009
33009426,737962,4650349,IMP,13,13,2009
33009427,738159,4650353,IMP,13,13,2009
33009428,736257,4650307,IMP,13,13,2009
33009429,737059,4650249,IMP,13,13,2009
33009430,736755,4650198,IMP,13,13,2009
33009431,736804,4650196,IMP,13,13,2009
33009432,738209,4649892,IMP,13,13,2009
33009433,734817,4649805,IMP,13,13,2009
33009434,738503,4649802,IMP,13,13,2009
33009435,736861,4649745,IMP,13,13,2009
33009436,736510,4649508,IMP,13,13,2009
33009437,736112,4649450,IMP,13,13,2009
33009438,736357,4649354,IMP,13,13,2009
33009439,736409,4648901,IMP,13,13,2009
33009440,734762,4648854,IMP,13,13,2009
33009441,735313,4648853,IMP,13,13,2009
33009442,736612,4648752,IMP,13,13,2009
33009443,734204,4648649,IMP,13,13,2009
33009444,736608,4648547,IMP,13,13,2009
33009445,735258,4648504,IMP,13,13,2009
33009446,734106,4648401,IMP,13,13,2009
33009447,734408,4648405,IMP,13,13,2009
33009448,735859,4647951,IMP,13,13,2009
33009449,733807,4647896,IMP,13,13,2009
33009450,736057,4647904,IMP,13,13,2009
33009451,733461,4647755,IMP,13,13,2009
33009452,733801,4647495,IMP,13,13,2009
33009453,736112,4647348,IMP,13,13,2009
33009454,733957,4647198,IMP,13,13,2009
33009455,735014,4647149,IMP,13,13,2009
33009456,733956,4647104,IMP,13,13,2009
33009457,736558,4647109,IMP,13,13,2009
33009458,733855,4647003,IMP,13,13,2009
33009459,735960,4647004,IMP,13,13,2009
33009460,734010,4646956,IMP,13,13,2009
33009461,734362,4646952,IMP,13,13,2009
33009462,736606,4646846,IMP,13,13,2009
33009463,734200,4646747,IMP,13,13,2009
33009464,737759,4646751,IMP,13,13,2009
33009465,734258,4646700,IMP,13,13,2009
33009466,733856,4646602,IMP,13,13,2009
33009467,737055,4646503,IMP,13,13,2009
33009468,737553,4646499,IMP,13,13,2009
33009469,737555,4646403,IMP,13,13,2009
33009470,736362,4646254,IMP,13,13,2009
33009471,736505,4646153,IMP,13,13,2009
33009472,736856,4646150,IMP,13,13,2009
33009473,736959,4646157,IMP,13,13,2009
33009474,734047,4646101,IMP,13,13,2009
33009476,736560,4646051,IMP,13,13,2009
33009477,733756,4646005,IMP,13,13,2009
33009478,736157,4645952,IMP,13,13,2009
33009479,736607,4645949,IMP,13,13,2009
33009481,734956,4645801,IMP,13,13,2009
33009482,735009,4645801,IMP,13,13,2009
33009483,733752,4645754,IMP,13,13,2009
33009484,735355,4645751,IMP,13,13,2009
33009485,736860,4645753,IMP,13,13,2009
33009486,737056,4645756,IMP,13,13,2009
33009487,737159,4645750,IMP,13,13,2009
33009488,734951,4645652,IMP,13,13,2009
33009489,734752,4645598,IMP,13,13,2009
33009490,735510,4645606,IMP,13,13,2009
33009491,737302,4645445,IMP,13,13,2009
33009492,734602,4645397,IMP,13,13,2009
33009493,736812,4645401,IMP,13,13,2009
33009494,736307,4645351,IMP,13,13,2009
33009495,735603,4645300,IMP,13,13,2009
33009496,734310,4645251,IMP,13,13,2009
33009497,735213,4645247,IMP,13,13,2009
33009498,736758,4645254,IMP,13,13,2009
33009499,735605,4645203,IMP,13,13,2009
33009500,735656,4645104,IMP,13,13,2009
33009501,736709,4645100,IMP,13,13,2009
33009502,735311,4644899,IMP,13,13,2009
33009503,734007,4644851,IMP,13,13,2009
33009504,736357,4644853,IMP,13,13,2009
33009505,737111,4644794,IMP,13,13,2009
33009506,734558,4644752,IMP,13,13,2009
33009507,737263,4644698,IMP,13,13,2009
33009508,735954,4644602,IMP,13,13,2009
33009509,737206,4644594,IMP,13,13,2009
33009510,734561,4644551,IMP,13,13,2009
33009511,735060,4644500,IMP,13,13,2009
33009512,734159,4644450,IMP,13,13,2009
33009513,735958,4644450,IMP,13,13,2009
33009514,736759,4644453,IMP,13,13,2009
33009515,737708,4644249,IMP,13,13,2009
33009516,734914,4644204,IMP,13,13,2009
33009517,735208,4644200,IMP,13,13,2009
33009518,737610,4644202,IMP,13,13,2009
33009519,734259,4644098,IMP,13,13,2009
33009520,735507,4644004,IMP,13,13,2009
33009521,734861,4643952,IMP,13,13,2009
33009522,737005,4643945,IMP,13,13,2009
33009523,737154,4643946,IMP,13,13,2009
33009524,734954,4643804,IMP,13,13,2009
33009525,737454,4643651,IMP,13,13,2009
33009526,735704,4643594,IMP,13,13,2009
33009527,737007,4643599,IMP,13,13,2009
33009528,735157,4643496,IMP,13,13,2009
33009529,734908,4643402,IMP,13,13,2009
33009530,735403,4643299,IMP,13,13,2009
33009531,735458,4643098,IMP,13,13,2009
33009532,736563,4642700,IMP,13,13,2009
33009533,736262,4642655,IMP,13,13,2009
33009534,736649,4650791,IMP,13,13,2009
33009535,736351,4650657,IMP,13,13,2009
33009536,733554,4648003,IMP,13,13,2009
33009537,733505,4647102,IMP,13,13,2009
33009538,737107,4643447,IMP,13,13,2009
33009564,713638,4680257,MBC,13,13,2010
33009565,713692,4680261,MBC,13,13,2010
33009566,714489,4679365,MBC,13,13,2010
33009567,716041,4677902,MBC,13,13,2010
33009568,717136,4676868,MBC,13,13,2010
33009569,717786,4676418,MBC,13,13,2010
33009570,717936,4676215,MBC,13,13,2010
33009573,724737,4673670,MBC,13,13,2010
33009574,724792,4673514,MBC,13,13,2010
33009575,724936,4673512,MBC,13,13,2010
33009576,728539,4672167,MBC,13,13,2010
33009577,729192,4671763,MBC,13,13,2010
33009578,730937,4668867,MBC,13,13,2010
33009579,734736,4663510,MBC,13,13,2010
33009580,734639,4662866,MBC,13,13,2010
33009581,734741,4658752,MBC,13,13,2010
33009582,734395,4658612,MBC,13,13,2010
33009583,734445,4658566,MBC,13,13,2010
33009584,735644,4657909,MBC,13,13,2010
33009585,735892,4657467,MBC,13,13,2010
33009586,735889,4655966,MBC,13,13,2010
33009587,736588,4655567,MBC,13,13,2010
33009588,736639,4655321,MBC,13,13,2010
33009589,736687,4655118,MBC,13,13,2010
33009590,736733,4655117,MBC,13,13,2010
33009591,736936,4654869,MBC,13,13,2010
33009592,736832,4654665,MBC,13,13,2010
33009593,736889,4654422,MBC,13,13,2010
33009594,736596,4654007,MBC,13,13,2010
33009595,736547,4653964,MBC,13,13,2010
33009596,736590,4653963,MBC,13,13,2010
33009597,736491,4653919,MBC,13,13,2010
33009598,736690,4653718,MBC,13,13,2010
33009599,736787,4653015,MBC,13,13,2010
33009601,736339,4652719,MBC,13,13,2010
33009602,736334,4651971,MBC,13,13,2010
33009603,736343,4651923,MBC,13,13,2010
33009604,736337,4651220,MBC,13,13,2010
33009605,736236,4650970,MBC,13,13,2010
33009606,736291,4650969,MBC,13,13,2010
33009607,735487,4650468,MBC,13,13,2010
33009608,735389,4650304,MBC,13,13,2010
33009609,735187,4648516,MBC,13,13,2010
33009610,735195,4648275,MBC,13,13,2010
33009611,735340,4647418,MBC,13,13,2010
33009612,735948,4646321,MBC,13,13,2010
33009613,736441,4644765,MBC,13,13,2010
33009614,736387,4644169,MBC,13,13,2010
33009615,737087,4654071,MBC,13,13,2010
33009616,715036,4679162,MBC,13,13,2010
33009617,716835,4676822,MBC,13,13,2010
33009618,719537,4675674,MBC,13,13,2010
33009622,729590,4671524,MBC,13,13,2010
33009623,729991,4671316,MBC,13,13,2010
33009624,730838,4669416,MBC,13,13,2010
33009625,731286,4668724,MBC,13,13,2010
33009626,732391,4667963,MBC,13,13,2010
33009627,734040,4667115,MBC,13,13,2010
33009631,734788,4663972,MBC,13,13,2010
33009632,734290,4663864,MBC,13,13,2010
33009634,733944,4662409,MBC,13,13,2010
33009637,734390,4658419,MBC,13,13,2010
33009640,736441,4654265,MBC,13,13,2010
33009641,736441,4653570,MBC,13,13,2010
33009642,736492,4653366,MBC,13,13,2010
33009643,736341,4650919,MBC,13,13,2010
33009644,735693,4647819,SC,13,13,2010
33009645,735696,4647417,SC,13,13,2010
33009646,735639,4647315,SC,13,13,2010
33009647,735745,4647263,SC,13,13,2010
33009648,735435,4651768,SC,13,13,2010
33009649,735097,4650565,SC,13,13,2010
33009650,735788,4655814,SC,13,13,2010
33009651,713541,4680267,SC,13,13,2010
33009652,714292,4679419,SC,13,13,2010
33009653,714339,4679262,SC,13,13,2010
33009654,714595,4678962,SC,13,13,2010
33009655,714741,4678819,SC,13,13,2010
33009658,714295,4679464,SC,13,13,2010
33009659,714743,4678619,SC,13,13,2010
33009660,714992,4678323,SC,13,13,2010
33009661,725946,4673526,SC,13,13,2010
33009665,730050,4671458,SC,13,13,2010
33009667,730789,4669767,SC,13,13,2010
33009668,734590,4667806,SC,13,13,2010
33009669,732340,4667562,SC,13,13,2010
33009670,731696,4667470,SC,13,13,2010
33009671,731740,4667371,SC,13,13,2010
33009673,734136,4663408,SC,13,13,2010
33009674,734884,4657723,SC,13,13,2010
33009675,733884,4662167,SC,13,13,2010
33009677,719338,4676366,SC,13,13,2010
33009682,735258,4663558,SC,13,13,2010
33009684,735040,4659664,SC,13,13,2010
33009686,737142,4656471,SC,13,13,2010
33009687,735083,4655618,SC,13,13,2010
33009688,733644,4662566,SC,13,13,2010
33009689,735336,4654163,SC,13,13,2010
33009690,735389,4656121,SC,13,13,2010
33009693,735487,4655968,SC,13,13,2010
33009694,737535,4654170,BWC,13,13,2010
33009695,737441,4653816,BWC,13,13,2010
33009696,737444,4653773,BWC,13,13,2010
33009697,737442,4653564,BWC,13,13,2010
33009698,737441,4653071,BWC,13,13,2010
33009699,737489,4653064,BWC,13,13,2010
33009700,735295,4652469,BWC,13,13,2010
33009701,739438,4647026,BWC,13,13,2010
33009702,737443,4654125,BWC,13,13,2010
33009703,739298,4646620,BWC,13,13,2010
33009704,738044,4655818,BWC,13,13,2010
33009705,737835,4655766,BWC,13,13,2010
33009706,737841,4655622,BWC,13,13,2010
33009707,738091,4655769,BWC,13,13,2010
33009708,735884,4659916,BWC,13,13,2010
33009709,735843,4659867,BWC,13,13,2010
33009710,732896,4665117,BWC,13,13,2010
33009711,732289,4669865,BWC,13,13,2010
33009713,732841,4664870,BWC,13,13,2010
33009714,733136,4664667,BWC,13,13,2010
33009715,732441,4664417,BWC,13,13,2010
33009716,738540,4645714,BWC,13,13,2010
33009717,739087,4646062,BWC,13,13,2010
33009718,739136,4645317,BWC,13,13,2010
33009720,734937,4661412,BWC,13,13,2010
33009721,737039,4656066,BWC,13,13,2010
33009722,736939,4655916,BWC,13,13,2010
33009723,737242,4655317,BWC,13,13,2010
33009724,735290,4654972,BWC,13,13,2010
33009725,735695,4654817,BWC,13,13,2010
33009726,735439,4654369,BWC,13,13,2010
33009727,735839,4654121,BWC,13,13,2010
33009728,735588,4653867,BWC,13,13,2010
33009729,735485,4653717,BWC,13,13,2010
33009730,735638,4653719,BWC,13,13,2010
33009731,735887,4653723,BWC,13,13,2010
33009732,736090,4653723,BWC,13,13,2010
33009733,736041,4653418,BWC,13,13,2010
33009734,735386,4653228,BWC,13,13,2010
33009735,736288,4661216,BWC,13,13,2010
33009736,736440,4661164,BWC,13,13,2010
33009737,735696,4661065,BWC,13,13,2010
33009738,737341,4661066,BWC,13,13,2010
33009739,736397,4660769,BWC,13,13,2010
33009740,736892,4660767,BWC,13,13,2010
33009741,735742,4660659,BWC,13,13,2010
33009742,737090,4660421,BWC,13,13,2010
33009743,735741,4660270,BWC,13,13,2010
33009745,735842,4658515,BWC,13,13,2010
33009746,735892,4658413,BWC,13,13,2010
33009747,736738,4658213,BWC,13,13,2010
33009748,737888,4659967,BWC,13,13,2010
33009749,737091,4659419,BWC,13,13,2010
33009751,737690,4658824,BWC,13,13,2010
33009752,737540,4658722,BWC,13,13,2010
33009753,738338,4658565,BWC,13,13,2010
33009754,738195,4658064,BWC,13,13,2010
33009755,737437,4657915,BWC,13,13,2010
33009756,737946,4657274,BWC,13,13,2010
33009757,737891,4657219,BWC,13,13,2010
33009758,738242,4657065,BWC,13,13,2010
33009759,737494,4656672,BWC,13,13,2010
33009760,738045,4656565,BWC,13,13,2010
33009762,726545,4670762,BWC,13,13,2010
33009763,726496,4670709,BWC,13,13,2010
33009764,726342,4670611,BWC,13,13,2010
33009765,725789,4670516,BWC,13,13,2010
33009766,726401,4670420,BWC,13,13,2010
33009767,726742,4670368,BWC,13,13,2010
33009768,727644,4670368,BWC,13,13,2010
33009771,733695,4668920,BWC,13,13,2010
33009772,733339,4668769,BWC,13,13,2010
33009773,734448,4668315,BWC,13,13,2010
33009774,734696,4668011,BWC,13,13,2010
33009775,732991,4662808,BWC,13,13,2010
33009776,732946,4662613,BWC,13,13,2010
33009777,732993,4662569,BWC,13,13,2010
33009779,715688,4680764,BWC,13,13,2010
33009781,716990,4678166,BWC,13,13,2010
33009782,719191,4677569,BWC,13,13,2010
33009785,715395,4680113,BWC,13,13,2010
33009786,719041,4677223,BWC,13,13,2010
33009789,731890,4668116,BWC,13,13,2010
33009791,734736,4662667,BWC,13,13,2010
33009792,734786,4661372,BWC,13,13,2010
33009793,737142,4656313,BWC,13,13,2010
33009794,737937,4656211,BWC,13,13,2010
33009795,737746,4656166,BWC,13,13,2010
33009796,735287,4656108,BWC,13,13,2010
33009797,735435,4655419,BWC,13,13,2010
33009798,735491,4655022,BWC,13,13,2010
33009799,735638,4654321,BWC,13,13,2010
33009800,737337,4661170,BWC,13,13,2010
33009802,737042,4659220,BWC,13,13,2010
33009803,738739,4658613,BWC,13,13,2010
33009804,737343,4657166,BWC,13,13,2010
33009805,737544,4656966,BWC,13,13,2010
33009810,727238,4670370,BWC,13,13,2010
33009811,727995,4670367,BWC,13,13,2010
33009812,729087,4670353,BWC,13,13,2010
33009813,733235,4668724,BWC,13,13,2010
33009814,737491,4652268,IMP,13,13,2010
33009815,737589,4651870,IMP,13,13,2010
33009816,734091,4651117,IMP,13,13,2010
33009817,734239,4651019,IMP,13,13,2010
33009818,733941,4650617,IMP,13,13,2010
33009819,734189,4650573,IMP,13,13,2010
33009820,737437,4650569,IMP,13,13,2010
33009821,737339,4650471,IMP,13,13,2010
33009822,733890,4650415,IMP,13,13,2010
33009825,738289,4649716,IMP,13,13,2010
33009826,737540,4649618,IMP,13,13,2010
33009827,738289,4649609,IMP,13,13,2010
33009828,734093,4649217,IMP,13,13,2010
33009829,738241,4649210,IMP,13,13,2010
33009830,737794,4649117,IMP,13,13,2010
33009831,736941,4649017,IMP,13,13,2010
33009832,737741,4648815,IMP,13,13,2010
33009833,737892,4648819,IMP,13,13,2010
33009834,738589,4648773,IMP,13,13,2010
33009835,738540,4648665,IMP,13,13,2010
33009836,736736,4648618,IMP,13,13,2010
33009837,738438,4648419,IMP,13,13,2010
33009838,737836,4648369,IMP,13,13,2010
33009839,737788,4648120,IMP,13,13,2010
33009840,737688,4647816,IMP,13,13,2010
33009841,737044,4647719,IMP,13,13,2010
33009842,737592,4647619,IMP,13,13,2010
33009843,738242,4647122,IMP,13,13,2010
33009844,738040,4645568,IMP,13,13,2010
33009845,738391,4644615,IMP,13,13,2010
33009846,734044,4643971,IMP,13,13,2010
33009847,734194,4643967,IMP,13,13,2010
33009848,734037,4643669,IMP,13,13,2010
33009849,737539,4643665,IMP,13,13,2010
33009850,734137,4643465,IMP,13,13,2010
33009851,737440,4643314,IMP,13,13,2010
33009852,737443,4643218,IMP,13,13,2010
33009853,737540,4643212,IMP,13,13,2010
33009854,737540,4643062,IMP,13,13,2010
33009855,738438,4648320,IMP,13,13,2010
33009856,738340,4646467,IMP,13,13,2010
33009857,738094,4645970,IMP,13,13,2010
33009858,738438,4644822,IMP,13,13,2010
33009859,737630,4643581,IMP,13,13,2010
33009860,734042,4643272,IMP,13,13,2010
33009861,735090,4642714,IMP,13,13,2010
33009862,737632,4645916,IMP,13,13,2010
33009863,737443,4645667,IMP,13,13,2010
33009864,737489,4645066,IMP,13,13,2010
33009865,735488,4653022,IMP,13,13,2010
33009866,735890,4652675,IMP,13,13,2010
33009867,735497,4652267,IMP,13,13,2010
33009868,737290,4652018,IMP,13,13,2010
33009869,737400,4652009,IMP,13,13,2010
33009870,737389,4651867,IMP,13,13,2010
33009871,735788,4651823,IMP,13,13,2010
33009872,735893,4651469,IMP,13,13,2010
33009873,736641,4650971,IMP,13,13,2010
33009874,737049,4650871,IMP,13,13,2010
33009875,737337,4650863,IMP,13,13,2010
33009876,735338,4650763,IMP,13,13,2010
33009877,736841,4650617,IMP,13,13,2010
33009878,735188,4650565,IMP,13,13,2010
33009879,736194,4650469,IMP,13,13,2010
33009880,735185,4650417,IMP,13,13,2010
33009881,736791,4650369,IMP,13,13,2010
33009882,738339,4650366,IMP,13,13,2010
33009883,736238,4649926,IMP,13,13,2010
33009884,735944,4649468,IMP,13,13,2010
33009885,735896,4649365,IMP,13,13,2010
33009886,736292,4649319,IMP,13,13,2010
33009887,735290,4649073,IMP,13,13,2010
33009888,736486,4648968,IMP,13,13,2010
33009889,735540,4648923,IMP,13,13,2010
33009890,736143,4648915,IMP,13,13,2010
33009891,734294,4648870,IMP,13,13,2010
33009892,735989,4648865,IMP,13,13,2010
33009894,734642,4648714,IMP,13,13,2010
33009895,738235,4648463,IMP,13,13,2010
33009896,734287,4648364,IMP,13,13,2010
33009897,734340,4648371,IMP,13,13,2010
33009898,735891,4648367,IMP,13,13,2010
33009899,733742,4648323,IMP,13,13,2010
33009901,735791,4648320,IMP,13,13,2010
33009902,735940,4648318,IMP,13,13,2010
33009903,736340,4648316,IMP,13,13,2010
33009904,735324,4648266,IMP,13,13,2010
33009905,734691,4648016,IMP,13,13,2010
33009906,736595,4647969,IMP,13,13,2010
33009907,735287,4647869,IMP,13,13,2010
33009908,733991,4647814,IMP,13,13,2010
33009909,735338,4647814,IMP,13,13,2010
33009910,736691,4647718,IMP,13,13,2010
33009911,735489,4647519,IMP,13,13,2010
33009912,734234,4647467,IMP,13,13,2010
33009913,734137,4647417,IMP,13,13,2010
33009914,735537,4647418,IMP,13,13,2010
33009915,736137,4647316,IMP,13,13,2010
33009916,733687,4647170,IMP,13,13,2010
33009917,733643,4647118,IMP,13,13,2010
33009918,733744,4647117,IMP,13,13,2010
33009919,734590,4647064,IMP,13,13,2010
33009920,735990,4647067,IMP,13,13,2010
33009921,733636,4647018,IMP,13,13,2010
33009922,737686,4646974,IMP,13,13,2010
33009923,737693,4646918,IMP,13,13,2010
33009924,737898,4646909,IMP,13,13,2010
33009925,734991,4646869,IMP,13,13,2010
33009926,734338,4646819,IMP,13,13,2010
33009927,734640,4646767,IMP,13,13,2010
33009929,735290,4646717,IMP,13,13,2010
33009930,736591,4646573,IMP,13,13,2010
33009931,735443,4646516,IMP,13,13,2010
33009932,735639,4646470,IMP,13,13,2010
33009933,733788,4646422,IMP,13,13,2010
33009934,735041,4646417,IMP,13,13,2010
33009935,733891,4646371,IMP,13,13,2010
33009936,737398,4646368,IMP,13,13,2010
33009937,737187,4646317,IMP,13,13,2010
33009938,737246,4646124,IMP,13,13,2010
33009939,736189,4646067,IMP,13,13,2010
33009940,734239,4646013,IMP,13,13,2010
33009941,735040,4646018,IMP,13,13,2010
33009942,737844,4646010,IMP,13,13,2010
33009943,733936,4645763,IMP,13,13,2010
33009944,734339,4645769,IMP,13,13,2010
33009945,734593,4645758,IMP,13,13,2010
33009946,736585,4645768,IMP,13,13,2010
33009947,734892,4645619,IMP,13,13,2010
33009948,736991,4645617,IMP,13,13,2010
33009949,735095,4645473,IMP,13,13,2010
33009950,734236,4645420,IMP,13,13,2010
33009951,735198,4645356,IMP,13,13,2010
33009952,734277,4645261,IMP,13,13,2010
33009953,735093,4645218,IMP,13,13,2010
33009954,735440,4645214,IMP,13,13,2010
33009955,737287,4645215,IMP,13,13,2010
33009956,735387,4645159,IMP,13,13,2010
33009957,734542,4645064,IMP,13,13,2010
33009958,735590,4644915,IMP,13,13,2010
33009959,736980,4644869,IMP,13,13,2010
33009960,734237,4644621,IMP,13,13,2010
33009961,734593,4644568,IMP,13,13,2010
33009962,736093,4644460,IMP,13,13,2010
33009963,737289,4644465,IMP,13,13,2010
33009964,737740,4644480,IMP,13,13,2010
33009965,736782,4644372,IMP,13,13,2010
33009966,737342,4644317,IMP,13,13,2010
33009967,737440,4644216,IMP,13,13,2010
33009968,734942,4644119,IMP,13,13,2010
33009969,737033,4644112,IMP,13,13,2010
33009970,737290,4644117,IMP,13,13,2010
33009971,735544,4644018,IMP,13,13,2010
33009972,734389,4643974,IMP,13,13,2010
33009973,734441,4643970,IMP,13,13,2010
33009974,735593,4643967,IMP,13,13,2010
33009975,735440,4643917,IMP,13,13,2010
33009976,735591,4643868,IMP,13,13,2010
33009977,736684,4643768,IMP,13,13,2010
33009978,734691,4643669,IMP,13,13,2010
33009979,736492,4643672,IMP,13,13,2010
33009980,735286,4643621,IMP,13,13,2010
33009981,735601,4643616,IMP,13,13,2010
33009982,736739,4643378,IMP,13,13,2010
33009983,735542,4643318,IMP,13,13,2010
33009984,736535,4643022,IMP,13,13,2010
33009985,736489,4642921,IMP,13,13,2010
33009987,736782,4651464,IMP,13,13,2010
33009988,733590,4647017,IMP,13,13,2010
33010014,713360,4681236,MBC,13,13,2011
33010015,713653,4680154,MBC,13,13,2011
33010016,714257,4679550,MBC,13,13,2011
33010017,714154,4679551,MBC,13,13,2011
33010018,714349,4679350,MBC,13,13,2011
33010019,714462,4679256,MBC,13,13,2011
33010020,716961,4676804,MBC,13,13,2011
33010021,716809,4676746,MBC,13,13,2011
33010022,717155,4676652,MBC,13,13,2011
33010023,718099,4675947,MBC,13,13,2011
33010024,720021,4675448,MBC,13,13,2011
33010025,722674,4674599,MBC,13,13,2011
33010026,722920,4674499,MBC,13,13,2011
33010027,722964,4674495,MBC,13,13,2011
33010028,723247,4674389,MBC,13,13,2011
33010029,723205,4674251,MBC,13,13,2011
33010030,724408,4673302,MBC,13,13,2011
33010031,724913,4673246,MBC,13,13,2011
33010032,726301,4672401,MBC,13,13,2011
33010033,727455,4672102,MBC,13,13,2011
33010034,727558,4672047,MBC,13,13,2011
33010035,729515,4671352,MBC,13,13,2011
33010036,730203,4670992,MBC,13,13,2011
33010037,730806,4669256,MBC,13,13,2011
33010038,730910,4668753,MBC,13,13,2011
33010039,731455,4668203,MBC,13,13,2011
33010040,734056,4666951,MBC,13,13,2011
33010041,734013,4666949,MBC,13,13,2011
33010042,734258,4663849,MBC,13,13,2011
33010043,734899,4663591,MBC,13,13,2011
33010044,734800,4663251,MBC,13,13,2011
33010045,734653,4663031,MBC,13,13,2011
33010046,734753,4662847,MBC,13,13,2011
33010047,734749,4662789,MBC,13,13,2011
33010048,734802,4662802,MBC,13,13,2011
33010049,734055,4662345,MBC,13,13,2011
33010050,734002,4661951,MBC,13,13,2011
33010051,734862,4659545,MBC,13,13,2011
33010052,734355,4658562,MBC,13,13,2011
33010053,735317,4658405,MBC,13,13,2011
33010054,734446,4658298,MBC,13,13,2011
33010055,734916,4658247,MBC,13,13,2011
33010056,735006,4658201,MBC,13,13,2011
33010057,734805,4657856,MBC,13,13,2011
33010058,734801,4657802,MBC,13,13,2011
33010059,736007,4657151,MBC,13,13,2011
33010060,735905,4656004,MBC,13,13,2011
33010061,736049,4655254,MBC,13,13,2011
33010062,736957,4654756,MBC,13,13,2011
33010063,736416,4654239,MBC,13,13,2011
33010064,737106,4653850,MBC,13,13,2011
33010065,736614,4653605,MBC,13,13,2011
33010066,736852,4653304,MBC,13,13,2011
33010067,736808,4652948,MBC,13,13,2011
33010068,736807,4652756,MBC,13,13,2011
33010069,736658,4652698,MBC,13,13,2011
33010070,736709,4652649,MBC,13,13,2011
33010072,736559,4652409,MBC,13,13,2011
33010073,736509,4652356,MBC,13,13,2011
33010074,736705,4652305,MBC,13,13,2011
33010075,736555,4652247,MBC,13,13,2011
33010076,736609,4652199,MBC,13,13,2011
33010077,736709,4652146,MBC,13,13,2011
33010078,736152,4651388,MBC,13,13,2011
33010079,736512,4651245,MBC,13,13,2011
33010080,736403,4650803,MBC,13,13,2011
33010081,736355,4650708,MBC,13,13,2011
33010082,735307,4649953,MBC,13,13,2011
33010083,735451,4649699,MBC,13,13,2011
33010084,735457,4649346,MBC,13,13,2011
33010085,735162,4648353,MBC,13,13,2011
33010086,735960,4646301,MBC,13,13,2011
33010087,735962,4646149,MBC,13,13,2011
33010089,736297,4645403,MBC,13,13,2011
33010090,736455,4644547,MBC,13,13,2011
33010091,735855,4643452,MBC,13,13,2011
33010092,735863,4643247,MBC,13,13,2011
33010093,735762,4643143,MBC,13,13,2011
33010094,714346,4679047,SC,13,13,2011
33010095,715453,4678657,SC,13,13,2011
33010096,715657,4678408,SC,13,13,2011
33010097,716046,4678057,SC,13,13,2011
33010098,715370,4677852,SC,13,13,2011
33010099,718704,4676351,SC,13,13,2011
33010100,720553,4674906,SC,13,13,2011
33010101,721057,4674598,SC,13,13,2011
33010102,725009,4673400,SC,13,13,2011
33010103,726620,4673352,SC,13,13,2011
33010104,728353,4672507,SC,13,13,2011
33010105,729056,4672199,SC,13,13,2011
33010106,729261,4671953,SC,13,13,2011
33010107,730102,4671560,SC,13,13,2011
33010108,729507,4671509,SC,13,13,2011
33010109,730108,4671515,SC,13,13,2011
33010110,729965,4671337,SC,13,13,2011
33010111,730554,4671000,SC,13,13,2011
33010112,733407,4668247,SC,13,13,2011
33010113,731810,4668143,SC,13,13,2011
33010114,732957,4667950,SC,13,13,2011
33010115,733261,4665307,SC,13,13,2011
33010117,733815,4664406,SC,13,13,2011
33010118,735057,4663700,SC,13,13,2011
33010120,733492,4663258,SC,13,13,2011
33010121,734005,4662654,SC,13,13,2011
33010122,734051,4662549,SC,13,13,2011
33010123,733953,4661899,SC,13,13,2011
33010124,734006,4661554,SC,13,13,2011
33010125,734906,4660198,SC,13,13,2011
33010126,735410,4659103,SC,13,13,2011
33010127,735405,4658899,SC,13,13,2011
33010129,734750,4657316,SC,13,13,2011
33010132,736662,4657199,SC,13,13,2011
33010133,735509,4656804,SC,13,13,2011
33010134,736503,4656556,SC,13,13,2011
33010135,735752,4656305,SC,13,13,2011
33010136,735516,4655956,SC,13,13,2011
33010137,735656,4655748,SC,13,13,2011
33010138,735601,4655113,SC,13,13,2011
33010139,735970,4655095,SC,13,13,2011
33010140,737609,4654103,SC,13,13,2011
33010141,737700,4652355,SC,13,13,2011
33010142,735411,4651499,SC,13,13,2011
33010143,735721,4647604,SC,13,13,2011
33010144,713757,4682257,BWC,13,13,2011
33010145,713567,4681766,BWC,13,13,2011
33010146,715070,4681054,BWC,13,13,2011
33010147,715422,4681001,BWC,13,13,2011
33010148,714656,4680948,BWC,13,13,2011
33010149,713753,4680850,BWC,13,13,2011
33010150,715201,4680403,BWC,13,13,2011
33010151,715964,4679558,BWC,13,13,2011
33010152,716549,4679338,BWC,13,13,2011
33010153,717006,4677756,BWC,13,13,2011
33010154,719407,4676996,BWC,13,13,2011
33010155,719159,4676940,BWC,13,13,2011
33010156,719106,4676905,BWC,13,13,2011
33010157,719603,4676748,BWC,13,13,2011
33010158,719499,4676711,BWC,13,13,2011
33010159,721414,4674161,BWC,13,13,2011
33010161,728300,4670898,BWC,13,13,2011
33010162,728205,4670790,BWC,13,13,2011
33010163,726107,4670645,BWC,13,13,2011
33010164,728713,4670554,BWC,13,13,2011
33010165,725907,4670508,BWC,13,13,2011
33010166,726750,4670446,BWC,13,13,2011
33010167,726756,4670399,BWC,13,13,2011
33010168,727899,4670398,BWC,13,13,2011
33010169,726544,4670212,BWC,13,13,2011
33010170,728707,4670103,BWC,13,13,2011
33010171,726810,4670052,BWC,13,13,2011
33010172,729363,4670000,BWC,13,13,2011
33010173,730008,4669944,BWC,13,13,2011
33010174,729401,4669793,BWC,13,13,2011
33010175,729755,4669803,BWC,13,13,2011
33010176,732409,4669697,BWC,13,13,2011
33010177,729805,4669550,BWC,13,13,2011
33010178,730055,4669552,BWC,13,13,2011
33010179,730150,4669451,BWC,13,13,2011
33010180,733308,4669395,BWC,13,13,2011
33010181,733662,4669260,BWC,13,13,2011
33010182,733612,4669200,BWC,13,13,2011
33010183,729956,4669092,BWC,13,13,2011
33010184,732049,4668994,BWC,13,13,2011
33010185,733405,4668953,BWC,13,13,2011
33010186,732966,4668848,BWC,13,13,2011
33010187,732009,4668754,BWC,13,13,2011
33010188,732156,4668754,BWC,13,13,2011
33010189,732868,4668657,BWC,13,13,2011
33010190,733956,4668553,BWC,13,13,2011
33010191,734208,4668302,BWC,13,13,2011
33010192,734556,4668058,BWC,13,13,2011
33010193,734694,4667346,BWC,13,13,2011
33010194,733049,4664649,BWC,13,13,2011
33010195,733013,4663898,BWC,13,13,2011
33010196,732860,4663543,BWC,13,13,2011
33010198,732669,4663292,BWC,13,13,2011
33010199,733316,4663191,BWC,13,13,2011
33010200,732712,4663104,BWC,13,13,2011
33010201,733154,4662951,BWC,13,13,2011
33010202,733301,4662307,BWC,13,13,2011
33010203,735154,4662251,BWC,13,13,2011
33010204,735707,4660895,BWC,13,13,2011
33010205,737458,4660849,BWC,13,13,2011
33010206,734156,4660393,BWC,13,13,2011
33010207,737003,4660358,BWC,13,13,2011
33010208,735859,4660292,BWC,13,13,2011
33010209,737322,4660310,BWC,13,13,2011
33010210,735557,4660260,BWC,13,13,2011
33010211,736206,4659897,BWC,13,13,2011
33010212,736804,4659698,BWC,13,13,2011
33010213,736803,4659544,BWC,13,13,2011
33010214,735300,4659546,BWC,13,13,2011
33010215,733752,4659505,BWC,13,13,2011
33010216,735458,4659450,BWC,13,13,2011
33010217,735857,4659347,BWC,13,13,2011
33010218,737659,4659298,BWC,13,13,2011
33010219,736014,4659047,BWC,13,13,2011
33010220,738599,4658996,BWC,13,13,2011
33010221,736315,4658902,BWC,13,13,2011
33010222,737211,4658808,BWC,13,13,2011
33010223,737457,4658558,BWC,13,13,2011
33010224,737898,4658504,BWC,13,13,2011
33010225,736609,4658401,BWC,13,13,2011
33010226,737558,4658304,BWC,13,13,2011
33010227,738355,4658247,BWC,13,13,2011
33010228,737307,4657701,BWC,13,13,2011
33010229,738107,4657703,BWC,13,13,2011
33010230,737512,4657596,BWC,13,13,2011
33010231,737369,4657507,BWC,13,13,2011
33010232,738259,4656955,BWC,13,13,2011
33010233,737363,4656708,BWC,13,13,2011
33010234,735359,4656600,BWC,13,13,2011
33010235,737358,4656605,BWC,13,13,2011
33010236,737462,4656408,BWC,13,13,2011
33010237,737010,4656362,BWC,13,13,2011
33010238,735559,4656303,BWC,13,13,2011
33010239,737307,4656100,BWC,13,13,2011
33010240,737961,4656105,BWC,13,13,2011
33010241,737810,4656045,BWC,13,13,2011
33010242,737053,4655450,BWC,13,13,2011
33010243,737058,4655152,BWC,13,13,2011
33010244,735251,4655048,BWC,13,13,2011
33010245,737413,4654854,BWC,13,13,2011
33010246,737351,4654409,BWC,13,13,2011
33010247,735453,4654249,BWC,13,13,2011
33010248,735892,4653795,BWC,13,13,2011
33010249,736105,4653802,BWC,13,13,2011
33010250,735950,4653745,BWC,13,13,2011
33010251,735959,4653602,BWC,13,13,2011
33010252,735607,4653373,BWC,13,13,2011
33010253,737454,4652597,BWC,13,13,2011
33010254,737258,4652050,BWC,13,13,2011
33010255,737307,4651998,BWC,13,13,2011
33010256,734752,4651815,BWC,13,13,2011
33010257,736960,4651498,BWC,13,13,2011
33010258,739452,4647457,BWC,13,13,2011
33010259,739314,4646403,BWC,13,13,2011
33010260,738453,4645701,BWC,13,13,2011
33010261,738693,4645713,BWC,13,13,2011
33010262,739006,4644944,BWC,13,13,2011
33010263,738657,4644457,BWC,13,13,2011
33010264,735761,4652606,IMP,13,13,2011
33010265,735802,4652553,IMP,13,13,2011
33010266,737605,4652403,IMP,13,13,2011
33010267,736004,4652346,IMP,13,13,2011
33010268,735458,4652143,IMP,13,13,2011
33010269,737461,4651960,IMP,13,13,2011
33010270,735907,4651849,IMP,13,13,2011
33010271,737452,4651706,IMP,13,13,2011
33010272,737613,4651505,IMP,13,13,2011
33010273,737006,4651399,IMP,13,13,2011
33010274,736605,4651154,IMP,13,13,2011
33010275,737171,4651102,IMP,13,13,2011
33010276,737654,4651109,IMP,13,13,2011
33010277,734107,4651048,IMP,13,13,2011
33010278,735606,4651057,IMP,13,13,2011
33010279,735858,4650908,IMP,13,13,2011
33010280,737903,4650912,IMP,13,13,2011
33010281,736845,4650852,IMP,13,13,2011
33010282,733864,4650750,IMP,13,13,2011
33010283,735407,4650755,IMP,13,13,2011
33010284,734962,4650700,IMP,13,13,2011
33010285,733764,4650491,IMP,13,13,2011
33010286,737909,4650508,IMP,13,13,2011
33010287,736611,4650454,IMP,13,13,2011
33010288,737206,4650407,IMP,13,13,2011
33010290,738119,4650304,IMP,13,13,2011
33010291,733712,4650103,IMP,13,13,2011
33010292,736610,4650013,IMP,13,13,2011
33010293,738149,4650003,IMP,13,13,2011
33010294,737206,4649961,IMP,13,13,2011
33010295,734700,4649945,IMP,13,13,2011
33010296,736707,4649963,IMP,13,13,2011
33010297,733701,4649842,IMP,13,13,2011
33010298,736553,4649798,IMP,13,13,2011
33010299,734208,4649731,IMP,13,13,2011
33010300,736901,4649637,IMP,13,13,2011
33010301,738302,4649627,IMP,13,13,2011
33010302,734710,4649646,IMP,13,13,2011
33010303,737147,4649540,IMP,13,13,2011
33010304,736101,4649556,IMP,13,13,2011
33010305,735904,4649455,IMP,13,13,2011
33010306,734149,4649304,IMP,13,13,2011
33010307,734747,4649296,IMP,13,13,2011
33010308,737693,4649194,IMP,13,13,2011
33010309,738608,4649101,IMP,13,13,2011
33010310,734099,4649043,IMP,13,13,2011
33010311,737550,4649048,IMP,13,13,2011
33010312,736508,4649051,IMP,13,13,2011
33010313,738706,4648945,IMP,13,13,2011
33010314,737158,4648895,IMP,13,13,2011
33010315,734858,4648898,IMP,13,13,2011
33010316,734713,4648750,IMP,13,13,2011
33010317,737202,4648689,IMP,13,13,2011
33010318,735457,4648697,IMP,13,13,2011
33010319,735503,4648700,IMP,13,13,2011
33010320,737995,4648652,IMP,13,13,2011
33010321,736954,4648599,IMP,13,13,2011
33010322,738501,4648556,IMP,13,13,2011
33010323,737760,4648449,IMP,13,13,2011
33010324,734751,4648433,IMP,13,13,2011
33010325,736466,4648408,IMP,13,13,2011
33010326,737158,4648235,IMP,13,13,2011
33010327,735348,4648203,IMP,13,13,2011
33010328,736502,4648102,IMP,13,13,2011
33010329,736165,4648060,IMP,13,13,2011
33010330,738411,4648043,IMP,13,13,2011
33010331,733614,4648050,IMP,13,13,2011
33010332,734650,4648009,IMP,13,13,2011
33010334,737408,4647952,IMP,13,13,2011
33010335,737653,4647960,IMP,13,13,2011
33010336,736863,4647850,IMP,13,13,2011
33010337,736611,4647857,IMP,13,13,2011
33010338,734756,4647803,IMP,13,13,2011
33010339,736815,4647747,IMP,13,13,2011
33010340,737801,4647750,IMP,13,13,2011
33010341,736561,4647705,IMP,13,13,2011
33010342,737653,4647658,IMP,13,13,2011
33010343,736762,4647454,IMP,13,13,2011
33010344,736106,4647398,IMP,13,13,2011
33010345,736362,4647406,IMP,13,13,2011
33010346,736714,4647350,IMP,13,13,2011
33010347,737858,4647348,IMP,13,13,2011
33010348,733649,4647254,IMP,13,13,2011
33010349,736767,4647262,IMP,13,13,2011
33010350,736856,4647265,IMP,13,13,2011
33010351,736193,4647204,IMP,13,13,2011
33010352,736516,4647203,IMP,13,13,2011
33010353,738249,4647108,IMP,13,13,2011
33010354,734707,4647097,IMP,13,13,2011
33010355,736714,4647090,IMP,13,13,2011
33010356,733806,4647055,IMP,13,13,2011
33010357,738005,4646638,IMP,13,13,2011
33010358,734968,4646604,IMP,13,13,2011
33010359,735375,4646535,IMP,13,13,2011
33010360,736663,4646547,IMP,13,13,2011
33010361,733714,4646563,IMP,13,13,2011
33010362,736408,4646498,IMP,13,13,2011
33010363,736721,4646491,IMP,13,13,2011
33010364,734705,4646447,IMP,13,13,2011
33010365,736857,4646390,IMP,13,13,2011
33010366,735014,4646353,IMP,13,13,2011
33010367,736970,4646355,IMP,13,13,2011
33010368,737366,4646307,IMP,13,13,2011
33010369,734771,4646264,IMP,13,13,2011
33010370,735469,4646257,IMP,13,13,2011
33010371,735415,4646200,IMP,13,13,2011
33010372,735264,4646154,IMP,13,13,2011
33010373,735463,4645958,IMP,13,13,2011
33010374,735523,4645951,IMP,13,13,2011
33010375,733701,4645949,IMP,13,13,2011
33010376,733805,4645850,IMP,13,13,2011
33010377,735768,4645762,IMP,13,13,2011
33010378,738149,4645705,IMP,13,13,2011
33010379,737700,4645602,IMP,13,13,2011
33010380,733804,4645498,IMP,13,13,2011
33010381,738258,4645458,IMP,13,13,2011
33010382,737505,4645451,IMP,13,13,2011
33010383,736558,4645357,IMP,13,13,2011
33010384,734754,4645298,IMP,13,13,2011
33010385,738110,4645250,IMP,13,13,2011
33010386,734805,4645246,IMP,13,13,2011
33010387,735057,4645247,IMP,13,13,2011
33010388,733854,4645203,IMP,13,13,2011
33010389,736309,4645201,IMP,13,13,2011
33010390,736659,4645151,IMP,13,13,2011
33010391,735310,4645094,IMP,13,13,2011
33010392,733959,4645040,IMP,13,13,2011
33010393,736548,4645007,IMP,13,13,2011
33010394,736771,4644943,IMP,13,13,2011
33010395,737302,4644903,IMP,13,13,2011
33010396,737496,4644842,IMP,13,13,2011
33010397,737807,4644797,IMP,13,13,2011
33010398,738009,4644745,IMP,13,13,2011
33010399,734556,4644694,IMP,13,13,2011
33010400,735705,4644688,IMP,13,13,2011
33010401,735409,4644641,IMP,13,13,2011
33010402,736598,4644597,IMP,13,13,2011
33010403,736641,4644603,IMP,13,13,2011
33010404,734011,4644503,IMP,13,13,2011
33010405,736753,4644511,IMP,13,13,2011
33010406,734110,4644453,IMP,13,13,2011
33010407,736791,4644390,IMP,13,13,2011
33010408,738356,4644300,IMP,13,13,2011
33010409,734411,4644309,IMP,13,13,2011
33010410,734710,4644306,IMP,13,13,2011
33010411,735110,4644202,IMP,13,13,2011
33010412,736998,4644215,IMP,13,13,2011
33010413,733852,4644156,IMP,13,13,2011
33010414,736711,4644106,IMP,13,13,2011
33010415,734308,4644003,IMP,13,13,2011
33010416,734409,4644015,IMP,13,13,2011
33010417,735708,4644008,IMP,13,13,2011
33010418,734104,4643944,IMP,13,13,2011
33010419,733898,4643897,IMP,13,13,2011
33010420,734208,4643902,IMP,13,13,2011
33010421,734613,4643908,IMP,13,13,2011
33010422,734862,4643707,IMP,13,13,2011
33010423,735348,4643645,IMP,13,13,2011
33010424,735751,4643648,IMP,13,13,2011
33010425,738059,4643593,IMP,13,13,2011
33010426,737453,4643348,IMP,13,13,2011
33010427,737857,4643259,IMP,13,13,2011
33010428,734464,4643196,IMP,13,13,2011
33010429,737458,4643193,IMP,13,13,2011
33010430,735409,4643193,IMP,13,13,2011
33010431,734413,4643146,IMP,13,13,2011
33010432,734357,4643097,IMP,13,13,2011
33010433,737605,4643002,IMP,13,13,2011
33010434,735159,4642998,IMP,13,13,2011
33010435,735365,4643000,IMP,13,13,2011
33010436,734961,4642655,IMP,13,13,2011
33010437,735471,4642650,IMP,13,13,2011
33010438,736408,4642660,IMP,13,13,2011
33010464,713153,4680701,MBC,13,13,2012
33010465,713304,4680553,MBC,13,13,2012
33010466,715512,4678144,MBC,13,13,2012
33010467,716204,4677598,MBC,13,13,2012
33010468,716355,4677496,MBC,13,13,2012
33010469,716665,4676948,MBC,13,13,2012
33010470,717008,4676492,MBC,13,13,2012
33010471,717863,4676203,MBC,13,13,2012
33010472,717852,4676149,MBC,13,13,2012
33010473,719707,4675554,MBC,13,13,2012
33010474,719751,4675502,MBC,13,13,2012
33010475,719703,4675451,MBC,13,13,2012
33010476,722659,4674651,MBC,13,13,2012
33010477,723857,4673852,MBC,13,13,2012
33010478,724263,4673597,MBC,13,13,2012
33010479,724657,4673501,MBC,13,13,2012
33010480,724751,4673353,MBC,13,13,2012
33010481,730555,4670849,MBC,13,13,2012
33010482,731252,4668845,MBC,13,13,2012
33010483,731311,4668699,MBC,13,13,2012
33010484,732302,4667697,MBC,13,13,2012
33010485,734905,4665452,MBC,13,13,2012
33010486,734509,4665352,MBC,13,13,2012
33010487,734804,4663401,MBC,13,13,2012
33010488,734208,4662845,MBC,13,13,2012
33010489,734804,4662803,MBC,13,13,2012
33010490,734609,4662700,MBC,13,13,2012
33010491,734658,4661302,MBC,13,13,2012
33010492,734805,4658502,MBC,13,13,2012
33010493,734449,4658253,MBC,13,13,2012
33010494,735006,4658250,MBC,13,13,2012
33010495,735613,4657743,MBC,13,13,2012
33010496,735706,4657650,MBC,13,13,2012
33010497,735904,4657551,MBC,13,13,2012
33010498,736011,4657349,MBC,13,13,2012
33010499,735349,4657300,MBC,13,13,2012
33010500,736009,4657154,MBC,13,13,2012
33010501,735853,4655798,MBC,13,13,2012
33010502,736553,4655747,MBC,13,13,2012
33010503,736601,4655650,MBC,13,13,2012
33010504,736810,4655249,MBC,13,13,2012
33010505,736556,4655147,MBC,13,13,2012
33010506,736203,4654958,MBC,13,13,2012
33010507,736955,4654655,MBC,13,13,2012
33010508,736957,4654443,MBC,13,13,2012
33010509,736858,4654253,MBC,13,13,2012
33010510,736960,4654208,MBC,13,13,2012
33010511,736618,4653702,MBC,13,13,2012
33010512,736855,4653300,MBC,13,13,2012
33010513,736761,4653252,MBC,13,13,2012
33010514,736915,4652999,MBC,13,13,2012
33010515,736408,4652954,MBC,13,13,2012
33010516,736755,4652852,MBC,13,13,2012
33010517,736408,4652755,MBC,13,13,2012
33010518,736510,4652751,MBC,13,13,2012
33010519,736758,4652752,MBC,13,13,2012
33010520,736707,4652602,MBC,13,13,2012
33010521,736658,4652449,MBC,13,13,2012
33010522,736707,4652302,MBC,13,13,2012
33010523,736401,4652252,MBC,13,13,2012
33010524,736459,4652206,MBC,13,13,2012
33010525,736505,4652102,MBC,13,13,2012
33010526,736605,4652002,MBC,13,13,2012
33010527,736407,4651950,MBC,13,13,2012
33010528,736356,4651702,MBC,13,13,2012
33010529,736552,4651350,MBC,13,13,2012
33010530,736353,4651095,MBC,13,13,2012
33010531,736361,4650898,MBC,13,13,2012
33010532,736006,4650051,MBC,13,13,2012
33010533,735256,4649905,MBC,13,13,2012
33010534,735551,4649696,MBC,13,13,2012
33010535,735512,4649492,MBC,13,13,2012
33010536,735457,4649451,MBC,13,13,2012
33010537,735205,4648753,MBC,13,13,2012
33010538,735148,4648297,MBC,13,13,2012
33010539,735452,4647153,MBC,13,13,2012
33010540,735556,4646906,MBC,13,13,2012
33010541,735708,4646591,MBC,13,13,2012
33010542,736059,4645896,MBC,13,13,2012
33010543,736405,4644297,MBC,13,13,2012
33010544,714414,4678947,SC,13,13,2012
33010545,715703,4678397,SC,13,13,2012
33010546,715958,4677892,SC,13,13,2012
33010547,718553,4676349,SC,13,13,2012
33010548,717055,4676297,SC,13,13,2012
33010549,717113,4676204,SC,13,13,2012
33010550,719566,4676051,SC,13,13,2012
33010551,717807,4675900,SC,13,13,2012
33010552,727201,4672999,SC,13,13,2012
33010553,729250,4671952,SC,13,13,2012
33010554,727105,4671701,SC,13,13,2012
33010555,729999,4671554,SC,13,13,2012
33010556,730051,4671452,SC,13,13,2012
33010557,730356,4671357,SC,13,13,2012
33010558,730155,4671250,SC,13,13,2012
33010559,727688,4671011,SC,13,13,2012
33010560,730457,4671001,SC,13,13,2012
33010561,728029,4670353,SC,13,13,2012
33010562,730406,4670101,SC,13,13,2012
33010563,733251,4668299,SC,13,13,2012
33010564,734809,4667644,SC,13,13,2012
33010565,731864,4667207,SC,13,13,2012
33010566,733407,4665110,SC,13,13,2012
33010567,733857,4663601,SC,13,13,2012
33010568,735354,4662805,SC,13,13,2012
33010569,733863,4661854,SC,13,13,2012
33010570,735203,4660951,SC,13,13,2012
33010571,734911,4660199,SC,13,13,2012
33010572,733863,4659301,SC,13,13,2012
33010573,735356,4659312,SC,13,13,2012
33010574,735466,4658405,SC,13,13,2012
33010575,735758,4657852,SC,13,13,2012
33010576,734806,4657704,SC,13,13,2012
33010577,736660,4657300,SC,13,13,2012
33010578,736660,4657243,SC,13,13,2012
33010579,735456,4656903,SC,13,13,2012
33010580,734906,4656850,SC,13,13,2012
33010581,734864,4656704,SC,13,13,2012
33010582,736406,4656643,SC,13,13,2012
33010583,735257,4656250,SC,13,13,2012
33010584,735709,4656258,SC,13,13,2012
33010585,735253,4656197,SC,13,13,2012
33010586,735863,4656056,SC,13,13,2012
33010587,735304,4656050,SC,13,13,2012
33010588,735052,4655851,SC,13,13,2012
33010589,735356,4655655,SC,13,13,2012
33010590,735756,4655100,SC,13,13,2012
33010591,735848,4654797,SC,13,13,2012
33010592,735907,4654352,SC,13,13,2012
33010593,735359,4654057,SC,13,13,2012
33010594,716204,4680548,BWC,13,13,2012
33010595,715451,4679901,BWC,13,13,2012
33010596,715756,4679704,BWC,13,13,2012
33010597,716155,4679503,BWC,13,13,2012
33010598,716055,4679001,BWC,13,13,2012
33010599,718256,4677302,BWC,13,13,2012
33010600,717790,4677269,BWC,13,13,2012
33010601,718456,4677150,BWC,13,13,2012
33010602,717404,4677005,BWC,13,13,2012
33010603,719061,4676952,BWC,13,13,2012
33010604,719110,4676902,BWC,13,13,2012
33010605,719701,4676848,BWC,13,13,2012
33010606,719654,4676451,BWC,13,13,2012
33010607,725356,4673701,BWC,13,13,2012
33010608,726204,4670794,BWC,13,13,2012
33010609,727505,4670757,BWC,13,13,2012
33010610,726960,4670454,BWC,13,13,2012
33010611,727553,4670449,BWC,13,13,2012
33010612,726459,4670294,BWC,13,13,2012
33010613,727459,4670301,BWC,13,13,2012
33010614,727754,4670257,BWC,13,13,2012
33010616,729415,4670099,BWC,13,13,2012
33010617,729654,4670053,BWC,13,13,2012
33010619,726457,4669997,BWC,13,13,2012
33010620,729107,4670003,BWC,13,13,2012
33010621,728705,4669945,BWC,13,13,2012
33010622,731960,4669800,BWC,13,13,2012
33010623,726404,4669799,BWC,13,13,2012
33010625,733603,4669497,BWC,13,13,2012
33010626,733108,4669349,BWC,13,13,2012
33010627,732505,4669149,BWC,13,13,2012
33010628,733456,4668798,BWC,13,13,2012
33010629,730413,4668752,BWC,13,13,2012
33010630,733856,4668656,BWC,13,13,2012
33010631,732756,4668597,BWC,13,13,2012
33010632,733857,4668550,BWC,13,13,2012
33010633,734202,4668307,BWC,13,13,2012
33010634,734346,4668303,BWC,13,13,2012
33010635,734605,4668254,BWC,13,13,2012
33010636,730951,4668204,BWC,13,13,2012
33010637,734349,4668096,BWC,13,13,2012
33010638,733906,4664448,BWC,13,13,2012
33010639,733908,4663900,BWC,13,13,2012
33010640,732811,4663853,BWC,13,13,2012
33010641,733162,4663455,BWC,13,13,2012
33010642,732860,4663397,BWC,13,13,2012
33010643,733010,4662907,BWC,13,13,2012
33010644,732512,4662650,BWC,13,13,2012
33010645,732608,4662599,BWC,13,13,2012
33010646,733406,4662550,BWC,13,13,2012
33010647,734754,4662547,BWC,13,13,2012
33010648,734954,4662345,BWC,13,13,2012
33010649,732851,4662307,BWC,13,13,2012
33010650,732960,4662253,BWC,13,13,2012
33010651,733314,4662204,BWC,13,13,2012
33010652,734606,4662097,BWC,13,13,2012
33010653,734951,4661250,BWC,13,13,2012
33010654,736107,4661049,BWC,13,13,2012
33010655,736554,4660901,BWC,13,13,2012
33010656,736659,4660749,BWC,13,13,2012
33010657,735359,4660753,BWC,13,13,2012
33010658,736850,4660553,BWC,13,13,2012
33010659,736202,4660499,BWC,13,13,2012
33010660,736808,4660502,BWC,13,13,2012
33010661,735909,4660202,BWC,13,13,2012
33010662,736362,4659996,BWC,13,13,2012
33010663,733510,4659895,BWC,13,13,2012
33010664,733456,4659855,BWC,13,13,2012
33010665,736607,4659752,BWC,13,13,2012
33010666,737263,4659302,BWC,13,13,2012
33010667,734064,4659307,BWC,13,13,2012
33010668,736408,4658950,BWC,13,13,2012
33010669,737057,4658856,BWC,13,13,2012
33010670,735971,4658808,BWC,13,13,2012
33010671,737111,4658803,BWC,13,13,2012
33010672,738006,4658801,BWC,13,13,2012
33010673,737456,4658753,BWC,13,13,2012
33010674,737708,4658703,BWC,13,13,2012
33010675,735705,4658398,BWC,13,13,2012
33010676,737661,4658349,BWC,13,13,2012
33010677,737509,4658305,BWC,13,13,2012
33010678,737910,4658298,BWC,13,13,2012
33010679,738111,4658202,BWC,13,13,2012
33010680,738305,4658151,BWC,13,13,2012
33010681,736009,4657852,BWC,13,13,2012
33010682,736857,4657852,BWC,13,13,2012
33010683,737212,4657810,BWC,13,13,2012
33010684,737565,4657601,BWC,13,13,2012
33010685,737907,4657594,BWC,13,13,2012
33010686,738005,4657350,BWC,13,13,2012
33010687,737908,4656703,BWC,13,13,2012
33010688,737156,4656703,BWC,13,13,2012
33010689,735407,4656508,BWC,13,13,2012
33010690,738005,4656402,BWC,13,13,2012
33010691,735509,4656205,BWC,13,13,2012
33010692,737806,4656198,BWC,13,13,2012
33010693,737962,4655706,BWC,13,13,2012
33010694,735158,4655702,BWC,13,13,2012
33010695,735457,4655249,BWC,13,13,2012
33010696,735311,4654906,BWC,13,13,2012
33010697,737459,4654853,BWC,13,13,2012
33010698,735608,4653946,BWC,13,13,2012
33010699,735606,4653804,BWC,13,13,2012
33010700,735510,4653750,BWC,13,13,2012
33010701,735605,4653247,BWC,13,13,2012
33010703,735762,4653109,BWC,13,13,2012
33010704,737354,4653005,BWC,13,13,2012
33010705,735110,4652147,BWC,13,13,2012
33010706,735356,4651754,BWC,13,13,2012
33010707,738756,4649650,BWC,13,13,2012
33010708,738857,4648599,BWC,13,13,2012
33010709,738950,4648526,BWC,13,13,2012
33010710,739105,4648150,BWC,13,13,2012
33010711,739405,4647051,BWC,13,13,2012
33010712,739014,4645603,BWC,13,13,2012
33010713,738805,4644751,BWC,13,13,2012
33010714,736013,4651995,IMP,13,13,2012
33010715,735560,4651856,IMP,13,13,2012
33010716,736157,4651798,IMP,13,13,2012
33010717,737559,4651400,IMP,13,13,2012
33010718,735959,4651051,IMP,13,13,2012
33010719,735355,4650852,IMP,13,13,2012
33010720,735556,4650855,IMP,13,13,2012
33010721,736707,4650848,IMP,13,13,2012
33010722,734854,4650646,IMP,13,13,2012
33010723,737453,4650602,IMP,13,13,2012
33010724,736908,4650598,IMP,13,13,2012
33010725,737303,4650598,IMP,13,13,2012
33010727,734853,4650501,IMP,13,13,2012
33010729,736306,4650395,IMP,13,13,2012
33010730,734057,4650350,IMP,13,13,2012
33010731,736309,4650351,IMP,13,13,2012
33010732,736356,4650352,IMP,13,13,2012
33010734,735158,4650297,IMP,13,13,2012
33010735,738207,4650302,IMP,13,13,2012
33010736,737916,4650100,IMP,13,13,2012
33010737,737306,4650000,IMP,13,13,2012
33010738,738314,4650001,IMP,13,13,2012
33010739,737806,4649949,IMP,13,13,2012
33010740,736113,4649944,IMP,13,13,2012
33010741,736956,4649955,IMP,13,13,2012
33010742,734209,4649854,IMP,13,13,2012
33010743,736809,4649803,IMP,13,13,2012
33010744,734004,4649749,IMP,13,13,2012
33010745,736058,4649752,IMP,13,13,2012
33010746,737056,4649701,IMP,13,13,2012
33010747,737205,4649695,IMP,13,13,2012
33010748,736164,4649705,IMP,13,13,2012
33010749,737806,4649648,IMP,13,13,2012
33010750,737456,4649596,IMP,13,13,2012
33010751,734910,4649558,IMP,13,13,2012
33010752,736509,4649550,IMP,13,13,2012
33010753,736807,4649500,IMP,13,13,2012
33010754,737408,4649496,IMP,13,13,2012
33010755,736159,4649499,IMP,13,13,2012
33010756,736708,4649498,IMP,13,13,2012
33010757,733809,4649451,IMP,13,13,2012
33010758,736955,4649452,IMP,13,13,2012
33010759,736207,4649452,IMP,13,13,2012
33010760,736960,4649352,IMP,13,13,2012
33010761,734357,4649250,IMP,13,13,2012
33010762,737207,4649257,IMP,13,13,2012
33010763,737555,4649098,IMP,13,13,2012
33010764,734506,4649049,IMP,13,13,2012
33010765,737161,4649000,IMP,13,13,2012
33010766,737403,4648997,IMP,13,13,2012
33010767,736356,4648998,IMP,13,13,2012
33010768,735401,4648948,IMP,13,13,2012
33010769,737961,4648900,IMP,13,13,2012
33010770,738754,4648898,IMP,13,13,2012
33010771,736560,4648898,IMP,13,13,2012
33010772,734105,4648802,IMP,13,13,2012
33010773,736709,4648804,IMP,13,13,2012
33010774,733907,4648801,IMP,13,13,2012
33010775,735554,4648749,IMP,13,13,2012
33010776,734157,4648699,IMP,13,13,2012
33010777,735404,4648702,IMP,13,13,2012
33010778,736550,4648696,IMP,13,13,2012
33010779,738059,4648643,IMP,13,13,2012
33010780,738212,4648646,IMP,13,13,2012
33010781,737706,4648601,IMP,13,13,2012
33010782,734510,4660602,IMP,13,13,2012
33010783,738310,4648553,IMP,13,13,2012
33010784,736604,4648555,IMP,13,13,2012
33010785,737506,4648354,IMP,13,13,2012
33010786,738059,4648196,IMP,13,13,2012
33010787,738304,4648197,IMP,13,13,2012
33010788,738158,4648102,IMP,13,13,2012
33010789,738257,4647992,IMP,13,13,2012
33010790,734510,4648001,IMP,13,13,2012
33010791,736303,4647896,IMP,13,13,2012
33010792,733757,4647846,IMP,13,13,2012
33010793,734065,4647853,IMP,13,13,2012
33010794,735554,4647847,IMP,13,13,2012
33010795,737809,4647798,IMP,13,13,2012
33010796,733608,4647800,IMP,13,13,2012
33010797,735506,4647751,IMP,13,13,2012
33010798,736299,4647751,IMP,13,13,2012
33010799,737251,4647703,IMP,13,13,2012
33010800,733613,4647653,IMP,13,13,2012
33010801,734062,4647549,IMP,13,13,2012
33010802,737959,4647499,IMP,13,13,2012
33010803,738254,4647502,IMP,13,13,2012
33010804,736757,4647402,IMP,13,13,2012
33010805,736306,4647349,IMP,13,13,2012
33010806,736255,4647153,IMP,13,13,2012
33010807,734952,4647095,IMP,13,13,2012
33010808,736949,4647003,IMP,13,13,2012
33010809,735904,4646855,IMP,13,13,2012
33010810,737656,4646598,IMP,13,13,2012
33010811,738257,4646557,IMP,13,13,2012
33010812,734799,4646550,IMP,13,13,2012
33010813,736456,4646549,IMP,13,13,2012
33010814,737910,4646548,IMP,13,13,2012
33010815,736459,4646500,IMP,13,13,2012
33010816,737598,4646448,IMP,13,13,2012
33010817,738105,4646303,IMP,13,13,2012
33010818,734004,4646302,IMP,13,13,2012
33010819,734358,4646301,IMP,13,13,2012
33010820,738209,4646250,IMP,13,13,2012
33010821,733664,4646203,IMP,13,13,2012
33010822,736954,4646151,IMP,13,13,2012
33010823,734608,4645949,IMP,13,13,2012
33010824,734503,4645893,IMP,13,13,2012
33010825,734761,4645895,IMP,13,13,2012
33010826,735715,4645898,IMP,13,13,2012
33010827,735512,4645852,IMP,13,13,2012
33010828,738054,4645806,IMP,13,13,2012
33010829,736208,4645800,IMP,13,13,2012
33010830,737660,4645757,IMP,13,13,2012
33010831,737153,4645550,IMP,13,13,2012
33010832,737652,4645442,IMP,13,13,2012
33010833,734257,4645407,IMP,13,13,2012
33010834,737203,4645355,IMP,13,13,2012
33010835,734653,4645246,IMP,13,13,2012
33010836,734759,4645201,IMP,13,13,2012
33010837,737008,4645156,IMP,13,13,2012
33010838,735502,4645048,IMP,13,13,2012
33010839,735209,4644901,IMP,13,13,2012
33010840,733962,4644847,IMP,13,13,2012
33010841,735110,4644747,IMP,13,13,2012
33010842,737653,4644753,IMP,13,13,2012
33010843,736956,4644704,IMP,13,13,2012
33010844,738408,4644703,IMP,13,13,2012
33010845,735449,4644552,IMP,13,13,2012
33010846,734357,4644500,IMP,13,13,2012
33010847,737403,4644450,IMP,13,13,2012
33010848,738360,4644402,IMP,13,13,2012
33010849,735256,4644399,IMP,13,13,2012
33010850,736902,4644404,IMP,13,13,2012
33010851,738257,4644351,IMP,13,13,2012
33010852,734003,4644346,IMP,13,13,2012
33010853,737454,4644352,IMP,13,13,2012
33010854,735652,4644300,IMP,13,13,2012
33010855,735798,4644299,IMP,13,13,2012
33010856,733910,4644201,IMP,13,13,2012
33010857,734158,4644200,IMP,13,13,2012
33010858,734759,4644103,IMP,13,13,2012
33010859,737658,4644047,IMP,13,13,2012
33010860,734761,4644001,IMP,13,13,2012
33010861,737757,4643857,IMP,13,13,2012
33010862,734356,4643847,IMP,13,13,2012
33010863,735009,4643803,IMP,13,13,2012
33010864,736509,4643751,IMP,13,13,2012
33010865,733956,4643701,IMP,13,13,2012
33010866,735311,4643702,IMP,13,13,2012
33010867,736655,4643697,IMP,13,13,2012
33010868,734554,4643653,IMP,13,13,2012
33010869,735711,4643653,IMP,13,13,2012
33010870,738101,4643599,IMP,13,13,2012
33010871,735162,4643607,IMP,13,13,2012
33010872,734957,4643554,IMP,13,13,2012
33010873,736909,4643551,IMP,13,13,2012
33010874,737258,4643496,IMP,13,13,2012
33010875,737409,4643449,IMP,13,13,2012
33010876,735309,4643401,IMP,13,13,2012
33010877,737861,4643359,IMP,13,13,2012
33010878,736702,4643345,IMP,13,13,2012
33010879,735503,4643296,IMP,13,13,2012
33010880,735608,4643254,IMP,13,13,2012
33010881,737406,4643203,IMP,13,13,2012
33010882,735513,4643151,IMP,13,13,2012
33010883,735665,4643156,IMP,13,13,2012
33010884,737211,4643103,IMP,13,13,2012
33010885,737553,4642904,IMP,13,13,2012
33010886,736556,4642897,IMP,13,13,2012
33010887,736612,4642798,IMP,13,13,2012
33010888,735257,4642552,IMP,13,13,2012
33010916,713407,4681416,MBC,13,13,2013
33010917,713258,4680917,MBC,13,13,2013
33010918,714356,4679561,MBC,13,13,2013
33010920,715966,4677517,MBC,13,13,2013
33010921,716110,4677315,MBC,13,13,2013
33010922,717413,4676613,MBC,13,13,2013
33010923,717603,4676463,MBC,13,13,2013
33010924,718560,4676415,MBC,13,13,2013
33010925,718058,4676216,MBC,13,13,2013
33010926,720156,4675805,MBC,13,13,2013
33010927,720066,4675766,MBC,13,13,2013
33010928,720313,4675661,MBC,13,13,2013
33010929,722615,4674666,MBC,13,13,2013
33010930,723203,4674473,MBC,13,13,2013
33010931,723408,4674271,MBC,13,13,2013
33010932,723707,4674115,MBC,13,13,2013
33010934,724165,4673671,MBC,13,13,2013
33010935,724710,4673462,MBC,13,13,2013
33010936,728551,4672171,MBC,13,13,2013
33010937,730310,4671166,MBC,13,13,2013
33010939,733860,4667361,MBC,13,13,2013
33010940,734799,4663768,MBC,13,13,2013
33010941,734900,4663759,MBC,13,13,2013
33010942,734806,4663714,MBC,13,13,2013
33010943,734856,4663663,MBC,13,13,2013
33010944,734706,4663515,MBC,13,13,2013
33010945,734605,4662863,MBC,13,13,2013
33010946,734549,4662361,MBC,13,13,2013
33010947,734706,4661067,MBC,13,13,2013
33010949,734851,4658814,MBC,13,13,2013
33010950,735305,4657622,MBC,13,13,2013
33010951,735753,4657615,MBC,13,13,2013
33010952,735947,4657518,MBC,13,13,2013
33010953,735503,4657413,MBC,13,13,2013
33010954,735759,4657117,MBC,13,13,2013
33010955,735908,4656321,MBC,13,13,2013
33010956,735907,4656116,MBC,13,13,2013
33010957,736604,4655611,MBC,13,13,2013
33010960,736902,4655321,MBC,13,13,2013
33010961,736358,4654659,MBC,13,13,2013
33010962,736857,4654566,MBC,13,13,2013
33010963,736849,4654369,MBC,13,13,2013
33010964,736617,4653968,MBC,13,13,2013
33010965,736767,4653715,MBC,13,13,2013
33010966,736458,4653564,MBC,13,13,2013
33010967,736547,4653465,MBC,13,13,2013
33010968,737010,4653162,MBC,13,13,2013
33010969,736906,4653116,MBC,13,13,2013
33010970,736348,4652917,MBC,13,13,2013
33010971,736350,4652874,MBC,13,13,2013
33010972,736514,4652864,MBC,13,13,2013
33010973,736955,4652206,MBC,13,13,2013
33010974,736404,4652077,MBC,13,13,2013
33010975,736202,4651714,MBC,13,13,2013
33010976,736403,4651269,MBC,13,13,2013
33010977,736151,4651018,MBC,13,13,2013
33010978,736154,4650811,MBC,13,13,2013
33010979,736004,4650425,MBC,13,13,2013
33010980,735257,4649167,MBC,13,13,2013
33010981,735157,4648772,MBC,13,13,2013
33010982,735554,4647164,MBC,13,13,2013
33010983,735860,4646613,MBC,13,13,2013
33010984,736058,4646563,MBC,13,13,2013
33010985,735905,4646366,MBC,13,13,2013
33010986,736013,4646367,MBC,13,13,2013
33010987,736110,4646017,MBC,13,13,2013
33010988,736157,4645765,MBC,13,13,2013
33010989,736454,4644766,MBC,13,13,2013
33010990,736504,4644616,MBC,13,13,2013
33010991,735760,4643366,MBC,13,13,2013
33010992,735809,4643259,MBC,13,13,2013
33010995,714510,4679159,SC,13,13,2013
33010997,715413,4678022,SC,13,13,2013
33010998,716604,4676803,SC,13,13,2013
33010999,719554,4676313,SC,13,13,2013
33011002,725663,4673567,SC,13,13,2013
33011009,730360,4671525,SC,13,13,2013
33011011,732855,4668019,SC,13,13,2013
33011014,733407,4666457,SC,13,13,2013
33011015,733698,4665523,SC,13,13,2013
33011017,734909,4663419,SC,13,13,2013
33011018,734108,4663263,SC,13,13,2013
33011020,734055,4662721,SC,13,13,2013
33011021,735465,4660369,SC,13,13,2013
33011022,734310,4658971,SC,13,13,2013
33011023,736602,4657668,SC,13,13,2013
33011025,735362,4657366,SC,13,13,2013
33011027,734854,4657119,SC,13,13,2013
33011028,736664,4657121,SC,13,13,2013
33011029,734956,4657021,SC,13,13,2013
33011031,735303,4656421,SC,13,13,2013
33011034,735797,4655921,SC,13,13,2013
33011035,735457,4655866,SC,13,13,2013
33011036,737914,4655526,SC,13,13,2013
33011037,736006,4655361,SC,13,13,2013
33011038,736152,4655216,SC,13,13,2013
33011040,736056,4654875,SC,13,13,2013
33011041,735853,4654721,SC,13,13,2013
33011042,737703,4654669,SC,13,13,2013
33011043,737605,4654520,SC,13,13,2013
33011045,715405,4680208,BWC,13,13,2013
33011047,716305,4679424,BWC,13,13,2013
33011048,716753,4678268,BWC,13,13,2013
33011049,719005,4677814,BWC,13,13,2013
33011050,717550,4677618,BWC,13,13,2013
33011051,719406,4677110,BWC,13,13,2013
33011053,720260,4676268,BWC,13,13,2013
33011057,725057,4672977,BWC,13,13,2013
33011061,726412,4670922,BWC,13,13,2013
33011062,726203,4670867,BWC,13,13,2013
33011064,725705,4670513,BWC,13,13,2013
33011065,729508,4670369,BWC,13,13,2013
33011066,727556,4670313,BWC,13,13,2013
33011067,726204,4670273,BWC,13,13,2013
33011068,726253,4670270,BWC,13,13,2013
33011071,726407,4670170,BWC,13,13,2013
33011073,733303,4669813,BWC,13,13,2013
33011074,733408,4669773,BWC,13,13,2013
33011075,730108,4669769,BWC,13,13,2013
33011076,733610,4669567,BWC,13,13,2013
33011077,732002,4669415,BWC,13,13,2013
33011078,733257,4669415,BWC,13,13,2013
33011080,733712,4669359,BWC,13,13,2013
33011081,733660,4669313,BWC,13,13,2013
33011082,733657,4669265,BWC,13,13,2013
33011083,733412,4669217,BWC,13,13,2013
33011084,733204,4668868,BWC,13,13,2013
33011085,734155,4668722,BWC,13,13,2013
33011086,734010,4668624,BWC,13,13,2013
33011087,733406,4668566,BWC,13,13,2013
33011088,733802,4668365,BWC,13,13,2013
33011089,734004,4665970,BWC,13,13,2013
33011092,732405,4664611,BWC,13,13,2013
33011093,733811,4664571,BWC,13,13,2013
33011094,733005,4664064,BWC,13,13,2013
33011095,733806,4663970,BWC,13,13,2013
33011096,732558,4663119,BWC,13,13,2013
33011097,735100,4662519,BWC,13,13,2013
33011098,735008,4661663,BWC,13,13,2013
33011100,734957,4661412,BWC,13,13,2013
33011102,735358,4661069,BWC,13,13,2013
33011103,737259,4660817,BWC,13,13,2013
33011104,736160,4660718,BWC,13,13,2013
33011105,736558,4660368,BWC,13,13,2013
33011106,736357,4660316,BWC,13,13,2013
33011107,736004,4660164,BWC,13,13,2013
33011108,737108,4660070,BWC,13,13,2013
33011109,736959,4659970,BWC,13,13,2013
33011110,733705,4659920,BWC,13,13,2013
33011111,735802,4659926,BWC,13,13,2013
33011112,733607,4659868,BWC,13,13,2013
33011113,737356,4659816,BWC,13,13,2013
33011114,737861,4659663,BWC,13,13,2013
33011115,736604,4659515,BWC,13,13,2013
33011116,736555,4659370,BWC,13,13,2013
33011117,736458,4659119,BWC,13,13,2013
33011118,736250,4658917,BWC,13,13,2013
33011119,737559,4658916,BWC,13,13,2013
33011122,736209,4658765,BWC,13,13,2013
33011123,736355,4658666,BWC,13,13,2013
33011124,738263,4658466,BWC,13,13,2013
33011125,736655,4658367,BWC,13,13,2013
33011126,736263,4658270,BWC,13,13,2013
33011127,736359,4658218,BWC,13,13,2013
33011128,736111,4658169,BWC,13,13,2013
33011129,736855,4658119,BWC,13,13,2013
33011130,737912,4658119,BWC,13,13,2013
33011131,737715,4658069,BWC,13,13,2013
33011132,737859,4657669,BWC,13,13,2013
33011133,737507,4657568,BWC,13,13,2013
33011134,737956,4657424,BWC,13,13,2013
33011135,738008,4657418,BWC,13,13,2013
33011136,737710,4657369,BWC,13,13,2013
33011137,737909,4657375,BWC,13,13,2013
33011138,738412,4657318,BWC,13,13,2013
33011139,738106,4657159,BWC,13,13,2013
33011140,737811,4656665,BWC,13,13,2013
33011141,738059,4656212,BWC,13,13,2013
33011143,736807,4656215,BWC,13,13,2013
33011144,737905,4655812,BWC,13,13,2013
33011145,737906,4655669,BWC,13,13,2013
33011146,737397,4655624,BWC,13,13,2013
33011147,737007,4655268,BWC,13,13,2013
33011148,737555,4655165,BWC,13,13,2013
33011149,737254,4655015,BWC,13,13,2013
33011150,737606,4654821,BWC,13,13,2013
33011151,737453,4654617,BWC,13,13,2013
33011152,735501,4654475,BWC,13,13,2013
33011153,735704,4653555,BWC,13,13,2013
33011154,735750,4653514,BWC,13,13,2013
33011156,735851,4653363,BWC,13,13,2013
33011157,737365,4653316,BWC,13,13,2013
33011158,737414,4653170,BWC,13,13,2013
33011159,735454,4653070,BWC,13,13,2013
33011160,734856,4652072,BWC,13,13,2013
33011161,739405,4646460,BWC,13,13,2013
33011162,739351,4646314,BWC,13,13,2013
33011163,738607,4645572,BWC,13,13,2013
33011164,735760,4653163,IMP,13,13,2013
33011165,735605,4652968,IMP,13,13,2013
33011166,737656,4652664,IMP,13,13,2013
33011167,737554,4652560,IMP,13,13,2013
33011168,735606,4652260,IMP,13,13,2013
33011169,735655,4652211,IMP,13,13,2013
33011170,737758,4651769,IMP,13,13,2013
33011171,735907,4651416,IMP,13,13,2013
33011172,735959,4651369,IMP,13,13,2013
33011173,737254,4651362,IMP,13,13,2013
33011174,737803,4651108,IMP,13,13,2013
33011176,735405,4651068,IMP,13,13,2013
33011177,737502,4651064,IMP,13,13,2013
33011178,737755,4651066,IMP,13,13,2013
33011179,735308,4651019,IMP,13,13,2013
33011180,738048,4651019,IMP,13,13,2013
33011181,737607,4650966,IMP,13,13,2013
33011183,737099,4650912,IMP,13,13,2013
33011184,733904,4650862,IMP,13,13,2013
33011185,734007,4650866,IMP,13,13,2013
33011186,734548,4650762,IMP,13,13,2013
33011187,737504,4650768,IMP,13,13,2013
33011188,735310,4650670,IMP,13,13,2013
33011189,734206,4650618,IMP,13,13,2013
33011191,736609,4650621,IMP,13,13,2013
33011192,735608,4650624,IMP,13,13,2013
33011193,737656,4650557,IMP,13,13,2013
33011194,734507,4650520,IMP,13,13,2013
33011195,734903,4650471,IMP,13,13,2013
33011196,734305,4650413,IMP,13,13,2013
33011197,737711,4650371,IMP,13,13,2013
33011198,735161,4650367,IMP,13,13,2013
33011199,736957,4650363,IMP,13,13,2013
33011200,734806,4650312,IMP,13,13,2013
33011201,735262,4650323,IMP,13,13,2013
33011202,737057,4650112,IMP,13,13,2013
33011203,736508,4650116,IMP,13,13,2013
33011204,737607,4650063,IMP,13,13,2013
33011205,737007,4649967,IMP,13,13,2013
33011206,737303,4649917,IMP,13,13,2013
33011207,735910,4649865,IMP,13,13,2013
33011208,733657,4649816,IMP,13,13,2013
33011209,736558,4649764,IMP,13,13,2013
33011210,738406,4649669,IMP,13,13,2013
33011211,737809,4649611,IMP,13,13,2013
33011212,737706,4649519,IMP,13,13,2013
33011213,736212,4649514,IMP,13,13,2013
33011214,738560,4649466,IMP,13,13,2013
33011215,738709,4649417,IMP,13,13,2013
33011217,736007,4649420,IMP,13,13,2013
33011218,737361,4649366,IMP,13,13,2013
33011219,737507,4649373,IMP,13,13,2013
33011220,734698,4649367,IMP,13,13,2013
33011221,735863,4649321,IMP,13,13,2013
33011222,738355,4649267,IMP,13,13,2013
33011223,736007,4649267,IMP,13,13,2013
33011224,735496,4649065,IMP,13,13,2013
33011225,736060,4649071,IMP,13,13,2013
33011226,738707,4649019,IMP,13,13,2013
33011227,738265,4648968,IMP,13,13,2013
33011228,736351,4648972,IMP,13,13,2013
33011229,737008,4648918,IMP,13,13,2013
33011230,736254,4648863,IMP,13,13,2013
33011231,737157,4648821,IMP,13,13,2013
33011232,738062,4648818,IMP,13,13,2013
33011233,738656,4648817,IMP,13,13,2013
33011234,737756,4648770,IMP,13,13,2013
33011235,736703,4648617,IMP,13,13,2013
33011236,734455,4648466,IMP,13,13,2013
33011237,736255,4648476,IMP,13,13,2013
33011238,737804,4648414,IMP,13,13,2013
33011239,734157,4648418,IMP,13,13,2013
33011240,735452,4648360,IMP,13,13,2013
33011241,737111,4648259,IMP,13,13,2013
33011242,733851,4648264,IMP,13,13,2013
33011243,736062,4648169,IMP,13,13,2013
33011244,734009,4648121,IMP,13,13,2013
33011245,736606,4648115,IMP,13,13,2013
33011246,737608,4648063,IMP,13,13,2013
33011248,734111,4648019,IMP,13,13,2013
33011249,738058,4647965,IMP,13,13,2013
33011250,736754,4647822,IMP,13,13,2013
33011251,737411,4647761,IMP,13,13,2013
33011252,738153,4647763,IMP,13,13,2013
33011253,734457,4647669,IMP,13,13,2013
33011254,736057,4647520,IMP,13,13,2013
33011255,737812,4647516,IMP,13,13,2013
33011256,737756,4647419,IMP,13,13,2013
33011257,734752,4647359,IMP,13,13,2013
33011258,734802,4647362,IMP,13,13,2013
33011259,736351,4647320,IMP,13,13,2013
33011260,733654,4647213,IMP,13,13,2013
33011261,733859,4647167,IMP,13,13,2013
33011262,737258,4647113,IMP,13,13,2013
33011263,735960,4647026,IMP,13,13,2013
33011264,738302,4646923,IMP,13,13,2013
33011265,733706,4646867,IMP,13,13,2013
33011266,737055,4646717,IMP,13,13,2013
33011267,735456,4646659,IMP,13,13,2013
33011268,738158,4646616,IMP,13,13,2013
33011269,737610,4646619,IMP,13,13,2013
33011270,734965,4646571,IMP,13,13,2013
33011271,737004,4646517,IMP,13,13,2013
33011272,738155,4646462,IMP,13,13,2013
33011273,735502,4646416,IMP,13,13,2013
33011274,736957,4646371,IMP,13,13,2013
33011275,734063,4646317,IMP,13,13,2013
33011276,733812,4646269,IMP,13,13,2013
33011277,736757,4646116,IMP,13,13,2013
33011278,735607,4646016,IMP,13,13,2013
33011279,737255,4645966,IMP,13,13,2013
33011280,737255,4645914,IMP,13,13,2013
33011281,735158,4645814,IMP,13,13,2013
33011282,737559,4645814,IMP,13,13,2013
33011283,737455,4645718,IMP,13,13,2013
33011284,737304,4645707,IMP,13,13,2013
33011285,736854,4645612,IMP,13,13,2013
33011286,737955,4645560,IMP,13,13,2013
33011287,736455,4645565,IMP,13,13,2013
33011288,736605,4645465,IMP,13,13,2013
33011289,735560,4645422,IMP,13,13,2013
33011290,735463,4645363,IMP,13,13,2013
33011291,734754,4645269,IMP,13,13,2013
33011292,735762,4645218,IMP,13,13,2013
33011293,735260,4645120,IMP,13,13,2013
33011294,738002,4645074,IMP,13,13,2013
33011295,736757,4645067,IMP,13,13,2013
33011296,738010,4645015,IMP,13,13,2013
33011297,733859,4645025,IMP,13,13,2013
33011298,735308,4645010,IMP,13,13,2013
33011299,737108,4645025,IMP,13,13,2013
33011300,737752,4645022,IMP,13,13,2013
33011301,735063,4644672,IMP,13,13,2013
33011302,735362,4644516,IMP,13,13,2013
33011303,735706,4644524,IMP,13,13,2013
33011304,736950,4644514,IMP,13,13,2013
33011305,734108,4644467,IMP,13,13,2013
33011306,735704,4644460,IMP,13,13,2013
33011307,734053,4644407,IMP,13,13,2013
33011308,733956,4644362,IMP,13,13,2013
33011309,734509,4644372,IMP,13,13,2013
33011310,737360,4644361,IMP,13,13,2013
33011311,736946,4644215,IMP,13,13,2013
33011312,734455,4644116,IMP,13,13,2013
33011313,735009,4644119,IMP,13,13,2013
33011314,737204,4644111,IMP,13,13,2013
33011316,737054,4644062,IMP,13,13,2013
33011317,737310,4644064,IMP,13,13,2013
33011318,735912,4644018,IMP,13,13,2013
33011319,737755,4643967,IMP,13,13,2013
33011320,736703,4643860,IMP,13,13,2013
33011321,737156,4643869,IMP,13,13,2013
33011322,735412,4643811,IMP,13,13,2013
33011323,735803,4643811,IMP,13,13,2013
33011324,737660,4643719,IMP,13,13,2013
33011325,735504,4643713,IMP,13,13,2013
33011326,735160,4643672,IMP,13,13,2013
33011327,735504,4643669,IMP,13,13,2013
33011328,735401,4643624,IMP,13,13,2013
33011329,734460,4643564,IMP,13,13,2013
33011330,734414,4643463,IMP,13,13,2013
33011331,736611,4643411,IMP,13,13,2013
33011332,737604,4643168,IMP,13,13,2013
33011333,734659,4642920,IMP,13,13,2013
33011334,736359,4642862,IMP,13,13,2013
33011335,735365,4642819,IMP,13,13,2013
33011336,735315,4642765,IMP,13,13,2013
33011337,736454,4642767,IMP,13,13,2013
33011338,734513,4642612,IMP,13,13,2013
33011364,713203,4681444,MBC,13,13,2014
33011365,713313,4680547,MBC,13,13,2014
33011366,713704,4680150,MBC,13,13,2014
33011367,714000,4679794,MBC,13,13,2014
33011368,716707,4676902,MBC,13,13,2014
33011369,716857,4676799,MBC,13,13,2014
33011370,717257,4676650,MBC,13,13,2014
33011371,717109,4676454,MBC,13,13,2014
33011372,717413,4676405,MBC,13,13,2014
33011373,717409,4676353,MBC,13,13,2014
33011374,717613,4676157,MBC,13,13,2014
33011375,717713,4676153,MBC,13,13,2014
33011376,718261,4675803,MBC,13,13,2014
33011377,719515,4675555,MBC,13,13,2014
33011378,720260,4675553,MBC,13,13,2014
33011379,719609,4675497,MBC,13,13,2014
33011380,720157,4675499,MBC,13,13,2014
33011381,720314,4675508,MBC,13,13,2014
33011382,722202,4674748,MBC,13,13,2014
33011383,722962,4674449,MBC,13,13,2014
33011384,723161,4674396,MBC,13,13,2014
33011385,723213,4674093,MBC,13,13,2014
33011386,723303,4674094,MBC,13,13,2014
33011387,723510,4674102,MBC,13,13,2014
33011388,724466,4673496,MBC,13,13,2014
33011389,724564,4673499,MBC,13,13,2014
33011390,724707,4673494,MBC,13,13,2014
33011391,724417,4673305,MBC,13,13,2014
33011392,727408,4672100,MBC,13,13,2014
33011393,727857,4671950,MBC,13,13,2014
33011394,729109,4671592,MBC,13,13,2014
33011395,730812,4670652,MBC,13,13,2014
33011396,730955,4668797,MBC,13,13,2014
33011397,732959,4667507,MBC,13,13,2014
33011398,733110,4667501,MBC,13,13,2014
33011399,734508,4665406,MBC,13,13,2014
33011400,734959,4664000,MBC,13,13,2014
33011401,734303,4663855,MBC,13,13,2014
33011402,734358,4663751,MBC,13,13,2014
33011403,734850,4663249,MBC,13,13,2014
33011404,734857,4663151,MBC,13,13,2014
33011405,734062,4662245,MBC,13,13,2014
33011406,734205,4660299,MBC,13,13,2014
33011407,734805,4659750,MBC,13,13,2014
33011408,734905,4659349,MBC,13,13,2014
33011409,734759,4658600,MBC,13,13,2014
33011410,734356,4658548,MBC,13,13,2014
33011411,734856,4658351,MBC,13,13,2014
33011412,735004,4658304,MBC,13,13,2014
33011413,735407,4658097,MBC,13,13,2014
33011414,736014,4657202,MBC,13,13,2014
33011415,735956,4656000,MBC,13,13,2014
33011416,736547,4655747,MBC,13,13,2014
33011417,736598,4655048,MBC,13,13,2014
33011418,736959,4654794,MBC,13,13,2014
33011419,736862,4654750,MBC,13,13,2014
33011420,736959,4654553,MBC,13,13,2014
33011421,736863,4654353,MBC,13,13,2014
33011422,736864,4653096,MBC,13,13,2014
33011423,736756,4653049,MBC,13,13,2014
33011424,736858,4652999,MBC,13,13,2014
33011425,736505,4652752,MBC,13,13,2014
33011426,736456,4652501,MBC,13,13,2014
33011427,736462,4652350,MBC,13,13,2014
33011428,736504,4652103,MBC,13,13,2014
33011429,736859,4651797,MBC,13,13,2014
33011430,736459,4651099,MBC,13,13,2014
33011431,736106,4650447,MBC,13,13,2014
33011432,735206,4649802,MBC,13,13,2014
33011433,735805,4649646,MBC,13,13,2014
33011434,735508,4649295,MBC,13,13,2014
33011435,735202,4648645,MBC,13,13,2014
33011436,735261,4648449,MBC,13,13,2014
33011437,735260,4648158,MBC,13,13,2014
33011438,735413,4647203,MBC,13,13,2014
33011439,735556,4646949,MBC,13,13,2014
33011440,736053,4646145,MBC,13,13,2014
33011441,736110,4645693,MBC,13,13,2014
33011442,736404,4644343,MBC,13,13,2014
33011443,735854,4643457,MBC,13,13,2014
33011444,713655,4679898,SC,13,13,2014
33011445,713562,4679855,SC,13,13,2014
33011446,714207,4679500,SC,13,13,2014
33011447,714099,4679299,SC,13,13,2014
33011448,714316,4679202,SC,13,13,2014
33011449,715053,4679200,SC,13,13,2014
33011450,715062,4679151,SC,13,13,2014
33011451,716006,4678108,SC,13,13,2014
33011452,717553,4676048,SC,13,13,2014
33011453,717615,4676003,SC,13,13,2014
33011454,720752,4674700,SC,13,13,2014
33011455,720752,4674652,SC,13,13,2014
33011456,720854,4674602,SC,13,13,2014
33011457,720859,4674547,SC,13,13,2014
33011458,726155,4673450,SC,13,13,2014
33011459,725759,4673299,SC,13,13,2014
33011460,726360,4673258,SC,13,13,2014
33011461,727852,4672647,SC,13,13,2014
33011462,726957,4672048,SC,13,13,2014
33011463,729159,4672000,SC,13,13,2014
33011464,729308,4672001,SC,13,13,2014
33011465,727157,4671705,SC,13,13,2014
33011466,729462,4671558,SC,13,13,2014
33011467,727453,4671251,SC,13,13,2014
33011468,729906,4671254,SC,13,13,2014
33011469,730357,4670145,SC,13,13,2014
33011470,732758,4668357,SC,13,13,2014
33011471,733555,4662445,SC,13,13,2014
33011472,734060,4662399,SC,13,13,2014
33011473,735309,4661552,SC,13,13,2014
33011474,735357,4658548,SC,13,13,2014
33011475,734560,4657651,SC,13,13,2014
33011476,736511,4657502,SC,13,13,2014
33011478,734961,4657253,SC,13,13,2014
33011479,735502,4656805,SC,13,13,2014
33011480,736461,4656596,SC,13,13,2014
33011481,736507,4656552,SC,13,13,2014
33011482,735807,4656157,SC,13,13,2014
33011483,735159,4655949,SC,13,13,2014
33011484,735509,4655752,SC,13,13,2014
33011485,735054,4655653,SC,13,13,2014
33011486,737913,4655306,SC,13,13,2014
33011487,735956,4654405,SC,13,13,2014
33011488,736256,4653349,SC,13,13,2014
33011489,736103,4653100,SC,13,13,2014
33011490,735160,4650444,SC,13,13,2014
33011491,734904,4650048,SC,13,13,2014
33011492,734853,4649852,SC,13,13,2014
33011493,734846,4648502,SC,13,13,2014
33011494,714353,4681548,BWC,13,13,2014
33011495,715354,4681098,BWC,13,13,2014
33011496,713605,4680951,BWC,13,13,2014
33011497,713752,4680852,BWC,13,13,2014
33011498,716309,4679902,BWC,13,13,2014
33011499,716860,4677750,BWC,13,13,2014
33011500,719162,4677054,BWC,13,13,2014
33011501,720052,4676398,BWC,13,13,2014
33011502,721404,4674504,BWC,13,13,2014
33011503,724558,4674004,BWC,13,13,2014
33011504,725055,4673658,BWC,13,13,2014
33011505,727305,4671050,BWC,13,13,2014
33011506,727054,4670897,BWC,13,13,2014
33011507,726302,4670705,BWC,13,13,2014
33011508,728659,4670553,BWC,13,13,2014
33011509,725951,4670502,BWC,13,13,2014
33011510,727507,4670450,BWC,13,13,2014
33011511,729510,4670446,BWC,13,13,2014
33011512,727804,4670400,BWC,13,13,2014
33011514,725956,4670251,BWC,13,13,2014
33011515,729852,4670156,BWC,13,13,2014
33011516,726508,4670104,BWC,13,13,2014
33011517,729906,4670000,BWC,13,13,2014
33011518,729156,4669648,BWC,13,13,2014
33011519,733205,4669351,BWC,13,13,2014
33011520,732655,4669099,BWC,13,13,2014
33011521,733461,4668950,BWC,13,13,2014
33011522,732510,4668906,BWC,13,13,2014
33011523,732653,4668902,BWC,13,13,2014
33011524,733257,4668852,BWC,13,13,2014
33011525,732702,4668754,BWC,13,13,2014
33011526,734156,4668651,BWC,13,13,2014
33011527,731006,4668053,BWC,13,13,2014
33011529,734308,4667948,BWC,13,13,2014
33011530,734460,4667851,BWC,13,13,2014
33011531,734008,4665752,BWC,13,13,2014
33011532,733658,4664852,BWC,13,13,2014
33011533,733009,4664698,BWC,13,13,2014
33011535,732559,4664251,BWC,13,13,2014
33011536,733757,4664053,BWC,13,13,2014
33011537,733054,4663600,BWC,13,13,2014
33011538,732808,4663201,BWC,13,13,2014
33011539,733560,4662749,BWC,13,13,2014
33011540,732608,4662649,BWC,13,13,2014
33011541,733311,4662292,BWC,13,13,2014
33011542,733209,4662001,BWC,13,13,2014
33011544,734956,4661503,BWC,13,13,2014
33011545,735360,4661103,BWC,13,13,2014
33011546,737504,4660847,BWC,13,13,2014
33011547,734907,4660809,BWC,13,13,2014
33011548,734907,4660756,BWC,13,13,2014
33011549,737359,4660497,BWC,13,13,2014
33011550,737459,4660502,BWC,13,13,2014
33011551,737501,4660502,BWC,13,13,2014
33011552,735903,4660453,BWC,13,13,2014
33011553,736008,4660451,BWC,13,13,2014
33011554,736355,4660451,BWC,13,13,2014
33011555,737602,4660453,BWC,13,13,2014
33011556,736756,4660351,BWC,13,13,2014
33011557,737907,4660301,BWC,13,13,2014
33011558,738002,4660154,BWC,13,13,2014
33011559,736906,4660055,BWC,13,13,2014
33011560,736203,4659853,BWC,13,13,2014
33011561,737305,4659700,BWC,13,13,2014
33011562,737358,4659496,BWC,13,13,2014
33011563,737206,4659451,BWC,13,13,2014
33011564,737010,4659409,BWC,13,13,2014
33011565,736207,4659304,BWC,13,13,2014
33011566,738261,4659252,BWC,13,13,2014
33011567,734154,4659246,BWC,13,13,2014
33011568,737358,4659196,BWC,13,13,2014
33011569,738155,4659049,BWC,13,13,2014
33011570,735718,4658942,BWC,13,13,2014
33011571,737209,4658903,BWC,13,13,2014
33011572,738160,4658453,BWC,13,13,2014
33011573,737658,4658346,BWC,13,13,2014
33011574,738252,4658349,BWC,13,13,2014
33011575,737505,4658303,BWC,13,13,2014
33011576,736808,4658154,BWC,13,13,2014
33011577,737955,4658102,BWC,13,13,2014
33011578,736659,4657946,BWC,13,13,2014
33011579,737609,4657656,BWC,13,13,2014
33011580,737511,4657501,BWC,13,13,2014
33011581,737703,4657349,BWC,13,13,2014
33011582,737709,4657304,BWC,13,13,2014
33011583,737562,4657204,BWC,13,13,2014
33011584,737953,4657104,BWC,13,13,2014
33011585,738012,4657109,BWC,13,13,2014
33011586,738505,4656845,BWC,13,13,2014
33011587,735308,4656702,BWC,13,13,2014
33011588,737650,4656652,BWC,13,13,2014
33011589,737609,4656454,BWC,13,13,2014
33011590,737905,4656400,BWC,13,13,2014
33011591,737559,4656254,BWC,13,13,2014
33011592,737358,4655904,BWC,13,13,2014
33011593,737263,4655745,BWC,13,13,2014
33011594,737756,4655754,BWC,13,13,2014
33011595,737103,4655695,BWC,13,13,2014
33011596,735557,4654655,BWC,13,13,2014
33011597,737455,4654451,BWC,13,13,2014
33011598,735458,4654201,BWC,13,13,2014
33011599,735657,4654200,BWC,13,13,2014
33011600,737456,4654151,BWC,13,13,2014
33011601,735456,4654002,BWC,13,13,2014
33011602,735912,4654003,BWC,13,13,2014
33011603,735954,4653957,BWC,13,13,2014
33011604,737397,4653900,BWC,13,13,2014
33011605,737455,4653808,BWC,13,13,2014
33011606,737308,4653301,BWC,13,13,2014
33011607,735455,4652653,BWC,13,13,2014
33011608,735259,4652301,BWC,13,13,2014
33011609,736906,4651847,BWC,13,13,2014
33011610,739311,4647205,BWC,13,13,2014
33011611,739454,4646952,BWC,13,13,2014
33011612,739208,4645352,BWC,13,13,2014
33011613,739005,4645202,BWC,13,13,2014
33011614,736004,4652950,IMP,13,13,2014
33011616,735659,4652856,IMP,13,13,2014
33011617,735753,4652597,IMP,13,13,2014
33011618,737456,4651652,IMP,13,13,2014
33011619,736059,4651608,IMP,13,13,2014
33011621,737101,4651551,IMP,13,13,2014
33011622,737111,4651451,IMP,13,13,2014
33011623,737304,4651449,IMP,13,13,2014
33011624,736056,4651349,IMP,13,13,2014
33011625,735263,4651343,IMP,13,13,2014
33011626,737357,4651305,IMP,13,13,2014
33011627,737608,4651299,IMP,13,13,2014
33011628,738053,4651148,IMP,13,13,2014
33011629,737805,4651050,IMP,13,13,2014
33011630,737110,4651010,IMP,13,13,2014
33011631,737455,4651001,IMP,13,13,2014
33011632,737749,4650998,IMP,13,13,2014
33011633,735311,4650802,IMP,13,13,2014
33011634,735452,4650799,IMP,13,13,2014
33011635,735811,4650807,IMP,13,13,2014
33011636,733856,4650752,IMP,13,13,2014
33011637,737758,4650750,IMP,13,13,2014
33011638,737810,4650752,IMP,13,13,2014
33011639,734309,4650697,IMP,13,13,2014
33011640,738050,4650646,IMP,13,13,2014
33011641,736707,4650501,IMP,13,13,2014
33011642,737656,4650505,IMP,13,13,2014
33011643,737810,4650450,IMP,13,13,2014
33011645,734807,4650303,IMP,13,13,2014
33011646,734104,4650247,IMP,13,13,2014
33011647,736402,4650253,IMP,13,13,2014
33011648,733706,4650150,IMP,13,13,2014
33011649,738009,4650155,IMP,13,13,2014
33011650,733858,4650098,IMP,13,13,2014
33011651,733904,4650099,IMP,13,13,2014
33011652,734154,4650101,IMP,13,13,2014
33011653,737857,4650003,IMP,13,13,2014
33011654,736407,4649897,IMP,13,13,2014
33011655,733956,4649800,IMP,13,13,2014
33011656,734105,4649697,IMP,13,13,2014
33011657,738061,4649704,IMP,13,13,2014
33011658,737798,4649554,IMP,13,13,2014
33011659,737008,4649451,IMP,13,13,2014
33011660,737908,4649401,IMP,13,13,2014
33011661,734960,4649407,IMP,13,13,2014
33011662,733956,4649342,IMP,13,13,2014
33011663,737354,4649149,IMP,13,13,2014
33011664,737402,4649150,IMP,13,13,2014
33011665,738255,4649148,IMP,13,13,2014
33011666,735515,4648955,IMP,13,13,2014
33011667,736263,4648903,IMP,13,13,2014
33011668,738203,4648847,IMP,13,13,2014
33011669,738515,4648846,IMP,13,13,2014
33011670,738558,4648798,IMP,13,13,2014
33011671,735558,4648754,IMP,13,13,2014
33011672,737456,4648651,IMP,13,13,2014
33011673,735363,4648658,IMP,13,13,2014
33011674,735453,4648654,IMP,13,13,2014
33011675,736255,4648643,IMP,13,13,2014
33011676,734656,4648605,IMP,13,13,2014
33011677,735409,4648607,IMP,13,13,2014
33011678,735908,4648603,IMP,13,13,2014
33011679,737358,4648549,IMP,13,13,2014
33011680,736558,4648553,IMP,13,13,2014
33011681,737909,4648355,IMP,13,13,2014
33011682,734660,4648299,IMP,13,13,2014
33011683,736606,4648197,IMP,13,13,2014
33011684,734359,4648102,IMP,13,13,2014
33011685,737912,4648050,IMP,13,13,2014
33011686,734154,4647949,IMP,13,13,2014
33011687,736405,4647957,IMP,13,13,2014
33011688,736507,4647944,IMP,13,13,2014
33011689,736656,4647907,IMP,13,13,2014
33011690,736807,4647844,IMP,13,13,2014
33011691,733605,4647801,IMP,13,13,2014
33011692,734006,4647751,IMP,13,13,2014
33011693,737015,4647698,IMP,13,13,2014
33011694,735857,4647647,IMP,13,13,2014
33011695,734106,4647603,IMP,13,13,2014
33011696,735355,4647559,IMP,13,13,2014
33011697,734511,4647454,IMP,13,13,2014
33011698,737806,4647451,IMP,13,13,2014
33011699,738156,4647454,IMP,13,13,2014
33011700,734259,4647406,IMP,13,13,2014
33011701,734511,4647351,IMP,13,13,2014
33011702,738002,4647251,IMP,13,13,2014
33011703,735960,4647202,IMP,13,13,2014
33011704,736458,4647199,IMP,13,13,2014
33011705,738208,4647151,IMP,13,13,2014
33011706,734008,4647060,IMP,13,13,2014
33011707,737199,4647000,IMP,13,13,2014
33011708,736758,4647004,IMP,13,13,2014
33011709,737704,4646809,IMP,13,13,2014
33011710,738355,4646753,IMP,13,13,2014
33011711,736208,4646752,IMP,13,13,2014
33011712,736409,4646754,IMP,13,13,2014
33011713,738254,4646701,IMP,13,13,2014
33011714,734803,4646650,IMP,13,13,2014
33011715,734804,4646545,IMP,13,13,2014
33011716,738055,4646442,IMP,13,13,2014
33011717,734309,4646396,IMP,13,13,2014
33011718,735208,4646348,IMP,13,13,2014
33011719,736757,4646348,IMP,13,13,2014
33011720,737205,4646346,IMP,13,13,2014
33011721,736713,4646203,IMP,13,13,2014
33011722,735056,4646147,IMP,13,13,2014
33011723,737153,4646150,IMP,13,13,2014
33011724,735250,4646097,IMP,13,13,2014
33011725,734899,4645998,IMP,13,13,2014
33011726,735302,4645899,IMP,13,13,2014
33011727,733851,4645850,IMP,13,13,2014
33011728,735109,4645799,IMP,13,13,2014
33011729,737302,4645801,IMP,13,13,2014
33011730,734704,4645698,IMP,13,13,2014
33011731,735104,4645645,IMP,13,13,2014
33011732,736557,4645652,IMP,13,13,2014
33011733,737509,4645641,IMP,13,13,2014
33011734,733765,4645450,IMP,13,13,2014
33011736,734657,4645395,IMP,13,13,2014
33011737,737201,4645247,IMP,13,13,2014
33011738,734412,4645196,IMP,13,13,2014
33011739,734861,4645202,IMP,13,13,2014
33011740,736705,4645196,IMP,13,13,2014
33011741,737210,4645153,IMP,13,13,2014
33011742,734809,4644996,IMP,13,13,2014
33011743,735209,4644851,IMP,13,13,2014
33011744,735757,4644852,IMP,13,13,2014
33011745,735156,4644800,IMP,13,13,2014
33011746,735607,4644802,IMP,13,13,2014
33011747,734757,4644752,IMP,13,13,2014
33011748,735157,4644699,IMP,13,13,2014
33011749,737804,4644598,IMP,13,13,2014
33011750,735702,4644545,IMP,13,13,2014
33011751,736851,4644504,IMP,13,13,2014
33011752,733805,4644503,IMP,13,13,2014
33011753,734554,4644398,IMP,13,13,2014
33011754,737303,4644202,IMP,13,13,2014
33011755,734006,4644150,IMP,13,13,2014
33011756,735003,4643999,IMP,13,13,2014
33011757,735150,4644006,IMP,13,13,2014
33011758,735408,4643997,IMP,13,13,2014
33011759,736854,4643949,IMP,13,13,2014
33011760,737307,4643952,IMP,13,13,2014
33011761,736547,4643798,IMP,13,13,2014
33011762,737606,4643802,IMP,13,13,2014
33011763,734656,4643749,IMP,13,13,2014
33011764,734257,4643650,IMP,13,13,2014
33011765,735710,4643643,IMP,13,13,2014
33011766,734754,4643602,IMP,13,13,2014
33011767,737157,4643600,IMP,13,13,2014
33011768,737813,4643547,IMP,13,13,2014
33011769,737904,4643549,IMP,13,13,2014
33011770,735004,4643559,IMP,13,13,2014
33011771,737055,4643555,IMP,13,13,2014
33011772,736701,4643506,IMP,13,13,2014
33011773,737206,4643451,IMP,13,13,2014
33011774,735009,4643452,IMP,13,13,2014
33011775,734661,4643402,IMP,13,13,2014
33011776,736499,4643348,IMP,13,13,2014
33011777,736707,4643305,IMP,13,13,2014
33011778,736758,4643250,IMP,13,13,2014
33011779,734203,4643201,IMP,13,13,2014
33011780,737206,4643201,IMP,13,13,2014
33011781,735055,4642953,IMP,13,13,2014
33011782,735556,4642901,IMP,13,13,2014
33011783,735409,4642800,IMP,13,13,2014
33011784,737009,4642700,IMP,13,13,2014
33011785,737160,4642701,IMP,13,13,2014
33011786,736900,4642653,IMP,13,13,2014
33011787,734506,4642606,IMP,13,13,2014
33011788,734749,4642606,IMP,13,13,2014
33011814,713115,4681400,MBC,13,13,2015
33011815,713607,4680900,MBC,13,13,2015
33011816,713204,4680649,MBC,13,13,2015
33011817,713863,4679951,MBC,13,13,2015
33011818,714411,4679302,MBC,13,13,2015
33011819,715062,4678953,MBC,13,13,2015
33011820,715104,4678698,MBC,13,13,2015
33011821,716009,4677749,MBC,13,13,2015
33011822,716508,4676897,MBC,13,13,2015
33011823,716249,4676899,MBC,13,13,2015
33011824,716759,4676695,MBC,13,13,2015
33011825,717314,4676599,MBC,13,13,2015
33011826,717105,4676504,MBC,13,13,2015
33011827,717305,4676506,MBC,13,13,2015
33011828,717456,4676441,MBC,13,13,2015
33011829,717559,4676447,MBC,13,13,2015
33011830,717304,4676396,MBC,13,13,2015
33011831,717613,4676146,MBC,13,13,2015
33011832,717850,4676058,MBC,13,13,2015
33011833,720064,4675603,MBC,13,13,2015
33011834,719861,4675555,MBC,13,13,2015
33011835,720359,4675446,MBC,13,13,2015
33011836,720210,4675408,MBC,13,13,2015
33011837,722603,4674603,MBC,13,13,2015
33011838,723001,4674550,MBC,13,13,2015
33011839,723053,4674508,MBC,13,13,2015
33011840,721804,4674460,MBC,13,13,2015
33011841,723302,4674248,MBC,13,13,2015
33011842,723358,4674200,MBC,13,13,2015
33011843,723448,4674107,MBC,13,13,2015
33011844,725012,4673295,MBC,13,13,2015
33011845,728559,4671958,MBC,13,13,2015
33011846,727904,4671908,MBC,13,13,2015
33011847,729208,4671543,MBC,13,13,2015
33011848,729812,4671203,MBC,13,13,2015
33011849,730306,4670953,MBC,13,13,2015
33011850,730748,4670658,MBC,13,13,2015
33011851,730958,4668839,MBC,13,13,2015
33011856,734105,4659905,MBC,13,13,2015
33011857,735102,4658800,MBC,13,13,2015
33011858,734351,4658658,MBC,13,13,2015
33011859,734808,4658406,MBC,13,13,2015
33011860,734906,4658356,MBC,13,13,2015
33011861,735260,4658347,MBC,13,13,2015
33011862,734812,4657797,MBC,13,13,2015
33011863,735613,4657707,MBC,13,13,2015
33011864,736014,4657299,MBC,13,13,2015
33011865,735504,4657145,MBC,13,13,2015
33011866,736548,4655155,MBC,13,13,2015
33011867,736114,4655149,MBC,13,13,2015
33011868,736652,4655106,MBC,13,13,2015
33011869,737013,4654502,MBC,13,13,2015
33011870,736854,4654454,MBC,13,13,2015
33011871,736854,4653097,MBC,13,13,2015
33011872,736460,4652805,MBC,13,13,2015
33011873,736710,4652557,MBC,13,13,2015
33011875,736560,4652301,MBC,13,13,2015
33011876,736955,4652093,MBC,13,13,2015
33011877,736409,4651946,MBC,13,13,2015
33011878,736164,4651905,MBC,13,13,2015
33011879,736405,4651804,MBC,13,13,2015
33011880,736061,4651201,MBC,13,13,2015
33011881,736305,4650856,MBC,13,13,2015
33011882,735353,4650047,MBC,13,13,2015
33011883,735610,4649645,MBC,13,13,2015
33011884,735504,4649548,MBC,13,13,2015
33011885,735555,4649553,MBC,13,13,2015
33011886,735351,4649208,MBC,13,13,2015
33011887,735960,4646351,MBC,13,13,2015
33011888,736063,4645847,MBC,13,13,2015
33011889,736256,4645649,MBC,13,13,2015
33011890,736163,4645594,MBC,13,13,2015
33011891,736311,4644756,MBC,13,13,2015
33011892,736313,4644702,MBC,13,13,2015
33011894,714154,4680295,SC,13,13,2015
33011895,714248,4680156,SC,13,13,2015
33011896,713664,4679843,SC,13,13,2015
33011897,715561,4678446,SC,13,13,2015
33011898,716852,4677196,SC,13,13,2015
33011899,717360,4676094,SC,13,13,2015
33011900,717956,4675852,SC,13,13,2015
33011901,721303,4674552,SC,13,13,2015
33011902,721453,4674558,SC,13,13,2015
33011903,723360,4674449,SC,13,13,2015
33011904,723360,4674358,SC,13,13,2015
33011905,723813,4674097,SC,13,13,2015
33011906,725707,4673353,SC,13,13,2015
33011907,726007,4673347,SC,13,13,2015
33011908,727361,4673006,SC,13,13,2015
33011909,727555,4672996,SC,13,13,2015
33011910,728210,4672298,SC,13,13,2015
33011911,729110,4672107,SC,13,13,2015
33011912,729053,4672048,SC,13,13,2015
33011913,729005,4672058,SC,13,13,2015
33011914,729314,4671704,SC,13,13,2015
33011915,729999,4671646,SC,13,13,2015
33011916,730052,4671249,SC,13,13,2015
33011917,727745,4670947,SC,13,13,2015
33011918,730708,4670904,SC,13,13,2015
33011919,732857,4668006,SC,13,13,2015
33011920,733109,4667904,SC,13,13,2015
33011921,733407,4664750,SC,13,13,2015
33011922,733955,4663697,SC,13,13,2015
33011923,733155,4662800,SC,13,13,2015
33011924,734009,4662445,SC,13,13,2015
33011925,734010,4661548,SC,13,13,2015
33011926,734055,4659894,SC,13,13,2015
33011927,735562,4659305,SC,13,13,2015
33011928,735502,4659148,SC,13,13,2015
33011929,735506,4659048,SC,13,13,2015
33011930,735461,4659001,SC,13,13,2015
33011931,735456,4658493,SC,13,13,2015
33011932,734810,4657655,SC,13,13,2015
33011934,734610,4657498,SC,13,13,2015
33011936,735458,4656854,SC,13,13,2015
33011938,736508,4656701,SC,13,13,2015
33011939,736904,4656106,SC,13,13,2015
33011940,735664,4655796,SC,13,13,2015
33011941,735859,4654656,SC,13,13,2015
33011942,735452,4653804,SC,13,13,2015
33011943,735457,4651502,SC,13,13,2015
33011944,713813,4681747,BWC,13,13,2015
33011945,714015,4681449,BWC,13,13,2015
33011946,715456,4680144,BWC,13,13,2015
33011947,716157,4679552,BWC,13,13,2015
33011948,716256,4679398,BWC,13,13,2015
33011949,718659,4677403,BWC,13,13,2015
33011950,718461,4677399,BWC,13,13,2015
33011951,719415,4677102,BWC,13,13,2015
33011952,720157,4676246,BWC,13,13,2015
33011953,724949,4673799,BWC,13,13,2015
33011954,727107,4671248,BWC,13,13,2015
33011955,727253,4670798,BWC,13,13,2015
33011956,727554,4670751,BWC,13,13,2015
33011957,727409,4670402,BWC,13,13,2015
33011958,726360,4670249,BWC,13,13,2015
33011959,726004,4670149,BWC,13,13,2015
33011960,727358,4670052,BWC,13,13,2015
33011961,728546,4669948,BWC,13,13,2015
33011962,726306,4669902,BWC,13,13,2015
33011963,728906,4669843,BWC,13,13,2015
33011964,730105,4669856,BWC,13,13,2015
33011965,729158,4669559,BWC,13,13,2015
33011966,733603,4669452,BWC,13,13,2015
33011967,731800,4669398,BWC,13,13,2015
33011968,731962,4669401,BWC,13,13,2015
33011969,732152,4669303,BWC,13,13,2015
33011970,731905,4669254,BWC,13,13,2015
33011971,733803,4669206,BWC,13,13,2015
33011972,732208,4669148,BWC,13,13,2015
33011974,733404,4669004,BWC,13,13,2015
33011975,733857,4669002,BWC,13,13,2015
33011976,733755,4668707,BWC,13,13,2015
33011977,734303,4668558,BWC,13,13,2015
33011978,734005,4668453,BWC,13,13,2015
33011979,734456,4667955,BWC,13,13,2015
33011980,734406,4667858,BWC,13,13,2015
33011981,733959,4665948,BWC,13,13,2015
33011984,733153,4664802,BWC,13,13,2015
33011985,732753,4664562,BWC,13,13,2015
33011986,732860,4664099,BWC,13,13,2015
33011987,732507,4663952,BWC,13,13,2015
33011988,732404,4663203,BWC,13,13,2015
33011989,732403,4662898,BWC,13,13,2015
33011990,732906,4662551,BWC,13,13,2015
33011991,735006,4662296,BWC,13,13,2015
33011992,734861,4661906,BWC,13,13,2015
33011993,735355,4661350,BWC,13,13,2015
33011994,734854,4661303,BWC,13,13,2015
33011995,735862,4660853,BWC,13,13,2015
33011996,737060,4660602,BWC,13,13,2015
33011997,737756,4660599,BWC,13,13,2015
33011998,736508,4660399,BWC,13,13,2015
33011999,733860,4660252,BWC,13,13,2015
33012000,737761,4660251,BWC,13,13,2015
33012001,735807,4660201,BWC,13,13,2015
33012002,737208,4660053,BWC,13,13,2015
33012003,737354,4659952,BWC,13,13,2015
33012004,735908,4659898,BWC,13,13,2015
33012005,736508,4659701,BWC,13,13,2015
33012006,737058,4659704,BWC,13,13,2015
33012007,737353,4659702,BWC,13,13,2015
33012008,736859,4659600,BWC,13,13,2015
33012009,738107,4659603,BWC,13,13,2015
33012010,733750,4659504,BWC,13,13,2015
33012011,737454,4659502,BWC,13,13,2015
33012012,737806,4659501,BWC,13,13,2015
33012013,736305,4659398,BWC,13,13,2015
33012014,735707,4659302,BWC,13,13,2015
33012015,734110,4659300,BWC,13,13,2015
33012017,735961,4658850,BWC,13,13,2015
33012018,736557,4658804,BWC,13,13,2015
33012019,737260,4658751,BWC,13,13,2015
33012020,738055,4658753,BWC,13,13,2015
33012023,738058,4658497,BWC,13,13,2015
33012024,738106,4658447,BWC,13,13,2015
33012025,736210,4658254,BWC,13,13,2015
33012026,736905,4658248,BWC,13,13,2015
33012027,735653,4658200,BWC,13,13,2015
33012028,736112,4658102,BWC,13,13,2015
33012029,736411,4658051,BWC,13,13,2015
33012030,735860,4658000,BWC,13,13,2015
33012031,736260,4658000,BWC,13,13,2015
33012032,735905,4657953,BWC,13,13,2015
33012033,736912,4657896,BWC,13,13,2015
33012034,736860,4657847,BWC,13,13,2015
33012035,737412,4657803,BWC,13,13,2015
33012036,737203,4657699,BWC,13,13,2015
33012037,737606,4657655,BWC,13,13,2015
33012038,737259,4657549,BWC,13,13,2015
33012039,737465,4657200,BWC,13,13,2015
33012040,737157,4657001,BWC,13,13,2015
33012042,737710,4656754,BWC,13,13,2015
33012043,737305,4656401,BWC,13,13,2015
33012044,736756,4656252,BWC,13,13,2015
33012045,737211,4655753,BWC,13,13,2015
33012046,735153,4655400,BWC,13,13,2015
33012047,737760,4655050,BWC,13,13,2015
33012048,737164,4655055,BWC,13,13,2015
33012049,737760,4654702,BWC,13,13,2015
33012050,735406,4654708,BWC,13,13,2015
33012051,737451,4654149,BWC,13,13,2015
33012052,737207,4654104,BWC,13,13,2015
33012053,737557,4653994,BWC,13,13,2015
33012054,735904,4653198,BWC,13,13,2015
33012055,735059,4652499,BWC,13,13,2015
33012056,735159,4652157,BWC,13,13,2015
33012057,735253,4651849,BWC,13,13,2015
33012058,736952,4651855,BWC,13,13,2015
33012059,736963,4651704,BWC,13,13,2015
33012060,739308,4647707,BWC,13,13,2015
33012061,738904,4645699,BWC,13,13,2015
33012062,739352,4645702,BWC,13,13,2015
33012063,739007,4645447,BWC,13,13,2015
33012064,735961,4653052,IMP,13,13,2015
33012065,736013,4652855,IMP,13,13,2015
33012066,735962,4652501,IMP,13,13,2015
33012067,736158,4652502,IMP,13,13,2015
33012068,735911,4652048,IMP,13,13,2015
33012069,735511,4652004,IMP,13,13,2015
33012070,737663,4651951,IMP,13,13,2015
33012071,735512,4651851,IMP,13,13,2015
33012072,737312,4651650,IMP,13,13,2015
33012073,737458,4651602,IMP,13,13,2015
33012074,735854,4651503,IMP,13,13,2015
33012075,737858,4651256,IMP,13,13,2015
33012076,736704,4651096,IMP,13,13,2015
33012077,737257,4650951,IMP,13,13,2015
33012078,737609,4650803,IMP,13,13,2015
33012079,735309,4650750,IMP,13,13,2015
33012080,737108,4650704,IMP,13,13,2015
33012081,736404,4650658,IMP,13,13,2015
33012082,734007,4650602,IMP,13,13,2015
33012083,734507,4650502,IMP,13,13,2015
33012084,736356,4650503,IMP,13,13,2015
33012085,736558,4650403,IMP,13,13,2015
33012086,735210,4650306,IMP,13,13,2015
33012087,734055,4650248,IMP,13,13,2015
33012088,738359,4650255,IMP,13,13,2015
33012090,737411,4650104,IMP,13,13,2015
33012091,738457,4650105,IMP,13,13,2015
33012092,736661,4650049,IMP,13,13,2015
33012093,738054,4650054,IMP,13,13,2015
33012094,734808,4650003,IMP,13,13,2015
33012095,736809,4649852,IMP,13,13,2015
33012096,736558,4649805,IMP,13,13,2015
33012097,737208,4649705,IMP,13,13,2015
33012098,737808,4649709,IMP,13,13,2015
33012099,735008,4649700,IMP,13,13,2015
33012100,736503,4649705,IMP,13,13,2015
33012101,737510,4649649,IMP,13,13,2015
33012102,738509,4649609,IMP,13,13,2015
33012103,734653,4649550,IMP,13,13,2015
33012104,735956,4649510,IMP,13,13,2015
33012105,736011,4649503,IMP,13,13,2015
33012106,734207,4649451,IMP,13,13,2015
33012107,737256,4649454,IMP,13,13,2015
33012108,734955,4649455,IMP,13,13,2015
33012109,737308,4649408,IMP,13,13,2015
33012110,734955,4649402,IMP,13,13,2015
33012111,733712,4649347,IMP,13,13,2015
33012112,737304,4649354,IMP,13,13,2015
33012113,738312,4649355,IMP,13,13,2015
33012114,738054,4649303,IMP,13,13,2015
33012115,734107,4649247,IMP,13,13,2015
33012116,735455,4649199,IMP,13,13,2015
33012117,733962,4649104,IMP,13,13,2015
33012118,738510,4649057,IMP,13,13,2015
33012119,736563,4649054,IMP,13,13,2015
33012120,736660,4649054,IMP,13,13,2015
33012121,734610,4648954,IMP,13,13,2015
33012122,735957,4648954,IMP,13,13,2015
33012123,734051,4648901,IMP,13,13,2015
33012124,736857,4648909,IMP,13,13,2015
33012125,737812,4648903,IMP,13,13,2015
33012126,737358,4648860,IMP,13,13,2015
33012127,737705,4648850,IMP,13,13,2015
33012128,737457,4648756,IMP,13,13,2015
33012129,738612,4648650,IMP,13,13,2015
33012130,736755,4648608,IMP,13,13,2015
33012131,738107,4648605,IMP,13,13,2015
33012132,737607,4648508,IMP,13,13,2015
33012133,734251,4648450,IMP,13,13,2015
33012134,736604,4648398,IMP,13,13,2015
33012135,735704,4648356,IMP,13,13,2015
33012136,736266,4648355,IMP,13,13,2015
33012137,736060,4648251,IMP,13,13,2015
33012138,737707,4648198,IMP,13,13,2015
33012139,734209,4648201,IMP,13,13,2015
33012140,734506,4648093,IMP,13,13,2015
33012141,736302,4648107,IMP,13,13,2015
33012142,738360,4648098,IMP,13,13,2015
33012143,733612,4648095,IMP,13,13,2015
33012144,733803,4648049,IMP,13,13,2015
33012145,735357,4648053,IMP,13,13,2015
33012146,738204,4647944,IMP,13,13,2015
33012147,736813,4647703,IMP,13,13,2015
33012148,737455,4647710,IMP,13,13,2015
33012149,737314,4647653,IMP,13,13,2015
33012150,734853,4647642,IMP,13,13,2015
33012151,736601,4647644,IMP,13,13,2015
33012152,734007,4647606,IMP,13,13,2015
33012153,736718,4647299,IMP,13,13,2015
33012154,737507,4647253,IMP,13,13,2015
33012155,736412,4647257,IMP,13,13,2015
33012156,738154,4647250,IMP,13,13,2015
33012157,737061,4647154,IMP,13,13,2015
33012158,736006,4647101,IMP,13,13,2015
33012159,737363,4647054,IMP,13,13,2015
33012160,738107,4647051,IMP,13,13,2015
33012161,734613,4646946,IMP,13,13,2015
33012162,737851,4646949,IMP,13,13,2015
33012163,734209,4646796,IMP,13,13,2015
33012164,738008,4646800,IMP,13,13,2015
33012165,734712,4646648,IMP,13,13,2015
33012166,736358,4646645,IMP,13,13,2015
33012167,736011,4646503,IMP,13,13,2015
33012168,736560,4646400,IMP,13,13,2015
33012169,737210,4646399,IMP,13,13,2015
33012170,736313,4646354,IMP,13,13,2015
33012171,735261,4646295,IMP,13,13,2015
33012172,733957,4646253,IMP,13,13,2015
33012173,738209,4646049,IMP,13,13,2015
33012174,733813,4646001,IMP,13,13,2015
33012175,737855,4645999,IMP,13,13,2015
33012176,738048,4645956,IMP,13,13,2015
33012177,734606,4645944,IMP,13,13,2015
33012178,734011,4645849,IMP,13,13,2015
33012179,735159,4645850,IMP,13,13,2015
33012180,734965,4645796,IMP,13,13,2015
33012181,737051,4645802,IMP,13,13,2015
33012182,737112,4645799,IMP,13,13,2015
33012183,735410,4645749,IMP,13,13,2015
33012184,737703,4645697,IMP,13,13,2015
33012185,738102,4645652,IMP,13,13,2015
33012186,736312,4645645,IMP,13,13,2015
33012187,737208,4645498,IMP,13,13,2015
33012188,737004,4645460,IMP,13,13,2015
33012189,736557,4645404,IMP,13,13,2015
33012190,737707,4645396,IMP,13,13,2015
33012191,736812,4645345,IMP,13,13,2015
33012192,735666,4645300,IMP,13,13,2015
33012193,738106,4645253,IMP,13,13,2015
33012194,737808,4645202,IMP,13,13,2015
33012195,736760,4645141,IMP,13,13,2015
33012196,736858,4645144,IMP,13,13,2015
33012197,736309,4645050,IMP,13,13,2015
33012198,734612,4645002,IMP,13,13,2015
33012199,734401,4644853,IMP,13,13,2015
33012200,735863,4644849,IMP,13,13,2015
33012201,736815,4644798,IMP,13,13,2015
33012202,738114,4644653,IMP,13,13,2015
33012203,735257,4644647,IMP,13,13,2015
33012204,735162,4644544,IMP,13,13,2015
33012205,735461,4644448,IMP,13,13,2015
33012206,736012,4644242,IMP,13,13,2015
33012207,735564,4644199,IMP,13,13,2015
33012208,737215,4644104,IMP,13,13,2015
33012209,737458,4644104,IMP,13,13,2015
33012210,734658,4643998,IMP,13,13,2015
33012211,736902,4643952,IMP,13,13,2015
33012212,735253,4643849,IMP,13,13,2015
33012213,737659,4643853,IMP,13,13,2015
33012214,735202,4643800,IMP,13,13,2015
33012215,735456,4643794,IMP,13,13,2015
33012216,736953,4643797,IMP,13,13,2015
33012217,734159,4643700,IMP,13,13,2015
33012218,737605,4643701,IMP,13,13,2015
33012219,734009,4643653,IMP,13,13,2015
33012220,735713,4643598,IMP,13,13,2015
33012221,737159,4643600,IMP,13,13,2015
33012222,734461,4643542,IMP,13,13,2015
33012223,735861,4643544,IMP,13,13,2015
33012224,737110,4643552,IMP,13,13,2015
33012225,734110,4643504,IMP,13,13,2015
33012226,736757,4643353,IMP,13,13,2015
33012227,734152,4643204,IMP,13,13,2015
33012228,737555,4643200,IMP,13,13,2015
33012229,734360,4643153,IMP,13,13,2015
33012230,735307,4643099,IMP,13,13,2015
33012231,735357,4642948,IMP,13,13,2015
33012232,734506,4642851,IMP,13,13,2015
33012233,734961,4642848,IMP,13,13,2015
33012234,737402,4642801,IMP,13,13,2015
33012235,734705,4642699,IMP,13,13,2015
33012236,737161,4642703,IMP,13,13,2015
33012237,734364,4642558,IMP,13,13,2015
33012238,736154,4642552,IMP,13,13,2015
33012264,714664,4679099,MBC,13,13,2016
33012265,715362,4678252,MBC,13,13,2016
33012266,717056,4676506,MBC,13,13,2016
33012267,717315,4676499,MBC,13,13,2016
33012268,717462,4676452,MBC,13,13,2016
33012269,717659,4676256,MBC,13,13,2016
33012270,717817,4676248,MBC,13,13,2016
33012271,717563,4676200,MBC,13,13,2016
33012272,717460,4676198,MBC,13,13,2016
33012273,717857,4676045,MBC,13,13,2016
33012274,719059,4675639,MBC,13,13,2016
33012275,719960,4675599,MBC,13,13,2016
33012276,720018,4675604,MBC,13,13,2016
33012277,719851,4675555,MBC,13,13,2016
33012278,720001,4675359,MBC,13,13,2016
33012279,722105,4674699,MBC,13,13,2016
33012280,722611,4674555,MBC,13,13,2016
33012281,722652,4674561,MBC,13,13,2016
33012282,722903,4674551,MBC,13,13,2016
33012283,722760,4674457,MBC,13,13,2016
33012284,723005,4674447,MBC,13,13,2016
33012285,723209,4674249,MBC,13,13,2016
33012286,723205,4674198,MBC,13,13,2016
33012287,725009,4673147,MBC,13,13,2016
33012288,730900,4669005,MBC,13,13,2016
33012289,730957,4668697,MBC,13,13,2016
33012290,730956,4668604,MBC,13,13,2016
33012292,730903,4668549,MBC,13,13,2016
33012294,734006,4666948,MBC,13,13,2016
33012295,734462,4664860,MBC,13,13,2016
33012296,734807,4663598,MBC,13,13,2016
33012297,734809,4662950,MBC,13,13,2016
33012298,734706,4662599,MBC,13,13,2016
33012300,734651,4661307,MBC,13,13,2016
33012302,734962,4658346,MBC,13,13,2016
33012303,735468,4658151,MBC,13,13,2016
33012304,734556,4657898,MBC,13,13,2016
33012305,735609,4657788,MBC,13,13,2016
33012306,735865,4657602,MBC,13,13,2016
33012307,735911,4657443,MBC,13,13,2016
33012308,735862,4656454,MBC,13,13,2016
33012310,735905,4655746,MBC,13,13,2016
33012311,736605,4655251,MBC,13,13,2016
33012312,736709,4655198,MBC,13,13,2016
33012313,736552,4655147,MBC,13,13,2016
33012314,736959,4655051,MBC,13,13,2016
33012315,736903,4654504,MBC,13,13,2016
33012316,736959,4654051,MBC,13,13,2016
33012317,736607,4653594,MBC,13,13,2016
33012318,736607,4653496,MBC,13,13,2016
33012319,736502,4653394,MBC,13,13,2016
33012320,736405,4653100,MBC,13,13,2016
33012321,736512,4653059,MBC,13,13,2016
33012322,737009,4652936,MBC,13,13,2016
33012323,736497,4652852,MBC,13,13,2016
33012324,736700,4652752,MBC,13,13,2016
33012325,736808,4652753,MBC,13,13,2016
33012326,736652,4652702,MBC,13,13,2016
33012327,736555,4652653,MBC,13,13,2016
33012329,736659,4652499,MBC,13,13,2016
33012330,736557,4652248,MBC,13,13,2016
33012331,736663,4651540,MBC,13,13,2016
33012332,736355,4650701,MBC,13,13,2016
33012333,735555,4649546,MBC,13,13,2016
33012334,735209,4648352,MBC,13,13,2016
33012335,735261,4647593,MBC,13,13,2016
33012336,735411,4647094,MBC,13,13,2016
33012337,735409,4646994,MBC,13,13,2016
33012338,735563,4646848,MBC,13,13,2016
33012339,735652,4646697,MBC,13,13,2016
33012340,735905,4646145,MBC,13,13,2016
33012341,736209,4645245,MBC,13,13,2016
33012342,735854,4643400,MBC,13,13,2016
33012343,735813,4643099,MBC,13,13,2016
33012344,714203,4679151,SC,13,13,2016
33012345,714259,4679151,SC,13,13,2016
33012346,716707,4676544,SC,13,13,2016
33012347,717811,4676001,SC,13,13,2016
33012348,723652,4674306,SC,13,13,2016
33012349,726051,4673407,SC,13,13,2016
33012350,725609,4673353,SC,13,13,2016
33012351,727208,4673004,SC,13,13,2016
33012352,729006,4672050,SC,13,13,2016
33012353,729308,4671651,SC,13,13,2016
33012354,729618,4671506,SC,13,13,2016
33012355,730012,4670701,SC,13,13,2016
33012356,732951,4668349,SC,13,13,2016
33012358,732695,4668135,SC,13,13,2016
33012360,733120,4667902,SC,13,13,2016
33012361,732614,4667795,SC,13,13,2016
33012362,733109,4665748,SC,13,13,2016
33012364,734151,4663951,SC,13,13,2016
33012365,733898,4663661,SC,13,13,2016
33012366,733501,4663293,SC,13,13,2016
33012367,734055,4662498,SC,13,13,2016
33012368,735310,4660241,SC,13,13,2016
33012369,733907,4659106,SC,13,13,2016
33012370,735262,4658598,SC,13,13,2016
33012371,735765,4657852,SC,13,13,2016
33012372,734753,4657600,SC,13,13,2016
33012373,734759,4657400,SC,13,13,2016
33012375,734904,4657006,SC,13,13,2016
33012376,736257,4656802,SC,13,13,2016
33012378,736658,4656651,SC,13,13,2016
33012379,736759,4656553,SC,13,13,2016
33012380,736765,4656451,SC,13,13,2016
33012381,735409,4656097,SC,13,13,2016
33012382,736954,4656099,SC,13,13,2016
33012383,735364,4656056,SC,13,13,2016
33012384,735004,4655848,SC,13,13,2016
33012385,735454,4655595,SC,13,13,2016
33012386,735553,4655244,SC,13,13,2016
33012388,735198,4654850,SC,13,13,2016
33012391,735453,4651501,SC,13,13,2016
33012392,735158,4650489,SC,13,13,2016
33012393,735709,4647341,SC,13,13,2016
33012394,713916,4681497,BWC,13,13,2016
33012395,715058,4681058,BWC,13,13,2016
33012396,715907,4680555,BWC,13,13,2016
33012397,715700,4679700,BWC,13,13,2016
33012398,718706,4677504,BWC,13,13,2016
33012399,719208,4676853,BWC,13,13,2016
33012400,719760,4676648,BWC,13,13,2016
33012401,720215,4676351,BWC,13,13,2016
33012402,720611,4675888,BWC,13,13,2016
33012403,720855,4675646,BWC,13,13,2016
33012405,727213,4671144,BWC,13,13,2016
33012406,727605,4670707,BWC,13,13,2016
33012407,728312,4670651,BWC,13,13,2016
33012408,726153,4670598,BWC,13,13,2016
33012409,726360,4670595,BWC,13,13,2016
33012410,727209,4670548,BWC,13,13,2016
33012411,729099,4670246,BWC,13,13,2016
33012412,727658,4670100,BWC,13,13,2016
33012413,726108,4670055,BWC,13,13,2016
33012414,729353,4670054,BWC,13,13,2016
33012415,729158,4669553,BWC,13,13,2016
33012417,729460,4669402,BWC,13,13,2016
33012418,733754,4669354,BWC,13,13,2016
33012419,729753,4669260,BWC,13,13,2016
33012420,733754,4669103,BWC,13,13,2016
33012421,732904,4668993,BWC,13,13,2016
33012422,733068,4668896,BWC,13,13,2016
33012423,733711,4668893,BWC,13,13,2016
33012424,734661,4667892,BWC,13,13,2016
33012426,733856,4664908,BWC,13,13,2016
33012427,732404,4664447,BWC,13,13,2016
33012428,732955,4664048,BWC,13,13,2016
33012429,733856,4663845,BWC,13,13,2016
33012430,732759,4663503,BWC,13,13,2016
33012431,732964,4663451,BWC,13,13,2016
33012432,732412,4662949,BWC,13,13,2016
33012433,732955,4662449,BWC,13,13,2016
33012434,734710,4662050,BWC,13,13,2016
33012435,735409,4661450,BWC,13,13,2016
33012436,734862,4661106,BWC,13,13,2016
33012437,736105,4660946,BWC,13,13,2016
33012438,736156,4660795,BWC,13,13,2016
33012439,737556,4660759,BWC,13,13,2016
33012440,737715,4660704,BWC,13,13,2016
33012441,736009,4660553,BWC,13,13,2016
33012442,736105,4660303,BWC,13,13,2016
33012443,736911,4660253,BWC,13,13,2016
33012444,737613,4660193,BWC,13,13,2016
33012445,736608,4660147,BWC,13,13,2016
33012446,736504,4660055,BWC,13,13,2016
33012447,737405,4660057,BWC,13,13,2016
33012448,737958,4660056,BWC,13,13,2016
33012449,736857,4659950,BWC,13,13,2016
33012450,737006,4659900,BWC,13,13,2016
33012451,737310,4659904,BWC,13,13,2016
33012452,738160,4659848,BWC,13,13,2016
33012453,736309,4659753,BWC,13,13,2016
33012454,738209,4659704,BWC,13,13,2016
33012455,736412,4659599,BWC,13,13,2016
33012456,738056,4659601,BWC,13,13,2016
33012458,737662,4659546,BWC,13,13,2016
33012459,737499,4659449,BWC,13,13,2016
33012460,736460,4659354,BWC,13,13,2016
33012461,737609,4659200,BWC,13,13,2016
33012462,737611,4659048,BWC,13,13,2016
33012463,737452,4658950,BWC,13,13,2016
33012464,738211,4658949,BWC,13,13,2016
33012465,737005,4658856,BWC,13,13,2016
33012466,736356,4658794,BWC,13,13,2016
33012467,735754,4658547,BWC,13,13,2016
33012468,735614,4658251,BWC,13,13,2016
33012469,736455,4658201,BWC,13,13,2016
33012470,738405,4658203,BWC,13,13,2016
33012471,736256,4658106,BWC,13,13,2016
33012472,737354,4658048,BWC,13,13,2016
33012473,736001,4657902,BWC,13,13,2016
33012474,737456,4657858,BWC,13,13,2016
33012475,737549,4657696,BWC,13,13,2016
33012476,738108,4657695,BWC,13,13,2016
33012477,738054,4656996,BWC,13,13,2016
33012479,738011,4656601,BWC,13,13,2016
33012480,738255,4656505,BWC,13,13,2016
33012481,737908,4656399,BWC,13,13,2016
33012482,735306,4655747,BWC,13,13,2016
33012483,736954,4655699,BWC,13,13,2016
33012484,737717,4655438,BWC,13,13,2016
33012485,737160,4655350,BWC,13,13,2016
33012487,737555,4654760,BWC,13,13,2016
33012488,735657,4654749,BWC,13,13,2016
33012490,737210,4654719,BWC,13,13,2016
33012491,735563,4654560,BWC,13,13,2016
33012492,737057,4654408,BWC,13,13,2016
33012493,736053,4653696,BWC,13,13,2016
33012494,737308,4653652,BWC,13,13,2016
33012495,735901,4653439,BWC,13,13,2016
33012496,735862,4653291,BWC,13,13,2016
33012497,736007,4653197,BWC,13,13,2016
33012498,735110,4652698,BWC,13,13,2016
33012499,735359,4652398,BWC,13,13,2016
33012500,735309,4652356,BWC,13,13,2016
33012502,735361,4651749,BWC,13,13,2016
33012503,735260,4651504,BWC,13,13,2016
33012506,739357,4647500,BWC,13,13,2016
33012507,739407,4647254,BWC,13,13,2016
33012508,739558,4646948,BWC,13,13,2016
33012509,739308,4646253,BWC,13,13,2016
33012510,739456,4646256,BWC,13,13,2016
33012511,739205,4645803,BWC,13,13,2016
33012512,738510,4645403,BWC,13,13,2016
33012513,738607,4644502,BWC,13,13,2016
33012514,736054,4652797,IMP,13,13,2016
33012515,735699,4652551,IMP,13,13,2016
33012516,737506,4652499,IMP,13,13,2016
33012517,735961,4652452,IMP,13,13,2016
33012518,735659,4652253,IMP,13,13,2016
33012519,735556,4651851,IMP,13,13,2016
33012520,735458,4651744,IMP,13,13,2016
33012521,735459,4651595,IMP,13,13,2016
33012522,737062,4651596,IMP,13,13,2016
33012523,736002,4651599,IMP,13,13,2016
33012524,737061,4651497,IMP,13,13,2016
33012525,737206,4651505,IMP,13,13,2016
33012526,737355,4651492,IMP,13,13,2016
33012527,735904,4651300,IMP,13,13,2016
33012528,737060,4651299,IMP,13,13,2016
33012529,737560,4651298,IMP,13,13,2016
33012531,735804,4651045,IMP,13,13,2016
33012535,737697,4650902,IMP,13,13,2016
33012536,737505,4650855,IMP,13,13,2016
33012537,737754,4650851,IMP,13,13,2016
33012538,737656,4650599,IMP,13,13,2016
33012539,734811,4650403,IMP,13,13,2016
33012540,735610,4650410,IMP,13,13,2016
33012542,736312,4650307,IMP,13,13,2016
33012543,734904,4650194,IMP,13,13,2016
33012544,734743,4650112,IMP,13,13,2016
33012545,736408,4650107,IMP,13,13,2016
33012546,738457,4650098,IMP,13,13,2016
33012547,737965,4650051,IMP,13,13,2016
33012548,737105,4649950,IMP,13,13,2016
33012549,737155,4649911,IMP,13,13,2016
33012550,735153,4649907,IMP,13,13,2016
33012552,737457,4649856,IMP,13,13,2016
33012553,737753,4649846,IMP,13,13,2016
33012554,737505,4649804,IMP,13,13,2016
33012555,738067,4649802,IMP,13,13,2016
33012556,736251,4649800,IMP,13,13,2016
33012557,734554,4649705,IMP,13,13,2016
33012558,736858,4649695,IMP,13,13,2016
33012559,734055,4649599,IMP,13,13,2016
33012561,738506,4649594,IMP,13,13,2016
33012562,734669,4649598,IMP,13,13,2016
33012563,737702,4649447,IMP,13,13,2016
33012564,736708,4649450,IMP,13,13,2016
33012565,733559,4649407,IMP,13,13,2016
33012566,736404,4649400,IMP,13,13,2016
33012567,738306,4649344,IMP,13,13,2016
33012568,737658,4649256,IMP,13,13,2016
33012569,736460,4649247,IMP,13,13,2016
33012570,737405,4649207,IMP,13,13,2016
33012571,737109,4649052,IMP,13,13,2016
33012572,738554,4648948,IMP,13,13,2016
33012573,734510,4648951,IMP,13,13,2016
33012574,733856,4648903,IMP,13,13,2016
33012575,735509,4648844,IMP,13,13,2016
33012576,737003,4648797,IMP,13,13,2016
33012577,737004,4648695,IMP,13,13,2016
33012578,737507,4648649,IMP,13,13,2016
33012579,736959,4648504,IMP,13,13,2016
33012580,737756,4648409,IMP,13,13,2016
33012581,734508,4648349,IMP,13,13,2016
33012582,736558,4648354,IMP,13,13,2016
33012583,737156,4648298,IMP,13,13,2016
33012584,735308,4648254,IMP,13,13,2016
33012585,737204,4648202,IMP,13,13,2016
33012586,738353,4648196,IMP,13,13,2016
33012587,734756,4648103,IMP,13,13,2016
33012588,737056,4648046,IMP,13,13,2016
33012589,734150,4647954,IMP,13,13,2016
33012590,736759,4647904,IMP,13,13,2016
33012591,735256,4647908,IMP,13,13,2016
33012592,737760,4647708,IMP,13,13,2016
33012593,734454,4647705,IMP,13,13,2016
33012594,736603,4647702,IMP,13,13,2016
33012595,736706,4647658,IMP,13,13,2016
33012596,737160,4647603,IMP,13,13,2016
33012597,734200,4647562,IMP,13,13,2016
33012598,737009,4647497,IMP,13,13,2016
33012599,737813,4647455,IMP,13,13,2016
33012600,737208,4647346,IMP,13,13,2016
33012601,737210,4647200,IMP,13,13,2016
33012602,738103,4647107,IMP,13,13,2016
33012603,737660,4647001,IMP,13,13,2016
33012604,736008,4647003,IMP,13,13,2016
33012605,737464,4646898,IMP,13,13,2016
33012606,735855,4646891,IMP,13,13,2016
33012607,736615,4646899,IMP,13,13,2016
33012608,733954,4646854,IMP,13,13,2016
33012609,734855,4646849,IMP,13,13,2016
33012610,737559,4646756,IMP,13,13,2016
33012611,734256,4646651,IMP,13,13,2016
33012612,734506,4646602,IMP,13,13,2016
33012613,735112,4646599,IMP,13,13,2016
33012614,735208,4646544,IMP,13,13,2016
33012615,734808,4646348,IMP,13,13,2016
33012616,735210,4646352,IMP,13,13,2016
33012617,737004,4646303,IMP,13,13,2016
33012618,733902,4646255,IMP,13,13,2016
33012619,736412,4646255,IMP,13,13,2016
33012620,735560,4646198,IMP,13,13,2016
33012621,737364,4646209,IMP,13,13,2016
33012622,735060,4646148,IMP,13,13,2016
33012623,737210,4646099,IMP,13,13,2016
33012624,735010,4646041,IMP,13,13,2016
33012625,734659,4645947,IMP,13,13,2016
33012626,736858,4645952,IMP,13,13,2016
33012627,735058,4645800,IMP,13,13,2016
33012628,733752,4645701,IMP,13,13,2016
33012629,733854,4645703,IMP,13,13,2016
33012630,735711,4645652,IMP,13,13,2016
33012631,736312,4645655,IMP,13,13,2016
33012632,738055,4645610,IMP,13,13,2016
33012633,734302,4645549,IMP,13,13,2016
33012634,734103,4645503,IMP,13,13,2016
33012635,734351,4645501,IMP,13,13,2016
33012636,737008,4645446,IMP,13,13,2016
33012637,735660,4645401,IMP,13,13,2016
33012638,734604,4645314,IMP,13,13,2016
33012639,737861,4645210,IMP,13,13,2016
33012640,737554,4645140,IMP,13,13,2016
33012641,734810,4645140,IMP,13,13,2016
33012642,735259,4645148,IMP,13,13,2016
33012643,736412,4645152,IMP,13,13,2016
33012644,738152,4645007,IMP,13,13,2016
33012645,737505,4644903,IMP,13,13,2016
33012646,736756,4644891,IMP,13,13,2016
33012647,733910,4644744,IMP,13,13,2016
33012648,736003,4644599,IMP,13,13,2016
33012649,734905,4644547,IMP,13,13,2016
33012650,734007,4644450,IMP,13,13,2016
33012651,734909,4644406,IMP,13,13,2016
33012652,736056,4644397,IMP,13,13,2016
33012653,733953,4644351,IMP,13,13,2016
33012654,736058,4644290,IMP,13,13,2016
33012655,737511,4644253,IMP,13,13,2016
33012656,735804,4644150,IMP,13,13,2016
33012657,734354,4644056,IMP,13,13,2016
33012658,737807,4644004,IMP,13,13,2016
33012659,735348,4644001,IMP,13,13,2016
33012660,737056,4643996,IMP,13,13,2016
33012661,734160,4643946,IMP,13,13,2016
33012662,733858,4643948,IMP,13,13,2016
33012663,734054,4643905,IMP,13,13,2016
33012664,738057,4643907,IMP,13,13,2016
33012665,735505,4643899,IMP,13,13,2016
33012666,737103,4643901,IMP,13,13,2016
33012667,734799,4643856,IMP,13,13,2016
33012668,735355,4643852,IMP,13,13,2016
33012669,737212,4643852,IMP,13,13,2016
33012670,737300,4643856,IMP,13,13,2016
33012671,737409,4643808,IMP,13,13,2016
33012672,736802,4643751,IMP,13,13,2016
33012673,737762,4643606,IMP,13,13,2016
33012674,737958,4643605,IMP,13,13,2016
33012675,736750,4643550,IMP,13,13,2016
33012676,733912,4643498,IMP,13,13,2016
33012677,736863,4643253,IMP,13,13,2016
33012678,737264,4643204,IMP,13,13,2016
33012679,734756,4643149,IMP,13,13,2016
33012680,735358,4643095,IMP,13,13,2016
33012681,736452,4643053,IMP,13,13,2016
33012682,736858,4643053,IMP,13,13,2016
33012683,734602,4642899,IMP,13,13,2016
33012684,737355,4642849,IMP,13,13,2016
33012685,736553,4642753,IMP,13,13,2016
33012686,736658,4642701,IMP,13,13,2016
33012687,734902,4642653,IMP,13,13,2016
33012688,735060,4642602,IMP,13,13,2016
33012714,714208,4679600,MBC,13,13,2017
33012715,716808,4676850,MBC,13,13,2017
33012716,717258,4676400,MBC,13,13,2017
33012717,717408,4676250,MBC,13,13,2017
33012718,718408,4676250,MBC,13,13,2017
33012719,717658,4676200,MBC,13,13,2017
33012720,722708,4674650,MBC,13,13,2017
33012721,722858,4674550,MBC,13,13,2017
33012722,723058,4674550,MBC,13,13,2017
33012723,723208,4674300,MBC,13,13,2017
33012724,723058,4674200,MBC,13,13,2017
33012725,723808,4673850,MBC,13,13,2017
33012726,723758,4673800,MBC,13,13,2017
33012727,724658,4673500,MBC,13,13,2017
33012728,724658,4673250,MBC,13,13,2017
33012729,725008,4673250,MBC,13,13,2017
33012730,724708,4673200,MBC,13,13,2017
33012731,727407,4672100,MBC,13,13,2017
33012732,727957,4671850,MBC,13,13,2017
33012733,729207,4671700,MBC,13,13,2017
33012734,730407,4670950,MBC,13,13,2017
33012735,730907,4670500,MBC,13,13,2017
33012736,732457,4667750,MBC,13,13,2017
33012737,734957,4664051,MBC,13,13,2017
33012738,734257,4663701,MBC,13,13,2017
33012739,734757,4663601,MBC,13,13,2017
33012740,734357,4663401,MBC,13,13,2017
33012742,734707,4662851,MBC,13,13,2017
33012743,734557,4662151,MBC,13,13,2017
33012744,734807,4658551,MBC,13,13,2017
33012745,735207,4658551,MBC,13,13,2017
33012746,734857,4658501,MBC,13,13,2017
33012747,734457,4658301,MBC,13,13,2017
33012748,735907,4657251,MBC,13,13,2017
33012749,735757,4656751,MBC,13,13,2017
33012750,736507,4655801,MBC,13,13,2017
33012751,735957,4655701,MBC,13,13,2017
33012752,735957,4655651,MBC,13,13,2017
33012753,736557,4655451,MBC,13,13,2017
33012754,736807,4655051,MBC,13,13,2017
33012755,736757,4654951,MBC,13,13,2017
33012756,736807,4654951,MBC,13,13,2017
33012757,736907,4654301,MBC,13,13,2017
33012758,736457,4654001,MBC,13,13,2017
33012759,736507,4653701,MBC,13,13,2017
33012760,736557,4653701,MBC,13,13,2017
33012761,736507,4653301,MBC,13,13,2017
33012762,736807,4653251,MBC,13,13,2017
33012763,736707,4653201,MBC,13,13,2017
33012766,736657,4652801,MBC,13,13,2017
33012767,736707,4652801,MBC,13,13,2017
33012768,736807,4652801,MBC,13,13,2017
33012773,736657,4652101,MBC,13,13,2017
33012775,736457,4651951,MBC,13,13,2017
33012776,736507,4651901,MBC,13,13,2017
33012777,736357,4651801,MBC,13,13,2017
33012778,736357,4651701,MBC,13,13,2017
33012779,736457,4651101,MBC,13,13,2017
33012780,736157,4650651,MBC,13,13,2017
33012781,735207,4648451,MBC,13,13,2017
33012782,735207,4648351,MBC,13,13,2017
33012783,735507,4646951,MBC,13,13,2017
33012784,735957,4646301,MBC,13,13,2017
33012785,736057,4646201,MBC,13,13,2017
33012786,736007,4645951,MBC,13,13,2017
33012787,736057,4645851,MBC,13,13,2017
33012788,736107,4645751,MBC,13,13,2017
33012789,736157,4645501,MBC,13,13,2017
33012790,736207,4645401,MBC,13,13,2017
33012791,736307,4644901,MBC,13,13,2017
33012792,736407,4643851,MBC,13,13,2017
33012793,736407,4643801,MBC,13,13,2017
33012794,713708,4679900,SC,13,13,2017
33012795,715058,4679100,SC,13,13,2017
33012796,714408,4679000,SC,13,13,2017
33012797,714408,4678800,SC,13,13,2017
33012798,716358,4676750,SC,13,13,2017
33012799,718008,4676650,SC,13,13,2017
33012800,725958,4673500,SC,13,13,2017
33012801,725608,4673450,SC,13,13,2017
33012802,727157,4673050,SC,13,13,2017
33012803,727407,4673000,SC,13,13,2017
33012804,727557,4673000,SC,13,13,2017
33012805,728207,4672550,SC,13,13,2017
33012806,728457,4672450,SC,13,13,2017
33012807,728557,4672450,SC,13,13,2017
33012808,729007,4672200,SC,13,13,2017
33012809,729257,4671900,SC,13,13,2017
33012810,727157,4671700,SC,13,13,2017
33012811,729857,4671600,SC,13,13,2017
33012812,730007,4671600,SC,13,13,2017
33012813,730157,4671250,SC,13,13,2017
33012815,733407,4666450,SC,13,13,2017
33012817,733457,4662251,SC,13,13,2017
33012818,733907,4661701,SC,13,13,2017
33012819,735507,4659701,SC,13,13,2017
33012820,735557,4659251,SC,13,13,2017
33012821,735157,4659201,SC,13,13,2017
33012822,735207,4659101,SC,13,13,2017
33012823,734557,4657801,SC,13,13,2017
33012824,736907,4657751,SC,13,13,2017
33012825,734757,4657701,SC,13,13,2017
33012826,736407,4657651,SC,13,13,2017
33012829,736557,4657501,SC,13,13,2017
33012830,734957,4656751,SC,13,13,2017
33012831,734857,4656751,SC,13,13,2017
33012832,736457,4656751,SC,13,13,2017
33012833,736507,4656551,SC,13,13,2017
33012834,735907,4654351,SC,13,13,2017
33012835,735907,4654251,SC,13,13,2017
33012836,737657,4653901,SC,13,13,2017
33012837,736157,4653901,SC,13,13,2017
33012838,736157,4653801,SC,13,13,2017
33012839,736257,4653501,SC,13,13,2017
33012840,736107,4653201,SC,13,13,2017
33012841,737657,4652801,SC,13,13,2017
33012842,737957,4651351,SC,13,13,2017
33012843,735057,4650251,SC,13,13,2017
33012844,715958,4679250,BWC,13,13,2017
33012845,716608,4679100,BWC,13,13,2017
33012846,716358,4678750,BWC,13,13,2017
33012847,716308,4678550,BWC,13,13,2017
33012848,718908,4677550,BWC,13,13,2017
33012850,719458,4676700,BWC,13,13,2017
33012851,719508,4676650,BWC,13,13,2017
33012852,720208,4676300,BWC,13,13,2017
33012853,720908,4674350,BWC,13,13,2017
33012854,730357,4671550,BWC,13,13,2017
33012856,728457,4670850,BWC,13,13,2017
33012857,728457,4670800,BWC,13,13,2017
33012858,726358,4670700,BWC,13,13,2017
33012859,728307,4670650,BWC,13,13,2017
33012860,727457,4670550,BWC,13,13,2017
33012861,728957,4670550,BWC,13,13,2017
33012862,726558,4670450,BWC,13,13,2017
33012863,728657,4670400,BWC,13,13,2017
33012864,729207,4670250,BWC,13,13,2017
33012865,727357,4670200,BWC,13,13,2017
33012866,725858,4670150,BWC,13,13,2017
33012867,729057,4670050,BWC,13,13,2017
33012868,730007,4669900,BWC,13,13,2017
33012869,732157,4669850,BWC,13,13,2017
33012870,726058,4669850,BWC,13,13,2017
33012871,731957,4669800,BWC,13,13,2017
33012872,729807,4669800,BWC,13,13,2017
33012873,726108,4669700,BWC,13,13,2017
33012874,733457,4669550,BWC,13,13,2017
33012875,733257,4669450,BWC,13,13,2017
33012876,730107,4669400,BWC,13,13,2017
33012877,730257,4669300,BWC,13,13,2017
33012878,730407,4668750,BWC,13,13,2017
33012879,730457,4668750,BWC,13,13,2017
33012880,734307,4668550,BWC,13,13,2017
33012881,733807,4668500,BWC,13,13,2017
33012882,733957,4668250,BWC,13,13,2017
33012884,734157,4668000,BWC,13,13,2017
33012885,734507,4667850,BWC,13,13,2017
33012886,734557,4667750,BWC,13,13,2017
33012887,733157,4666150,BWC,13,13,2017
33012889,732257,4664650,BWC,13,13,2017
33012890,733107,4664450,BWC,13,13,2017
33012891,732507,4664301,BWC,13,13,2017
33012892,732607,4664051,BWC,13,13,2017
33012893,733357,4664001,BWC,13,13,2017
33012894,732557,4663801,BWC,13,13,2017
33012895,732857,4663751,BWC,13,13,2017
33012896,732757,4663501,BWC,13,13,2017
33012897,732907,4663201,BWC,13,13,2017
33012898,735007,4662601,BWC,13,13,2017
33012899,733057,4662501,BWC,13,13,2017
33012900,734707,4662301,BWC,13,13,2017
33012901,736057,4661051,BWC,13,13,2017
33012902,734807,4661001,BWC,13,13,2017
33012903,737307,4660901,BWC,13,13,2017
33012904,735357,4660851,BWC,13,13,2017
33012905,737607,4660751,BWC,13,13,2017
33012906,736857,4660651,BWC,13,13,2017
33012907,737057,4660551,BWC,13,13,2017
33012908,735657,4660401,BWC,13,13,2017
33012909,736557,4660301,BWC,13,13,2017
33012910,736507,4660201,BWC,13,13,2017
33012911,736607,4660101,BWC,13,13,2017
33012912,736607,4659901,BWC,13,13,2017
33012913,736257,4659751,BWC,13,13,2017
33012914,737907,4659551,BWC,13,13,2017
33012915,737257,4659401,BWC,13,13,2017
33012916,738007,4659351,BWC,13,13,2017
33012917,734107,4659251,BWC,13,13,2017
33012918,738207,4659001,BWC,13,13,2017
33012919,737757,4658901,BWC,13,13,2017
33012920,736057,4658801,BWC,13,13,2017
33012922,736557,4658601,BWC,13,13,2017
33012923,737807,4658551,BWC,13,13,2017
33012924,735807,4658501,BWC,13,13,2017
33012925,737707,4658451,BWC,13,13,2017
33012926,738607,4658451,BWC,13,13,2017
33012927,737407,4658401,BWC,13,13,2017
33012928,735807,4658301,BWC,13,13,2017
33012929,736807,4658151,BWC,13,13,2017
33012930,737957,4657951,BWC,13,13,2017
33012931,737507,4657851,BWC,13,13,2017
33012932,737757,4657851,BWC,13,13,2017
33012933,738257,4657851,BWC,13,13,2017
33012934,738257,4657651,BWC,13,13,2017
33012936,737357,4657251,BWC,13,13,2017
33012937,738557,4657101,BWC,13,13,2017
33012938,738307,4656951,BWC,13,13,2017
33012939,738457,4656901,BWC,13,13,2017
33012940,735307,4656851,BWC,13,13,2017
33012941,735357,4656701,BWC,13,13,2017
33012942,737607,4656151,BWC,13,13,2017
33012944,735357,4655551,BWC,13,13,2017
33012945,737357,4654651,BWC,13,13,2017
33012946,737607,4654501,BWC,13,13,2017
33012947,735807,4654451,BWC,13,13,2017
33012948,735407,4654151,BWC,13,13,2017
33012949,735907,4653951,BWC,13,13,2017
33012950,737357,4653701,BWC,13,13,2017
33012951,737407,4653301,BWC,13,13,2017
33012953,735507,4653251,BWC,13,13,2017
33012954,737507,4653151,BWC,13,13,2017
33012955,737357,4652301,BWC,13,13,2017
33012956,735257,4651651,BWC,13,13,2017
33012957,738907,4648551,BWC,13,13,2017
33012958,739357,4647851,BWC,13,13,2017
33012959,739407,4646851,BWC,13,13,2017
33012960,739257,4646051,BWC,13,13,2017
33012961,739207,4645351,BWC,13,13,2017
33012962,738507,4645301,BWC,13,13,2017
33012963,739007,4645101,BWC,13,13,2017
33012964,735657,4653051,IMP,13,13,2017
33012965,735657,4652951,IMP,13,13,2017
33012966,735857,4652701,IMP,13,13,2017
33012967,735957,4652651,IMP,13,13,2017
33012968,735507,4652551,IMP,13,13,2017
33012969,735607,4652501,IMP,13,13,2017
33012970,736007,4652401,IMP,13,13,2017
33012971,735407,4652251,IMP,13,13,2017
33012972,735607,4652101,IMP,13,13,2017
33012973,735807,4652101,IMP,13,13,2017
33012974,736107,4652101,IMP,13,13,2017
33012975,735657,4652051,IMP,13,13,2017
33012976,737157,4651251,IMP,13,13,2017
33012977,737257,4651251,IMP,13,13,2017
33012978,737357,4651251,IMP,13,13,2017
33012979,737607,4651251,IMP,13,13,2017
33012980,736657,4651201,IMP,13,13,2017
33012981,735807,4651151,IMP,13,13,2017
33012983,738057,4651051,IMP,13,13,2017
33012984,735557,4650951,IMP,13,13,2017
33012985,737307,4650951,IMP,13,13,2017
33012986,734457,4650901,IMP,13,13,2017
33012987,734457,4650851,IMP,13,13,2017
33012988,737457,4650801,IMP,13,13,2017
33012989,737407,4650751,IMP,13,13,2017
33012990,735357,4650701,IMP,13,13,2017
33012991,737007,4650601,IMP,13,13,2017
33012992,738057,4650551,IMP,13,13,2017
33012993,733807,4650451,IMP,13,13,2017
33012994,738107,4650451,IMP,13,13,2017
33012995,735257,4650351,IMP,13,13,2017
33012996,734057,4650251,IMP,13,13,2017
33012997,737457,4650201,IMP,13,13,2017
33012998,735307,4650151,IMP,13,13,2017
33012999,736757,4650001,IMP,13,13,2017
33013000,738157,4650001,IMP,13,13,2017
33013001,737507,4649951,IMP,13,13,2017
33013002,737807,4649901,IMP,13,13,2017
33013003,734607,4649851,IMP,13,13,2017
33013004,734207,4649801,IMP,13,13,2017
33013005,735957,4649751,IMP,13,13,2017
33013006,734007,4649651,IMP,13,13,2017
33013007,738507,4649651,IMP,13,13,2017
33013008,733557,4649601,IMP,13,13,2017
33013009,738307,4649601,IMP,13,13,2017
33013010,736857,4649551,IMP,13,13,2017
33013011,734507,4649501,IMP,13,13,2017
33013012,733807,4649451,IMP,13,13,2017
33013013,738557,4649301,IMP,13,13,2017
33013014,738157,4649251,IMP,13,13,2017
33013015,738857,4649051,IMP,13,13,2017
33013017,734557,4648951,IMP,13,13,2017
33013018,738007,4648751,IMP,13,13,2017
33013020,738307,4648601,IMP,13,13,2017
33013021,738507,4648551,IMP,13,13,2017
33013022,737657,4648451,IMP,13,13,2017
33013026,734657,4648351,IMP,13,13,2017
33013027,737907,4648201,IMP,13,13,2017
33013028,734207,4648101,IMP,13,13,2017
33013029,736307,4648001,IMP,13,13,2017
33013030,738157,4647951,IMP,13,13,2017
33013031,738257,4647901,IMP,13,13,2017
33013032,734007,4647901,IMP,13,13,2017
33013033,734357,4647901,IMP,13,13,2017
33013034,735257,4647901,IMP,13,13,2017
33013035,736407,4647901,IMP,13,13,2017
33013036,738357,4647901,IMP,13,13,2017
33013037,737957,4647801,IMP,13,13,2017
33013038,734107,4647801,IMP,13,13,2017
33013039,735707,4647801,IMP,13,13,2017
33013040,736457,4647801,IMP,13,13,2017
33013041,737257,4647701,IMP,13,13,2017
33013042,737307,4647701,IMP,13,13,2017
33013043,737557,4647701,IMP,13,13,2017
33013044,737957,4647701,IMP,13,13,2017
33013045,738207,4647701,IMP,13,13,2017
33013046,735507,4647551,IMP,13,13,2017
33013047,735557,4647501,IMP,13,13,2017
33013048,736107,4647501,IMP,13,13,2017
33013049,737107,4647351,IMP,13,13,2017
33013050,733907,4647351,IMP,13,13,2017
33013051,735907,4647301,IMP,13,13,2017
33013052,736457,4647301,IMP,13,13,2017
33013053,736757,4647301,IMP,13,13,2017
33013054,736007,4647151,IMP,13,13,2017
33013055,736357,4647051,IMP,13,13,2017
33013056,734507,4646951,IMP,13,13,2017
33013057,738057,4646951,IMP,13,13,2017
33013058,733607,4646901,IMP,13,13,2017
33013059,736307,4646801,IMP,13,13,2017
33013060,736857,4646801,IMP,13,13,2017
33013061,736707,4646751,IMP,13,13,2017
33013062,737407,4646751,IMP,13,13,2017
33013063,734707,4646701,IMP,13,13,2017
33013064,735907,4646701,IMP,13,13,2017
33013065,734357,4646651,IMP,13,13,2017
33013066,734557,4646651,IMP,13,13,2017
33013067,735157,4646601,IMP,13,13,2017
33013069,737257,4646501,IMP,13,13,2017
33013070,733807,4646501,IMP,13,13,2017
33013071,736157,4646351,IMP,13,13,2017
33013072,733707,4646351,IMP,13,13,2017
33013073,736907,4646301,IMP,13,13,2017
33013074,734707,4646251,IMP,13,13,2017
33013075,734557,4646201,IMP,13,13,2017
33013076,737557,4646201,IMP,13,13,2017
33013077,736757,4646101,IMP,13,13,2017
33013078,738207,4646051,IMP,13,13,2017
33013079,734357,4646001,IMP,13,13,2017
33013080,735407,4645951,IMP,13,13,2017
33013081,737707,4645951,IMP,13,13,2017
33013082,734007,4645851,IMP,13,13,2017
33013083,734157,4645801,IMP,13,13,2017
33013085,736857,4645751,IMP,13,13,2017
33013086,737407,4645701,IMP,13,13,2017
33013087,735357,4645651,IMP,13,13,2017
33013088,736557,4645651,IMP,13,13,2017
33013089,734407,4645601,IMP,13,13,2017
33013090,735557,4645551,IMP,13,13,2017
33013091,737807,4645551,IMP,13,13,2017
33013092,734457,4645451,IMP,13,13,2017
33013093,734557,4645451,IMP,13,13,2017
33013094,736557,4645451,IMP,13,13,2017
33013095,736657,4645451,IMP,13,13,2017
33013096,734157,4645401,IMP,13,13,2017
33013097,735357,4645301,IMP,13,13,2017
33013098,737607,4645301,IMP,13,13,2017
33013099,735007,4645201,IMP,13,13,2017
33013100,735807,4645201,IMP,13,13,2017
33013101,737907,4645151,IMP,13,13,2017
33013102,734157,4645151,IMP,13,13,2017
33013103,737557,4645101,IMP,13,13,2017
33013104,737207,4645051,IMP,13,13,2017
33013105,734257,4644951,IMP,13,13,2017
33013106,736757,4644901,IMP,13,13,2017
33013107,735857,4644851,IMP,13,13,2017
33013108,736857,4644851,IMP,13,13,2017
33013109,735207,4644751,IMP,13,13,2017
33013110,734407,4644701,IMP,13,13,2017
33013111,736857,4644551,IMP,13,13,2017
33013112,737107,4644551,IMP,13,13,2017
33013113,738107,4644501,IMP,13,13,2017
33013114,734257,4644501,IMP,13,13,2017
33013115,734257,4644251,IMP,13,13,2017
33013116,735757,4644201,IMP,13,13,2017
33013117,737007,4644201,IMP,13,13,2017
33013118,737957,4644151,IMP,13,13,2017
33013119,735757,4644151,IMP,13,13,2017
33013120,736557,4644051,IMP,13,13,2017
33013121,737557,4644051,IMP,13,13,2017
33013122,735657,4643951,IMP,13,13,2017
33013123,737557,4643951,IMP,13,13,2017
33013124,733957,4643901,IMP,13,13,2017
33013125,737257,4643901,IMP,13,13,2017
33013126,737207,4643851,IMP,13,13,2017
33013127,735457,4643501,IMP,13,13,2017
33013128,735707,4643501,IMP,13,13,2017
33013129,734357,4643451,IMP,13,13,2017
33013130,734607,4643201,IMP,13,13,2017
33013131,734107,4643201,IMP,13,13,2017
33013132,734707,4643051,IMP,13,13,2017
33013133,737707,4643001,IMP,13,13,2017
33013134,736607,4643001,IMP,13,13,2017
33013135,736807,4643001,IMP,13,13,2017
33013136,736557,4642901,IMP,13,13,2017
33013137,734207,4642751,IMP,13,13,2017
33013138,734357,4642601,IMP,13,13,2017
33013164,713258,4681244,MBC,13,13,2018
33013165,713409,4681097,MBC,13,13,2018
33013166,713459,4681058,MBC,13,13,2018
33013167,714160,4679600,MBC,13,13,2018
33013168,716458,4676900,MBC,13,13,2018
33013169,717158,4676600,MBC,13,13,2018
33013170,717411,4676503,MBC,13,13,2018
33013171,717113,4676456,MBC,13,13,2018
33013172,718212,4675948,MBC,13,13,2018
33013173,722867,4674450,MBC,13,13,2018
33013174,723158,4674255,MBC,13,13,2018
33013175,724959,4673352,MBC,13,13,2018
33013176,725060,4673255,MBC,13,13,2018
33013177,727659,4672044,MBC,13,13,2018
33013178,729962,4670849,MBC,13,13,2018
33013179,730665,4670753,MBC,13,13,2018
33013180,733110,4667854,MBC,13,13,2018
33013181,732956,4667510,MBC,13,13,2018
33013182,734059,4666903,MBC,13,13,2018
33013183,734557,4665804,MBC,13,13,2018
33013184,734810,4663744,MBC,13,13,2018
33013185,734754,4663555,MBC,13,13,2018
33013186,734709,4658605,MBC,13,13,2018
33013187,734302,4658558,MBC,13,13,2018
33013188,734915,4658448,MBC,13,13,2018
33013189,735460,4658251,MBC,13,13,2018
33013190,734516,4658156,MBC,13,13,2018
33013191,735665,4657556,MBC,13,13,2018
33013192,736064,4657100,MBC,13,13,2018
33013193,735760,4656897,MBC,13,13,2018
33013194,735912,4655708,MBC,13,13,2018
33013195,736614,4655400,MBC,13,13,2018
33013196,735907,4655404,MBC,13,13,2018
33013197,736613,4655205,MBC,13,13,2018
33013198,736947,4655101,MBC,13,13,2018
33013199,736701,4654900,MBC,13,13,2018
33013200,736904,4654700,MBC,13,13,2018
33013202,736955,4654506,MBC,13,13,2018
33013203,736853,4654350,MBC,13,13,2018
33013204,736913,4654358,MBC,13,13,2018
33013205,736414,4654154,MBC,13,13,2018
33013206,736914,4654102,MBC,13,13,2018
33013207,736664,4653556,MBC,13,13,2018
33013208,736456,4653046,MBC,13,13,2018
33013209,736649,4653002,MBC,13,13,2018
33013210,736761,4652953,MBC,13,13,2018
33013211,736358,4652898,MBC,13,13,2018
33013212,736960,4652849,MBC,13,13,2018
33013213,736446,4652553,MBC,13,13,2018
33013214,736452,4652199,MBC,13,13,2018
33013215,736556,4652101,MBC,13,13,2018
33013216,736214,4651853,MBC,13,13,2018
33013217,736507,4651253,MBC,13,13,2018
33013218,736055,4651197,MBC,13,13,2018
33013219,736455,4651144,MBC,13,13,2018
33013220,736357,4651044,MBC,13,13,2018
33013221,736102,4650704,MBC,13,13,2018
33013222,736111,4650255,MBC,13,13,2018
33013223,736063,4650206,MBC,13,13,2018
33013224,735261,4649949,MBC,13,13,2018
33013225,735256,4649845,MBC,13,13,2018
33013226,735856,4649800,MBC,13,13,2018
33013227,735499,4649650,MBC,13,13,2018
33013228,735513,4649445,MBC,13,13,2018
33013229,735400,4649404,MBC,13,13,2018
33013230,735307,4649308,MBC,13,13,2018
33013231,735314,4647508,MBC,13,13,2018
33013232,735361,4647349,MBC,13,13,2018
33013233,735461,4647205,MBC,13,13,2018
33013234,735610,4646747,MBC,13,13,2018
33013235,735914,4646597,MBC,13,13,2018
33013236,735807,4646547,MBC,13,13,2018
33013237,735962,4646350,MBC,13,13,2018
33013238,735960,4646251,MBC,13,13,2018
33013239,736059,4646246,MBC,13,13,2018
33013240,735956,4646043,MBC,13,13,2018
33013241,736352,4644700,MBC,13,13,2018
33013242,736454,4643949,MBC,13,13,2018
33013243,735910,4643552,MBC,13,13,2018
33013244,714204,4679206,SC,13,13,2018
33013245,714408,4678900,SC,13,13,2018
33013246,714658,4678652,SC,13,13,2018
33013247,715007,4678152,SC,13,13,2018
33013248,716006,4677949,SC,13,13,2018
33013249,717856,4676750,SC,13,13,2018
33013250,719105,4676349,SC,13,13,2018
33013251,720604,4674846,SC,13,13,2018
33013252,720606,4674745,SC,13,13,2018
33013253,727260,4673004,SC,13,13,2018
33013254,728713,4672253,SC,13,13,2018
33013255,728757,4672251,SC,13,13,2018
33013256,729112,4672151,SC,13,13,2018
33013257,729060,4671955,SC,13,13,2018
33013258,729212,4671802,SC,13,13,2018
33013259,729906,4671241,SC,13,13,2018
33013260,732601,4668055,SC,13,13,2018
33013261,732346,4668000,SC,13,13,2018
33013262,732666,4667798,SC,13,13,2018
33013263,731853,4667394,SC,13,13,2018
33013264,734958,4667407,SC,13,13,2018
33013265,731911,4667105,SC,13,13,2018
33013266,732207,4667050,SC,13,13,2018
33013267,735202,4661205,SC,13,13,2018
33013268,734064,4659948,SC,13,13,2018
33013269,734259,4658693,SC,13,13,2018
33013270,734810,4657699,SC,13,13,2018
33013271,734554,4657497,SC,13,13,2018
33013272,734705,4657402,SC,13,13,2018
33013273,736661,4657300,SC,13,13,2018
33013274,736604,4657197,SC,13,13,2018
33013275,736665,4657005,SC,13,13,2018
33013276,734906,4656857,SC,13,13,2018
33013277,736561,4656551,SC,13,13,2018
33013280,737162,4656248,SC,13,13,2018
33013281,735265,4656200,SC,13,13,2018
33013282,735449,4655652,SC,13,13,2018
33013283,735703,4655151,SC,13,13,2018
33013284,735755,4654999,SC,13,13,2018
33013285,735908,4654843,SC,13,13,2018
33013286,737754,4654744,SC,13,13,2018
33013287,735855,4654746,SC,13,13,2018
33013288,735953,4654547,SC,13,13,2018
33013289,736256,4654201,SC,13,13,2018
33013291,735751,4651644,SC,13,13,2018
33013292,734864,4648505,SC,13,13,2018
33013293,735660,4647152,SC,13,13,2018
33013294,713608,4681400,BWC,13,13,2018
33013295,715263,4681006,BWC,13,13,2018
33013296,716606,4679394,BWC,13,13,2018
33013297,716414,4678745,BWC,13,13,2018
33013298,716302,4678552,BWC,13,13,2018
33013299,716404,4678451,BWC,13,13,2018
33013300,716957,4677900,BWC,13,13,2018
33013301,717110,4677800,BWC,13,13,2018
33013302,718658,4677460,BWC,13,13,2018
33013303,719365,4677148,BWC,13,13,2018
33013304,717408,4677144,BWC,13,13,2018
33013305,719207,4676950,BWC,13,13,2018
33013306,720188,4674773,BWC,13,13,2018
33013307,721006,4674109,BWC,13,13,2018
33013308,727505,4670658,BWC,13,13,2018
33013309,726359,4670459,BWC,13,13,2018
33013310,727557,4670404,BWC,13,13,2018
33013311,727660,4670403,BWC,13,13,2018
33013312,726549,4670356,BWC,13,13,2018
33013313,727461,4670350,BWC,13,13,2018
33013314,729706,4670146,BWC,13,13,2018
33013315,726755,4670000,BWC,13,13,2018
33013316,726316,4669950,BWC,13,13,2018
33013317,726507,4669949,BWC,13,13,2018
33013318,726008,4669905,BWC,13,13,2018
33013319,733004,4669848,BWC,13,13,2018
33013320,729261,4669505,BWC,13,13,2018
33013321,729862,4669397,BWC,13,13,2018
33013322,733101,4669107,BWC,13,13,2018
33013323,732009,4668847,BWC,13,13,2018
33013324,732404,4668853,BWC,13,13,2018
33013326,732102,4668699,BWC,13,13,2018
33013327,734205,4668493,BWC,13,13,2018
33013328,733760,4668403,BWC,13,13,2018
33013329,734151,4668147,BWC,13,13,2018
33013330,734158,4668046,BWC,13,13,2018
33013331,733005,4666658,BWC,13,13,2018
33013332,734263,4665749,BWC,13,13,2018
33013333,733906,4663806,BWC,13,13,2018
33013334,732953,4663755,BWC,13,13,2018
33013335,732755,4663500,BWC,13,13,2018
33013336,733107,4663305,BWC,13,13,2018
33013337,732407,4663150,BWC,13,13,2018
33013338,732407,4662849,BWC,13,13,2018
33013340,732664,4662446,BWC,13,13,2018
33013341,734663,4661954,BWC,13,13,2018
33013342,735811,4661105,BWC,13,13,2018
33013343,735905,4660900,BWC,13,13,2018
33013344,736356,4660697,BWC,13,13,2018
33013345,737260,4660698,BWC,13,13,2018
33013346,736012,4660553,BWC,13,13,2018
33013347,737761,4660558,BWC,13,13,2018
33013348,736456,4660502,BWC,13,13,2018
33013349,737457,4660511,BWC,13,13,2018
33013350,735951,4660449,BWC,13,13,2018
33013351,733852,4660344,BWC,13,13,2018
33013352,737211,4660304,BWC,13,13,2018
33013353,737554,4660253,BWC,13,13,2018
33013354,733657,4660206,BWC,13,13,2018
33013355,736753,4660153,BWC,13,13,2018
33013356,736608,4660051,BWC,13,13,2018
33013357,737858,4660006,BWC,13,13,2018
33013358,733755,4659751,BWC,13,13,2018
33013359,737605,4659755,BWC,13,13,2018
33013360,735862,4659598,BWC,13,13,2018
33013361,736112,4659555,BWC,13,13,2018
33013362,736661,4659497,BWC,13,13,2018
33013363,736058,4659404,BWC,13,13,2018
33013364,734058,4659405,BWC,13,13,2018
33013365,734159,4659096,BWC,13,13,2018
33013366,737753,4659046,BWC,13,13,2018
33013367,737915,4659049,BWC,13,13,2018
33013368,737411,4659001,BWC,13,13,2018
33013369,738606,4659003,BWC,13,13,2018
33013370,736306,4658944,BWC,13,13,2018
33013371,737455,4658703,BWC,13,13,2018
33013372,737757,4658601,BWC,13,13,2018
33013373,736211,4658548,BWC,13,13,2018
33013374,737164,4658447,BWC,13,13,2018
33013375,735753,4658402,BWC,13,13,2018
33013376,738259,4658396,BWC,13,13,2018
33013377,736056,4658299,BWC,13,13,2018
33013378,737313,4658297,BWC,13,13,2018
33013379,735701,4658199,BWC,13,13,2018
33013380,737904,4658207,BWC,13,13,2018
33013381,736764,4658051,BWC,13,13,2018
33013382,736660,4657851,BWC,13,13,2018
33013384,738049,4656999,BWC,13,13,2018
33013385,737554,4656954,BWC,13,13,2018
33013386,737360,4656896,BWC,13,13,2018
33013387,735357,4656401,BWC,13,13,2018
33013388,737153,4655250,BWC,13,13,2018
33013389,735157,4655152,BWC,13,13,2018
33013390,737311,4655151,BWC,13,13,2018
33013391,737258,4655047,BWC,13,13,2018
33013392,735411,4654907,BWC,13,13,2018
33013393,737507,4654704,BWC,13,13,2018
33013394,737016,4654649,BWC,13,13,2018
33013395,737359,4654601,BWC,13,13,2018
33013396,737210,4654404,BWC,13,13,2018
33013397,737462,4654250,BWC,13,13,2018
33013398,735403,4654052,BWC,13,13,2018
33013399,737357,4653999,BWC,13,13,2018
33013400,737601,4653548,BWC,13,13,2018
33013401,737253,4653297,BWC,13,13,2018
33013402,737707,4653048,BWC,13,13,2018
33013403,735058,4652604,BWC,13,13,2018
33013404,735206,4652503,BWC,13,13,2018
33013405,735354,4651895,BWC,13,13,2018
33013406,735207,4651605,BWC,13,13,2018
33013407,739402,4647846,BWC,13,13,2018
33013408,739410,4646597,BWC,13,13,2018
33013409,739404,4646250,BWC,13,13,2018
33013410,738555,4645904,BWC,13,13,2018
33013411,739105,4645848,BWC,13,13,2018
33013412,739351,4645754,BWC,13,13,2018
33013413,739057,4645251,BWC,13,13,2018
33013414,735812,4652645,IMP,13,13,2018
33013415,736061,4652652,IMP,13,13,2018
33013416,737462,4652501,IMP,13,13,2018
33013417,735457,4652045,IMP,13,13,2018
33013418,736113,4651957,IMP,13,13,2018
33013419,736003,4651505,IMP,13,13,2018
33013420,737755,4651404,IMP,13,13,2018
33013421,735653,4651396,IMP,13,13,2018
33013422,737259,4651401,IMP,13,13,2018
33013423,737308,4651394,IMP,13,13,2018
33013424,735765,4651296,IMP,13,13,2018
33013425,735865,4651304,IMP,13,13,2018
33013426,734207,4651048,IMP,13,13,2018
33013427,738056,4650999,IMP,13,13,2018
33013428,736809,4650896,IMP,13,13,2018
33013429,737697,4650900,IMP,13,13,2018
33013430,734358,4650853,IMP,13,13,2018
33013431,734407,4650850,IMP,13,13,2018
33013432,733858,4650554,IMP,13,13,2018
33013433,737903,4650552,IMP,13,13,2018
33013434,737856,4650493,IMP,13,13,2018
33013435,734058,4650450,IMP,13,13,2018
33013436,736951,4650450,IMP,13,13,2018
33013437,737610,4650397,IMP,13,13,2018
33013439,734005,4650251,IMP,13,13,2018
33013440,738404,4650245,IMP,13,13,2018
33013441,738462,4650255,IMP,13,13,2018
33013443,737403,4650158,IMP,13,13,2018
33013444,733708,4650149,IMP,13,13,2018
33013445,737356,4650107,IMP,13,13,2018
33013446,733705,4649903,IMP,13,13,2018
33013447,737962,4649908,IMP,13,13,2018
33013448,738458,4649895,IMP,13,13,2018
33013449,733804,4649802,IMP,13,13,2018
33013450,737004,4649649,IMP,13,13,2018
33013451,736462,4649555,IMP,13,13,2018
33013452,736660,4649550,IMP,13,13,2018
33013453,735802,4649502,IMP,13,13,2018
33013454,735904,4649499,IMP,13,13,2018
33013455,737014,4649400,IMP,13,13,2018
33013456,736112,4649350,IMP,13,13,2018
33013457,737110,4649303,IMP,13,13,2018
33013458,737707,4649296,IMP,13,13,2018
33013459,737806,4649305,IMP,13,13,2018
33013460,738709,4649205,IMP,13,13,2018
33013461,734914,4649203,IMP,13,13,2018
33013462,737308,4649152,IMP,13,13,2018
33013463,734506,4649152,IMP,13,13,2018
33013464,735855,4649151,IMP,13,13,2018
33013465,734060,4649002,IMP,13,13,2018
33013466,736058,4649001,IMP,13,13,2018
33013467,738105,4648942,IMP,13,13,2018
33013469,734660,4648746,IMP,13,13,2018
33013470,736108,4648749,IMP,13,13,2018
33013471,736854,4648644,IMP,13,13,2018
33013472,734253,4648655,IMP,13,13,2018
33013473,735305,4648650,IMP,13,13,2018
33013474,736256,4648398,IMP,13,13,2018
33013475,737304,4648351,IMP,13,13,2018
33013476,736258,4648303,IMP,13,13,2018
33013477,734505,4648244,IMP,13,13,2018
33013478,734857,4648251,IMP,13,13,2018
33013479,735707,4648252,IMP,13,13,2018
33013480,736353,4648100,IMP,13,13,2018
33013481,737901,4647995,IMP,13,13,2018
33013482,737706,4647902,IMP,13,13,2018
33013483,734759,4647907,IMP,13,13,2018
33013484,737860,4647897,IMP,13,13,2018
33013485,733956,4647852,IMP,13,13,2018
33013486,734309,4647846,IMP,13,13,2018
33013487,734409,4647803,IMP,13,13,2018
33013488,735309,4647809,IMP,13,13,2018
33013489,737601,4647746,IMP,13,13,2018
33013490,735609,4647742,IMP,13,13,2018
33013491,734061,4647701,IMP,13,13,2018
33013492,737202,4647649,IMP,13,13,2018
33013493,735361,4647656,IMP,13,13,2018
33013494,737856,4647654,IMP,13,13,2018
33013495,737802,4647594,IMP,13,13,2018
33013496,737558,4647500,IMP,13,13,2018
33013497,736903,4647444,IMP,13,13,2018
33013498,734361,4647397,IMP,13,13,2018
33013499,736959,4647292,IMP,13,13,2018
33013500,734454,4647247,IMP,13,13,2018
33013501,736859,4647197,IMP,13,13,2018
33013502,738004,4647148,IMP,13,13,2018
33013503,737416,4647051,IMP,13,13,2018
33013504,737009,4647043,IMP,13,13,2018
33013505,735609,4647002,IMP,13,13,2018
33013506,734206,4646952,IMP,13,13,2018
33013507,736508,4646897,IMP,13,13,2018
33013508,734654,4646798,IMP,13,13,2018
33013509,736212,4646804,IMP,13,13,2018
33013510,736602,4646750,IMP,13,13,2018
33013511,737457,4646757,IMP,13,13,2018
33013512,734153,4646696,IMP,13,13,2018
33013513,734105,4646652,IMP,13,13,2018
33013514,737207,4646653,IMP,13,13,2018
33013515,737905,4646655,IMP,13,13,2018
33013516,734964,4646599,IMP,13,13,2018
33013517,736410,4646599,IMP,13,13,2018
33013518,733855,4646549,IMP,13,13,2018
33013519,734002,4646548,IMP,13,13,2018
33013520,734908,4646552,IMP,13,13,2018
33013521,734758,4646393,IMP,13,13,2018
33013522,735251,4646344,IMP,13,13,2018
33013523,735453,4646346,IMP,13,13,2018
33013524,735504,4646350,IMP,13,13,2018
33013525,734606,4646300,IMP,13,13,2018
33013526,734760,4646198,IMP,13,13,2018
33013527,735565,4645996,IMP,13,13,2018
33013528,734112,4645950,IMP,13,13,2018
33013529,737602,4645949,IMP,13,13,2018
33013530,735315,4645898,IMP,13,13,2018
33013531,735606,4645893,IMP,13,13,2018
33013532,734604,4645800,IMP,13,13,2018
33013533,738109,4645756,IMP,13,13,2018
33013534,735760,4645705,IMP,13,13,2018
33013535,737050,4645545,IMP,13,13,2018
33013536,736351,4645449,IMP,13,13,2018
33013537,738160,4645402,IMP,13,13,2018
33013538,734903,4645351,IMP,13,13,2018
33013539,737703,4645349,IMP,13,13,2018
33013540,737002,4645297,IMP,13,13,2018
33013541,737955,4645204,IMP,13,13,2018
33013542,733998,4645203,IMP,13,13,2018
33013543,737907,4645055,IMP,13,13,2018
33013544,734503,4644949,IMP,13,13,2018
33013545,737558,4644947,IMP,13,13,2018
33013546,736906,4644904,IMP,13,13,2018
33013547,734910,4644849,IMP,13,13,2018
33013548,738058,4644805,IMP,13,13,2018
33013549,735009,4644501,IMP,13,13,2018
33013550,735259,4644496,IMP,13,13,2018
33013551,734200,4644448,IMP,13,13,2018
33013552,734712,4644457,IMP,13,13,2018
33013553,734958,4644456,IMP,13,13,2018
33013554,737104,4644448,IMP,13,13,2018
33013555,737101,4644400,IMP,13,13,2018
33013556,734457,4644197,IMP,13,13,2018
33013557,734003,4644151,IMP,13,13,2018
33013558,734354,4644159,IMP,13,13,2018
33013559,737156,4644050,IMP,13,13,2018
33013560,735762,4644003,IMP,13,13,2018
33013561,737910,4643952,IMP,13,13,2018
33013562,736501,4643953,IMP,13,13,2018
33013563,735259,4643905,IMP,13,13,2018
33013564,736703,4643897,IMP,13,13,2018
33013565,737308,4643902,IMP,13,13,2018
33013566,734160,4643849,IMP,13,13,2018
33013567,735807,4643751,IMP,13,13,2018
33013568,735514,4643650,IMP,13,13,2018
33013569,735757,4643593,IMP,13,13,2018
33013570,734006,4643448,IMP,13,13,2018
33013571,735013,4643449,IMP,13,13,2018
33013572,736955,4643450,IMP,13,13,2018
33013573,737506,4643398,IMP,13,13,2018
33013574,736610,4643403,IMP,13,13,2018
33013575,734958,4643358,IMP,13,13,2018
33013576,735106,4643303,IMP,13,13,2018
33013577,736359,4643250,IMP,13,13,2018
33013578,737009,4643207,IMP,13,13,2018
33013579,737006,4643158,IMP,13,13,2018
33013580,736555,4643155,IMP,13,13,2018
33013581,735661,4643056,IMP,13,13,2018
33013582,736605,4643006,IMP,13,13,2018
33013584,737107,4642849,IMP,13,13,2018
33013585,735517,4642851,IMP,13,13,2018
33013586,734206,4642752,IMP,13,13,2018
33013587,734758,4642703,IMP,13,13,2018
33013588,735363,4642649,IMP,13,13,2018
33013614,713213,4681399,MBC,13,13,2019
33013615,713402,4681200,MBC,13,13,2019
33013616,713359,4681098,MBC,13,13,2019
33013617,715101,4678707,MBC,13,13,2019
33013618,715462,4678202,MBC,13,13,2019
33013619,716714,4676904,MBC,13,13,2019
33013620,716407,4676802,MBC,13,13,2019
33013621,717005,4676756,MBC,13,13,2019
33013622,716856,4676701,MBC,13,13,2019
33013623,718203,4676348,MBC,13,13,2019
33013624,718355,4676250,MBC,13,13,2019
33013625,720202,4675501,MBC,13,13,2019
33013626,720356,4675503,MBC,13,13,2019
33013627,719403,4675503,MBC,13,13,2019
33013628,720007,4675409,MBC,13,13,2019
33013629,719811,4675403,MBC,13,13,2019
33013630,722112,4674703,MBC,13,13,2019
33013631,722653,4674498,MBC,13,13,2019
33013632,723155,4674410,MBC,13,13,2019
33013633,723506,4674053,MBC,13,13,2019
33013634,723861,4673800,MBC,13,13,2019
33013635,724711,4673400,MBC,13,13,2019
33013636,724907,4673355,MBC,13,13,2019
33013637,724906,4673301,MBC,13,13,2019
33013638,724549,4673248,MBC,13,13,2019
33013639,724713,4673253,MBC,13,13,2019
33013640,727763,4672004,MBC,13,13,2019
33013641,730961,4668700,MBC,13,13,2019
33013642,733005,4667811,MBC,13,13,2019
33013643,734909,4664197,MBC,13,13,2019
33013644,734960,4663953,MBC,13,13,2019
33013645,734804,4663706,MBC,13,13,2019
33013646,734750,4663255,MBC,13,13,2019
33013647,734648,4663150,MBC,13,13,2019
33013648,734506,4658157,MBC,13,13,2019
33013649,735406,4658006,MBC,13,13,2019
33013650,735806,4657653,MBC,13,13,2019
33013651,735313,4657398,MBC,13,13,2019
33013652,735956,4657252,MBC,13,13,2019
33013653,735558,4657102,MBC,13,13,2019
33013654,735554,4657055,MBC,13,13,2019
33013655,736210,4656702,MBC,13,13,2019
33013656,736459,4655949,MBC,13,13,2019
33013657,736612,4655053,MBC,13,13,2019
33013658,736464,4653999,MBC,13,13,2019
33013659,736661,4653353,MBC,13,13,2019
33013660,736761,4653149,MBC,13,13,2019
33013661,736404,4653049,MBC,13,13,2019
33013662,736863,4653047,MBC,13,13,2019
33013663,736864,4652897,MBC,13,13,2019
33013664,736511,4652754,MBC,13,13,2019
33013665,736464,4652653,MBC,13,13,2019
33013666,736515,4652548,MBC,13,13,2019
33013667,736614,4652548,MBC,13,13,2019
33013669,736560,4652298,MBC,13,13,2019
33013670,736459,4652205,MBC,13,13,2019
33013671,736361,4651850,MBC,13,13,2019
33013672,736407,4651104,MBC,13,13,2019
33013673,736152,4650801,MBC,13,13,2019
33013674,736110,4650354,MBC,13,13,2019
33013675,735604,4649698,MBC,13,13,2019
33013676,735404,4649347,MBC,13,13,2019
33013677,735300,4649200,MBC,13,13,2019
33013678,735208,4648349,MBC,13,13,2019
33013679,735164,4648255,MBC,13,13,2019
33013680,735260,4647753,MBC,13,13,2019
33013681,735358,4647399,MBC,13,13,2019
33013682,735511,4646951,MBC,13,13,2019
33013683,735608,4646852,MBC,13,13,2019
33013684,735811,4646604,MBC,13,13,2019
33013685,735959,4646104,MBC,13,13,2019
33013686,736098,4645999,MBC,13,13,2019
33013687,736104,4645903,MBC,13,13,2019
33013688,736306,4644653,MBC,13,13,2019
33013689,736407,4644352,MBC,13,13,2019
33013690,736455,4644157,MBC,13,13,2019
33013691,736412,4643999,MBC,13,13,2019
33013692,735806,4643046,MBC,13,13,2019
33013693,735662,4642503,MBC,13,13,2019
33013694,713703,4679898,SC,13,13,2019
33013695,713563,4679855,SC,13,13,2019
33013696,714258,4679345,SC,13,13,2019
33013697,714703,4678656,SC,13,13,2019
33013698,715602,4678406,SC,13,13,2019
33013699,715760,4678252,SC,13,13,2019
33013700,714964,4678198,SC,13,13,2019
33013701,719309,4676194,SC,13,13,2019
33013702,718756,4676105,SC,13,13,2019
33013703,720506,4674956,SC,13,13,2019
33013704,725701,4673300,SC,13,13,2019
33013705,726562,4673196,SC,13,13,2019
33013706,727558,4672950,SC,13,13,2019
33013707,728609,4672453,SC,13,13,2019
33013708,728107,4672347,SC,13,13,2019
33013709,728954,4672101,SC,13,13,2019
33013710,729812,4671557,SC,13,13,2019
33013711,729815,4671449,SC,13,13,2019
33013712,730005,4671393,SC,13,13,2019
33013713,730251,4671356,SC,13,13,2019
33013714,730412,4671310,SC,13,13,2019
33013715,732753,4668005,SC,13,13,2019
33013716,734457,4667704,SC,13,13,2019
33013717,731614,4667356,SC,13,13,2019
33013718,732957,4666701,SC,13,13,2019
33013719,734111,4663958,SC,13,13,2019
33013720,735155,4663700,SC,13,13,2019
33013721,733506,4663152,SC,13,13,2019
33013722,735305,4663105,SC,13,13,2019
33013723,733306,4662951,SC,13,13,2019
33013724,733653,4662254,SC,13,13,2019
33013725,733864,4661748,SC,13,13,2019
33013726,735262,4659102,SC,13,13,2019
33013727,734602,4657550,SC,13,13,2019
33013728,736658,4657552,SC,13,13,2019
33013729,734703,4657361,SC,13,13,2019
33013730,734953,4657100,SC,13,13,2019
33013731,736858,4657093,SC,13,13,2019
33013732,735464,4656956,SC,13,13,2019
33013734,735155,4656002,SC,13,13,2019
33013735,735799,4655903,SC,13,13,2019
33013736,735607,4655356,SC,13,13,2019
33013737,735756,4655251,SC,13,13,2019
33013738,735853,4654898,SC,13,13,2019
33013739,735959,4654454,SC,13,13,2019
33013740,737659,4653907,SC,13,13,2019
33013741,737705,4652349,SC,13,13,2019
33013742,735108,4650350,SC,13,13,2019
33013743,735761,4647000,SC,13,13,2019
33013744,715456,4680159,BWC,13,13,2019
33013745,716405,4678497,BWC,13,13,2019
33013746,716863,4678048,BWC,13,13,2019
33013747,718260,4677406,BWC,13,13,2019
33013748,719066,4676954,BWC,13,13,2019
33013749,719007,4676901,BWC,13,13,2019
33013750,719908,4676350,BWC,13,13,2019
33013751,720056,4676253,BWC,13,13,2019
33013752,720415,4676000,BWC,13,13,2019
33013753,720910,4674250,BWC,13,13,2019
33013754,724112,4674153,BWC,13,13,2019
33013755,725713,4670552,BWC,13,13,2019
33013756,726911,4670500,BWC,13,13,2019
33013757,726313,4670393,BWC,13,13,2019
33013758,729606,4670397,BWC,13,13,2019
33013759,726910,4670350,BWC,13,13,2019
33013760,726211,4670299,BWC,13,13,2019
33013761,726910,4670253,BWC,13,13,2019
33013762,727658,4670201,BWC,13,13,2019
33013763,728610,4670149,BWC,13,13,2019
33013764,732013,4670047,BWC,13,13,2019
33013765,727259,4670053,BWC,13,13,2019
33013766,728962,4670048,BWC,13,13,2019
33013767,731912,4669846,BWC,13,13,2019
33013768,730012,4669843,BWC,13,13,2019
33013769,731964,4669404,BWC,13,13,2019
33013770,733609,4669401,BWC,13,13,2019
33013771,732262,4669192,BWC,13,13,2019
33013772,732258,4669102,BWC,13,13,2019
33013773,733661,4669104,BWC,13,13,2019
33013774,733508,4669056,BWC,13,13,2019
33013775,732564,4668951,BWC,13,13,2019
33013776,732356,4668800,BWC,13,13,2019
33013777,733206,4668804,BWC,13,13,2019
33013778,730559,4668555,BWC,13,13,2019
33013779,733862,4668458,BWC,13,13,2019
33013780,731912,4668199,BWC,13,13,2019
33013781,734015,4666302,BWC,13,13,2019
33013782,734023,4665047,BWC,13,13,2019
33013783,733656,4664902,BWC,13,13,2019
33013784,733053,4663506,BWC,13,13,2019
33013785,733511,4662852,BWC,13,13,2019
33013786,735111,4662649,BWC,13,13,2019
33013787,733061,4662551,BWC,13,13,2019
33013788,735501,4662460,BWC,13,13,2019
33013789,734707,4661900,BWC,13,13,2019
33013790,734756,4661752,BWC,13,13,2019
33013791,735006,4661354,BWC,13,13,2019
33013792,734849,4661303,BWC,13,13,2019
33013793,736460,4661048,BWC,13,13,2019
33013794,737456,4660901,BWC,13,13,2019
33013795,735315,4660855,BWC,13,13,2019
33013796,736054,4660598,BWC,13,13,2019
33013797,736509,4660599,BWC,13,13,2019
33013798,737707,4660603,BWC,13,13,2019
33013799,735209,4660549,BWC,13,13,2019
33013800,737706,4660504,BWC,13,13,2019
33013801,733901,4660457,BWC,13,13,2019
33013802,736803,4660397,BWC,13,13,2019
33013804,733963,4660207,BWC,13,13,2019
33013805,737561,4660196,BWC,13,13,2019
33013806,736802,4660101,BWC,13,13,2019
33013807,736006,4659999,BWC,13,13,2019
33013808,737554,4659950,BWC,13,13,2019
33013809,735907,4659751,BWC,13,13,2019
33013810,735206,4659610,BWC,13,13,2019
33013811,737806,4659552,BWC,13,13,2019
33013812,737104,4659397,BWC,13,13,2019
33013813,735960,4659295,BWC,13,13,2019
33013814,737802,4659252,BWC,13,13,2019
33013815,735855,4659102,BWC,13,13,2019
33013817,737553,4658951,BWC,13,13,2019
33013818,738258,4658849,BWC,13,13,2019
33013820,737458,4658349,BWC,13,13,2019
33013821,736257,4658306,BWC,13,13,2019
33013822,738355,4658257,BWC,13,13,2019
33013823,736303,4658107,BWC,13,13,2019
33013824,736209,4658047,BWC,13,13,2019
33013825,735758,4658001,BWC,13,13,2019
33013826,737963,4657806,BWC,13,13,2019
33013827,737553,4657750,BWC,13,13,2019
33013828,737460,4657644,BWC,13,13,2019
33013829,737454,4657453,BWC,13,13,2019
33013830,738014,4657306,BWC,13,13,2019
33013831,737707,4657047,BWC,13,13,2019
33013832,738356,4656903,BWC,13,13,2019
33013833,737357,4656748,BWC,13,13,2019
33013834,738258,4656702,BWC,13,13,2019
33013835,738207,4656445,BWC,13,13,2019
33013836,738007,4655797,BWC,13,13,2019
33013837,736713,4655653,BWC,13,13,2019
33013838,735309,4655602,BWC,13,13,2019
33013839,737207,4655501,BWC,13,13,2019
33013840,737210,4655104,BWC,13,13,2019
33013841,735706,4654751,BWC,13,13,2019
33013842,737102,4654502,BWC,13,13,2019
33013843,735409,4654404,BWC,13,13,2019
33013844,735650,4654345,BWC,13,13,2019
33013845,737056,4654354,BWC,13,13,2019
33013846,737559,4653950,BWC,13,13,2019
33013847,737199,4653652,BWC,13,13,2019
33013848,737601,4653547,BWC,13,13,2019
33013849,735506,4653400,BWC,13,13,2019
33013850,735609,4653300,BWC,13,13,2019
33013851,735807,4653201,BWC,13,13,2019
33013852,737515,4652899,BWC,13,13,2019
33013853,735114,4652304,BWC,13,13,2019
33013854,737306,4652253,BWC,13,13,2019
33013855,735354,4651741,BWC,13,13,2019
33013856,735204,4651650,BWC,13,13,2019
33013857,738708,4649602,BWC,13,13,2019
33013858,739149,4648147,BWC,13,13,2019
33013859,739205,4647952,BWC,13,13,2019
33013860,739309,4646651,BWC,13,13,2019
33013861,739456,4646253,BWC,13,13,2019
33013862,738558,4645848,BWC,13,13,2019
33013863,738555,4645754,BWC,13,13,2019
33013864,735809,4652800,IMP,13,13,2019
33013865,735907,4652600,IMP,13,13,2019
33013866,736066,4652298,IMP,13,13,2019
33013867,735658,4652200,IMP,13,13,2019
33013868,735756,4652049,IMP,13,13,2019
33013869,736064,4652002,IMP,13,13,2019
33013870,735662,4651748,IMP,13,13,2019
33013871,737707,4651697,IMP,13,13,2019
33013872,736156,4651550,IMP,13,13,2019
33013873,735701,4651497,IMP,13,13,2019
33013874,735965,4651399,IMP,13,13,2019
33013875,737452,4651353,IMP,13,13,2019
33013876,735957,4651103,IMP,13,13,2019
33013877,737255,4651102,IMP,13,13,2019
33013878,736756,4651051,IMP,13,13,2019
33013879,737405,4651054,IMP,13,13,2019
33013880,734312,4650906,IMP,13,13,2019
33013881,737709,4650846,IMP,13,13,2019
33013882,733958,4650749,IMP,13,13,2019
33013883,734102,4650747,IMP,13,13,2019
33013884,734306,4650653,IMP,13,13,2019
33013885,737756,4650551,IMP,13,13,2019
33013886,734914,4650504,IMP,13,13,2019
33013887,737356,4650451,IMP,13,13,2019
33013888,737460,4650444,IMP,13,13,2019
33013889,736708,4650449,IMP,13,13,2019
33013890,737803,4650394,IMP,13,13,2019
33013891,733908,4650351,IMP,13,13,2019
33013892,734156,4650202,IMP,13,13,2019
33013893,736160,4650200,IMP,13,13,2019
33013894,734757,4650200,IMP,13,13,2019
33013896,734160,4650003,IMP,13,13,2019
33013898,737454,4649998,IMP,13,13,2019
33013899,737109,4649951,IMP,13,13,2019
33013900,734761,4649946,IMP,13,13,2019
33013901,734858,4649904,IMP,13,13,2019
33013902,733708,4649855,IMP,13,13,2019
33013903,737060,4649849,IMP,13,13,2019
33013904,735048,4649850,IMP,13,13,2019
33013905,734108,4649795,IMP,13,13,2019
33013906,735912,4649751,IMP,13,13,2019
33013908,734557,4649652,IMP,13,13,2019
33013909,738409,4649649,IMP,13,13,2019
33013910,733657,4649607,IMP,13,13,2019
33013911,738516,4649599,IMP,13,13,2019
33013912,733552,4649551,IMP,13,13,2019
33013913,735058,4649553,IMP,13,13,2019
33013914,737255,4649400,IMP,13,13,2019
33013915,737509,4649393,IMP,13,13,2019
33013916,735011,4649402,IMP,13,13,2019
33013917,738256,4649347,IMP,13,13,2019
33013918,734504,4649303,IMP,13,13,2019
33013919,735455,4649254,IMP,13,13,2019
33013920,735398,4649145,IMP,13,13,2019
33013921,735754,4649145,IMP,13,13,2019
33013922,736210,4649146,IMP,13,13,2019
33013923,738056,4649093,IMP,13,13,2019
33013925,734700,4649054,IMP,13,13,2019
33013926,735761,4649050,IMP,13,13,2019
33013927,737062,4649000,IMP,13,13,2019
33013928,737462,4649003,IMP,13,13,2019
33013929,736306,4648902,IMP,13,13,2019
33013930,737454,4648597,IMP,13,13,2019
33013931,735757,4648552,IMP,13,13,2019
33013932,736259,4648554,IMP,13,13,2019
33013933,737757,4648503,IMP,13,13,2019
33013934,735357,4648503,IMP,13,13,2019
33013935,735810,4648504,IMP,13,13,2019
33013936,736957,4648450,IMP,13,13,2019
33013937,735506,4648448,IMP,13,13,2019
33013938,737056,4648398,IMP,13,13,2019
33013939,736705,4648350,IMP,13,13,2019
33013940,735865,4648254,IMP,13,13,2019
33013941,734307,4648155,IMP,13,13,2019
33013942,733657,4648054,IMP,13,13,2019
33013943,734811,4648001,IMP,13,13,2019
33013944,736698,4647954,IMP,13,13,2019
33013945,737411,4647946,IMP,13,13,2019
33013946,733754,4647961,IMP,13,13,2019
33013947,733711,4647906,IMP,13,13,2019
33013948,733805,4647800,IMP,13,13,2019
33013949,734799,4647703,IMP,13,13,2019
33013950,738005,4647596,IMP,13,13,2019
33013951,737457,4647495,IMP,13,13,2019
33013952,736910,4647406,IMP,13,13,2019
33013953,737562,4647397,IMP,13,13,2019
33013954,734900,4647399,IMP,13,13,2019
33013955,733560,4647302,IMP,13,13,2019
33013956,735954,4647296,IMP,13,13,2019
33013957,738107,4647250,IMP,13,13,2019
33013958,738110,4647155,IMP,13,13,2019
33013959,734008,4647005,IMP,13,13,2019
33013960,733757,4646907,IMP,13,13,2019
33013961,733896,4646900,IMP,13,13,2019
33013962,738056,4646802,IMP,13,13,2019
33013963,737458,4646703,IMP,13,13,2019
33013964,736106,4646656,IMP,13,13,2019
33013965,734402,4646595,IMP,13,13,2019
33013966,736810,4646601,IMP,13,13,2019
33013967,734404,4646551,IMP,13,13,2019
33013968,736162,4646548,IMP,13,13,2019
33013969,734607,4646502,IMP,13,13,2019
33013970,735355,4646493,IMP,13,13,2019
33013971,738203,4646401,IMP,13,13,2019
33013972,734902,4646295,IMP,13,13,2019
33013973,737699,4646300,IMP,13,13,2019
33013974,734159,4646208,IMP,13,13,2019
33013975,737460,4646206,IMP,13,13,2019
33013976,735204,4646147,IMP,13,13,2019
33013977,736801,4646155,IMP,13,13,2019
33013978,734652,4646047,IMP,13,13,2019
33013979,734952,4645997,IMP,13,13,2019
33013980,736755,4645957,IMP,13,13,2019
33013981,737455,4645951,IMP,13,13,2019
33013982,737956,4645901,IMP,13,13,2019
33013983,734055,4645902,IMP,13,13,2019
33013984,736654,4645901,IMP,13,13,2019
33013985,735554,4645803,IMP,13,13,2019
33013986,736907,4645701,IMP,13,13,2019
33013987,737458,4645645,IMP,13,13,2019
33013988,734508,4645652,IMP,13,13,2019
33013989,734809,4645644,IMP,13,13,2019
33013990,735404,4645597,IMP,13,13,2019
33013991,734050,4645545,IMP,13,13,2019
33013992,735005,4645546,IMP,13,13,2019
33013993,734210,4645502,IMP,13,13,2019
33013994,734505,4645494,IMP,13,13,2019
33013995,735259,4645443,IMP,13,13,2019
33013996,735461,4645352,IMP,13,13,2019
33013997,736997,4645355,IMP,13,13,2019
33013998,734405,4645301,IMP,13,13,2019
33013999,736706,4645305,IMP,13,13,2019
33014000,735307,4645149,IMP,13,13,2019
33014001,735756,4645144,IMP,13,13,2019
33014002,736553,4645105,IMP,13,13,2019
33014003,735548,4644954,IMP,13,13,2019
33014004,734002,4644746,IMP,13,13,2019
33014005,734205,4644753,IMP,13,13,2019
33014006,736902,4644703,IMP,13,13,2019
33014007,737007,4644698,IMP,13,13,2019
33014008,737355,4644554,IMP,13,13,2019
33014009,738257,4644496,IMP,13,13,2019
33014010,738116,4644502,IMP,13,13,2019
33014011,735705,4644456,IMP,13,13,2019
33014012,736063,4644402,IMP,13,13,2019
33014013,736551,4644408,IMP,13,13,2019
33014014,735206,4644150,IMP,13,13,2019
33014015,737950,4644101,IMP,13,13,2019
33014016,735211,4644007,IMP,13,13,2019
33014017,737851,4643845,IMP,13,13,2019
33014018,737408,4643805,IMP,13,13,2019
33014019,734151,4643698,IMP,13,13,2019
33014020,737655,4643602,IMP,13,13,2019
33014021,735856,4643611,IMP,13,13,2019
33014022,736949,4643598,IMP,13,13,2019
33014023,734009,4643508,IMP,13,13,2019
33014024,734005,4643349,IMP,13,13,2019
33014025,738157,4643349,IMP,13,13,2019
33014026,735609,4643302,IMP,13,13,2019
33014027,737005,4643151,IMP,13,13,2019
33014028,734256,4643094,IMP,13,13,2019
33014029,736956,4643103,IMP,13,13,2019
33014030,735559,4642993,IMP,13,13,2019
33014031,735010,4642951,IMP,13,13,2019
33014032,735013,4642852,IMP,13,13,2019
33014033,737304,4642748,IMP,13,13,2019
33014034,737101,4642698,IMP,13,13,2019
33014035,734613,4642653,IMP,13,13,2019
33014036,734959,4642600,IMP,13,13,2019
33014037,736310,4642603,IMP,13,13,2019
33014038,736299,4642549,IMP,13,13,2019
